id,target,case_id,regime,hard,unseen_league,home,away
C005_F001,4-1,C005,tail40,no,yes,T16,T07
C005_F002,2-2,C005,tail40,no,yes,T04,T03
C005_F004,3-1,C005,tail40,no,yes,T05,T12
C005_F005,4-4,C005,tail40,no,yes,T15,T08
C005_F012,3-1,C005,tail40,no,yes,T03,T06
C005_F015,2-2,C005,tail40,no,yes,T01,T08
C005_F016,4-0,C005,tail40,no,yes,T15,T04
C005_F017,0-5,C005,tail40,no,yes,T04,T06
C005_F019,2-0,C005,tail40,no,yes,T06,T12
C005_F022,3-1,C005,tail40,no,yes,T05,T13
C005_F025,3-0,C005,tail40,no,yes,T06,T02
C005_F031,2-1,C005,tail40,no,yes,T07,T04
C005_F048,2-2,C005,tail40,no,yes,T11,T03
C005_F053,2-0,C005,tail40,no,yes,T13,T16
C005_F054,4-1,C005,tail40,no,yes,T03,T07
C005_F058,3-3,C005,tail40,no,yes,T11,T07
C005_F059,6-0,C005,tail40,no,yes,T12,T15
C005_F061,2-0,C005,tail40,no,yes,T11,T15
C005_F062,1-0,C005,tail40,no,yes,T10,T13
C005_F064,3-0,C005,tail40,no,yes,T03,T16
C005_F068,1-1,C005,tail40,no,yes,T03,T05
C005_F071,1-0,C005,tail40,no,yes,T11,T05
C005_F072,2-2,C005,tail40,no,yes,T10,T02
C005_F075,3-0,C005,tail40,no,yes,T05,T15
C005_F076,2-1,C005,tail40,no,yes,T01,T15
C005_F077,0-0,C005,tail40,no,yes,T16,T08
C005_F079,1-0,C005,tail40,no,yes,T03,T14
C005_F087,0-2,C005,tail40,no,yes,T11,T14
C005_F089,1-1,C005,tail40,no,yes,T09,T10
C005_F090,2-2,C005,tail40,no,yes,T10,T01
C005_F091,0-1,C005,tail40,no,yes,T09,T08
C005_F092,0-3,C005,tail40,no,yes,T01,T13
C005_F093,2-2,C005,tail40,no,yes,T07,T10
C005_F096,1-1,C005,tail40,no,yes,T02,T12
C005_F097,2-3,C005,tail40,no,yes,T15,T06
C005_F100,1-4,C005,tail40,no,yes,T02,T09
C005_F101,1-0,C005,tail40,no,yes,T09,T01
C005_F102,2-3,C005,tail40,no,yes,T02,T03
C005_F108,3-0,C005,tail40,no,yes,T07,T09
C005_F109,2-1,C005,tail40,no,yes,T01,T11
C005_F110,1-3,C005,tail40,no,yes,T04,T05
C005_F111,2-0,C005,tail40,no,yes,T13,T09
C005_F114,2-2,C005,tail40,no,yes,T06,T16
C005_F120,2-0,C005,tail40,no,yes,T14,T07
C005_F121,3-0,C005,tail40,no,yes,T12,T11
C005_F122,1-2,C005,tail40,no,yes,T08,T07
C005_F124,1-4,C005,tail40,no,yes,T04,T14
C005_F127,2-0,C005,tail40,no,yes,T03,T15
C005_F130,1-2,C005,tail40,no,yes,T01,T14
C005_F131,3-2,C005,tail40,no,yes,T14,T05
C005_F132,0-0,C005,tail40,no,yes,T12,T10
C005_F134,2-1,C005,tail40,no,yes,T16,T02
C005_F135,1-3,C005,tail40,no,yes,T01,T03
C005_F136,2-2,C005,tail40,no,yes,T09,T12
C005_F137,2-1,C005,tail40,no,yes,T08,T04
C005_F138,3-0,C005,tail40,no,yes,T13,T15
C005_F139,1-3,C005,tail40,no,yes,T09,T11
C005_F140,2-2,C005,tail40,no,yes,T05,T01
C005_F142,2-0,C005,tail40,no,yes,T03,T10
C005_F143,1-0,C005,tail40,no,yes,T08,T11
C005_F144,2-1,C005,tail40,no,yes,T08,T05
C005_F146,1-4,C005,tail40,no,yes,T02,T04
C005_F150,5-3,C005,tail40,no,yes,T01,T04
C005_F157,1-1,C005,tail40,no,yes,T08,T12
C005_F158,1-1,C005,tail40,no,yes,T15,T02
C005_F160,2-1,C005,tail40,no,yes,T12,T16
C005_F161,1-3,C005,tail40,no,yes,T07,T06
C005_F163,1-0,C005,tail40,no,yes,T16,T09
C005_F165,3-3,C005,tail40,no,yes,T15,T16
C005_F167,2-1,C005,tail40,no,yes,T04,T10
C005_F168,1-1,C005,tail40,no,yes,T15,T14
C005_F170,3-3,C005,tail40,no,yes,T13,T11
C005_F174,0-3,C005,tail40,no,yes,T10,T14
C005_F177,2-1,C005,tail40,no,yes,T07,T13
C005_F179,0-3,C005,tail40,no,yes,T07,T05
C005_F185,1-2,C005,tail40,no,yes,T02,T07
C005_F186,0-2,C005,tail40,no,yes,T14,T12
C005_F190,3-1,C005,tail40,no,yes,T14,T13
C005_F193,3-0,C005,tail40,no,yes,T06,T01
C005_F194,1-1,C005,tail40,no,yes,T06,T09
C005_F200,2-1,C005,tail40,no,yes,T13,T08
C005_F201,2-0,C005,tail40,no,yes,T05,T09
C005_F206,3-1,C005,tail40,no,yes,T10,T08
C005_F207,1-0,C005,tail40,no,yes,T13,T02
C005_F208,1-3,C005,tail40,no,yes,T14,T06
C005_F209,1-4,C005,tail40,no,yes,T02,T01
C005_F213,2-0,C005,tail40,no,yes,T11,T02
C005_F216,5-1,C005,tail40,no,yes,T12,T13
C005_F217,5-1,C005,tail40,no,yes,T10,T11
C005_F218,1-0,C005,tail40,no,yes,T16,T04
C005_F219,2-1,C005,tail40,no,yes,T16,T10
C005_F225,0-1,C005,tail40,no,yes,T06,T08
C005_F233,1-2,C005,tail40,no,yes,T09,T03
C005_F234,1-0,C005,tail40,no,yes,T16,T14
C005_F238,0-3,C005,tail40,no,yes,T05,T06
C005_F240,2-2,C005,tail40,no,yes,T04,T12
C012_F002,1-1,C012,halftime60,no,yes,T19,T16
C012_F003,3-0,C012,halftime60,no,yes,T13,T16
C012_F005,1-1,C012,halftime60,no,yes,T06,T12
C012_F006,3-0,C012,halftime60,no,yes,T13,T05
C012_F007,1-0,C012,halftime60,no,yes,T13,T07
C012_F009,3-0,C012,halftime60,no,yes,T10,T18
C012_F010,0-0,C012,halftime60,no,yes,T16,T03
C012_F011,0-0,C012,halftime60,no,yes,T11,T12
C012_F013,0-2,C012,halftime60,no,yes,T08,T02
C012_F014,1-1,C012,halftime60,no,yes,T06,T20
C012_F020,1-2,C012,halftime60,no,yes,T08,T16
C012_F021,2-3,C012,halftime60,no,yes,T20,T10
C012_F022,2-2,C012,halftime60,no,yes,T09,T11
C012_F023,0-0,C012,halftime60,no,yes,T16,T20
C012_F025,3-0,C012,halftime60,no,yes,T09,T12
C012_F026,1-0,C012,halftime60,no,yes,T06,T19
C012_F031,1-1,C012,halftime60,no,yes,T06,T04
C012_F033,5-0,C012,halftime60,no,yes,T16,T04
C012_F035,1-1,C012,halftime60,no,yes,T12,T08
C012_F036,0-0,C012,halftime60,no,yes,T17,T11
C012_F041,2-0,C012,halftime60,no,yes,T04,T02
C012_F044,2-1,C012,halftime60,no,yes,T02,T10
C012_F045,2-1,C012,halftime60,no,yes,T05,T06
C012_F046,2-0,C012,halftime60,no,yes,T11,T15
C012_F047,2-0,C012,halftime60,no,yes,T19,T15
C012_F049,1-3,C012,halftime60,no,yes,T04,T01
C012_F051,0-1,C012,halftime60,no,yes,T13,T02
C012_F052,2-1,C012,halftime60,no,yes,T11,T06
C012_F053,2-2,C012,halftime60,no,yes,T09,T07
C012_F056,2-2,C012,halftime60,no,yes,T05,T16
C012_F061,1-0,C012,halftime60,no,yes,T19,T06
C012_F062,2-1,C012,halftime60,no,yes,T12,T14
C012_F063,1-1,C012,halftime60,no,yes,T02,T18
C012_F064,2-0,C012,halftime60,no,yes,T01,T10
C012_F066,1-2,C012,halftime60,no,yes,T14,T20
C012_F068,2-0,C012,halftime60,no,yes,T18,T05
C012_F069,0-1,C012,halftime60,no,yes,T12,T04
C012_F070,1-2,C012,halftime60,no,yes,T07,T01
C012_F073,0-0,C012,halftime60,no,yes,T10,T15
C012_F076,1-1,C012,halftime60,no,yes,T14,T04
C012_F077,5-0,C012,halftime60,no,yes,T20,T13
C012_F078,1-0,C012,halftime60,no,yes,T14,T18
C012_F079,0-1,C012,halftime60,no,yes,T05,T09
C012_F080,0-1,C012,halftime60,no,yes,T12,T15
C012_F084,3-1,C012,halftime60,no,yes,T07,T08
C012_F086,1-2,C012,halftime60,no,yes,T11,T19
C012_F089,0-2,C012,halftime60,no,yes,T18,T20
C012_F090,1-2,C012,halftime60,no,yes,T18,T17
C012_F091,1-0,C012,halftime60,no,yes,T12,T03
C012_F092,0-0,C012,halftime60,no,yes,T17,T14
C012_F094,0-2,C012,halftime60,no,yes,T11,T14
C012_F095,3-2,C012,halftime60,no,yes,T20,T18
C012_F100,4-1,C012,halftime60,no,yes,T17,T04
C012_F101,0-0,C012,halftime60,no,yes,T04,T10
C012_F103,0-1,C012,halftime60,no,yes,T13,T17
C012_F104,2-0,C012,halftime60,no,yes,T01,T04
C012_F105,1-2,C012,halftime60,no,yes,T05,T07
C012_F106,0-0,C012,halftime60,no,yes,T16,T10
C012_F107,1-1,C012,halftime60,no,yes,T05,T12
C012_F109,1-0,C012,halftime60,no,yes,T04,T18
C012_F110,1-1,C012,halftime60,no,yes,T14,T03
C012_F113,2-0,C012,halftime60,no,yes,T12,T11
C012_F114,3-0,C012,halftime60,no,yes,T12,T19
C012_F116,1-1,C012,halftime60,no,yes,T05,T04
C012_F117,2-1,C012,halftime60,no,yes,T01,T07
C012_F119,2-1,C012,halftime60,no,yes,T01,T02
C012_F121,2-3,C012,halftime60,no,yes,T10,T05
C012_F122,0-1,C012,halftime60,no,yes,T10,T17
C012_F123,1-2,C012,halftime60,no,yes,T03,T04
C012_F124,2-0,C012,halftime60,no,yes,T06,T02
C012_F126,1-4,C012,halftime60,no,yes,T01,T16
C012_F127,5-2,C012,halftime60,no,yes,T06,T18
C012_F128,3-0,C012,halftime60,no,yes,T13,T08
C012_F130,1-3,C012,halftime60,no,yes,T18,T15
C012_F131,2-1,C012,halftime60,no,yes,T08,T03
C012_F132,0-0,C012,halftime60,no,yes,T19,T18
C012_F133,2-1,C012,halftime60,no,yes,T18,T03
C012_F134,0-3,C012,halftime60,no,yes,T11,T05
C012_F135,0-4,C012,halftime60,no,yes,T17,T07
C012_F136,0-0,C012,halftime60,no,yes,T11,T01
C012_F137,0-2,C012,halftime60,no,yes,T05,T20
C012_F139,1-2,C012,halftime60,no,yes,T02,T05
C012_F141,5-2,C012,halftime60,no,yes,T14,T06
C012_F143,1-0,C012,halftime60,no,yes,T01,T19
C012_F145,2-2,C012,halftime60,no,yes,T06,T16
C012_F147,0-1,C012,halftime60,no,yes,T19,T20
C012_F149,6-0,C012,halftime60,no,yes,T16,T19
C012_F151,0-2,C012,halftime60,no,yes,T11,T04
C012_F153,3-3,C012,halftime60,no,yes,T09,T13
C012_F155,0-2,C012,halftime60,no,yes,T09,T19
C012_F157,1-1,C012,halftime60,no,yes,T09,T18
C012_F158,3-2,C012,halftime60,no,yes,T17,T08
C012_F162,1-2,C012,halftime60,no,yes,T03,T08
C012_F164,2-0,C012,halftime60,no,yes,T07,T04
C012_F167,1-2,C012,halftime60,no,yes,T05,T18
C012_F168,0-0,C012,halftime60,no,yes,T19,T07
C012_F169,2-0,C012,halftime60,no,yes,T06,T10
C012_F170,2-0,C012,halftime60,no,yes,T08,T11
C012_F171,2-1,C012,halftime60,no,yes,T18,T04
C012_F172,1-1,C012,halftime60,no,yes,T20,T17
C012_F173,0-2,C012,halftime60,no,yes,T04,T17
C012_F176,0-1,C012,halftime60,no,yes,T16,T07
C012_F177,1-1,C012,halftime60,no,yes,T20,T06
C012_F178,0-1,C012,halftime60,no,yes,T11,T08
C012_F179,0-0,C012,halftime60,no,yes,T11,T20
C012_F180,0-3,C012,halftime60,no,yes,T20,T03
C012_F181,1-3,C012,halftime60,no,yes,T02,T01
C012_F182,2-0,C012,halftime60,no,yes,T04,T14
C012_F185,2-0,C012,halftime60,no,yes,T08,T17
C012_F187,1-1,C012,halftime60,no,yes,T19,T11
C012_F188,2-0,C012,halftime60,no,yes,T17,T09
C012_F189,2-0,C012,halftime60,no,yes,T02,T03
C012_F191,0-3,C012,halftime60,no,yes,T10,T20
C012_F193,0-3,C012,halftime60,no,yes,T02,T07
C012_F194,1-2,C012,halftime60,no,yes,T15,T12
C012_F197,1-1,C012,halftime60,no,yes,T07,T09
C012_F198,3-0,C012,halftime60,no,yes,T05,T17
C012_F201,0-1,C012,halftime60,no,yes,T01,T20
C012_F202,0-1,C012,halftime60,no,yes,T16,T12
C012_F203,1-1,C012,halftime60,no,yes,T11,T18
C012_F204,4-0,C012,halftime60,no,yes,T10,T02
C012_F205,4-1,C012,halftime60,no,yes,T04,T15
C012_F206,0-0,C012,halftime60,no,yes,T13,T01
C012_F207,1-1,C012,halftime60,no,yes,T15,T20
C012_F209,2-1,C012,halftime60,no,yes,T20,T14
C012_F210,1-1,C012,halftime60,no,yes,T17,T02
C012_F211,1-1,C012,halftime60,no,yes,T03,T17
C012_F213,3-1,C012,halftime60,no,yes,T14,T13
C012_F215,0-2,C012,halftime60,no,yes,T07,T17
C012_F216,1-3,C012,halftime60,no,yes,T03,T09
C012_F219,0-1,C012,halftime60,no,yes,T06,T09
C012_F221,1-1,C012,halftime60,no,yes,T16,T01
C012_F222,0-0,C012,halftime60,no,yes,T10,T11
C012_F224,3-3,C012,halftime60,no,yes,T08,T09
C012_F229,2-0,C012,halftime60,no,yes,T08,T20
C012_F230,2-1,C012,halftime60,no,yes,T16,T17
C012_F231,2-1,C012,halftime60,no,yes,T07,T12
C012_F233,3-1,C012,halftime60,no,yes,T01,T15
C012_F235,2-0,C012,halftime60,no,yes,T06,T07
C012_F236,2-0,C012,halftime60,no,yes,T09,T15
C012_F237,1-2,C012,halftime60,no,yes,T02,T06
C012_F238,1-1,C012,halftime60,no,yes,T12,T07
C012_F239,1-1,C012,halftime60,no,yes,T19,T03
C012_F240,0-0,C012,halftime60,no,yes,T07,T14
C012_F241,0-3,C012,halftime60,no,yes,T02,T09
C012_F243,1-1,C012,halftime60,no,yes,T09,T14
C012_F245,1-2,C012,halftime60,no,yes,T12,T13
C012_F246,1-2,C012,halftime60,no,yes,T04,T13
C012_F247,3-0,C012,halftime60,no,yes,T01,T13
C012_F248,3-4,C012,halftime60,no,yes,T09,T01
C012_F250,0-0,C012,halftime60,no,yes,T15,T03
C012_F251,0-2,C012,halftime60,no,yes,T17,T05
C012_F252,0-3,C012,halftime60,no,yes,T15,T10
C012_F253,1-2,C012,halftime60,no,yes,T01,T17
C012_F254,2-0,C012,halftime60,no,yes,T18,T09
C012_F256,0-2,C012,halftime60,no,yes,T08,T07
C012_F257,1-3,C012,halftime60,no,yes,T12,T17
C012_F258,4-0,C012,halftime60,no,yes,T04,T16
C012_F259,2-0,C012,halftime60,no,yes,T01,T03
C012_F260,1-3,C012,halftime60,no,yes,T03,T20
C012_F261,0-2,C012,halftime60,no,yes,T05,T02
C012_F262,2-4,C012,halftime60,no,yes,T03,T02
C012_F263,3-1,C012,halftime60,no,yes,T01,T05
C012_F264,1-4,C012,halftime60,no,yes,T10,T08
C012_F265,0-0,C012,halftime60,no,yes,T11,T16
C012_F269,1-2,C012,halftime60,no,yes,T10,T19
C012_F271,1-2,C012,halftime60,no,yes,T19,T02
C012_F272,0-2,C012,halftime60,no,yes,T04,T05
C012_F276,2-2,C012,halftime60,no,yes,T18,T14
C012_F277,1-1,C012,halftime60,no,yes,T18,T07
C012_F278,3-3,C012,halftime60,no,yes,T04,T19
C012_F279,1-1,C012,halftime60,no,yes,T14,T10
C012_F282,2-0,C012,halftime60,no,yes,T12,T06
C012_F286,1-0,C012,halftime60,no,yes,T10,T03
C012_F290,2-0,C012,halftime60,no,yes,T20,T05
C012_F291,1-4,C012,halftime60,no,yes,T13,T20
C012_F293,0-2,C012,halftime60,no,yes,T12,T10
C012_F294,0-2,C012,halftime60,no,yes,T19,T14
C012_F295,3-0,C012,halftime60,no,yes,T01,T06
C012_F296,3-1,C012,halftime60,no,yes,T17,T19
C012_F297,2-1,C012,halftime60,no,yes,T15,T06
C012_F299,1-1,C012,halftime60,no,yes,T03,T15
C012_F302,5-2,C012,halftime60,no,yes,T07,T15
C012_F305,2-0,C012,halftime60,no,yes,T10,T14
C012_F308,2-0,C012,halftime60,no,yes,T17,T16
C012_F309,1-2,C012,halftime60,no,yes,T18,T08
C012_F312,4-0,C012,halftime60,no,yes,T15,T18
C012_F313,0-1,C012,halftime60,no,yes,T09,T10
C012_F317,4-0,C012,halftime60,no,yes,T16,T02
C012_F319,5-1,C012,halftime60,no,yes,T18,T11
C012_F320,1-1,C012,halftime60,no,yes,T17,T01
C012_F323,3-2,C012,halftime60,no,yes,T15,T14
C012_F324,3-3,C012,halftime60,no,yes,T15,T04
C012_F326,1-1,C012,halftime60,no,yes,T02,T19
C012_F328,2-0,C012,halftime60,no,yes,T08,T10
C012_F330,1-1,C012,halftime60,no,yes,T09,T05
C012_F332,2-1,C012,halftime60,no,yes,T02,T15
C012_F334,3-0,C012,halftime60,no,yes,T08,T19
C012_F336,0-1,C012,halftime60,no,yes,T16,T15
C012_F339,0-2,C012,halftime60,no,yes,T01,T14
C012_F342,2-1,C012,halftime60,no,yes,T14,T07
C012_F343,1-2,C012,halftime60,no,yes,T17,T15
C012_F344,3-4,C012,halftime60,no,yes,T15,T07
C012_F345,1-2,C012,halftime60,no,yes,T03,T11
C012_F347,2-2,C012,halftime60,no,yes,T09,T03
C012_F348,0-1,C012,halftime60,no,yes,T16,T06
C012_F349,2-3,C012,halftime60,no,yes,T14,T08
C012_F350,1-1,C012,halftime60,no,yes,T04,T06
C012_F351,2-2,C012,halftime60,no,yes,T17,T18
C012_F353,2-3,C012,halftime60,no,yes,T12,T20
C012_F355,3-1,C012,halftime60,no,yes,T20,T19
C012_F356,4-1,C012,halftime60,no,yes,T03,T13
C012_F359,3-0,C012,halftime60,no,yes,T12,T05
C012_F360,0-0,C012,halftime60,no,yes,T07,T20
C012_F361,2-0,C012,halftime60,no,yes,T10,T04
C012_F362,1-1,C012,halftime60,no,yes,T20,T09
C012_F363,1-2,C012,halftime60,no,yes,T13,T10
C012_F366,3-0,C012,halftime60,no,yes,T05,T13
C012_F368,2-1,C012,halftime60,no,yes,T04,T11
C012_F372,1-4,C012,halftime60,no,yes,T19,T13
C012_F373,1-1,C012,halftime60,no,yes,T20,T15
C012_F374,2-0,C012,halftime60,no,yes,T20,T02
C012_F375,0-0,C012,halftime60,no,yes,T04,T09
C012_F376,0-2,C012,halftime60,no,yes,T13,T06
C012_F377,3-3,C012,halftime60,no,yes,T03,T05
C012_F378,1-1,C012,halftime60,no,yes,T15,T17
C012_F379,1-0,C012,halftime60,no,yes,T01,T12
C012_F380,3-1,C012,halftime60,no,yes,T15,T08
C013_F003,4-1,C013,halftime60,no,yes,T08,T09
C013_F004,2-2,C013,halftime60,no,yes,T14,T02
C013_F006,1-1,C013,halftime60,no,yes,T17,T11
C013_F008,1-2,C013,halftime60,no,yes,T18,T15
C013_F010,1-0,C013,halftime60,no,yes,T14,T12
C013_F011,0-2,C013,halftime60,no,yes,T12,T10
C013_F012,0-2,C013,halftime60,no,yes,T16,T18
C013_F013,3-4,C013,halftime60,no,yes,T14,T13
C013_F014,3-1,C013,halftime60,no,yes,T07,T19
C013_F016,1-1,C013,halftime60,no,yes,T03,T06
C013_F017,0-2,C013,halftime60,no,yes,T17,T12
C013_F018,0-0,C013,halftime60,no,yes,T11,T12
C013_F019,2-0,C013,halftime60,no,yes,T03,T12
C013_F020,1-1,C013,halftime60,no,yes,T01,T02
C013_F021,3-1,C013,halftime60,no,yes,T02,T05
C013_F022,2-1,C013,halftime60,no,yes,T02,T12
C013_F025,1-3,C013,halftime60,no,yes,T14,T20
C013_F026,1-1,C013,halftime60,no,yes,T01,T14
C013_F028,1-1,C013,halftime60,no,yes,T08,T12
C013_F030,3-1,C013,halftime60,no,yes,T01,T16
C013_F031,1-0,C013,halftime60,no,yes,T13,T10
C013_F033,1-1,C013,halftime60,no,yes,T19,T10
C013_F034,1-1,C013,halftime60,no,yes,T20,T18
C013_F038,2-1,C013,halftime60,no,yes,T15,T14
C013_F040,2-0,C013,halftime60,no,yes,T15,T02
C013_F044,0-2,C013,halftime60,no,yes,T09,T04
C013_F045,0-2,C013,halftime60,no,yes,T07,T17
C013_F046,2-1,C013,halftime60,no,yes,T08,T14
C013_F047,0-2,C013,halftime60,no,yes,T16,T13
C013_F048,1-1,C013,halftime60,no,yes,T16,T12
C013_F049,1-1,C013,halftime60,no,yes,T16,T06
C013_F050,1-3,C013,halftime60,no,yes,T01,T11
C013_F051,2-0,C013,halftime60,no,yes,T14,T05
C013_F052,1-1,C013,halftime60,no,yes,T15,T18
C013_F053,2-0,C013,halftime60,no,yes,T15,T09
C013_F055,0-1,C013,halftime60,no,yes,T19,T01
C013_F056,1-2,C013,halftime60,no,yes,T07,T16
C013_F058,4-2,C013,halftime60,no,yes,T03,T10
C013_F060,1-0,C013,halftime60,no,yes,T14,T15
C013_F061,2-1,C013,halftime60,no,yes,T03,T14
C013_F062,0-0,C013,halftime60,no,yes,T12,T19
C013_F063,1-0,C013,halftime60,no,yes,T02,T04
C013_F065,3-1,C013,halftime60,no,yes,T15,T20
C013_F066,1-0,C013,halftime60,no,yes,T09,T02
C013_F067,3-0,C013,halftime60,no,yes,T03,T08
C013_F070,4-0,C013,halftime60,no,yes,T09,T12
C013_F071,1-3,C013,halftime60,no,yes,T13,T11
C013_F072,0-1,C013,halftime60,no,yes,T11,T06
C013_F073,3-2,C013,halftime60,no,yes,T02,T20
C013_F076,4-0,C013,halftime60,no,yes,T20,T12
C013_F078,0-0,C013,halftime60,no,yes,T10,T20
C013_F081,1-1,C013,halftime60,no,yes,T11,T16
C013_F082,2-3,C013,halftime60,no,yes,T11,T17
C013_F084,2-2,C013,halftime60,no,yes,T13,T04
C013_F087,1-2,C013,halftime60,no,yes,T17,T15
C013_F090,4-1,C013,halftime60,no,yes,T07,T09
C013_F091,1-1,C013,halftime60,no,yes,T04,T15
C013_F093,0-0,C013,halftime60,no,yes,T19,T06
C013_F094,2-3,C013,halftime60,no,yes,T09,T11
C013_F098,0-0,C013,halftime60,no,yes,T20,T06
C013_F100,2-0,C013,halftime60,no,yes,T15,T10
C013_F101,1-1,C013,halftime60,no,yes,T20,T14
C013_F104,0-2,C013,halftime60,no,yes,T17,T18
C013_F105,1-2,C013,halftime60,no,yes,T17,T13
C013_F106,2-0,C013,halftime60,no,yes,T07,T13
C013_F107,0-3,C013,halftime60,no,yes,T17,T03
C013_F108,3-1,C013,halftime60,no,yes,T07,T12
C013_F111,0-1,C013,halftime60,no,yes,T06,T20
C013_F112,1-3,C013,halftime60,no,yes,T04,T03
C013_F113,3-0,C013,halftime60,no,yes,T10,T04
C013_F114,2-1,C013,halftime60,no,yes,T11,T09
C013_F118,2-0,C013,halftime60,no,yes,T03,T16
C013_F120,0-1,C013,halftime60,no,yes,T09,T03
C013_F122,1-3,C013,halftime60,no,yes,T05,T08
C013_F123,2-2,C013,halftime60,no,yes,T08,T07
C013_F124,3-2,C013,halftime60,no,yes,T15,T06
C013_F127,0-4,C013,halftime60,no,yes,T13,T20
C013_F128,2-2,C013,halftime60,no,yes,T12,T02
C013_F129,2-0,C013,halftime60,no,yes,T10,T07
C013_F130,1-0,C013,halftime60,no,yes,T19,T04
C013_F131,0-0,C013,halftime60,no,yes,T07,T03
C013_F133,1-1,C013,halftime60,no,yes,T14,T16
C013_F134,0-0,C013,halftime60,no,yes,T16,T08
C013_F135,4-1,C013,halftime60,no,yes,T05,T10
C013_F136,2-2,C013,halftime60,no,yes,T08,T05
C013_F137,2-1,C013,halftime60,no,yes,T13,T16
C013_F138,0-1,C013,halftime60,no,yes,T12,T05
C013_F139,0-0,C013,halftime60,no,yes,T08,T02
C013_F141,0-1,C013,halftime60,no,yes,T12,T15
C013_F142,2-2,C013,halftime60,no,yes,T05,T11
C013_F143,1-0,C013,halftime60,no,yes,T04,T14
C013_F144,1-3,C013,halftime60,no,yes,T13,T01
C013_F146,2-0,C013,halftime60,no,yes,T07,T01
C013_F147,0-0,C013,halftime60,no,yes,T16,T19
C013_F149,1-2,C013,halftime60,no,yes,T17,T16
C013_F151,0-1,C013,halftime60,no,yes,T20,T08
C013_F153,0-2,C013,halftime60,no,yes,T20,T19
C013_F157,4-1,C013,halftime60,no,yes,T09,T18
C013_F158,1-0,C013,halftime60,no,yes,T20,T11
C013_F159,3-1,C013,halftime60,no,yes,T14,T01
C013_F161,1-0,C013,halftime60,no,yes,T07,T14
C013_F165,2-1,C013,halftime60,no,yes,T20,T07
C013_F166,1-3,C013,halftime60,no,yes,T13,T15
C013_F167,1-1,C013,halftime60,no,yes,T19,T14
C013_F168,1-0,C013,halftime60,no,yes,T16,T09
C013_F169,1-1,C013,halftime60,no,yes,T19,T03
C013_F170,3-0,C013,halftime60,no,yes,T08,T04
C013_F172,3-0,C013,halftime60,no,yes,T10,T13
C013_F173,0-2,C013,halftime60,no,yes,T11,T15
C013_F174,1-0,C013,halftime60,no,yes,T07,T18
C013_F175,2-1,C013,halftime60,no,yes,T08,T16
C013_F176,3-0,C013,halftime60,no,yes,T06,T17
C013_F177,1-2,C013,halftime60,no,yes,T17,T10
C013_F178,0-1,C013,halftime60,no,yes,T11,T01
C013_F181,1-3,C013,halftime60,no,yes,T19,T16
C013_F183,0-1,C013,halftime60,no,yes,T06,T12
C013_F184,1-0,C013,halftime60,no,yes,T20,T05
C013_F185,0-1,C013,halftime60,no,yes,T07,T08
C013_F186,0-1,C013,halftime60,no,yes,T04,T18
C013_F188,0-2,C013,halftime60,no,yes,T06,T11
C013_F189,4-2,C013,halftime60,no,yes,T03,T15
C013_F190,4-0,C013,halftime60,no,yes,T13,T12
C013_F191,1-0,C013,halftime60,no,yes,T16,T11
C013_F192,2-2,C013,halftime60,no,yes,T03,T09
C013_F193,0-1,C013,halftime60,no,yes,T12,T18
C013_F194,1-0,C013,halftime60,no,yes,T12,T11
C013_F197,3-0,C013,halftime60,no,yes,T14,T09
C013_F198,1-1,C013,halftime60,no,yes,T15,T03
C013_F199,1-0,C013,halftime60,no,yes,T05,T13
C013_F202,0-1,C013,halftime60,no,yes,T13,T08
C013_F204,1-3,C013,halftime60,no,yes,T18,T04
C013_F205,3-1,C013,halftime60,no,yes,T20,T01
C013_F206,1-0,C013,halftime60,no,yes,T20,T16
C013_F207,2-0,C013,halftime60,no,yes,T09,T01
C013_F209,2-2,C013,halftime60,no,yes,T19,T20
C013_F210,0-0,C013,halftime60,no,yes,T12,T20
C013_F212,4-1,C013,halftime60,no,yes,T06,T18
C013_F214,1-2,C013,halftime60,no,yes,T08,T17
C013_F219,2-2,C013,halftime60,no,yes,T12,T16
C013_F222,0-2,C013,halftime60,no,yes,T02,T06
C013_F225,2-0,C013,halftime60,no,yes,T02,T08
C013_F226,2-1,C013,halftime60,no,yes,T06,T10
C013_F227,4-0,C013,halftime60,no,yes,T03,T04
C013_F231,1-2,C013,halftime60,no,yes,T18,T09
C013_F232,2-2,C013,halftime60,no,yes,T15,T13
C013_F233,2-0,C013,halftime60,no,yes,T05,T07
C013_F234,2-2,C013,halftime60,no,yes,T17,T20
C013_F236,3-0,C013,halftime60,no,yes,T15,T07
C013_F237,4-0,C013,halftime60,no,yes,T12,T01
C013_F238,4-2,C013,halftime60,no,yes,T13,T03
C013_F239,2-3,C013,halftime60,no,yes,T08,T18
C013_F241,0-0,C013,halftime60,no,yes,T09,T16
C013_F243,0-3,C013,halftime60,no,yes,T08,T19
C013_F246,1-1,C013,halftime60,no,yes,T15,T01
C013_F249,3-3,C013,halftime60,no,yes,T04,T08
C013_F250,0-1,C013,halftime60,no,yes,T18,T17
C013_F255,2-0,C013,halftime60,no,yes,T10,T19
C013_F256,3-1,C013,halftime60,no,yes,T16,T01
C013_F257,2-3,C013,halftime60,no,yes,T16,T10
C013_F258,3-0,C013,halftime60,no,yes,T19,T08
C013_F259,1-0,C013,halftime60,no,yes,T06,T19
C013_F260,1-0,C013,halftime60,no,yes,T06,T15
C013_F262,4-2,C013,halftime60,no,yes,T04,T02
C013_F263,5-1,C013,halftime60,no,yes,T18,T10
C013_F265,0-3,C013,halftime60,no,yes,T18,T14
C013_F266,3-1,C013,halftime60,no,yes,T18,T12
C013_F267,2-0,C013,halftime60,no,yes,T05,T01
C013_F269,2-1,C013,halftime60,no,yes,T07,T02
C013_F270,3-0,C013,halftime60,no,yes,T03,T02
C013_F272,2-0,C013,halftime60,no,yes,T20,T13
C013_F273,3-0,C013,halftime60,no,yes,T09,T06
C013_F275,1-0,C013,halftime60,no,yes,T02,T14
C013_F276,2-1,C013,halftime60,no,yes,T18,T19
C013_F278,3-0,C013,halftime60,no,yes,T15,T05
C013_F279,2-0,C013,halftime60,no,yes,T07,T04
C013_F280,0-2,C013,halftime60,no,yes,T02,T15
C013_F282,1-0,C013,halftime60,no,yes,T14,T18
C013_F285,3-0,C013,halftime60,no,yes,T03,T18
C013_F289,0-0,C013,halftime60,no,yes,T17,T19
C013_F295,2-1,C013,halftime60,no,yes,T14,T11
C013_F296,3-0,C013,halftime60,no,yes,T04,T11
C013_F297,3-4,C013,halftime60,no,yes,T10,T11
C013_F298,1-1,C013,halftime60,no,yes,T19,T13
C013_F301,3-2,C013,halftime60,no,yes,T18,T13
C013_F303,0-0,C013,halftime60,no,yes,T19,T02
C013_F305,0-2,C013,halftime60,no,yes,T09,T20
C013_F306,2-0,C013,halftime60,no,yes,T04,T19
C013_F307,0-0,C013,halftime60,no,yes,T01,T19
C013_F308,2-0,C013,halftime60,no,yes,T08,T01
C013_F309,1-1,C013,halftime60,no,yes,T15,T17
C013_F310,3-1,C013,halftime60,no,yes,T02,T18
C013_F312,1-0,C013,halftime60,no,yes,T01,T07
C013_F314,1-2,C013,halftime60,no,yes,T17,T02
C013_F315,4-1,C013,halftime60,no,yes,T03,T11
C013_F316,2-1,C013,halftime60,no,yes,T11,T05
C013_F318,3-0,C013,halftime60,no,yes,T20,T17
C013_F320,3-1,C013,halftime60,no,yes,T17,T06
C013_F322,4-1,C013,halftime60,no,yes,T02,T13
C013_F323,2-2,C013,halftime60,no,yes,T19,T05
C013_F324,1-1,C013,halftime60,no,yes,T10,T17
C013_F328,1-0,C013,halftime60,no,yes,T11,T07
C013_F331,2-1,C013,halftime60,no,yes,T07,T06
C013_F332,0-4,C013,halftime60,no,yes,T04,T17
C013_F335,2-1,C013,halftime60,no,yes,T12,T06
C013_F337,1-1,C013,halftime60,no,yes,T05,T15
C013_F339,4-1,C013,halftime60,no,yes,T20,T02
C013_F340,2-1,C013,halftime60,no,yes,T05,T20
C013_F341,2-0,C013,halftime60,no,yes,T08,T10
C013_F342,2-1,C013,halftime60,no,yes,T01,T12
C013_F343,0-1,C013,halftime60,no,yes,T09,T07
C013_F345,1-2,C013,halftime60,no,yes,T12,T07
C013_F346,1-0,C013,halftime60,no,yes,T20,T09
C013_F347,0-0,C013,halftime60,no,yes,T04,T07
C013_F348,1-0,C013,halftime60,no,yes,T12,T13
C013_F350,2-0,C013,halftime60,no,yes,T03,T07
C013_F351,2-0,C013,halftime60,no,yes,T08,T06
C013_F353,1-1,C013,halftime60,no,yes,T09,T08
C013_F354,4-0,C013,halftime60,no,yes,T06,T04
C013_F358,0-2,C013,halftime60,no,yes,T17,T01
C013_F359,1-0,C013,halftime60,no,yes,T18,T16
C013_F361,1-1,C013,halftime60,no,yes,T09,T05
C013_F363,0-1,C013,halftime60,no,yes,T02,T01
C013_F369,4-4,C013,halftime60,no,yes,T09,T13
C013_F371,2-0,C013,halftime60,no,yes,T02,T11
C013_F374,1-0,C013,halftime60,no,yes,T15,T04
C013_F375,2-2,C013,halftime60,no,yes,T18,T02
C013_F376,1-1,C013,halftime60,no,yes,T12,T14
C013_F379,2-2,C013,halftime60,no,yes,T03,T20
C014_F001,3-0,C014,scatter60,no,no,T04,T22
C014_F002,1-1,C014,scatter60,no,no,T12,T11
C014_F003,3-0,C014,scatter60,no,no,T22,T16
C014_F005,3-0,C014,scatter60,no,no,T24,T03
C014_F006,1-0,C014,scatter60,no,no,T16,T03
C014_F007,1-1,C014,scatter60,no,no,T02,T16
C014_F009,0-0,C014,scatter60,no,no,T03,T04
C014_F012,1-2,C014,scatter60,no,no,T20,T05
C014_F015,2-2,C014,scatter60,no,no,T22,T21
C014_F017,2-2,C014,scatter60,no,no,T11,T01
C014_F019,0-3,C014,scatter60,no,no,T04,T18
C014_F020,2-0,C014,scatter60,no,no,T07,T09
C014_F023,2-2,C014,scatter60,no,no,T13,T08
C014_F026,1-0,C014,scatter60,no,no,T21,T19
C014_F029,0-0,C014,scatter60,no,no,T21,T06
C014_F030,1-2,C014,scatter60,no,no,T10,T16
C014_F032,3-1,C014,scatter60,no,no,T07,T01
C014_F034,3-1,C014,scatter60,no,no,T01,T13
C014_F035,0-2,C014,scatter60,no,no,T14,T21
C014_F036,0-1,C014,scatter60,no,no,T20,T24
C014_F037,1-1,C014,scatter60,no,no,T21,T02
C014_F038,0-3,C014,scatter60,no,no,T23,T02
C014_F040,0-1,C014,scatter60,no,no,T10,T06
C014_F041,5-2,C014,scatter60,no,no,T12,T10
C014_F044,4-0,C014,scatter60,no,no,T24,T13
C014_F046,2-2,C014,scatter60,no,no,T11,T19
C014_F047,0-1,C014,scatter60,no,no,T13,T07
C014_F049,0-2,C014,scatter60,no,no,T23,T18
C014_F050,0-1,C014,scatter60,no,no,T02,T14
C014_F054,0-1,C014,scatter60,no,no,T24,T10
C014_F056,1-2,C014,scatter60,no,no,T11,T23
C014_F061,2-1,C014,scatter60,no,no,T05,T23
C014_F062,3-3,C014,scatter60,no,no,T06,T07
C014_F065,6-1,C014,scatter60,no,no,T24,T16
C014_F066,0-3,C014,scatter60,no,no,T15,T08
C014_F067,0-0,C014,scatter60,no,no,T06,T11
C014_F069,0-0,C014,scatter60,no,no,T08,T24
C014_F070,4-1,C014,scatter60,no,no,T21,T11
C014_F071,2-0,C014,scatter60,no,no,T08,T11
C014_F072,1-1,C014,scatter60,no,no,T10,T02
C014_F073,1-1,C014,scatter60,no,no,T13,T12
C014_F074,1-0,C014,scatter60,no,no,T12,T03
C014_F076,0-1,C014,scatter60,no,no,T01,T17
C014_F078,1-2,C014,scatter60,no,no,T19,T03
C014_F079,2-2,C014,scatter60,no,no,T01,T16
C014_F081,0-1,C014,scatter60,no,no,T01,T05
C014_F082,4-4,C014,scatter60,no,no,T15,T18
C014_F083,0-2,C014,scatter60,no,no,T23,T05
C014_F084,1-0,C014,scatter60,no,no,T12,T21
C014_F085,2-0,C014,scatter60,no,no,T18,T10
C014_F086,2-0,C014,scatter60,no,no,T17,T22
C014_F087,1-0,C014,scatter60,no,no,T10,T19
C014_F088,1-0,C014,scatter60,no,no,T03,T02
C014_F090,1-4,C014,scatter60,no,no,T02,T22
C014_F091,0-2,C014,scatter60,no,no,T04,T15
C014_F092,5-2,C014,scatter60,no,no,T06,T03
C014_F093,2-0,C014,scatter60,no,no,T07,T08
C014_F095,1-3,C014,scatter60,no,no,T12,T01
C014_F098,2-0,C014,scatter60,no,no,T01,T24
C014_F099,0-2,C014,scatter60,no,no,T20,T09
C014_F100,1-1,C014,scatter60,no,no,T07,T14
C014_F102,0-2,C014,scatter60,no,no,T19,T15
C014_F103,1-1,C014,scatter60,no,no,T16,T07
C014_F105,3-0,C014,scatter60,no,no,T15,T12
C014_F106,0-2,C014,scatter60,no,no,T04,T08
C014_F107,0-3,C014,scatter60,no,no,T11,T15
C014_F108,3-0,C014,scatter60,no,no,T21,T10
C014_F109,1-0,C014,scatter60,no,no,T09,T19
C014_F110,3-3,C014,scatter60,no,no,T09,T08
C014_F113,1-1,C014,scatter60,no,no,T05,T11
C014_F114,0-1,C014,scatter60,no,no,T11,T18
C014_F116,1-0,C014,scatter60,no,no,T11,T04
C014_F119,1-1,C014,scatter60,no,no,T02,T08
C014_F123,1-0,C014,scatter60,no,no,T11,T14
C014_F127,1-3,C014,scatter60,no,no,T14,T15
C014_F128,3-2,C014,scatter60,no,no,T22,T01
C014_F131,0-1,C014,scatter60,no,no,T12,T15
C014_F132,0-0,C014,scatter60,no,no,T02,T18
C014_F134,0-1,C014,scatter60,no,no,T15,T13
C014_F135,2-2,C014,scatter60,no,no,T02,T05
C014_F137,1-0,C014,scatter60,no,no,T24,T20
C014_F140,1-2,C014,scatter60,no,no,T06,T08
C014_F141,3-2,C014,scatter60,no,no,T06,T13
C014_F147,0-0,C014,scatter60,no,no,T18,T14
C014_F149,0-1,C014,scatter60,no,no,T14,T08
C014_F150,1-1,C014,scatter60,no,no,T09,T17
C014_F151,0-0,C014,scatter60,no,no,T16,T21
C014_F153,2-0,C014,scatter60,no,no,T19,T04
C014_F156,1-0,C014,scatter60,no,no,T06,T04
C014_F157,1-2,C014,scatter60,no,no,T10,T22
C014_F158,1-1,C014,scatter60,no,no,T23,T15
C014_F159,0-1,C014,scatter60,no,no,T21,T07
C014_F160,1-2,C014,scatter60,no,no,T07,T22
C014_F161,1-2,C014,scatter60,no,no,T07,T03
C014_F162,2-2,C014,scatter60,no,no,T14,T05
C014_F164,1-1,C014,scatter60,no,no,T10,T13
C014_F165,0-1,C014,scatter60,no,no,T11,T09
C014_F166,1-3,C014,scatter60,no,no,T04,T07
C014_F168,2-1,C014,scatter60,no,no,T18,T11
C014_F170,2-4,C014,scatter60,no,no,T23,T06
C014_F171,3-0,C014,scatter60,no,no,T08,T19
C014_F173,0-1,C014,scatter60,no,no,T08,T21
C014_F174,0-3,C014,scatter60,no,no,T04,T17
C014_F175,1-0,C014,scatter60,no,no,T15,T07
C014_F177,0-2,C014,scatter60,no,no,T13,T21
C014_F179,1-1,C014,scatter60,no,no,T07,T12
C014_F180,0-2,C014,scatter60,no,no,T22,T14
C014_F181,1-2,C014,scatter60,no,no,T17,T04
C014_F182,5-1,C014,scatter60,no,no,T15,T14
C014_F184,0-1,C014,scatter60,no,no,T13,T23
C014_F186,0-1,C014,scatter60,no,no,T22,T07
C014_F187,1-4,C014,scatter60,no,no,T11,T21
C014_F189,1-2,C014,scatter60,no,no,T03,T15
C014_F190,2-1,C014,scatter60,no,no,T17,T16
C014_F191,2-2,C014,scatter60,no,no,T23,T21
C014_F195,2-0,C014,scatter60,no,no,T17,T14
C014_F196,4-1,C014,scatter60,no,no,T12,T20
C014_F198,0-0,C014,scatter60,no,no,T05,T17
C014_F200,0-1,C014,scatter60,no,no,T15,T22
C014_F202,2-0,C014,scatter60,no,no,T06,T18
C014_F203,0-1,C014,scatter60,no,no,T06,T16
C014_F206,0-3,C014,scatter60,no,no,T24,T05
C014_F208,1-2,C014,scatter60,no,no,T23,T24
C014_F209,3-3,C014,scatter60,no,no,T17,T24
C014_F211,1-0,C014,scatter60,no,no,T01,T03
C014_F215,0-0,C014,scatter60,no,no,T09,T07
C014_F219,1-2,C014,scatter60,no,no,T11,T17
C014_F220,1-3,C014,scatter60,no,no,T20,T17
C014_F221,2-0,C014,scatter60,no,no,T21,T18
C014_F222,1-1,C014,scatter60,no,no,T16,T24
C014_F223,1-1,C014,scatter60,no,no,T20,T14
C014_F224,2-1,C014,scatter60,no,no,T03,T23
C014_F225,0-1,C014,scatter60,no,no,T16,T05
C014_F228,1-0,C014,scatter60,no,no,T09,T18
C014_F229,1-0,C014,scatter60,no,no,T06,T17
C014_F230,1-1,C014,scatter60,no,no,T08,T16
C014_F232,1-1,C014,scatter60,no,no,T05,T08
C014_F234,3-1,C014,scatter60,no,no,T15,T23
C014_F235,2-0,C014,scatter60,no,no,T18,T07
C014_F236,0-1,C014,scatter60,no,no,T23,T01
C014_F237,2-1,C014,scatter60,no,no,T09,T12
C014_F240,0-1,C014,scatter60,no,no,T19,T13
C014_F241,3-0,C014,scatter60,no,no,T05,T19
C014_F243,5-1,C014,scatter60,no,no,T23,T11
C014_F244,4-2,C014,scatter60,no,no,T15,T24
C014_F245,1-3,C014,scatter60,no,no,T13,T05
C014_F247,3-1,C014,scatter60,no,no,T02,T11
C014_F249,1-4,C014,scatter60,no,no,T12,T24
C014_F250,1-1,C014,scatter60,no,no,T24,T19
C014_F253,0-3,C014,scatter60,no,no,T12,T22
C014_F256,0-0,C014,scatter60,no,no,T04,T21
C014_F257,2-0,C014,scatter60,no,no,T11,T12
C014_F258,0-3,C014,scatter60,no,no,T24,T11
C014_F259,0-1,C014,scatter60,no,no,T14,T07
C014_F260,7-1,C014,scatter60,no,no,T10,T01
C014_F261,1-1,C014,scatter60,no,no,T21,T14
C014_F263,1-1,C014,scatter60,no,no,T01,T22
C014_F266,1-1,C014,scatter60,no,no,T17,T18
C014_F267,2-2,C014,scatter60,no,no,T04,T02
C014_F268,2-2,C014,scatter60,no,no,T13,T02
C014_F269,3-1,C014,scatter60,no,no,T08,T13
C014_F270,2-3,C014,scatter60,no,no,T14,T18
C014_F273,3-0,C014,scatter60,no,no,T15,T19
C014_F274,0-0,C014,scatter60,no,no,T19,T14
C014_F275,1-1,C014,scatter60,no,no,T07,T10
C014_F277,1-1,C014,scatter60,no,no,T16,T08
C014_F279,0-4,C014,scatter60,no,no,T03,T22
C014_F281,0-3,C014,scatter60,no,no,T14,T19
C014_F282,2-4,C014,scatter60,no,no,T19,T17
C014_F283,1-5,C014,scatter60,no,no,T03,T24
C014_F286,1-1,C014,scatter60,no,no,T15,T06
C014_F288,1-1,C014,scatter60,no,no,T09,T13
C014_F289,1-3,C014,scatter60,no,no,T15,T10
C014_F290,1-1,C014,scatter60,no,no,T11,T16
C014_F291,1-0,C014,scatter60,no,no,T22,T12
C014_F292,0-1,C014,scatter60,no,no,T20,T22
C014_F296,3-0,C014,scatter60,no,no,T05,T13
C014_F297,1-3,C014,scatter60,no,no,T07,T02
C014_F298,3-3,C014,scatter60,no,no,T10,T24
C014_F302,3-1,C014,scatter60,no,no,T18,T21
C014_F304,1-1,C014,scatter60,no,no,T06,T15
C014_F306,0-0,C014,scatter60,no,no,T23,T04
C014_F308,0-1,C014,scatter60,no,no,T17,T05
C014_F311,0-2,C014,scatter60,no,no,T16,T20
C014_F312,1-2,C014,scatter60,no,no,T20,T10
C014_F315,1-1,C014,scatter60,no,no,T07,T13
C014_F316,0-1,C014,scatter60,no,no,T17,T09
C014_F319,1-0,C014,scatter60,no,no,T04,T12
C014_F321,2-4,C014,scatter60,no,no,T17,T10
C014_F322,3-0,C014,scatter60,no,no,T05,T18
C014_F323,0-1,C014,scatter60,no,no,T24,T01
C014_F324,1-1,C014,scatter60,no,no,T07,T24
C014_F325,2-2,C014,scatter60,no,no,T02,T21
C014_F326,0-1,C014,scatter60,no,no,T16,T15
C014_F327,2-1,C014,scatter60,no,no,T09,T24
C014_F328,0-1,C014,scatter60,no,no,T11,T20
C014_F330,0-2,C014,scatter60,no,no,T01,T07
C014_F331,4-0,C014,scatter60,no,no,T20,T13
C014_F332,2-2,C014,scatter60,no,no,T03,T06
C014_F333,1-2,C014,scatter60,no,no,T17,T06
C014_F334,0-0,C014,scatter60,no,no,T11,T24
C014_F335,0-1,C014,scatter60,no,no,T19,T21
C014_F336,1-1,C014,scatter60,no,no,T13,T01
C014_F337,2-0,C014,scatter60,no,no,T04,T23
C014_F338,0-0,C014,scatter60,no,no,T17,T03
C014_F342,3-2,C014,scatter60,no,no,T03,T21
C014_F343,1-1,C014,scatter60,no,no,T21,T12
C014_F344,2-0,C014,scatter60,no,no,T12,T14
C014_F345,1-1,C014,scatter60,no,no,T01,T10
C014_F346,0-0,C014,scatter60,no,no,T07,T23
C014_F348,1-2,C014,scatter60,no,no,T02,T13
C014_F351,2-0,C014,scatter60,no,no,T05,T21
C014_F352,2-4,C014,scatter60,no,no,T20,T06
C014_F353,0-0,C014,scatter60,no,no,T10,T07
C014_F356,1-2,C014,scatter60,no,no,T18,T17
C014_F357,1-1,C014,scatter60,no,no,T18,T19
C014_F359,0-0,C014,scatter60,no,no,T19,T23
C014_F360,1-0,C014,scatter60,no,no,T06,T24
C014_F361,0-0,C014,scatter60,no,no,T10,T15
C014_F362,1-0,C014,scatter60,no,no,T02,T15
C014_F363,1-1,C014,scatter60,no,no,T16,T18
C014_F365,2-0,C014,scatter60,no,no,T04,T06
C014_F366,0-1,C014,scatter60,no,no,T03,T08
C014_F368,1-2,C014,scatter60,no,no,T18,T05
C014_F369,1-2,C014,scatter60,no,no,T11,T05
C014_F372,5-0,C014,scatter60,no,no,T15,T02
C014_F375,2-1,C014,scatter60,no,no,T04,T11
C014_F377,0-0,C014,scatter60,no,no,T04,T13
C014_F380,2-0,C014,scatter60,no,no,T22,T18
C014_F381,2-1,C014,scatter60,no,no,T22,T02
C014_F383,2-1,C014,scatter60,no,no,T15,T03
C014_F384,0-0,C014,scatter60,no,no,T22,T09
C014_F385,1-1,C014,scatter60,no,no,T19,T02
C014_F388,3-0,C014,scatter60,no,no,T02,T01
C014_F389,3-0,C014,scatter60,no,no,T09,T11
C014_F390,3-3,C014,scatter60,no,no,T22,T11
C014_F391,3-3,C014,scatter60,no,no,T12,T06
C014_F393,1-0,C014,scatter60,no,no,T14,T13
C014_F396,1-1,C014,scatter60,no,no,T03,T12
C014_F397,4-3,C014,scatter60,no,no,T06,T22
C014_F398,1-1,C014,scatter60,no,no,T14,T02
C014_F399,0-0,C014,scatter60,no,no,T13,T04
C014_F401,0-2,C014,scatter60,no,no,T08,T05
C014_F402,0-2,C014,scatter60,no,no,T07,T18
C014_F405,2-2,C014,scatter60,no,no,T18,T16
C014_F407,1-0,C014,scatter60,no,no,T23,T13
C014_F413,2-2,C014,scatter60,no,no,T14,T06
C014_F414,1-1,C014,scatter60,no,no,T08,T06
C014_F415,3-1,C014,scatter60,no,no,T08,T02
C014_F416,1-1,C014,scatter60,no,no,T12,T18
C014_F418,0-2,C014,scatter60,no,no,T14,T09
C014_F419,2-2,C014,scatter60,no,no,T01,T20
C014_F421,3-1,C014,scatter60,no,no,T11,T02
C014_F424,4-1,C014,scatter60,no,no,T06,T01
C014_F425,1-0,C014,scatter60,no,no,T14,T22
C014_F429,0-2,C014,scatter60,no,no,T20,T11
C014_F430,1-1,C014,scatter60,no,no,T14,T17
C014_F431,0-1,C014,scatter60,no,no,T04,T16
C014_F433,1-0,C014,scatter60,no,no,T01,T14
C014_F434,2-3,C014,scatter60,no,no,T24,T15
C014_F436,1-1,C014,scatter60,no,no,T18,T24
C014_F437,1-1,C014,scatter60,no,no,T10,T09
C014_F438,4-0,C014,scatter60,no,no,T17,T20
C014_F442,3-0,C014,scatter60,no,no,T01,T04
C014_F444,1-1,C014,scatter60,no,no,T20,T04
C014_F447,2-1,C014,scatter60,no,no,T17,T21
C014_F452,2-0,C014,scatter60,no,no,T06,T09
C014_F453,2-0,C014,scatter60,no,no,T17,T11
C014_F454,0-1,C014,scatter60,no,no,T14,T16
C014_F455,2-2,C014,scatter60,no,no,T03,T18
C014_F456,1-0,C014,scatter60,no,no,T02,T20
C014_F457,0-1,C014,scatter60,no,no,T15,T05
C014_F461,1-0,C014,scatter60,no,no,T14,T03
C014_F463,1-2,C014,scatter60,no,no,T14,T11
C014_F464,0-1,C014,scatter60,no,no,T11,T06
C014_F465,1-1,C014,scatter60,no,no,T01,T02
C014_F466,2-1,C014,scatter60,no,no,T18,T15
C014_F467,0-2,C014,scatter60,no,no,T19,T20
C014_F468,3-0,C014,scatter60,no,no,T04,T19
C014_F469,2-1,C014,scatter60,no,no,T18,T04
C014_F470,2-0,C014,scatter60,no,no,T08,T15
C014_F472,5-0,C014,scatter60,no,no,T23,T03
C014_F473,3-1,C014,scatter60,no,no,T13,T14
C014_F476,3-3,C014,scatter60,no,no,T24,T06
C014_F478,2-0,C014,scatter60,no,no,T08,T09
C014_F481,4-1,C014,scatter60,no,no,T20,T12
C014_F482,2-1,C014,scatter60,no,no,T08,T14
C014_F483,2-1,C014,scatter60,no,no,T13,T22
C014_F485,2-1,C014,scatter60,no,no,T16,T19
C014_F486,2-0,C014,scatter60,no,no,T09,T03
C014_F487,1-2,C014,scatter60,no,no,T02,T07
C014_F488,0-1,C014,scatter60,no,no,T18,T08
C014_F491,3-1,C014,scatter60,no,no,T21,T03
C014_F492,1-1,C014,scatter60,no,no,T17,T12
C014_F493,1-1,C014,scatter60,no,no,T11,T13
C014_F494,2-1,C014,scatter60,no,no,T09,T01
C014_F495,5-1,C014,scatter60,no,no,T17,T23
C014_F497,1-0,C014,scatter60,no,no,T23,T22
C014_F499,1-1,C014,scatter60,no,no,T08,T12
C014_F501,2-1,C014,scatter60,no,no,T04,T24
C014_F502,0-1,C014,scatter60,no,no,T19,T10
C014_F503,2-3,C014,scatter60,no,no,T13,T20
C014_F504,2-0,C014,scatter60,no,no,T10,T21
C014_F505,1-0,C014,scatter60,no,no,T21,T01
C014_F506,1-2,C014,scatter60,no,no,T20,T23
C014_F507,1-2,C014,scatter60,no,no,T21,T13
C014_F508,2-1,C014,scatter60,no,no,T22,T23
C014_F509,0-0,C014,scatter60,no,no,T06,T12
C014_F511,1-1,C014,scatter60,no,no,T01,T12
C014_F512,2-3,C014,scatter60,no,no,T06,T20
C014_F513,1-1,C014,scatter60,no,no,T19,T12
C014_F514,1-2,C014,scatter60,no,no,T20,T01
C014_F515,1-3,C014,scatter60,no,no,T18,T22
C014_F516,1-0,C014,scatter60,no,no,T10,T17
C014_F517,0-1,C014,scatter60,no,no,T01,T09
C014_F519,2-1,C014,scatter60,no,no,T05,T06
C014_F520,2-2,C014,scatter60,no,no,T13,T06
C014_F521,1-0,C014,scatter60,no,no,T05,T10
C014_F526,1-3,C014,scatter60,no,no,T18,T09
C014_F527,0-1,C014,scatter60,no,no,T01,T23
C014_F531,5-2,C014,scatter60,no,no,T09,T02
C014_F532,0-1,C014,scatter60,no,no,T11,T22
C014_F534,2-1,C014,scatter60,no,no,T24,T04
C014_F535,0-0,C014,scatter60,no,no,T21,T17
C014_F536,2-3,C014,scatter60,no,no,T03,T09
C014_F537,4-2,C014,scatter60,no,no,T02,T24
C014_F540,1-0,C014,scatter60,no,no,T09,T20
C014_F541,1-3,C014,scatter60,no,no,T19,T06
C014_F542,1-3,C014,scatter60,no,no,T10,T03
C014_F547,1-0,C014,scatter60,no,no,T15,T16
C014_F550,1-1,C014,scatter60,no,no,T10,T11
C016_F001,4-1,C016,halftime60,no,yes,T04,T02
C016_F003,0-0,C016,halftime60,no,yes,T06,T11
C016_F004,3-0,C016,halftime60,no,yes,T15,T22
C016_F006,2-2,C016,halftime60,no,yes,T04,T20
C016_F008,0-1,C016,halftime60,no,yes,T21,T14
C016_F010,0-1,C016,halftime60,no,yes,T22,T03
C016_F011,2-1,C016,halftime60,no,yes,T08,T02
C016_F012,4-1,C016,halftime60,no,yes,T09,T07
C016_F014,4-0,C016,halftime60,no,yes,T15,T06
C016_F015,1-0,C016,halftime60,no,yes,T08,T21
C016_F017,2-1,C016,halftime60,no,yes,T06,T07
C016_F018,1-3,C016,halftime60,no,yes,T18,T09
C016_F020,3-0,C016,halftime60,no,yes,T20,T13
C016_F022,1-0,C016,halftime60,no,yes,T01,T09
C016_F023,3-0,C016,halftime60,no,yes,T12,T09
C016_F024,1-1,C016,halftime60,no,yes,T08,T20
C016_F025,2-1,C016,halftime60,no,yes,T07,T18
C016_F026,3-2,C016,halftime60,no,yes,T02,T16
C016_F029,0-0,C016,halftime60,no,yes,T21,T03
C016_F031,2-0,C016,halftime60,no,yes,T09,T14
C016_F032,1-1,C016,halftime60,no,yes,T11,T21
C016_F033,2-4,C016,halftime60,no,yes,T05,T03
C016_F034,0-0,C016,halftime60,no,yes,T18,T04
C016_F035,2-1,C016,halftime60,no,yes,T03,T18
C016_F037,3-0,C016,halftime60,no,yes,T08,T15
C016_F038,0-0,C016,halftime60,no,yes,T10,T01
C016_F039,4-2,C016,halftime60,no,yes,T17,T02
C016_F040,1-1,C016,halftime60,no,yes,T05,T21
C016_F041,1-2,C016,halftime60,no,yes,T08,T09
C016_F042,2-3,C016,halftime60,no,yes,T07,T03
C016_F043,0-1,C016,halftime60,no,yes,T19,T14
C016_F044,1-2,C016,halftime60,no,yes,T12,T14
C016_F047,0-0,C016,halftime60,no,yes,T07,T15
C016_F048,0-2,C016,halftime60,no,yes,T03,T15
C016_F049,1-1,C016,halftime60,no,yes,T11,T02
C016_F050,3-1,C016,halftime60,no,yes,T04,T06
C016_F052,1-1,C016,halftime60,no,yes,T19,T05
C016_F054,0-1,C016,halftime60,no,yes,T17,T05
C016_F057,2-1,C016,halftime60,no,yes,T20,T11
C016_F058,0-0,C016,halftime60,no,yes,T19,T06
C016_F060,0-0,C016,halftime60,no,yes,T21,T12
C016_F062,0-0,C016,halftime60,no,yes,T14,T13
C016_F064,4-1,C016,halftime60,no,yes,T02,T08
C016_F065,1-0,C016,halftime60,no,yes,T11,T08
C016_F067,2-1,C016,halftime60,no,yes,T14,T09
C016_F071,1-0,C016,halftime60,no,yes,T18,T19
C016_F073,1-1,C016,halftime60,no,yes,T13,T21
C016_F074,1-0,C016,halftime60,no,yes,T05,T15
C016_F075,1-0,C016,halftime60,no,yes,T15,T04
C016_F076,1-0,C016,halftime60,no,yes,T04,T12
C016_F078,0-0,C016,halftime60,no,yes,T16,T06
C016_F080,0-1,C016,halftime60,no,yes,T10,T11
C016_F081,1-0,C016,halftime60,no,yes,T04,T11
C016_F083,2-0,C016,halftime60,no,yes,T09,T03
C016_F089,2-3,C016,halftime60,no,yes,T15,T12
C016_F091,2-0,C016,halftime60,no,yes,T21,T11
C016_F092,2-2,C016,halftime60,no,yes,T05,T09
C016_F093,1-1,C016,halftime60,no,yes,T16,T09
C016_F094,1-0,C016,halftime60,no,yes,T04,T14
C016_F095,1-0,C016,halftime60,no,yes,T14,T10
C016_F098,2-0,C016,halftime60,no,yes,T18,T05
C016_F100,0-1,C016,halftime60,no,yes,T12,T02
C016_F101,1-1,C016,halftime60,no,yes,T18,T17
C016_F102,1-2,C016,halftime60,no,yes,T02,T12
C016_F105,0-0,C016,halftime60,no,yes,T07,T04
C016_F106,2-0,C016,halftime60,no,yes,T20,T08
C016_F108,1-0,C016,halftime60,no,yes,T04,T09
C016_F109,1-1,C016,halftime60,no,yes,T14,T21
C016_F110,1-1,C016,halftime60,no,yes,T11,T20
C016_F111,1-1,C016,halftime60,no,yes,T13,T19
C016_F113,2-3,C016,halftime60,no,yes,T20,T04
C016_F115,1-2,C016,halftime60,no,yes,T07,T14
C016_F117,1-2,C016,halftime60,no,yes,T21,T05
C016_F118,1-1,C016,halftime60,no,yes,T05,T18
C016_F119,1-0,C016,halftime60,no,yes,T14,T17
C016_F121,3-0,C016,halftime60,no,yes,T16,T18
C016_F125,1-0,C016,halftime60,no,yes,T14,T22
C016_F126,1-2,C016,halftime60,no,yes,T19,T08
C016_F133,0-1,C016,halftime60,no,yes,T22,T17
C016_F134,0-0,C016,halftime60,no,yes,T01,T19
C016_F135,3-2,C016,halftime60,no,yes,T16,T04
C016_F136,1-1,C016,halftime60,no,yes,T12,T10
C016_F138,0-0,C016,halftime60,no,yes,T19,T17
C016_F139,1-0,C016,halftime60,no,yes,T09,T02
C016_F142,2-0,C016,halftime60,no,yes,T20,T07
C016_F143,2-0,C016,halftime60,no,yes,T01,T21
C016_F144,0-1,C016,halftime60,no,yes,T08,T17
C016_F146,2-1,C016,halftime60,no,yes,T20,T15
C016_F147,3-2,C016,halftime60,no,yes,T15,T08
C016_F148,3-0,C016,halftime60,no,yes,T02,T07
C016_F151,2-1,C016,halftime60,no,yes,T15,T21
C016_F153,2-2,C016,halftime60,no,yes,T20,T16
C016_F155,1-1,C016,halftime60,no,yes,T20,T05
C016_F156,1-1,C016,halftime60,no,yes,T17,T08
C016_F158,0-1,C016,halftime60,no,yes,T11,T13
C016_F160,1-2,C016,halftime60,no,yes,T19,T09
C016_F161,2-1,C016,halftime60,no,yes,T09,T05
C016_F163,0-1,C016,halftime60,no,yes,T12,T19
C016_F164,1-2,C016,halftime60,no,yes,T10,T20
C016_F165,1-1,C016,halftime60,no,yes,T02,T01
C016_F167,2-1,C016,halftime60,no,yes,T22,T18
C016_F169,1-0,C016,halftime60,no,yes,T19,T10
C016_F173,4-1,C016,halftime60,no,yes,T16,T21
C016_F176,0-3,C016,halftime60,no,yes,T10,T19
C016_F177,1-1,C016,halftime60,no,yes,T17,T22
C016_F178,0-2,C016,halftime60,no,yes,T10,T07
C016_F180,2-1,C016,halftime60,no,yes,T13,T12
C016_F181,0-0,C016,halftime60,no,yes,T10,T18
C016_F182,2-1,C016,halftime60,no,yes,T14,T16
C016_F184,0-0,C016,halftime60,no,yes,T14,T02
C016_F185,1-0,C016,halftime60,no,yes,T16,T03
C016_F187,1-1,C016,halftime60,no,yes,T21,T01
C016_F192,2-1,C016,halftime60,no,yes,T18,T08
C016_F194,0-0,C016,halftime60,no,yes,T16,T13
C016_F195,0-0,C016,halftime60,no,yes,T20,T21
C016_F196,0-3,C016,halftime60,no,yes,T11,T03
C016_F197,2-2,C016,halftime60,no,yes,T21,T15
C016_F198,0-1,C016,halftime60,no,yes,T18,T02
C016_F199,2-1,C016,halftime60,no,yes,T04,T19
C016_F200,0-1,C016,halftime60,no,yes,T16,T19
C016_F201,1-1,C016,halftime60,no,yes,T03,T13
C016_F204,2-0,C016,halftime60,no,yes,T15,T14
C016_F206,2-0,C016,halftime60,no,yes,T18,T14
C016_F208,2-2,C016,halftime60,no,yes,T12,T18
C016_F209,1-0,C016,halftime60,no,yes,T15,T07
C016_F211,3-1,C016,halftime60,no,yes,T09,T08
C016_F212,1-2,C016,halftime60,no,yes,T13,T08
C016_F213,1-2,C016,halftime60,no,yes,T22,T06
C016_F214,4-1,C016,halftime60,no,yes,T01,T22
C016_F215,3-0,C016,halftime60,no,yes,T15,T19
C016_F218,3-0,C016,halftime60,no,yes,T05,T13
C016_F219,1-3,C016,halftime60,no,yes,T11,T15
C016_F221,1-1,C016,halftime60,no,yes,T09,T17
C016_F223,3-0,C016,halftime60,no,yes,T19,T13
C016_F224,0-1,C016,halftime60,no,yes,T21,T10
C016_F225,0-2,C016,halftime60,no,yes,T10,T16
C016_F226,1-0,C016,halftime60,no,yes,T12,T07
C016_F227,1-0,C016,halftime60,no,yes,T09,T18
C016_F232,1-0,C016,halftime60,no,yes,T01,T02
C016_F234,1-1,C016,halftime60,no,yes,T17,T14
C016_F235,2-2,C016,halftime60,no,yes,T08,T06
C016_F237,0-1,C016,halftime60,no,yes,T11,T17
C016_F241,2-0,C016,halftime60,no,yes,T08,T11
C016_F242,1-0,C016,halftime60,no,yes,T10,T02
C016_F243,2-1,C016,halftime60,no,yes,T09,T01
C016_F244,1-2,C016,halftime60,no,yes,T08,T16
C016_F246,0-3,C016,halftime60,no,yes,T21,T08
C016_F248,3-0,C016,halftime60,no,yes,T08,T22
C016_F249,2-1,C016,halftime60,no,yes,T02,T09
C016_F250,0-1,C016,halftime60,no,yes,T06,T16
C016_F252,0-0,C016,halftime60,no,yes,T05,T17
C016_F253,0-0,C016,halftime60,no,yes,T01,T11
C016_F255,3-2,C016,halftime60,no,yes,T16,T02
C016_F256,2-2,C016,halftime60,no,yes,T17,T18
C016_F259,2-1,C016,halftime60,no,yes,T11,T07
C016_F260,2-1,C016,halftime60,no,yes,T21,T02
C016_F261,3-1,C016,halftime60,no,yes,T14,T15
C016_F262,1-2,C016,halftime60,no,yes,T07,T11
C016_F266,0-0,C016,halftime60,no,yes,T05,T11
C016_F270,3-2,C016,halftime60,no,yes,T02,T03
C016_F274,1-1,C016,halftime60,no,yes,T12,T11
C016_F275,0-2,C016,halftime60,no,yes,T17,T10
C016_F276,2-0,C016,halftime60,no,yes,T05,T07
C016_F277,2-1,C016,halftime60,no,yes,T20,T22
C016_F278,3-2,C016,halftime60,no,yes,T20,T14
C016_F280,0-0,C016,halftime60,no,yes,T09,T21
C016_F283,3-2,C016,halftime60,no,yes,T06,T05
C016_F285,1-2,C016,halftime60,no,yes,T08,T01
C016_F286,1-5,C016,halftime60,no,yes,T07,T02
C016_F287,2-0,C016,halftime60,no,yes,T10,T09
C016_F288,1-0,C016,halftime60,no,yes,T05,T16
C016_F289,3-1,C016,halftime60,no,yes,T22,T12
C016_F290,2-0,C016,halftime60,no,yes,T02,T05
C016_F292,1-1,C016,halftime60,no,yes,T22,T05
C016_F296,2-1,C016,halftime60,no,yes,T11,T05
C016_F297,4-4,C016,halftime60,no,yes,T06,T02
C016_F300,3-0,C016,halftime60,no,yes,T20,T06
C016_F301,2-0,C016,halftime60,no,yes,T15,T11
C016_F302,0-1,C016,halftime60,no,yes,T07,T17
C016_F303,0-2,C016,halftime60,no,yes,T07,T16
C016_F305,1-1,C016,halftime60,no,yes,T14,T11
C016_F306,3-0,C016,halftime60,no,yes,T11,T16
C016_F307,0-2,C016,halftime60,no,yes,T16,T01
C016_F309,1-0,C016,halftime60,no,yes,T19,T01
C016_F310,0-2,C016,halftime60,no,yes,T11,T01
C016_F311,1-2,C016,halftime60,no,yes,T10,T13
C016_F314,0-0,C016,halftime60,no,yes,T20,T12
C016_F316,2-2,C016,halftime60,no,yes,T02,T14
C016_F317,0-3,C016,halftime60,no,yes,T02,T10
C016_F318,1-0,C016,halftime60,no,yes,T17,T01
C016_F321,3-1,C016,halftime60,no,yes,T04,T05
C016_F322,2-0,C016,halftime60,no,yes,T15,T18
C016_F323,2-0,C016,halftime60,no,yes,T15,T10
C016_F326,3-2,C016,halftime60,no,yes,T04,T13
C016_F327,2-1,C016,halftime60,no,yes,T16,T15
C016_F329,2-1,C016,halftime60,no,yes,T03,T12
C016_F332,1-0,C016,halftime60,no,yes,T02,T22
C016_F333,1-3,C016,halftime60,no,yes,T05,T12
C016_F336,1-0,C016,halftime60,no,yes,T22,T19
C016_F337,1-0,C016,halftime60,no,yes,T02,T13
C016_F338,1-2,C016,halftime60,no,yes,T22,T02
C016_F340,0-2,C016,halftime60,no,yes,T13,T04
C016_F341,0-0,C016,halftime60,no,yes,T03,T22
C016_F342,0-2,C016,halftime60,no,yes,T12,T16
C016_F343,1-2,C016,halftime60,no,yes,T09,T22
C016_F344,3-2,C016,halftime60,no,yes,T09,T11
C016_F345,5-0,C016,halftime60,no,yes,T08,T13
C016_F346,1-2,C016,halftime60,no,yes,T10,T05
C016_F347,1-2,C016,halftime60,no,yes,T08,T12
C016_F349,3-1,C016,halftime60,no,yes,T16,T07
C016_F350,1-0,C016,halftime60,no,yes,T17,T21
C016_F354,1-0,C016,halftime60,no,yes,T18,T12
C016_F356,0-1,C016,halftime60,no,yes,T22,T20
C016_F357,0-0,C016,halftime60,no,yes,T21,T16
C016_F358,2-1,C016,halftime60,no,yes,T17,T06
C016_F359,0-1,C016,halftime60,no,yes,T19,T18
C016_F361,1-1,C016,halftime60,no,yes,T19,T16
C016_F362,2-0,C016,halftime60,no,yes,T06,T20
C016_F364,1-1,C016,halftime60,no,yes,T11,T10
C016_F365,2-1,C016,halftime60,no,yes,T21,T07
C016_F366,3-0,C016,halftime60,no,yes,T07,T01
C016_F367,1-2,C016,halftime60,no,yes,T18,T10
C016_F370,0-1,C016,halftime60,no,yes,T15,T16
C016_F372,0-2,C016,halftime60,no,yes,T06,T15
C016_F374,1-1,C016,halftime60,no,yes,T01,T14
C016_F378,2-2,C016,halftime60,no,yes,T01,T06
C016_F380,1-0,C016,halftime60,no,yes,T22,T10
C016_F382,2-3,C016,halftime60,no,yes,T02,T18
C016_F383,1-1,C016,halftime60,no,yes,T06,T14
C016_F385,1-1,C016,halftime60,no,yes,T04,T15
C016_F388,0-0,C016,halftime60,no,yes,T13,T20
C016_F390,3-0,C016,halftime60,no,yes,T03,T14
C016_F391,1-1,C016,halftime60,no,yes,T13,T10
C016_F395,1-1,C016,halftime60,no,yes,T06,T09
C016_F398,0-4,C016,halftime60,no,yes,T10,T15
C016_F400,2-0,C016,halftime60,no,yes,T15,T17
C016_F401,4-0,C016,halftime60,no,yes,T19,T04
C016_F403,1-0,C016,halftime60,no,yes,T07,T08
C016_F404,2-2,C016,halftime60,no,yes,T06,T19
C016_F406,2-4,C016,halftime60,no,yes,T08,T03
C016_F407,0-1,C016,halftime60,no,yes,T20,T19
C016_F408,3-1,C016,halftime60,no,yes,T03,T08
C016_F409,3-0,C016,halftime60,no,yes,T04,T03
C016_F411,0-0,C016,halftime60,no,yes,T06,T21
C016_F412,2-1,C016,halftime60,no,yes,T16,T11
C016_F413,1-0,C016,halftime60,no,yes,T13,T18
C016_F418,3-1,C016,halftime60,no,yes,T10,T21
C016_F419,0-0,C016,halftime60,no,yes,T17,T09
C016_F420,2-0,C016,halftime60,no,yes,T08,T05
C016_F422,1-1,C016,halftime60,no,yes,T08,T18
C016_F423,1-1,C016,halftime60,no,yes,T13,T06
C016_F424,2-1,C016,halftime60,no,yes,T14,T19
C016_F425,0-1,C016,halftime60,no,yes,T11,T04
C016_F427,0-1,C016,halftime60,no,yes,T14,T01
C016_F430,0-0,C016,halftime60,no,yes,T01,T15
C016_F431,0-0,C016,halftime60,no,yes,T21,T17
C016_F432,2-1,C016,halftime60,no,yes,T15,T09
C016_F434,2-2,C016,halftime60,no,yes,T05,T04
C016_F436,1-1,C016,halftime60,no,yes,T04,T01
C016_F437,1-0,C016,halftime60,no,yes,T13,T15
C016_F438,0-3,C016,halftime60,no,yes,T04,T17
C016_F440,2-1,C016,halftime60,no,yes,T06,T17
C016_F441,1-2,C016,halftime60,no,yes,T20,T02
C016_F442,0-0,C016,halftime60,no,yes,T22,T04
C016_F443,0-3,C016,halftime60,no,yes,T22,T11
C016_F445,2-0,C016,halftime60,no,yes,T02,T17
C016_F446,0-0,C016,halftime60,no,yes,T13,T17
C016_F447,0-1,C016,halftime60,no,yes,T12,T13
C016_F450,0-1,C016,halftime60,no,yes,T21,T13
C016_F451,2-1,C016,halftime60,no,yes,T03,T09
C016_F453,2-0,C016,halftime60,no,yes,T06,T10
C016_F454,3-1,C016,halftime60,no,yes,T02,T20
C016_F456,1-5,C016,halftime60,no,yes,T08,T10
C016_F458,2-1,C016,halftime60,no,yes,T02,T11
C016_F459,2-1,C016,halftime60,no,yes,T03,T04
C016_F460,1-1,C016,halftime60,no,yes,T19,T12
C016_F462,2-2,C016,halftime60,no,yes,T03,T11
C017_F002,1-1,C017,tail40,no,no,T19,T08
C017_F003,3-2,C017,tail40,no,no,T04,T06
C017_F004,0-1,C017,tail40,no,no,T11,T05
C017_F006,2-1,C017,tail40,no,no,T05,T17
C017_F007,4-0,C017,tail40,no,no,T17,T06
C017_F008,2-3,C017,tail40,no,no,T12,T14
C017_F009,2-3,C017,tail40,no,no,T05,T18
C017_F010,2-0,C017,tail40,no,no,T07,T17
C017_F012,4-0,C017,tail40,no,no,T01,T14
C017_F014,0-1,C017,tail40,no,no,T09,T10
C017_F016,0-0,C017,tail40,no,no,T01,T10
C017_F017,4-0,C017,tail40,no,no,T06,T18
C017_F020,3-2,C017,tail40,no,no,T15,T20
C017_F021,2-2,C017,tail40,no,no,T05,T04
C017_F026,1-1,C017,tail40,no,no,T08,T04
C017_F028,1-1,C017,tail40,no,no,T13,T15
C017_F031,1-1,C017,tail40,no,no,T06,T03
C017_F033,1-2,C017,tail40,no,no,T08,T14
C017_F042,3-0,C017,tail40,no,no,T19,T09
C017_F044,0-2,C017,tail40,no,no,T16,T06
C017_F049,2-0,C017,tail40,no,no,T14,T19
C017_F050,2-4,C017,tail40,no,no,T09,T01
C017_F056,2-3,C017,tail40,no,no,T12,T10
C017_F063,3-1,C017,tail40,no,no,T20,T02
C017_F065,1-1,C017,tail40,no,no,T06,T05
C017_F071,1-0,C017,tail40,no,no,T16,T14
C017_F072,2-1,C017,tail40,no,no,T04,T09
C017_F075,1-2,C017,tail40,no,no,T02,T03
C017_F078,3-1,C017,tail40,no,no,T10,T15
C017_F080,0-1,C017,tail40,no,no,T02,T16
C017_F084,2-0,C017,tail40,no,no,T04,T19
C017_F090,3-0,C017,tail40,no,no,T08,T15
C017_F095,1-1,C017,tail40,no,no,T10,T20
C017_F096,1-0,C017,tail40,no,no,T01,T12
C017_F098,1-2,C017,tail40,no,no,T13,T10
C017_F109,0-4,C017,tail40,no,no,T20,T19
C017_F111,0-3,C017,tail40,no,no,T05,T08
C017_F113,0-0,C017,tail40,no,no,T17,T16
C017_F114,2-1,C017,tail40,no,no,T06,T13
C017_F115,0-1,C017,tail40,no,no,T08,T02
C017_F116,0-0,C017,tail40,no,no,T17,T18
C017_F120,1-1,C017,tail40,no,no,T02,T13
C017_F121,0-0,C017,tail40,no,no,T09,T07
C017_F122,1-1,C017,tail40,no,no,T10,T03
C017_F125,0-4,C017,tail40,no,no,T17,T20
C017_F126,1-2,C017,tail40,no,no,T13,T04
C017_F129,2-1,C017,tail40,no,no,T06,T07
C017_F130,2-0,C017,tail40,no,no,T04,T02
C017_F131,1-1,C017,tail40,no,no,T18,T02
C017_F133,3-2,C017,tail40,no,no,T01,T18
C017_F138,0-1,C017,tail40,no,no,T19,T11
C017_F142,1-3,C017,tail40,no,no,T13,T20
C017_F147,1-1,C017,tail40,no,no,T17,T14
C017_F150,3-6,C017,tail40,no,no,T15,T07
C017_F153,0-0,C017,tail40,no,no,T13,T16
C017_F154,1-1,C017,tail40,no,no,T12,T20
C017_F156,1-2,C017,tail40,no,no,T14,T10
C017_F157,1-2,C017,tail40,no,no,T12,T15
C017_F159,0-1,C017,tail40,no,no,T10,T16
C017_F162,2-0,C017,tail40,no,no,T01,T08
C017_F166,3-0,C017,tail40,no,no,T20,T11
C017_F167,2-3,C017,tail40,no,no,T18,T07
C017_F178,2-2,C017,tail40,no,no,T03,T20
C017_F180,2-3,C017,tail40,no,no,T16,T01
C017_F183,4-1,C017,tail40,no,no,T18,T09
C017_F184,0-0,C017,tail40,no,no,T07,T01
C017_F187,0-0,C017,tail40,no,no,T17,T19
C017_F188,2-0,C017,tail40,no,no,T10,T18
C017_F189,0-2,C017,tail40,no,no,T16,T04
C017_F190,2-1,C017,tail40,no,no,T07,T02
C017_F192,2-1,C017,tail40,no,no,T17,T04
C017_F193,0-2,C017,tail40,no,no,T08,T07
C017_F196,1-1,C017,tail40,no,no,T11,T13
C017_F201,4-2,C017,tail40,no,no,T01,T06
C017_F203,3-1,C017,tail40,no,no,T07,T11
C017_F204,2-0,C017,tail40,no,no,T07,T13
C017_F207,1-0,C017,tail40,no,no,T05,T16
C017_F208,2-1,C017,tail40,no,no,T02,T10
C017_F212,1-1,C017,tail40,no,no,T11,T01
C017_F214,0-0,C017,tail40,no,no,T13,T17
C017_F215,1-0,C017,tail40,no,no,T11,T17
C017_F221,2-3,C017,tail40,no,no,T03,T09
C017_F226,1-0,C017,tail40,no,no,T03,T17
C017_F227,1-2,C017,tail40,no,no,T09,T12
C017_F228,0-2,C017,tail40,no,no,T08,T06
C017_F231,1-1,C017,tail40,no,no,T08,T10
C017_F232,0-2,C017,tail40,no,no,T07,T12
C017_F235,3-2,C017,tail40,no,no,T05,T09
C017_F241,4-1,C017,tail40,no,no,T04,T12
C017_F243,3-2,C017,tail40,no,no,T05,T01
C017_F249,2-0,C017,tail40,no,no,T04,T03
C017_F255,2-1,C017,tail40,no,no,T15,T11
C017_F258,3-2,C017,tail40,no,no,T15,T17
C017_F260,1-1,C017,tail40,no,no,T13,T18
C017_F261,0-2,C017,tail40,no,no,T09,T17
C017_F264,0-3,C017,tail40,no,no,T05,T12
C017_F265,3-0,C017,tail40,no,no,T12,T13
C017_F268,2-3,C017,tail40,no,no,T11,T09
C017_F270,3-2,C017,tail40,no,no,T09,T20
C017_F273,1-1,C017,tail40,no,no,T16,T20
C017_F275,1-1,C017,tail40,no,no,T08,T12
C017_F277,0-1,C017,tail40,no,no,T09,T02
C017_F278,1-0,C017,tail40,no,no,T19,T16
C017_F281,5-2,C017,tail40,no,no,T13,T08
C017_F282,1-1,C017,tail40,no,no,T08,T20
C017_F284,3-1,C017,tail40,no,no,T16,T12
C017_F287,0-1,C017,tail40,no,no,T02,T19
C017_F290,0-3,C017,tail40,no,no,T20,T14
C017_F291,2-0,C017,tail40,no,no,T17,T01
C017_F292,2-3,C017,tail40,no,no,T11,T10
C017_F293,0-1,C017,tail40,no,no,T11,T08
C017_F294,3-1,C017,tail40,no,no,T07,T05
C017_F295,1-0,C017,tail40,no,no,T19,T07
C017_F298,3-1,C017,tail40,no,no,T20,T18
C017_F299,2-2,C017,tail40,no,no,T06,T11
C017_F302,2-0,C017,tail40,no,no,T19,T13
C017_F303,2-1,C017,tail40,no,no,T14,T09
C017_F304,3-1,C017,tail40,no,no,T03,T01
C017_F307,0-1,C017,tail40,no,no,T07,T16
C017_F310,6-2,C017,tail40,no,no,T12,T03
C017_F312,2-0,C017,tail40,no,no,T12,T02
C017_F314,4-2,C017,tail40,no,no,T04,T15
C017_F315,2-3,C017,tail40,no,no,T02,T01
C017_F316,0-0,C017,tail40,no,no,T19,T05
C017_F317,1-2,C017,tail40,no,no,T02,T14
C017_F318,0-4,C017,tail40,no,no,T03,T07
C017_F320,1-0,C017,tail40,no,no,T16,T18
C017_F321,1-0,C017,tail40,no,no,T15,T03
C017_F322,1-1,C017,tail40,no,no,T07,T04
C017_F323,0-0,C017,tail40,no,no,T15,T19
C017_F324,0-2,C017,tail40,no,no,T04,T11
C017_F325,0-2,C017,tail40,no,no,T14,T06
C017_F326,1-0,C017,tail40,no,no,T16,T15
C017_F327,2-2,C017,tail40,no,no,T02,T05
C017_F330,4-4,C017,tail40,no,no,T03,T11
C017_F331,0-0,C017,tail40,no,no,T20,T01
C017_F334,1-1,C017,tail40,no,no,T11,T12
C017_F337,1-1,C017,tail40,no,no,T18,T04
C017_F339,2-0,C017,tail40,no,no,T10,T06
C017_F341,1-0,C017,tail40,no,no,T06,T09
C017_F343,3-0,C017,tail40,no,no,T10,T05
C017_F344,0-3,C017,tail40,no,no,T18,T03
C017_F350,2-4,C017,tail40,no,no,T13,T09
C017_F351,3-1,C017,tail40,no,no,T15,T05
C017_F354,4-0,C017,tail40,no,no,T14,T03
C017_F355,1-0,C017,tail40,no,no,T03,T05
C017_F356,2-1,C017,tail40,no,no,T14,T15
C017_F357,1-1,C017,tail40,no,no,T19,T18
C017_F358,4-0,C017,tail40,no,no,T01,T04
C017_F359,3-0,C017,tail40,no,no,T14,T13
C017_F363,4-1,C017,tail40,no,no,T19,T06
C017_F366,1-1,C017,tail40,no,no,T03,T08
C017_F370,1-2,C017,tail40,no,no,T16,T08
C017_F371,0-0,C017,tail40,no,no,T15,T02
C017_F372,1-0,C017,tail40,no,no,T10,T17
C017_F375,3-1,C017,tail40,no,no,T20,T06
C017_F377,0-1,C017,tail40,no,no,T14,T11
C017_F378,2-0,C017,tail40,no,no,T12,T19
C017_F379,2-0,C017,tail40,no,no,T18,T15
C017_F380,0-1,C017,tail40,no,no,T18,T14
C019_F001,2-0,C019,cluster30,yes,no,T07,T16
C019_F004,2-1,C019,cluster30,yes,no,T03,T12
C019_F005,2-0,C019,cluster30,yes,no,T13,T15
C019_F006,1-2,C019,cluster30,yes,no,T16,T13
C019_F012,0-2,C019,cluster30,yes,no,T12,T06
C019_F013,2-0,C019,cluster30,yes,no,T18,T12
C019_F016,3-1,C019,cluster30,yes,no,T04,T03
C019_F018,0-2,C019,cluster30,yes,no,T11,T14
C019_F019,1-1,C019,cluster30,yes,no,T14,T08
C019_F020,4-0,C019,cluster30,yes,no,T04,T12
C019_F021,3-3,C019,cluster30,yes,no,T12,T08
C019_F024,1-2,C019,cluster30,yes,no,T12,T18
C019_F026,3-1,C019,cluster30,yes,no,T18,T16
C019_F027,0-3,C019,cluster30,yes,no,T12,T04
C019_F029,2-2,C019,cluster30,yes,no,T15,T02
C019_F034,1-1,C019,cluster30,yes,no,T03,T16
C019_F035,2-3,C019,cluster30,yes,no,T02,T04
C019_F039,1-0,C019,cluster30,yes,no,T07,T12
C019_F040,2-0,C019,cluster30,yes,no,T15,T07
C019_F044,0-2,C019,cluster30,yes,no,T14,T03
C019_F050,1-1,C019,cluster30,yes,no,T16,T15
C019_F052,1-1,C019,cluster30,yes,no,T05,T12
C019_F055,2-2,C019,cluster30,yes,no,T17,T04
C019_F056,1-3,C019,cluster30,yes,no,T16,T11
C019_F057,1-2,C019,cluster30,yes,no,T16,T07
C019_F058,0-1,C019,cluster30,yes,no,T14,T10
C019_F059,6-0,C019,cluster30,yes,no,T04,T18
C019_F062,2-1,C019,cluster30,yes,no,T04,T13
C019_F064,2-1,C019,cluster30,yes,no,T16,T01
C019_F065,1-0,C019,cluster30,yes,no,T02,T12
C019_F066,1-2,C019,cluster30,yes,no,T16,T05
C019_F068,0-1,C019,cluster30,yes,no,T16,T17
C019_F069,2-0,C019,cluster30,yes,no,T12,T11
C019_F072,3-4,C019,cluster30,yes,no,T16,T08
C019_F075,2-3,C019,cluster30,yes,no,T13,T04
C019_F076,2-1,C019,cluster30,yes,no,T11,T15
C019_F078,2-2,C019,cluster30,yes,no,T16,T06
C019_F080,0-3,C019,cluster30,yes,no,T09,T04
C019_F082,3-3,C019,cluster30,yes,no,T04,T11
C019_F083,1-0,C019,cluster30,yes,no,T16,T10
C019_F084,2-2,C019,cluster30,yes,no,T15,T06
C019_F085,2-1,C019,cluster30,yes,no,T12,T10
C019_F088,1-0,C019,cluster30,yes,no,T13,T16
C019_F092,1-2,C019,cluster30,yes,no,T07,T15
C019_F093,3-3,C019,cluster30,yes,no,T12,T07
C019_F096,0-1,C019,cluster30,yes,no,T01,T16
C019_F098,3-0,C019,cluster30,yes,no,T06,T15
C019_F100,2-2,C019,cluster30,yes,no,T11,T16
C019_F101,0-2,C019,cluster30,yes,no,T12,T13
C019_F102,2-0,C019,cluster30,yes,no,T01,T15
C019_F103,0-0,C019,cluster30,yes,no,T14,T09
C019_F104,3-2,C019,cluster30,yes,no,T14,T02
C019_F105,3-0,C019,cluster30,yes,no,T13,T12
C019_F110,4-1,C019,cluster30,yes,no,T16,T02
C019_F111,3-3,C019,cluster30,yes,no,T10,T16
C019_F113,0-3,C019,cluster30,yes,no,T08,T04
C019_F115,0-1,C019,cluster30,yes,no,T06,T16
C019_F116,1-2,C019,cluster30,yes,no,T10,T14
C019_F125,2-3,C019,cluster30,yes,no,T15,T04
C019_F126,1-4,C019,cluster30,yes,no,T15,T01
C019_F127,1-1,C019,cluster30,yes,no,T01,T12
C019_F128,1-1,C019,cluster30,yes,no,T14,T16
C019_F130,3-1,C019,cluster30,yes,no,T05,T16
C019_F132,6-2,C019,cluster30,yes,no,T04,T02
C019_F134,1-2,C019,cluster30,yes,no,T04,T15
C019_F136,2-1,C019,cluster30,yes,no,T14,T11
C019_F137,4-0,C019,cluster30,yes,no,T09,T15
C019_F138,1-1,C019,cluster30,yes,no,T12,T16
C019_F141,0-6,C019,cluster30,yes,no,T15,T18
C019_F143,0-4,C019,cluster30,yes,no,T11,T04
C019_F145,3-1,C019,cluster30,yes,no,T09,T16
C019_F147,1-3,C019,cluster30,yes,no,T12,T15
C019_F149,0-4,C019,cluster30,yes,no,T12,T05
C019_F150,0-0,C019,cluster30,yes,no,T15,T12
C019_F151,4-1,C019,cluster30,yes,no,T08,T12
C019_F154,8-1,C019,cluster30,yes,no,T04,T10
C019_F155,3-1,C019,cluster30,yes,no,T15,T10
C019_F158,1-2,C019,cluster30,yes,no,T14,T18
C019_F159,0-1,C019,cluster30,yes,no,T14,T07
C019_F160,3-1,C019,cluster30,yes,no,T16,T12
C019_F163,1-1,C019,cluster30,yes,no,T14,T15
C019_F164,5-1,C019,cluster30,yes,no,T04,T06
C019_F166,2-1,C019,cluster30,yes,no,T14,T05
C019_F167,4-2,C019,cluster30,yes,no,T04,T05
C019_F169,4-1,C019,cluster30,yes,no,T06,T14
C019_F170,0-4,C019,cluster30,yes,no,T09,T12
C019_F171,0-3,C019,cluster30,yes,no,T12,T02
C019_F172,1-0,C019,cluster30,yes,no,T06,T12
C019_F174,3-1,C019,cluster30,yes,no,T15,T09
C019_F176,2-1,C019,cluster30,yes,no,T02,T14
C019_F177,2-3,C019,cluster30,yes,no,T10,T15
C019_F179,3-2,C019,cluster30,yes,no,T14,T17
C019_F181,2-2,C019,cluster30,yes,no,T17,T16
C019_F182,3-1,C019,cluster30,yes,no,T12,T14
C019_F184,4-0,C019,cluster30,yes,no,T04,T17
C019_F186,3-2,C019,cluster30,yes,no,T05,T15
C019_F197,0-0,C019,cluster30,yes,no,T17,T14
C019_F199,1-0,C019,cluster30,yes,no,T12,T17
C019_F204,2-1,C019,cluster30,yes,no,T03,T15
C019_F205,1-0,C019,cluster30,yes,no,T15,T11
C019_F211,2-0,C019,cluster30,yes,no,T15,T16
C019_F212,3-2,C019,cluster30,yes,no,T13,T14
C019_F216,3-2,C019,cluster30,yes,no,T04,T08
C019_F217,1-1,C019,cluster30,yes,no,T12,T09
C019_F218,1-1,C019,cluster30,yes,no,T07,T04
C019_F220,4-0,C019,cluster30,yes,no,T14,T01
C019_F221,1-3,C019,cluster30,yes,no,T16,T04
C019_F224,1-1,C019,cluster30,yes,no,T14,T13
C019_F225,4-0,C019,cluster30,yes,no,T17,T15
C019_F227,1-2,C019,cluster30,yes,no,T08,T14
C019_F228,4-0,C019,cluster30,yes,no,T05,T14
C019_F229,1-0,C019,cluster30,yes,no,T12,T03
C019_F230,2-2,C019,cluster30,yes,no,T14,T04
C019_F231,1-2,C019,cluster30,yes,no,T16,T18
C019_F233,2-1,C019,cluster30,yes,no,T18,T15
C019_F235,1-4,C019,cluster30,yes,no,T06,T04
C019_F236,0-1,C019,cluster30,yes,no,T10,T04
C019_F237,1-4,C019,cluster30,yes,no,T17,T12
C019_F239,1-1,C019,cluster30,yes,no,T01,T14
C019_F240,4-1,C019,cluster30,yes,no,T04,T09
C019_F241,0-2,C019,cluster30,yes,no,T12,T01
C019_F242,5-0,C019,cluster30,yes,no,T04,T14
C019_F243,2-5,C019,cluster30,yes,no,T15,T05
C019_F246,4-1,C019,cluster30,yes,no,T16,T14
C019_F247,1-1,C019,cluster30,yes,no,T15,T08
C019_F248,3-4,C019,cluster30,yes,no,T01,T04
C019_F249,0-5,C019,cluster30,yes,no,T03,T04
C019_F250,0-0,C019,cluster30,yes,no,T09,T14
C019_F252,1-1,C019,cluster30,yes,no,T07,T14
C019_F254,0-5,C019,cluster30,yes,no,T05,T04
C019_F257,3-0,C019,cluster30,yes,no,T04,T07
C019_F262,2-2,C019,cluster30,yes,no,T08,T16
C019_F264,1-3,C019,cluster30,yes,no,T02,T15
C019_F266,0-1,C019,cluster30,yes,no,T10,T12
C019_F267,1-1,C019,cluster30,yes,no,T15,T17
C019_F269,2-2,C019,cluster30,yes,no,T11,T12
C019_F273,0-0,C019,cluster30,yes,no,T03,T14
C019_F278,2-2,C019,cluster30,yes,no,T04,T01
C019_F280,5-1,C019,cluster30,yes,no,T04,T16
C019_F282,1-5,C019,cluster30,yes,no,T18,T04
C019_F283,3-2,C019,cluster30,yes,no,T14,T12
C019_F286,1-1,C019,cluster30,yes,no,T16,T03
C019_F289,1-2,C019,cluster30,yes,no,T14,T06
C019_F290,3-3,C019,cluster30,yes,no,T16,T09
C019_F292,2-1,C019,cluster30,yes,no,T18,T14
C019_F295,1-0,C019,cluster30,yes,no,T15,T14
C019_F297,0-1,C019,cluster30,yes,no,T15,T13
C019_F298,2-1,C019,cluster30,yes,no,T15,T03
C019_F300,1-0,C019,cluster30,yes,no,T08,T15
C019_F303,2-1,C019,cluster30,yes,no,T02,T16
C025_F002,0-0,C025,scatter60,no,yes,T10,T21
C025_F003,2-1,C025,scatter60,no,yes,T07,T14
C025_F004,3-1,C025,scatter60,no,yes,T12,T07
C025_F005,1-1,C025,scatter60,no,yes,T18,T08
C025_F006,1-1,C025,scatter60,no,yes,T19,T18
C025_F007,3-0,C025,scatter60,no,yes,T09,T12
C025_F008,2-0,C025,scatter60,no,yes,T20,T10
C025_F012,0-6,C025,scatter60,no,yes,T02,T04
C025_F014,1-2,C025,scatter60,no,yes,T15,T08
C025_F016,1-1,C025,scatter60,no,yes,T06,T20
C025_F017,3-1,C025,scatter60,no,yes,T07,T18
C025_F019,1-1,C025,scatter60,no,yes,T10,T07
C025_F020,2-2,C025,scatter60,no,yes,T04,T09
C025_F022,2-3,C025,scatter60,no,yes,T18,T07
C025_F027,1-2,C025,scatter60,no,yes,T15,T06
C025_F028,1-2,C025,scatter60,no,yes,T08,T07
C025_F029,2-1,C025,scatter60,no,yes,T11,T18
C025_F030,1-0,C025,scatter60,no,yes,T07,T05
C025_F031,3-1,C025,scatter60,no,yes,T14,T09
C025_F032,1-1,C025,scatter60,no,yes,T13,T05
C025_F035,3-0,C025,scatter60,no,yes,T05,T11
C025_F037,2-0,C025,scatter60,no,yes,T07,T03
C025_F038,2-2,C025,scatter60,no,yes,T17,T14
C025_F039,1-1,C025,scatter60,no,yes,T08,T17
C025_F041,3-3,C025,scatter60,no,yes,T06,T10
C025_F042,1-1,C025,scatter60,no,yes,T19,T16
C025_F043,2-1,C025,scatter60,no,yes,T12,T19
C025_F049,0-0,C025,scatter60,no,yes,T06,T03
C025_F051,0-1,C025,scatter60,no,yes,T07,T17
C025_F052,1-1,C025,scatter60,no,yes,T02,T16
C025_F053,3-1,C025,scatter60,no,yes,T01,T15
C025_F054,1-1,C025,scatter60,no,yes,T15,T19
C025_F055,1-3,C025,scatter60,no,yes,T17,T13
C025_F056,2-1,C025,scatter60,no,yes,T14,T18
C025_F058,1-2,C025,scatter60,no,yes,T06,T14
C025_F060,0-1,C025,scatter60,no,yes,T21,T01
C025_F061,1-1,C025,scatter60,no,yes,T21,T03
C025_F062,0-0,C025,scatter60,no,yes,T19,T21
C025_F065,1-1,C025,scatter60,no,yes,T20,T11
C025_F067,1-2,C025,scatter60,no,yes,T12,T18
C025_F068,2-4,C025,scatter60,no,yes,T02,T07
C025_F070,0-1,C025,scatter60,no,yes,T10,T03
C025_F071,1-2,C025,scatter60,no,yes,T03,T01
C025_F072,0-0,C025,scatter60,no,yes,T06,T12
C025_F074,0-0,C025,scatter60,no,yes,T03,T05
C025_F076,0-1,C025,scatter60,no,yes,T16,T06
C025_F078,3-1,C025,scatter60,no,yes,T13,T11
C025_F080,5-3,C025,scatter60,no,yes,T18,T17
C025_F081,0-2,C025,scatter60,no,yes,T07,T19
C025_F082,2-1,C025,scatter60,no,yes,T06,T15
C025_F083,1-2,C025,scatter60,no,yes,T04,T11
C025_F084,2-1,C025,scatter60,no,yes,T15,T13
C025_F086,1-2,C025,scatter60,no,yes,T09,T21
C025_F089,0-1,C025,scatter60,no,yes,T15,T14
C025_F090,0-1,C025,scatter60,no,yes,T06,T05
C025_F091,0-0,C025,scatter60,no,yes,T19,T07
C025_F092,0-1,C025,scatter60,no,yes,T15,T03
C025_F095,3-2,C025,scatter60,no,yes,T18,T03
C025_F096,1-3,C025,scatter60,no,yes,T21,T09
C025_F097,1-0,C025,scatter60,no,yes,T06,T08
C025_F100,1-3,C025,scatter60,no,yes,T18,T05
C025_F102,1-1,C025,scatter60,no,yes,T08,T03
C025_F103,4-3,C025,scatter60,no,yes,T20,T13
C025_F104,1-0,C025,scatter60,no,yes,T10,T18
C025_F105,0-1,C025,scatter60,no,yes,T12,T13
C025_F106,0-2,C025,scatter60,no,yes,T06,T13
C025_F107,1-0,C025,scatter60,no,yes,T16,T09
C025_F108,0-0,C025,scatter60,no,yes,T07,T09
C025_F109,2-3,C025,scatter60,no,yes,T12,T08
C025_F110,4-1,C025,scatter60,no,yes,T21,T15
C025_F111,0-0,C025,scatter60,no,yes,T07,T06
C025_F112,0-1,C025,scatter60,no,yes,T17,T20
C025_F113,0-3,C025,scatter60,no,yes,T18,T09
C025_F116,2-0,C025,scatter60,no,yes,T12,T03
C025_F117,2-3,C025,scatter60,no,yes,T02,T17
C025_F118,4-1,C025,scatter60,no,yes,T11,T19
C025_F121,0-0,C025,scatter60,no,yes,T13,T01
C025_F122,2-0,C025,scatter60,no,yes,T16,T18
C025_F125,3-0,C025,scatter60,no,yes,T19,T14
C025_F126,5-1,C025,scatter60,no,yes,T05,T10
C025_F127,0-3,C025,scatter60,no,yes,T20,T01
C025_F133,1-1,C025,scatter60,no,yes,T05,T16
C025_F135,2-0,C025,scatter60,no,yes,T21,T05
C025_F136,6-0,C025,scatter60,no,yes,T13,T18
C025_F137,2-3,C025,scatter60,no,yes,T17,T01
C025_F138,1-1,C025,scatter60,no,yes,T20,T21
C025_F141,2-0,C025,scatter60,no,yes,T14,T17
C025_F144,2-1,C025,scatter60,no,yes,T19,T02
C025_F145,0-0,C025,scatter60,no,yes,T20,T14
C025_F146,2-1,C025,scatter60,no,yes,T21,T02
C025_F147,0-0,C025,scatter60,no,yes,T06,T17
C025_F149,1-1,C025,scatter60,no,yes,T08,T12
C025_F150,0-0,C025,scatter60,no,yes,T20,T02
C025_F151,2-1,C025,scatter60,no,yes,T12,T09
C025_F152,2-0,C025,scatter60,no,yes,T02,T18
C025_F153,0-1,C025,scatter60,no,yes,T16,T03
C025_F154,1-4,C025,scatter60,no,yes,T15,T07
C025_F155,2-0,C025,scatter60,no,yes,T05,T06
C025_F159,2-1,C025,scatter60,no,yes,T14,T03
C025_F160,3-2,C025,scatter60,no,yes,T19,T17
C025_F164,0-1,C025,scatter60,no,yes,T01,T13
C025_F165,1-3,C025,scatter60,no,yes,T04,T03
C025_F168,2-4,C025,scatter60,no,yes,T08,T09
C025_F170,2-1,C025,scatter60,no,yes,T01,T12
C025_F171,2-2,C025,scatter60,no,yes,T11,T14
C025_F173,0-0,C025,scatter60,no,yes,T07,T02
C025_F174,0-4,C025,scatter60,no,yes,T16,T14
C025_F175,1-3,C025,scatter60,no,yes,T11,T08
C025_F176,1-0,C025,scatter60,no,yes,T07,T11
C025_F177,1-2,C025,scatter60,no,yes,T19,T01
C025_F178,3-0,C025,scatter60,no,yes,T12,T06
C025_F181,1-1,C025,scatter60,no,yes,T21,T07
C025_F185,1-0,C025,scatter60,no,yes,T14,T20
C025_F187,2-0,C025,scatter60,no,yes,T17,T19
C025_F188,1-2,C025,scatter60,no,yes,T16,T08
C025_F189,2-0,C025,scatter60,no,yes,T14,T15
C025_F190,0-0,C025,scatter60,no,yes,T10,T06
C025_F192,0-0,C025,scatter60,no,yes,T08,T19
C025_F193,2-2,C025,scatter60,no,yes,T14,T11
C025_F194,5-1,C025,scatter60,no,yes,T05,T08
C025_F197,2-1,C025,scatter60,no,yes,T09,T17
C025_F198,2-3,C025,scatter60,no,yes,T04,T17
C025_F199,2-2,C025,scatter60,no,yes,T11,T07
C025_F200,1-1,C025,scatter60,no,yes,T01,T02
C025_F201,4-0,C025,scatter60,no,yes,T09,T08
C025_F202,1-2,C025,scatter60,no,yes,T05,T01
C025_F203,2-3,C025,scatter60,no,yes,T20,T17
C025_F204,0-1,C025,scatter60,no,yes,T04,T14
C025_F209,3-2,C025,scatter60,no,yes,T16,T05
C025_F212,2-2,C025,scatter60,no,yes,T03,T18
C025_F216,2-1,C025,scatter60,no,yes,T18,T16
C025_F217,0-0,C025,scatter60,no,yes,T20,T04
C025_F218,2-1,C025,scatter60,no,yes,T05,T13
C025_F219,3-0,C025,scatter60,no,yes,T15,T17
C025_F220,1-1,C025,scatter60,no,yes,T20,T19
C025_F224,0-0,C025,scatter60,no,yes,T13,T02
C025_F225,0-1,C025,scatter60,no,yes,T11,T13
C025_F226,1-4,C025,scatter60,no,yes,T16,T04
C025_F230,0-1,C025,scatter60,no,yes,T06,T21
C025_F231,2-0,C025,scatter60,no,yes,T16,T07
C025_F235,2-0,C025,scatter60,no,yes,T03,T06
C025_F236,3-0,C025,scatter60,no,yes,T09,T07
C025_F238,2-0,C025,scatter60,no,yes,T05,T12
C025_F239,1-4,C025,scatter60,no,yes,T05,T09
C025_F241,0-3,C025,scatter60,no,yes,T01,T11
C025_F242,1-0,C025,scatter60,no,yes,T12,T20
C025_F247,3-1,C025,scatter60,no,yes,T17,T08
C025_F248,1-0,C025,scatter60,no,yes,T21,T17
C025_F249,2-1,C025,scatter60,no,yes,T18,T12
C025_F254,0-1,C025,scatter60,no,yes,T20,T07
C025_F255,0-2,C025,scatter60,no,yes,T21,T13
C025_F257,1-0,C025,scatter60,no,yes,T20,T12
C025_F259,3-1,C025,scatter60,no,yes,T14,T01
C025_F260,2-1,C025,scatter60,no,yes,T18,T19
C025_F261,1-5,C025,scatter60,no,yes,T18,T01
C025_F262,3-1,C025,scatter60,no,yes,T04,T05
C025_F263,1-1,C025,scatter60,no,yes,T19,T12
C025_F264,3-0,C025,scatter60,no,yes,T04,T13
C025_F265,0-3,C025,scatter60,no,yes,T08,T01
C025_F271,2-1,C025,scatter60,no,yes,T01,T05
C025_F272,5-1,C025,scatter60,no,yes,T20,T05
C025_F274,2-1,C025,scatter60,no,yes,T17,T06
C025_F275,0-0,C025,scatter60,no,yes,T16,T11
C025_F278,4-0,C025,scatter60,no,yes,T12,T02
C025_F279,3-1,C025,scatter60,no,yes,T07,T20
C025_F280,1-3,C025,scatter60,no,yes,T03,T07
C025_F281,5-1,C025,scatter60,no,yes,T17,T10
C025_F282,3-1,C025,scatter60,no,yes,T15,T11
C025_F284,3-1,C025,scatter60,no,yes,T21,T11
C025_F285,1-2,C025,scatter60,no,yes,T04,T01
C025_F286,2-2,C025,scatter60,no,yes,T17,T11
C025_F287,1-2,C025,scatter60,no,yes,T08,T20
C025_F292,1-1,C025,scatter60,no,yes,T02,T14
C025_F293,4-1,C025,scatter60,no,yes,T04,T15
C025_F296,1-2,C025,scatter60,no,yes,T18,T10
C025_F299,3-1,C025,scatter60,no,yes,T17,T15
C025_F301,1-1,C025,scatter60,no,yes,T02,T09
C025_F302,0-1,C025,scatter60,no,yes,T04,T21
C025_F303,0-2,C025,scatter60,no,yes,T02,T12
C025_F306,1-1,C025,scatter60,no,yes,T04,T07
C025_F307,2-2,C025,scatter60,no,yes,T08,T02
C025_F308,0-1,C025,scatter60,no,yes,T01,T17
C025_F309,2-2,C025,scatter60,no,yes,T16,T02
C025_F310,3-2,C025,scatter60,no,yes,T10,T11
C025_F311,1-2,C025,scatter60,no,yes,T01,T07
C025_F312,0-0,C025,scatter60,no,yes,T03,T21
C025_F313,2-0,C025,scatter60,no,yes,T02,T03
C025_F314,1-0,C025,scatter60,no,yes,T21,T08
C025_F316,2-1,C025,scatter60,no,yes,T11,T15
C025_F317,4-0,C025,scatter60,no,yes,T17,T18
C025_F320,1-0,C025,scatter60,no,yes,T17,T12
C025_F321,3-1,C025,scatter60,no,yes,T13,T09
C025_F322,1-0,C025,scatter60,no,yes,T13,T15
C025_F324,3-1,C025,scatter60,no,yes,T13,T17
C025_F326,1-2,C025,scatter60,no,yes,T17,T09
C025_F327,1-1,C025,scatter60,no,yes,T02,T11
C025_F330,1-1,C025,scatter60,no,yes,T08,T14
C025_F331,1-1,C025,scatter60,no,yes,T19,T10
C025_F332,0-0,C025,scatter60,no,yes,T07,T08
C025_F333,4-5,C025,scatter60,no,yes,T14,T19
C025_F334,0-1,C025,scatter60,no,yes,T10,T14
C025_F335,3-1,C025,scatter60,no,yes,T09,T03
C025_F336,1-1,C025,scatter60,no,yes,T12,T11
C025_F337,0-2,C025,scatter60,no,yes,T18,T13
C025_F338,1-1,C025,scatter60,no,yes,T13,T03
C025_F339,1-1,C025,scatter60,no,yes,T12,T17
C025_F341,0-0,C025,scatter60,no,yes,T02,T06
C025_F343,2-2,C025,scatter60,no,yes,T08,T05
C025_F344,0-0,C025,scatter60,no,yes,T16,T17
C025_F345,1-0,C025,scatter60,no,yes,T15,T02
C025_F346,1-2,C025,scatter60,no,yes,T06,T01
C025_F350,1-0,C025,scatter60,no,yes,T08,T11
C025_F352,1-2,C025,scatter60,no,yes,T14,T13
C025_F354,1-0,C025,scatter60,no,yes,T11,T02
C025_F355,0-1,C025,scatter60,no,yes,T18,T06
C025_F356,1-1,C025,scatter60,no,yes,T18,T15
C025_F359,1-1,C025,scatter60,no,yes,T06,T07
C025_F363,1-1,C025,scatter60,no,yes,T10,T02
C025_F366,2-1,C025,scatter60,no,yes,T04,T20
C025_F369,1-2,C025,scatter60,no,yes,T01,T18
C025_F370,1-1,C025,scatter60,no,yes,T17,T03
C025_F371,1-1,C025,scatter60,no,yes,T07,T01
C025_F373,3-1,C025,scatter60,no,yes,T01,T21
C025_F375,2-2,C025,scatter60,no,yes,T06,T16
C025_F376,2-3,C025,scatter60,no,yes,T10,T08
C025_F377,0-0,C025,scatter60,no,yes,T02,T20
C025_F378,0-1,C025,scatter60,no,yes,T17,T02
C025_F379,0-1,C025,scatter60,no,yes,T10,T19
C025_F381,1-0,C025,scatter60,no,yes,T11,T12
C025_F382,1-1,C025,scatter60,no,yes,T17,T05
C025_F383,1-0,C025,scatter60,no,yes,T21,T10
C025_F385,0-1,C025,scatter60,no,yes,T03,T04
C025_F386,1-2,C025,scatter60,no,yes,T10,T15
C025_F387,1-1,C025,scatter60,no,yes,T11,T03
C025_F389,1-1,C025,scatter60,no,yes,T18,T11
C025_F390,2-0,C025,scatter60,no,yes,T13,T08
C025_F394,0-0,C025,scatter60,no,yes,T03,T14
C025_F396,1-1,C025,scatter60,no,yes,T11,T17
C025_F398,2-1,C025,scatter60,no,yes,T05,T20
C025_F399,1-0,C025,scatter60,no,yes,T04,T10
C025_F403,0-0,C025,scatter60,no,yes,T07,T21
C025_F405,2-1,C025,scatter60,no,yes,T06,T18
C025_F407,1-2,C025,scatter60,no,yes,T18,T21
C025_F409,4-1,C025,scatter60,no,yes,T20,T09
C025_F410,0-4,C025,scatter60,no,yes,T19,T13
C025_F411,0-1,C025,scatter60,no,yes,T15,T21
C025_F413,1-1,C025,scatter60,no,yes,T12,T21
C025_F416,0-0,C025,scatter60,no,yes,T11,T05
C025_F417,1-2,C025,scatter60,no,yes,T02,T01
C025_F418,0-0,C025,scatter60,no,yes,T03,T15
C025_F419,0-1,C025,scatter60,no,yes,T18,T02
C025_F420,2-0,C025,scatter60,no,yes,T09,T13
C027_F003,1-1,C027,cluster20,no,no,T10,T11
C027_F009,1-1,C027,cluster20,no,no,T10,T03
C027_F010,2-1,C027,cluster20,no,no,T16,T08
C027_F011,1-0,C027,cluster20,no,no,T10,T09
C027_F012,0-3,C027,cluster20,no,no,T03,T17
C027_F017,2-3,C027,cluster20,no,no,T03,T18
C027_F019,1-0,C027,cluster20,no,no,T11,T18
C027_F024,2-1,C027,cluster20,no,no,T18,T10
C027_F025,3-0,C027,cluster20,no,no,T13,T03
C027_F028,0-3,C027,cluster20,no,no,T16,T02
C027_F030,4-0,C027,cluster20,no,no,T16,T07
C027_F032,1-1,C027,cluster20,no,no,T11,T08
C027_F033,0-2,C027,cluster20,no,no,T03,T08
C027_F035,1-3,C027,cluster20,no,no,T10,T05
C027_F037,1-3,C027,cluster20,no,no,T11,T06
C027_F039,2-1,C027,cluster20,no,no,T16,T05
C027_F043,3-2,C027,cluster20,no,no,T15,T03
C027_F044,0-0,C027,cluster20,no,no,T01,T16
C027_F047,1-1,C027,cluster20,no,no,T04,T03
C027_F052,0-0,C027,cluster20,no,no,T08,T16
C027_F054,3-2,C027,cluster20,no,no,T10,T14
C027_F058,0-0,C027,cluster20,no,no,T14,T16
C027_F059,2-0,C027,cluster20,no,no,T11,T09
C027_F061,1-0,C027,cluster20,no,no,T07,T03
C027_F070,1-1,C027,cluster20,no,no,T03,T11
C027_F071,0-2,C027,cluster20,no,no,T11,T16
C027_F075,0-1,C027,cluster20,no,no,T03,T05
C027_F080,0-4,C027,cluster20,no,no,T03,T13
C027_F084,1-0,C027,cluster20,no,no,T16,T18
C027_F090,1-0,C027,cluster20,no,no,T14,T10
C027_F091,1-0,C027,cluster20,no,no,T16,T10
C027_F094,3-0,C027,cluster20,no,no,T15,T10
C027_F098,1-2,C027,cluster20,no,no,T16,T11
C027_F099,0-0,C027,cluster20,no,no,T08,T11
C027_F104,1-0,C027,cluster20,no,no,T04,T10
C027_F105,1-2,C027,cluster20,no,no,T10,T13
C027_F110,1-1,C027,cluster20,no,no,T10,T06
C027_F114,1-0,C027,cluster20,no,no,T11,T15
C027_F115,1-0,C027,cluster20,no,no,T12,T11
C027_F116,0-0,C027,cluster20,no,no,T09,T10
C027_F117,1-1,C027,cluster20,no,no,T11,T17
C027_F118,0-2,C027,cluster20,no,no,T13,T11
C027_F119,2-1,C027,cluster20,no,no,T18,T03
C027_F120,2-2,C027,cluster20,no,no,T10,T07
C027_F123,5-3,C027,cluster20,no,no,T02,T10
C027_F125,1-0,C027,cluster20,no,no,T03,T10
C027_F129,0-2,C027,cluster20,no,no,T17,T11
C027_F132,0-1,C027,cluster20,no,no,T16,T15
C027_F134,1-2,C027,cluster20,no,no,T01,T11
C027_F137,0-3,C027,cluster20,no,no,T03,T09
C027_F138,1-3,C027,cluster20,no,no,T03,T07
C027_F139,2-1,C027,cluster20,no,no,T11,T01
C027_F141,5-0,C027,cluster20,no,no,T15,T11
C027_F146,0-4,C027,cluster20,no,no,T10,T02
C027_F150,1-3,C027,cluster20,no,no,T10,T16
C027_F154,0-1,C027,cluster20,no,no,T16,T14
C027_F159,2-0,C027,cluster20,no,no,T15,T16
C027_F160,2-0,C027,cluster20,no,no,T17,T16
C027_F161,3-0,C027,cluster20,no,no,T13,T10
C027_F162,1-2,C027,cluster20,no,no,T07,T16
C027_F165,0-3,C027,cluster20,no,no,T10,T15
C027_F166,1-0,C027,cluster20,no,no,T09,T03
C027_F170,3-1,C027,cluster20,no,no,T01,T10
C027_F171,1-2,C027,cluster20,no,no,T03,T02
C027_F172,1-3,C027,cluster20,no,no,T03,T16
C027_F173,1-0,C027,cluster20,no,no,T18,T16
C027_F176,1-0,C027,cluster20,no,no,T09,T16
C027_F177,0-1,C027,cluster20,no,no,T11,T05
C027_F178,1-1,C027,cluster20,no,no,T03,T04
C027_F179,3-2,C027,cluster20,no,no,T16,T01
C027_F181,1-2,C027,cluster20,no,no,T18,T11
C027_F185,4-1,C027,cluster20,no,no,T02,T16
C027_F187,0-2,C027,cluster20,no,no,T10,T12
C027_F190,1-0,C027,cluster20,no,no,T16,T17
C027_F196,0-2,C027,cluster20,no,no,T03,T06
C027_F200,1-1,C027,cluster20,no,no,T11,T12
C027_F201,0-0,C027,cluster20,no,no,T11,T10
C027_F202,1-0,C027,cluster20,no,no,T09,T11
C027_F203,3-2,C027,cluster20,no,no,T05,T16
C027_F204,1-1,C027,cluster20,no,no,T07,T11
C027_F207,0-1,C027,cluster20,no,no,T03,T01
C027_F210,4-1,C027,cluster20,no,no,T04,T16
C027_F214,3-1,C027,cluster20,no,no,T03,T12
C027_F217,2-1,C027,cluster20,no,no,T16,T03
C027_F218,1-0,C027,cluster20,no,no,T12,T10
C027_F219,4-0,C027,cluster20,no,no,T06,T03
C027_F221,1-0,C027,cluster20,no,no,T14,T03
C027_F222,3-0,C027,cluster20,no,no,T06,T11
C027_F223,1-1,C027,cluster20,no,no,T11,T04
C027_F224,0-1,C027,cluster20,no,no,T10,T08
C027_F225,2-1,C027,cluster20,no,no,T06,T10
C027_F233,4-1,C027,cluster20,no,no,T06,T16
C027_F234,2-4,C027,cluster20,no,no,T16,T06
C027_F235,0-1,C027,cluster20,no,no,T12,T03
C027_F239,0-0,C027,cluster20,no,no,T10,T18
C027_F240,1-3,C027,cluster20,no,no,T17,T03
C027_F245,0-0,C027,cluster20,no,no,T16,T12
C027_F247,0-0,C027,cluster20,no,no,T14,T11
C027_F249,1-0,C027,cluster20,no,no,T05,T10
C027_F256,1-2,C027,cluster20,no,no,T10,T04
C027_F257,2-2,C027,cluster20,no,no,T12,T16
C027_F259,1-2,C027,cluster20,no,no,T16,T13
C027_F261,3-1,C027,cluster20,no,no,T01,T03
C027_F264,0-0,C027,cluster20,no,no,T05,T03
C027_F265,1-4,C027,cluster20,no,no,T11,T07
C027_F269,2-3,C027,cluster20,no,no,T11,T13
C027_F270,1-0,C027,cluster20,no,no,T04,T11
C027_F272,1-0,C027,cluster20,no,no,T16,T09
C027_F275,2-1,C027,cluster20,no,no,T10,T01
C027_F279,3-1,C027,cluster20,no,no,T11,T14
C027_F280,2-0,C027,cluster20,no,no,T11,T03
C027_F281,2-1,C027,cluster20,no,no,T07,T10
C027_F283,0-2,C027,cluster20,no,no,T03,T15
C027_F287,2-1,C027,cluster20,no,no,T05,T11
C027_F288,1-2,C027,cluster20,no,no,T11,T02
C027_F289,2-1,C027,cluster20,no,no,T13,T16
C027_F291,2-1,C027,cluster20,no,no,T03,T14
C027_F293,0-1,C027,cluster20,no,no,T16,T04
C027_F295,3-0,C027,cluster20,no,no,T02,T03
C027_F296,0-1,C027,cluster20,no,no,T08,T10
C027_F297,3-1,C027,cluster20,no,no,T10,T17
C027_F299,0-1,C027,cluster20,no,no,T02,T11
C027_F301,3-0,C027,cluster20,no,no,T17,T10
C027_F303,1-2,C027,cluster20,no,no,T08,T03
C029_F003,3-0,C029,scatter40,no,no,T02,T17
C029_F007,0-0,C029,scatter40,no,no,T05,T02
C029_F016,1-2,C029,scatter40,no,no,T20,T08
C029_F017,0-0,C029,scatter40,no,no,T07,T10
C029_F019,2-1,C029,scatter40,no,no,T12,T07
C029_F022,0-1,C029,scatter40,no,no,T15,T22
C029_F024,3-1,C029,scatter40,no,no,T01,T02
C029_F025,1-2,C029,scatter40,no,no,T09,T05
C029_F026,2-0,C029,scatter40,no,no,T14,T06
C029_F029,1-1,C029,scatter40,no,no,T22,T07
C029_F035,3-1,C029,scatter40,no,no,T01,T20
C029_F036,0-0,C029,scatter40,no,no,T22,T05
C029_F039,2-4,C029,scatter40,no,no,T03,T14
C029_F042,0-2,C029,scatter40,no,no,T01,T23
C029_F044,1-2,C029,scatter40,no,no,T20,T16
C029_F046,0-1,C029,scatter40,no,no,T08,T24
C029_F049,0-0,C029,scatter40,no,no,T02,T05
C029_F050,3-1,C029,scatter40,no,no,T16,T17
C029_F058,3-0,C029,scatter40,no,no,T03,T19
C029_F060,2-1,C029,scatter40,no,no,T13,T02
C029_F064,6-2,C029,scatter40,no,no,T23,T21
C029_F067,2-2,C029,scatter40,no,no,T13,T22
C029_F073,1-1,C029,scatter40,no,no,T07,T14
C029_F078,0-2,C029,scatter40,no,no,T15,T14
C029_F080,4-3,C029,scatter40,no,no,T10,T22
C029_F081,1-1,C029,scatter40,no,no,T17,T10
C029_F084,1-3,C029,scatter40,no,no,T22,T12
C029_F088,2-0,C029,scatter40,no,no,T22,T01
C029_F089,2-3,C029,scatter40,no,no,T08,T09
C029_F090,2-2,C029,scatter40,no,no,T10,T04
C029_F093,8-1,C029,scatter40,no,no,T21,T09
C029_F094,1-1,C029,scatter40,no,no,T14,T16
C029_F095,1-0,C029,scatter40,no,no,T10,T07
C029_F096,0-1,C029,scatter40,no,no,T16,T02
C029_F097,1-1,C029,scatter40,no,no,T21,T20
C029_F099,3-0,C029,scatter40,no,no,T05,T24
C029_F100,1-2,C029,scatter40,no,no,T19,T22
C029_F102,2-0,C029,scatter40,no,no,T05,T19
C029_F104,0-0,C029,scatter40,no,no,T17,T03
C029_F105,0-2,C029,scatter40,no,no,T03,T16
C029_F106,1-0,C029,scatter40,no,no,T21,T18
C029_F112,4-1,C029,scatter40,no,no,T10,T13
C029_F113,4-1,C029,scatter40,no,no,T11,T23
C029_F116,0-0,C029,scatter40,no,no,T11,T03
C029_F117,3-1,C029,scatter40,no,no,T22,T19
C029_F122,0-0,C029,scatter40,no,no,T17,T13
C029_F123,1-0,C029,scatter40,no,no,T16,T24
C029_F125,0-1,C029,scatter40,no,no,T20,T17
C029_F129,0-5,C029,scatter40,no,no,T01,T08
C029_F130,0-2,C029,scatter40,no,no,T09,T18
C029_F131,0-0,C029,scatter40,no,no,T23,T11
C029_F132,4-0,C029,scatter40,no,no,T18,T02
C029_F134,1-0,C029,scatter40,no,no,T02,T21
C029_F136,0-1,C029,scatter40,no,no,T22,T21
C029_F137,1-2,C029,scatter40,no,no,T09,T13
C029_F138,2-1,C029,scatter40,no,no,T04,T12
C029_F139,0-1,C029,scatter40,no,no,T15,T13
C029_F143,1-2,C029,scatter40,no,no,T02,T11
C029_F144,3-3,C029,scatter40,no,no,T17,T21
C029_F145,3-0,C029,scatter40,no,no,T06,T15
C029_F146,2-2,C029,scatter40,no,no,T17,T04
C029_F148,1-3,C029,scatter40,no,no,T24,T16
C029_F149,1-1,C029,scatter40,no,no,T04,T23
C029_F154,4-0,C029,scatter40,no,no,T06,T02
C029_F155,2-0,C029,scatter40,no,no,T23,T19
C029_F156,0-0,C029,scatter40,no,no,T12,T14
C029_F157,1-1,C029,scatter40,no,no,T24,T18
C029_F162,1-1,C029,scatter40,no,no,T22,T13
C029_F163,1-2,C029,scatter40,no,no,T03,T04
C029_F165,1-2,C029,scatter40,no,no,T14,T18
C029_F166,1-1,C029,scatter40,no,no,T05,T07
C029_F171,0-1,C029,scatter40,no,no,T02,T14
C029_F173,0-0,C029,scatter40,no,no,T01,T06
C029_F174,1-0,C029,scatter40,no,no,T05,T23
C029_F175,1-1,C029,scatter40,no,no,T03,T21
C029_F176,1-2,C029,scatter40,no,no,T23,T10
C029_F177,3-1,C029,scatter40,no,no,T21,T04
C029_F182,0-2,C029,scatter40,no,no,T11,T19
C029_F183,1-2,C029,scatter40,no,no,T24,T20
C029_F184,2-2,C029,scatter40,no,no,T14,T23
C029_F190,1-1,C029,scatter40,no,no,T22,T04
C029_F192,0-0,C029,scatter40,no,no,T14,T02
C029_F193,3-1,C029,scatter40,no,no,T08,T21
C029_F195,0-3,C029,scatter40,no,no,T22,T08
C029_F197,2-2,C029,scatter40,no,no,T13,T04
C029_F199,1-1,C029,scatter40,no,no,T19,T03
C029_F200,1-2,C029,scatter40,no,no,T04,T20
C029_F202,1-1,C029,scatter40,no,no,T24,T10
C029_F205,3-4,C029,scatter40,no,no,T07,T08
C029_F207,2-1,C029,scatter40,no,no,T12,T18
C029_F208,1-1,C029,scatter40,no,no,T12,T10
C029_F211,4-0,C029,scatter40,no,no,T22,T02
C029_F216,3-0,C029,scatter40,no,no,T21,T13
C029_F217,2-1,C029,scatter40,no,no,T20,T19
C029_F218,3-4,C029,scatter40,no,no,T17,T01
C029_F223,1-1,C029,scatter40,no,no,T15,T01
C029_F224,4-2,C029,scatter40,no,no,T13,T11
C029_F225,1-2,C029,scatter40,no,no,T13,T10
C029_F226,2-1,C029,scatter40,no,no,T15,T03
C029_F227,2-1,C029,scatter40,no,no,T20,T14
C029_F229,3-3,C029,scatter40,no,no,T21,T07
C029_F231,1-0,C029,scatter40,no,no,T24,T04
C029_F232,1-5,C029,scatter40,no,no,T17,T05
C029_F234,0-5,C029,scatter40,no,no,T17,T24
C029_F244,0-0,C029,scatter40,no,no,T14,T11
C029_F247,0-1,C029,scatter40,no,no,T11,T13
C029_F250,1-1,C029,scatter40,no,no,T12,T05
C029_F252,1-1,C029,scatter40,no,no,T16,T18
C029_F257,3-2,C029,scatter40,no,no,T03,T12
C029_F260,0-1,C029,scatter40,no,no,T15,T19
C029_F267,0-1,C029,scatter40,no,no,T21,T16
C029_F276,2-1,C029,scatter40,no,no,T18,T07
C029_F278,0-1,C029,scatter40,no,no,T24,T09
C029_F279,0-1,C029,scatter40,no,no,T09,T22
C029_F282,1-2,C029,scatter40,no,no,T09,T06
C029_F283,1-0,C029,scatter40,no,no,T08,T18
C029_F284,2-0,C029,scatter40,no,no,T07,T17
C029_F287,1-2,C029,scatter40,no,no,T18,T09
C029_F288,2-0,C029,scatter40,no,no,T01,T12
C029_F289,1-1,C029,scatter40,no,no,T05,T12
C029_F292,0-1,C029,scatter40,no,no,T20,T05
C029_F298,2-0,C029,scatter40,no,no,T03,T09
C029_F303,3-1,C029,scatter40,no,no,T05,T14
C029_F304,0-3,C029,scatter40,no,no,T09,T02
C029_F306,1-0,C029,scatter40,no,no,T03,T10
C029_F307,0-2,C029,scatter40,no,no,T10,T12
C029_F313,2-0,C029,scatter40,no,no,T23,T17
C029_F314,0-2,C029,scatter40,no,no,T02,T20
C029_F315,2-2,C029,scatter40,no,no,T17,T16
C029_F320,3-0,C029,scatter40,no,no,T06,T01
C029_F322,2-0,C029,scatter40,no,no,T13,T21
C029_F324,2-1,C029,scatter40,no,no,T22,T11
C029_F327,2-0,C029,scatter40,no,no,T10,T24
C029_F328,2-3,C029,scatter40,no,no,T23,T03
C029_F331,2-3,C029,scatter40,no,no,T06,T14
C029_F333,1-0,C029,scatter40,no,no,T19,T13
C029_F336,1-0,C029,scatter40,no,no,T04,T11
C029_F339,0-3,C029,scatter40,no,no,T12,T13
C029_F343,0-2,C029,scatter40,no,no,T01,T10
C029_F344,0-0,C029,scatter40,no,no,T07,T13
C029_F345,1-0,C029,scatter40,no,no,T24,T22
C029_F348,0-0,C029,scatter40,no,no,T04,T13
C029_F351,1-0,C029,scatter40,no,no,T19,T05
C029_F352,2-1,C029,scatter40,no,no,T21,T12
C029_F353,2-1,C029,scatter40,no,no,T14,T01
C029_F355,1-1,C029,scatter40,no,no,T17,T19
C029_F358,1-1,C029,scatter40,no,no,T03,T23
C029_F360,1-0,C029,scatter40,no,no,T19,T02
C029_F366,2-3,C029,scatter40,no,no,T10,T08
C029_F367,1-1,C029,scatter40,no,no,T14,T15
C029_F371,5-0,C029,scatter40,no,no,T12,T17
C029_F376,2-0,C029,scatter40,no,no,T24,T06
C029_F377,1-2,C029,scatter40,no,no,T11,T04
C029_F379,3-0,C029,scatter40,no,no,T22,T03
C029_F382,1-2,C029,scatter40,no,no,T11,T12
C029_F383,5-2,C029,scatter40,no,no,T10,T06
C029_F386,1-2,C029,scatter40,no,no,T19,T01
C029_F389,0-0,C029,scatter40,no,no,T02,T03
C029_F390,1-3,C029,scatter40,no,no,T08,T13
C029_F394,1-0,C029,scatter40,no,no,T14,T10
C029_F399,1-0,C029,scatter40,no,no,T22,T16
C029_F400,2-1,C029,scatter40,no,no,T24,T01
C029_F405,4-0,C029,scatter40,no,no,T18,T19
C029_F406,0-0,C029,scatter40,no,no,T22,T10
C029_F407,0-2,C029,scatter40,no,no,T19,T24
C029_F409,0-2,C029,scatter40,no,no,T15,T17
C029_F410,2-1,C029,scatter40,no,no,T17,T11
C029_F411,1-3,C029,scatter40,no,no,T05,T21
C029_F413,0-0,C029,scatter40,no,no,T24,T05
C029_F415,1-0,C029,scatter40,no,no,T01,T24
C029_F420,1-4,C029,scatter40,no,no,T17,T15
C029_F421,2-3,C029,scatter40,no,no,T23,T22
C029_F423,2-2,C029,scatter40,no,no,T18,T05
C029_F427,1-2,C029,scatter40,no,no,T24,T17
C029_F429,1-1,C029,scatter40,no,no,T18,T23
C029_F430,0-1,C029,scatter40,no,no,T09,T15
C029_F431,1-1,C029,scatter40,no,no,T17,T07
C029_F439,4-0,C029,scatter40,no,no,T09,T19
C029_F442,2-1,C029,scatter40,no,no,T23,T20
C029_F449,2-1,C029,scatter40,no,no,T05,T17
C029_F452,2-4,C029,scatter40,no,no,T15,T05
C029_F453,3-1,C029,scatter40,no,no,T05,T06
C029_F454,1-3,C029,scatter40,no,no,T04,T08
C029_F456,3-2,C029,scatter40,no,no,T04,T21
C029_F461,1-1,C029,scatter40,no,no,T23,T13
C029_F463,1-0,C029,scatter40,no,no,T09,T23
C029_F466,0-0,C029,scatter40,no,no,T18,T04
C029_F467,2-4,C029,scatter40,no,no,T05,T15
C029_F469,0-1,C029,scatter40,no,no,T07,T04
C029_F473,1-4,C029,scatter40,no,no,T12,T08
C029_F475,0-3,C029,scatter40,no,no,T01,T04
C029_F476,1-0,C029,scatter40,no,no,T18,T01
C029_F477,2-1,C029,scatter40,no,no,T12,T03
C029_F482,0-0,C029,scatter40,no,no,T07,T06
C029_F489,1-1,C029,scatter40,no,no,T18,T17
C029_F496,4-0,C029,scatter40,no,no,T10,T02
C029_F497,1-2,C029,scatter40,no,no,T24,T07
C029_F498,1-1,C029,scatter40,no,no,T21,T05
C029_F504,0-0,C029,scatter40,no,no,T02,T13
C029_F508,1-1,C029,scatter40,no,no,T24,T02
C029_F509,3-1,C029,scatter40,no,no,T03,T18
C029_F511,1-2,C029,scatter40,no,no,T08,T07
C029_F512,2-3,C029,scatter40,no,no,T18,T10
C029_F514,2-1,C029,scatter40,no,no,T10,T15
C029_F518,1-1,C029,scatter40,no,no,T15,T10
C029_F519,1-0,C029,scatter40,no,no,T11,T15
C029_F524,2-1,C029,scatter40,no,no,T20,T11
C029_F531,0-0,C029,scatter40,no,no,T12,T16
C029_F532,1-3,C029,scatter40,no,no,T13,T07
C029_F535,1-0,C029,scatter40,no,no,T04,T17
C029_F536,0-2,C029,scatter40,no,no,T20,T02
C029_F538,1-2,C029,scatter40,no,no,T10,T20
C029_F539,0-3,C029,scatter40,no,no,T02,T08
C029_F540,2-2,C029,scatter40,no,no,T02,T04
C029_F541,3-0,C029,scatter40,no,no,T22,T20
C029_F542,1-5,C029,scatter40,no,no,T01,T22
C029_F543,6-4,C029,scatter40,no,no,T14,T09
C029_F547,1-1,C029,scatter40,no,no,T21,T01
C029_F548,2-1,C029,scatter40,no,no,T07,T21
C029_F550,1-1,C029,scatter40,no,no,T07,T11
C029_F552,0-1,C029,scatter40,no,no,T14,T12
C030_F002,1-1,C030,scatter60,no,no,T03,T11
C030_F003,2-1,C030,scatter60,no,no,T09,T08
C030_F004,1-1,C030,scatter60,no,no,T06,T15
C030_F005,3-2,C030,scatter60,no,no,T02,T01
C030_F009,0-0,C030,scatter60,no,no,T17,T09
C030_F013,1-1,C030,scatter60,no,no,T09,T14
C030_F014,5-3,C030,scatter60,no,no,T11,T09
C030_F016,1-0,C030,scatter60,no,no,T11,T15
C030_F018,2-2,C030,scatter60,no,no,T07,T17
C030_F019,1-1,C030,scatter60,no,no,T05,T09
C030_F020,0-0,C030,scatter60,no,no,T05,T08
C030_F021,1-1,C030,scatter60,no,no,T16,T02
C030_F023,0-2,C030,scatter60,no,no,T02,T04
C030_F024,2-2,C030,scatter60,no,no,T12,T11
C030_F025,1-1,C030,scatter60,no,no,T04,T08
C030_F026,4-1,C030,scatter60,no,no,T14,T03
C030_F027,1-2,C030,scatter60,no,no,T04,T15
C030_F029,3-5,C030,scatter60,no,no,T04,T18
C030_F030,1-3,C030,scatter60,no,no,T12,T17
C030_F031,1-1,C030,scatter60,no,no,T02,T11
C030_F033,4-1,C030,scatter60,no,no,T04,T03
C030_F034,1-1,C030,scatter60,no,no,T03,T17
C030_F035,1-1,C030,scatter60,no,no,T11,T14
C030_F036,0-0,C030,scatter60,no,no,T07,T02
C030_F038,1-2,C030,scatter60,no,no,T08,T07
C030_F039,3-0,C030,scatter60,no,no,T08,T11
C030_F040,1-3,C030,scatter60,no,no,T12,T09
C030_F041,1-1,C030,scatter60,no,no,T07,T13
C030_F042,4-2,C030,scatter60,no,no,T01,T07
C030_F043,1-0,C030,scatter60,no,no,T18,T10
C030_F046,1-1,C030,scatter60,no,no,T17,T10
C030_F051,0-2,C030,scatter60,no,no,T12,T01
C030_F052,0-5,C030,scatter60,no,no,T08,T09
C030_F053,1-3,C030,scatter60,no,no,T14,T18
C030_F054,6-0,C030,scatter60,no,no,T18,T05
C030_F056,1-1,C030,scatter60,no,no,T09,T15
C030_F061,1-3,C030,scatter60,no,no,T01,T03
C030_F062,3-0,C030,scatter60,no,no,T02,T07
C030_F063,0-1,C030,scatter60,no,no,T07,T06
C030_F064,2-1,C030,scatter60,no,no,T09,T13
C030_F065,4-2,C030,scatter60,no,no,T02,T13
C030_F066,4-2,C030,scatter60,no,no,T16,T15
C030_F067,0-1,C030,scatter60,no,no,T03,T16
C030_F068,4-4,C030,scatter60,no,no,T18,T07
C030_F069,0-1,C030,scatter60,no,no,T12,T03
C030_F070,2-2,C030,scatter60,no,no,T01,T14
C030_F072,0-3,C030,scatter60,no,no,T08,T16
C030_F073,1-1,C030,scatter60,no,no,T07,T14
C030_F074,0-1,C030,scatter60,no,no,T07,T08
C030_F075,3-0,C030,scatter60,no,no,T02,T03
C030_F077,2-1,C030,scatter60,no,no,T16,T06
C030_F078,1-0,C030,scatter60,no,no,T01,T06
C030_F079,1-1,C030,scatter60,no,no,T15,T13
C030_F080,1-0,C030,scatter60,no,no,T03,T13
C030_F081,2-0,C030,scatter60,no,no,T03,T05
C030_F083,1-2,C030,scatter60,no,no,T13,T06
C030_F084,0-0,C030,scatter60,no,no,T06,T12
C030_F085,1-2,C030,scatter60,no,no,T15,T02
C030_F090,4-0,C030,scatter60,no,no,T04,T16
C030_F091,0-0,C030,scatter60,no,no,T06,T14
C030_F094,0-0,C030,scatter60,no,no,T07,T11
C030_F096,0-5,C030,scatter60,no,no,T05,T10
C030_F098,1-2,C030,scatter60,no,no,T02,T09
C030_F100,3-0,C030,scatter60,no,no,T06,T01
C030_F101,3-5,C030,scatter60,no,no,T04,T09
C030_F102,2-2,C030,scatter60,no,no,T09,T06
C030_F104,3-1,C030,scatter60,no,no,T06,T17
C030_F106,2-0,C030,scatter60,no,no,T09,T18
C030_F107,1-1,C030,scatter60,no,no,T10,T05
C030_F108,0-0,C030,scatter60,no,no,T09,T16
C030_F109,0-0,C030,scatter60,no,no,T03,T12
C030_F110,1-1,C030,scatter60,no,no,T14,T02
C030_F111,2-1,C030,scatter60,no,no,T01,T10
C030_F116,0-4,C030,scatter60,no,no,T12,T16
C030_F120,2-2,C030,scatter60,no,no,T16,T01
C030_F121,1-2,C030,scatter60,no,no,T16,T18
C030_F125,3-1,C030,scatter60,no,no,T10,T03
C030_F127,1-3,C030,scatter60,no,no,T11,T04
C030_F129,4-4,C030,scatter60,no,no,T18,T16
C030_F133,3-1,C030,scatter60,no,no,T18,T02
C030_F134,3-1,C030,scatter60,no,no,T14,T15
C030_F137,0-0,C030,scatter60,no,no,T07,T01
C030_F140,0-1,C030,scatter60,no,no,T13,T03
C030_F141,1-0,C030,scatter60,no,no,T01,T11
C030_F143,3-2,C030,scatter60,no,no,T03,T14
C030_F144,2-1,C030,scatter60,no,no,T13,T01
C030_F146,0-1,C030,scatter60,no,no,T02,T15
C030_F147,4-1,C030,scatter60,no,no,T03,T07
C030_F148,6-2,C030,scatter60,no,no,T18,T15
C030_F150,1-2,C030,scatter60,no,no,T11,T03
C030_F156,4-1,C030,scatter60,no,no,T17,T15
C030_F157,3-0,C030,scatter60,no,no,T04,T07
C030_F158,2-1,C030,scatter60,no,no,T05,T15
C030_F159,1-2,C030,scatter60,no,no,T11,T02
C030_F160,0-1,C030,scatter60,no,no,T10,T04
C030_F161,4-3,C030,scatter60,no,no,T03,T09
C030_F162,0-4,C030,scatter60,no,no,T03,T08
C030_F163,2-3,C030,scatter60,no,no,T11,T05
C030_F164,3-2,C030,scatter60,no,no,T06,T16
C030_F166,2-2,C030,scatter60,no,no,T08,T14
C030_F167,0-2,C030,scatter60,no,no,T10,T06
C030_F168,1-0,C030,scatter60,no,no,T13,T17
C030_F169,2-1,C030,scatter60,no,no,T10,T18
C030_F170,2-1,C030,scatter60,no,no,T11,T17
C030_F172,2-1,C030,scatter60,no,no,T17,T03
C030_F173,2-2,C030,scatter60,no,no,T14,T12
C030_F175,1-0,C030,scatter60,no,no,T10,T11
C030_F177,3-1,C030,scatter60,no,no,T18,T13
C030_F178,2-0,C030,scatter60,no,no,T16,T09
C030_F179,1-1,C030,scatter60,no,no,T13,T16
C030_F181,2-1,C030,scatter60,no,no,T05,T03
C030_F182,0-4,C030,scatter60,no,no,T05,T04
C030_F183,1-2,C030,scatter60,no,no,T01,T18
C030_F184,2-1,C030,scatter60,no,no,T16,T07
C030_F185,1-0,C030,scatter60,no,no,T12,T07
C030_F186,1-2,C030,scatter60,no,no,T12,T10
C030_F187,1-0,C030,scatter60,no,no,T09,T07
C030_F188,1-0,C030,scatter60,no,no,T15,T10
C030_F189,1-2,C030,scatter60,no,no,T15,T08
C030_F192,4-1,C030,scatter60,no,no,T18,T08
C030_F195,2-3,C030,scatter60,no,no,T12,T14
C030_F196,0-0,C030,scatter60,no,no,T08,T01
C030_F197,2-3,C030,scatter60,no,no,T08,T15
C030_F198,3-2,C030,scatter60,no,no,T15,T16
C030_F200,1-1,C030,scatter60,no,no,T05,T14
C030_F201,1-1,C030,scatter60,no,no,T07,T16
C030_F207,3-4,C030,scatter60,no,no,T17,T11
C030_F208,2-2,C030,scatter60,no,no,T18,T11
C030_F210,1-2,C030,scatter60,no,no,T13,T04
C030_F212,1-2,C030,scatter60,no,no,T13,T14
C030_F213,3-0,C030,scatter60,no,no,T08,T12
C030_F214,3-2,C030,scatter60,no,no,T01,T05
C030_F215,2-2,C030,scatter60,no,no,T02,T16
C030_F218,2-3,C030,scatter60,no,no,T04,T01
C030_F221,3-0,C030,scatter60,no,no,T15,T12
C030_F225,1-0,C030,scatter60,no,no,T14,T10
C030_F226,1-1,C030,scatter60,no,no,T13,T05
C030_F227,3-3,C030,scatter60,no,no,T07,T12
C030_F229,0-2,C030,scatter60,no,no,T06,T04
C030_F233,1-0,C030,scatter60,no,no,T02,T17
C030_F235,3-5,C030,scatter60,no,no,T03,T04
C030_F236,1-2,C030,scatter60,no,no,T15,T11
C030_F237,2-0,C030,scatter60,no,no,T14,T04
C030_F240,1-2,C030,scatter60,no,no,T12,T08
C030_F241,1-0,C030,scatter60,no,no,T05,T12
C030_F244,2-2,C030,scatter60,no,no,T05,T18
C030_F247,4-0,C030,scatter60,no,no,T06,T03
C030_F248,2-4,C030,scatter60,no,no,T12,T13
C030_F249,1-1,C030,scatter60,no,no,T13,T12
C030_F251,1-1,C030,scatter60,no,no,T15,T09
C030_F254,0-2,C030,scatter60,no,no,T01,T04
C030_F255,1-1,C030,scatter60,no,no,T09,T03
C030_F256,0-0,C030,scatter60,no,no,T08,T03
C030_F257,3-2,C030,scatter60,no,no,T10,T01
C030_F259,0-1,C030,scatter60,no,no,T18,T03
C030_F260,4-1,C030,scatter60,no,no,T05,T16
C030_F261,0-2,C030,scatter60,no,no,T16,T12
C030_F262,2-0,C030,scatter60,no,no,T15,T05
C030_F263,2-0,C030,scatter60,no,no,T17,T13
C030_F265,0-3,C030,scatter60,no,no,T06,T11
C030_F267,4-0,C030,scatter60,no,no,T14,T05
C030_F268,3-4,C030,scatter60,no,no,T12,T02
C030_F269,0-3,C030,scatter60,no,no,T06,T10
C030_F273,0-0,C030,scatter60,no,no,T01,T08
C030_F275,3-2,C030,scatter60,no,no,T18,T04
C030_F276,1-2,C030,scatter60,no,no,T16,T11
C030_F277,2-1,C030,scatter60,no,no,T02,T14
C030_F279,1-3,C030,scatter60,no,no,T10,T08
C030_F280,2-0,C030,scatter60,no,no,T14,T06
C030_F282,3-1,C030,scatter60,no,no,T04,T06
C030_F283,4-1,C030,scatter60,no,no,T02,T12
C030_F284,0-1,C030,scatter60,no,no,T10,T02
C030_F285,2-1,C030,scatter60,no,no,T09,T01
C030_F286,4-0,C030,scatter60,no,no,T18,T12
C030_F289,1-3,C030,scatter60,no,no,T17,T02
C030_F290,2-2,C030,scatter60,no,no,T05,T11
C030_F291,2-1,C030,scatter60,no,no,T10,T16
C030_F293,0-1,C030,scatter60,no,no,T07,T15
C030_F294,2-0,C030,scatter60,no,no,T12,T18
C030_F298,3-1,C030,scatter60,no,no,T15,T07
C030_F299,3-2,C030,scatter60,no,no,T12,T15
C030_F303,1-2,C030,scatter60,no,no,T13,T09
C030_F304,0-2,C030,scatter60,no,no,T16,T14
C030_F305,2-0,C030,scatter60,no,no,T03,T15
C032_F001,3-0,C032,scatter40,no,no,T14,T05
C032_F003,0-3,C032,scatter40,no,no,T07,T14
C032_F007,0-1,C032,scatter40,no,no,T10,T16
C032_F011,2-1,C032,scatter40,no,no,T01,T16
C032_F013,3-0,C032,scatter40,no,no,T04,T02
C032_F016,0-0,C032,scatter40,no,no,T05,T17
C032_F019,3-1,C032,scatter40,no,no,T13,T01
C032_F025,3-1,C032,scatter40,no,no,T13,T16
C032_F027,0-1,C032,scatter40,no,no,T04,T11
C032_F028,1-1,C032,scatter40,no,no,T12,T11
C032_F032,2-1,C032,scatter40,no,no,T02,T12
C032_F044,1-0,C032,scatter40,no,no,T11,T14
C032_F049,1-1,C032,scatter40,no,no,T18,T14
C032_F055,2-0,C032,scatter40,no,no,T15,T04
C032_F058,1-0,C032,scatter40,no,no,T07,T13
C032_F059,0-1,C032,scatter40,no,no,T12,T09
C032_F060,4-0,C032,scatter40,no,no,T03,T09
C032_F069,0-4,C032,scatter40,no,no,T08,T02
C032_F072,1-2,C032,scatter40,no,no,T18,T01
C032_F075,0-0,C032,scatter40,no,no,T18,T05
C032_F076,3-0,C032,scatter40,no,no,T15,T18
C032_F077,1-2,C032,scatter40,no,no,T10,T01
C032_F078,1-1,C032,scatter40,no,no,T17,T18
C032_F083,2-1,C032,scatter40,no,no,T10,T02
C032_F084,0-0,C032,scatter40,no,no,T06,T04
C032_F085,1-1,C032,scatter40,no,no,T06,T15
C032_F086,0-4,C032,scatter40,no,no,T13,T06
C032_F091,0-0,C032,scatter40,no,no,T05,T06
C032_F093,2-2,C032,scatter40,no,no,T16,T13
C032_F094,3-0,C032,scatter40,no,no,T12,T18
C032_F097,2-0,C032,scatter40,no,no,T06,T12
C032_F098,2-2,C032,scatter40,no,no,T06,T14
C032_F099,1-1,C032,scatter40,no,no,T09,T06
C032_F100,3-0,C032,scatter40,no,no,T11,T17
C032_F101,1-2,C032,scatter40,no,no,T07,T10
C032_F103,0-0,C032,scatter40,no,no,T12,T03
C032_F104,2-0,C032,scatter40,no,no,T10,T05
C032_F106,0-1,C032,scatter40,no,no,T08,T05
C032_F108,2-3,C032,scatter40,no,no,T16,T09
C032_F109,0-0,C032,scatter40,no,no,T04,T08
C032_F110,1-1,C032,scatter40,no,no,T14,T15
C032_F112,3-0,C032,scatter40,no,no,T14,T02
C032_F113,2-3,C032,scatter40,no,no,T10,T06
C032_F117,0-0,C032,scatter40,no,no,T18,T15
C032_F118,1-1,C032,scatter40,no,no,T11,T02
C032_F119,3-1,C032,scatter40,no,no,T18,T04
C032_F121,3-2,C032,scatter40,no,no,T02,T15
C032_F124,2-5,C032,scatter40,no,no,T05,T09
C032_F125,1-1,C032,scatter40,no,no,T15,T16
C032_F129,3-0,C032,scatter40,no,no,T03,T02
C032_F130,1-5,C032,scatter40,no,no,T18,T17
C032_F132,2-2,C032,scatter40,no,no,T08,T11
C032_F133,3-0,C032,scatter40,no,no,T05,T07
C032_F134,0-0,C032,scatter40,no,no,T07,T18
C032_F135,1-0,C032,scatter40,no,no,T13,T18
C032_F136,1-0,C032,scatter40,no,no,T05,T03
C032_F137,1-0,C032,scatter40,no,no,T11,T01
C032_F147,2-1,C032,scatter40,no,no,T14,T09
C032_F148,1-0,C032,scatter40,no,no,T16,T08
C032_F149,2-1,C032,scatter40,no,no,T08,T09
C032_F150,1-2,C032,scatter40,no,no,T10,T14
C032_F151,1-1,C032,scatter40,no,no,T14,T03
C032_F154,0-2,C032,scatter40,no,no,T15,T07
C032_F155,0-0,C032,scatter40,no,no,T06,T17
C032_F157,2-1,C032,scatter40,no,no,T15,T02
C032_F163,2-0,C032,scatter40,no,no,T11,T05
C032_F168,2-0,C032,scatter40,no,no,T11,T15
C032_F173,5-0,C032,scatter40,no,no,T03,T08
C032_F175,0-0,C032,scatter40,no,no,T08,T15
C032_F176,1-0,C032,scatter40,no,no,T15,T06
C032_F179,3-1,C032,scatter40,no,no,T02,T01
C032_F180,1-2,C032,scatter40,no,no,T17,T13
C032_F186,0-0,C032,scatter40,no,no,T15,T03
C032_F187,1-0,C032,scatter40,no,no,T16,T07
C032_F188,1-0,C032,scatter40,no,no,T03,T07
C032_F189,1-1,C032,scatter40,no,no,T13,T10
C032_F191,2-2,C032,scatter40,no,no,T14,T10
C032_F193,1-1,C032,scatter40,no,no,T03,T10
C032_F194,0-3,C032,scatter40,no,no,T06,T11
C032_F197,2-2,C032,scatter40,no,no,T16,T17
C032_F199,0-1,C032,scatter40,no,no,T07,T05
C032_F202,0-1,C032,scatter40,no,no,T04,T03
C032_F206,0-1,C032,scatter40,no,no,T14,T04
C032_F209,2-1,C032,scatter40,no,no,T13,T02
C032_F210,1-2,C032,scatter40,no,no,T12,T02
C032_F212,2-3,C032,scatter40,no,no,T10,T04
C032_F214,0-3,C032,scatter40,no,no,T09,T01
C032_F216,0-0,C032,scatter40,no,no,T06,T13
C032_F219,0-2,C032,scatter40,no,no,T01,T04
C032_F222,2-2,C032,scatter40,no,no,T05,T08
C032_F223,1-0,C032,scatter40,no,no,T06,T10
C032_F227,1-0,C032,scatter40,no,no,T15,T12
C032_F231,1-0,C032,scatter40,no,no,T07,T01
C032_F233,2-1,C032,scatter40,no,no,T08,T13
C032_F234,1-1,C032,scatter40,no,no,T15,T13
C032_F235,2-1,C032,scatter40,no,no,T15,T05
C032_F237,2-2,C032,scatter40,no,no,T15,T17
C032_F242,0-1,C032,scatter40,no,no,T05,T11
C032_F243,1-1,C032,scatter40,no,no,T02,T03
C032_F245,3-0,C032,scatter40,no,no,T05,T16
C032_F246,2-0,C032,scatter40,no,no,T09,T14
C032_F247,0-1,C032,scatter40,no,no,T13,T11
C032_F250,3-1,C032,scatter40,no,no,T08,T06
C032_F254,2-0,C032,scatter40,no,no,T12,T07
C032_F255,1-0,C032,scatter40,no,no,T18,T09
C032_F256,1-1,C032,scatter40,no,no,T17,T05
C032_F267,1-1,C032,scatter40,no,no,T10,T12
C032_F268,3-0,C032,scatter40,no,no,T14,T06
C032_F272,0-0,C032,scatter40,no,no,T04,T13
C032_F274,3-2,C032,scatter40,no,no,T15,T10
C032_F275,4-0,C032,scatter40,no,no,T15,T14
C032_F278,0-0,C032,scatter40,no,no,T13,T12
C032_F280,1-1,C032,scatter40,no,no,T13,T14
C032_F281,0-3,C032,scatter40,no,no,T10,T08
C032_F283,0-4,C032,scatter40,no,no,T07,T04
C032_F288,2-0,C032,scatter40,no,no,T08,T01
C032_F292,1-1,C032,scatter40,no,no,T10,T03
C032_F296,2-0,C032,scatter40,no,no,T04,T10
C032_F302,0-0,C032,scatter40,no,no,T03,T05
C032_F303,0-2,C032,scatter40,no,no,T02,T16
C032_F304,2-2,C032,scatter40,no,no,T12,T04
C032_F305,0-1,C032,scatter40,no,no,T14,T11
C033_F001,0-1,C033,scatter60,no,yes,T01,T12
C033_F002,1-1,C033,scatter60,no,yes,T01,T14
C033_F003,0-1,C033,scatter60,no,yes,T02,T09
C033_F006,1-1,C033,scatter60,no,yes,T15,T17
C033_F007,2-0,C033,scatter60,no,yes,T05,T08
C033_F009,2-1,C033,scatter60,no,yes,T21,T03
C033_F010,3-1,C033,scatter60,no,yes,T06,T19
C033_F011,2-0,C033,scatter60,no,yes,T21,T07
C033_F012,0-0,C033,scatter60,no,yes,T07,T18
C033_F014,2-0,C033,scatter60,no,yes,T11,T07
C033_F015,1-1,C033,scatter60,no,yes,T17,T08
C033_F016,1-0,C033,scatter60,no,yes,T14,T09
C033_F017,0-0,C033,scatter60,no,yes,T04,T10
C033_F019,2-0,C033,scatter60,no,yes,T11,T06
C033_F024,0-3,C033,scatter60,no,yes,T07,T03
C033_F025,2-3,C033,scatter60,no,yes,T03,T02
C033_F026,2-2,C033,scatter60,no,yes,T13,T16
C033_F027,1-3,C033,scatter60,no,yes,T02,T07
C033_F030,0-2,C033,scatter60,no,yes,T07,T05
C033_F031,0-1,C033,scatter60,no,yes,T04,T06
C033_F032,1-0,C033,scatter60,no,yes,T08,T21
C033_F033,1-1,C033,scatter60,no,yes,T20,T21
C033_F035,1-0,C033,scatter60,no,yes,T16,T13
C033_F037,0-0,C033,scatter60,no,yes,T09,T10
C033_F038,1-1,C033,scatter60,no,yes,T10,T01
C033_F039,1-0,C033,scatter60,no,yes,T19,T09
C033_F040,0-1,C033,scatter60,no,yes,T10,T18
C033_F041,1-0,C033,scatter60,no,yes,T06,T21
C033_F042,1-1,C033,scatter60,no,yes,T02,T06
C033_F043,3-1,C033,scatter60,no,yes,T03,T04
C033_F044,1-1,C033,scatter60,no,yes,T21,T01
C033_F045,1-0,C033,scatter60,no,yes,T07,T15
C033_F046,1-1,C033,scatter60,no,yes,T11,T14
C033_F047,1-1,C033,scatter60,no,yes,T05,T10
C033_F048,0-0,C033,scatter60,no,yes,T10,T11
C033_F049,0-1,C033,scatter60,no,yes,T17,T13
C033_F051,3-1,C033,scatter60,no,yes,T11,T12
C033_F052,0-0,C033,scatter60,no,yes,T09,T15
C033_F053,0-1,C033,scatter60,no,yes,T18,T19
C033_F055,1-0,C033,scatter60,no,yes,T06,T09
C033_F056,0-0,C033,scatter60,no,yes,T12,T13
C033_F059,2-1,C033,scatter60,no,yes,T09,T14
C033_F060,1-0,C033,scatter60,no,yes,T15,T14
C033_F062,2-1,C033,scatter60,no,yes,T11,T05
C033_F063,2-0,C033,scatter60,no,yes,T10,T20
C033_F064,1-2,C033,scatter60,no,yes,T13,T11
C033_F065,2-0,C033,scatter60,no,yes,T02,T04
C033_F066,3-1,C033,scatter60,no,yes,T09,T19
C033_F067,2-1,C033,scatter60,no,yes,T17,T20
C033_F068,0-1,C033,scatter60,no,yes,T02,T16
C033_F069,5-2,C033,scatter60,no,yes,T10,T08
C033_F073,1-2,C033,scatter60,no,yes,T12,T02
C033_F075,1-1,C033,scatter60,no,yes,T16,T04
C033_F077,4-2,C033,scatter60,no,yes,T19,T05
C033_F078,1-0,C033,scatter60,no,yes,T21,T13
C033_F079,1-1,C033,scatter60,no,yes,T07,T19
C033_F080,3-0,C033,scatter60,no,yes,T14,T10
C033_F081,1-1,C033,scatter60,no,yes,T14,T06
C033_F082,0-0,C033,scatter60,no,yes,T01,T16
C033_F083,0-1,C033,scatter60,no,yes,T05,T16
C033_F086,0-0,C033,scatter60,no,yes,T05,T13
C033_F092,4-4,C033,scatter60,no,yes,T07,T02
C033_F094,3-2,C033,scatter60,no,yes,T06,T12
C033_F095,2-1,C033,scatter60,no,yes,T05,T11
C033_F097,2-0,C033,scatter60,no,yes,T15,T19
C033_F099,2-2,C033,scatter60,no,yes,T11,T21
C033_F100,3-1,C033,scatter60,no,yes,T07,T21
C033_F101,2-1,C033,scatter60,no,yes,T12,T07
C033_F103,1-0,C033,scatter60,no,yes,T02,T11
C033_F104,1-0,C033,scatter60,no,yes,T08,T13
C033_F105,0-0,C033,scatter60,no,yes,T02,T13
C033_F106,2-2,C033,scatter60,no,yes,T22,T02
C033_F107,2-0,C033,scatter60,no,yes,T05,T21
C033_F111,1-1,C033,scatter60,no,yes,T11,T17
C033_F112,0-1,C033,scatter60,no,yes,T08,T20
C033_F114,0-0,C033,scatter60,no,yes,T03,T08
C033_F115,2-1,C033,scatter60,no,yes,T02,T19
C033_F117,1-1,C033,scatter60,no,yes,T21,T17
C033_F118,1-0,C033,scatter60,no,yes,T03,T16
C033_F119,2-2,C033,scatter60,no,yes,T02,T14
C033_F121,1-1,C033,scatter60,no,yes,T21,T10
C033_F122,1-0,C033,scatter60,no,yes,T03,T19
C033_F123,2-0,C033,scatter60,no,yes,T11,T03
C033_F124,2-0,C033,scatter60,no,yes,T10,T09
C033_F125,0-0,C033,scatter60,no,yes,T16,T08
C033_F127,1-0,C033,scatter60,no,yes,T10,T12
C033_F129,1-0,C033,scatter60,no,yes,T06,T22
C033_F131,2-1,C033,scatter60,no,yes,T06,T17
C033_F132,2-2,C033,scatter60,no,yes,T14,T22
C033_F133,0-1,C033,scatter60,no,yes,T17,T22
C033_F134,0-1,C033,scatter60,no,yes,T16,T07
C033_F135,2-1,C033,scatter60,no,yes,T14,T20
C033_F138,1-0,C033,scatter60,no,yes,T10,T03
C033_F139,2-0,C033,scatter60,no,yes,T20,T11
C033_F140,1-0,C033,scatter60,no,yes,T14,T15
C033_F142,3-3,C033,scatter60,no,yes,T19,T03
C033_F143,1-1,C033,scatter60,no,yes,T02,T21
C033_F144,1-1,C033,scatter60,no,yes,T01,T03
C033_F149,1-3,C033,scatter60,no,yes,T18,T21
C033_F151,2-1,C033,scatter60,no,yes,T06,T07
C033_F153,1-1,C033,scatter60,no,yes,T01,T06
C033_F154,0-0,C033,scatter60,no,yes,T14,T05
C033_F155,1-1,C033,scatter60,no,yes,T02,T18
C033_F156,1-1,C033,scatter60,no,yes,T14,T19
C033_F160,1-0,C033,scatter60,no,yes,T03,T20
C033_F162,2-1,C033,scatter60,no,yes,T12,T15
C033_F163,0-2,C033,scatter60,no,yes,T19,T10
C033_F165,2-1,C033,scatter60,no,yes,T12,T20
C033_F168,3-2,C033,scatter60,no,yes,T21,T20
C033_F169,1-0,C033,scatter60,no,yes,T20,T09
C033_F170,1-3,C033,scatter60,no,yes,T17,T10
C033_F171,1-2,C033,scatter60,no,yes,T16,T15
C033_F173,3-0,C033,scatter60,no,yes,T13,T04
C033_F174,0-0,C033,scatter60,no,yes,T09,T03
C033_F178,3-2,C033,scatter60,no,yes,T11,T01
C033_F180,1-0,C033,scatter60,no,yes,T04,T16
C033_F181,2-2,C033,scatter60,no,yes,T17,T14
C033_F188,2-3,C033,scatter60,no,yes,T07,T01
C033_F189,1-0,C033,scatter60,no,yes,T22,T19
C033_F190,2-0,C033,scatter60,no,yes,T22,T10
C033_F194,0-0,C033,scatter60,no,yes,T14,T08
C033_F196,0-1,C033,scatter60,no,yes,T03,T01
C033_F198,4-1,C033,scatter60,no,yes,T02,T17
C033_F200,1-1,C033,scatter60,no,yes,T04,T19
C033_F203,2-1,C033,scatter60,no,yes,T18,T15
C033_F206,2-0,C033,scatter60,no,yes,T19,T02
C033_F207,2-1,C033,scatter60,no,yes,T06,T02
C033_F210,1-0,C033,scatter60,no,yes,T14,T18
C033_F211,1-0,C033,scatter60,no,yes,T05,T02
C033_F212,2-1,C033,scatter60,no,yes,T04,T13
C033_F213,0-0,C033,scatter60,no,yes,T21,T06
C033_F215,1-3,C033,scatter60,no,yes,T07,T04
C033_F216,1-2,C033,scatter60,no,yes,T15,T01
C033_F218,3-0,C033,scatter60,no,yes,T01,T11
C033_F221,2-1,C033,scatter60,no,yes,T05,T14
C033_F222,2-0,C033,scatter60,no,yes,T06,T18
C033_F224,0-2,C033,scatter60,no,yes,T04,T17
C033_F225,2-2,C033,scatter60,no,yes,T09,T06
C033_F226,2-2,C033,scatter60,no,yes,T10,T21
C033_F227,0-1,C033,scatter60,no,yes,T08,T05
C033_F229,2-1,C033,scatter60,no,yes,T20,T06
C033_F232,0-1,C033,scatter60,no,yes,T08,T18
C033_F233,1-1,C033,scatter60,no,yes,T03,T10
C033_F234,2-2,C033,scatter60,no,yes,T05,T04
C033_F237,1-1,C033,scatter60,no,yes,T17,T16
C033_F238,1-0,C033,scatter60,no,yes,T21,T09
C033_F242,1-0,C033,scatter60,no,yes,T01,T04
C033_F243,2-0,C033,scatter60,no,yes,T07,T12
C033_F244,0-0,C033,scatter60,no,yes,T18,T08
C033_F248,6-2,C033,scatter60,no,yes,T22,T12
C033_F249,0-3,C033,scatter60,no,yes,T14,T12
C033_F250,1-2,C033,scatter60,no,yes,T15,T08
C033_F251,3-3,C033,scatter60,no,yes,T21,T15
C033_F252,1-0,C033,scatter60,no,yes,T18,T14
C033_F254,0-1,C033,scatter60,no,yes,T16,T06
C033_F255,0-0,C033,scatter60,no,yes,T18,T10
C033_F259,1-0,C033,scatter60,no,yes,T11,T13
C033_F260,1-0,C033,scatter60,no,yes,T04,T08
C033_F261,1-0,C033,scatter60,no,yes,T13,T14
C033_F262,2-1,C033,scatter60,no,yes,T07,T20
C033_F265,0-2,C033,scatter60,no,yes,T19,T14
C033_F266,0-0,C033,scatter60,no,yes,T10,T04
C033_F267,3-3,C033,scatter60,no,yes,T22,T15
C033_F271,2-1,C033,scatter60,no,yes,T10,T14
C033_F272,2-1,C033,scatter60,no,yes,T16,T03
C033_F274,1-0,C033,scatter60,no,yes,T05,T22
C033_F275,1-0,C033,scatter60,no,yes,T03,T18
C033_F276,0-0,C033,scatter60,no,yes,T02,T10
C033_F277,0-1,C033,scatter60,no,yes,T05,T18
C033_F279,2-0,C033,scatter60,no,yes,T04,T11
C033_F281,0-0,C033,scatter60,no,yes,T20,T16
C033_F282,1-1,C033,scatter60,no,yes,T10,T02
C033_F284,1-1,C033,scatter60,no,yes,T06,T11
C033_F285,1-2,C033,scatter60,no,yes,T04,T22
C033_F286,0-2,C033,scatter60,no,yes,T04,T15
C033_F288,1-1,C033,scatter60,no,yes,T16,T14
C033_F289,1-3,C033,scatter60,no,yes,T19,T01
C033_F290,0-0,C033,scatter60,no,yes,T01,T02
C033_F291,1-0,C033,scatter60,no,yes,T16,T09
C033_F292,3-1,C033,scatter60,no,yes,T08,T10
C033_F294,2-1,C033,scatter60,no,yes,T06,T14
C033_F297,2-3,C033,scatter60,no,yes,T22,T14
C033_F300,1-1,C033,scatter60,no,yes,T04,T18
C033_F301,0-0,C033,scatter60,no,yes,T06,T16
C033_F304,1-2,C033,scatter60,no,yes,T20,T19
C033_F305,3-1,C033,scatter60,no,yes,T06,T08
C033_F308,2-0,C033,scatter60,no,yes,T12,T22
C033_F310,1-2,C033,scatter60,no,yes,T12,T10
C033_F311,1-1,C033,scatter60,no,yes,T01,T19
C033_F313,1-0,C033,scatter60,no,yes,T12,T16
C033_F315,1-0,C033,scatter60,no,yes,T11,T20
C033_F316,2-0,C033,scatter60,no,yes,T05,T06
C033_F318,2-0,C033,scatter60,no,yes,T11,T19
C033_F319,0-0,C033,scatter60,no,yes,T15,T18
C033_F321,1-2,C033,scatter60,no,yes,T02,T12
C033_F322,2-0,C033,scatter60,no,yes,T09,T17
C033_F325,0-1,C033,scatter60,no,yes,T04,T03
C033_F327,2-0,C033,scatter60,no,yes,T09,T04
C033_F329,1-0,C033,scatter60,no,yes,T12,T11
C033_F330,1-1,C033,scatter60,no,yes,T13,T03
C033_F333,0-1,C033,scatter60,no,yes,T02,T20
C033_F335,1-1,C033,scatter60,no,yes,T07,T16
C033_F336,1-0,C033,scatter60,no,yes,T08,T22
C033_F340,1-1,C033,scatter60,no,yes,T22,T06
C033_F341,2-1,C033,scatter60,no,yes,T10,T22
C033_F344,0-1,C033,scatter60,no,yes,T16,T10
C033_F345,2-0,C033,scatter60,no,yes,T14,T17
C033_F346,1-1,C033,scatter60,no,yes,T21,T22
C033_F347,5-1,C033,scatter60,no,yes,T18,T05
C033_F350,0-0,C033,scatter60,no,yes,T15,T05
C033_F351,2-2,C033,scatter60,no,yes,T04,T07
C033_F353,2-1,C033,scatter60,no,yes,T13,T09
C033_F355,1-0,C033,scatter60,no,yes,T19,T18
C033_F356,1-0,C033,scatter60,no,yes,T15,T16
C033_F357,0-1,C033,scatter60,no,yes,T14,T16
C033_F359,0-0,C033,scatter60,no,yes,T12,T09
C033_F361,2-1,C033,scatter60,no,yes,T10,T16
C033_F362,2-1,C033,scatter60,no,yes,T03,T17
C033_F365,2-2,C033,scatter60,no,yes,T02,T05
C033_F366,1-1,C033,scatter60,no,yes,T12,T04
C033_F368,0-1,C033,scatter60,no,yes,T12,T08
C033_F371,2-2,C033,scatter60,no,yes,T01,T08
C033_F373,5-0,C033,scatter60,no,yes,T12,T17
C033_F374,1-0,C033,scatter60,no,yes,T07,T14
C033_F375,0-0,C033,scatter60,no,yes,T15,T13
C033_F377,2-1,C033,scatter60,no,yes,T12,T14
C033_F379,0-1,C033,scatter60,no,yes,T19,T22
C033_F380,3-1,C033,scatter60,no,yes,T15,T03
C033_F382,1-1,C033,scatter60,no,yes,T08,T14
C033_F383,1-3,C033,scatter60,no,yes,T15,T20
C033_F384,1-1,C033,scatter60,no,yes,T13,T01
C033_F386,3-1,C033,scatter60,no,yes,T03,T14
C033_F387,3-1,C033,scatter60,no,yes,T02,T15
C033_F388,0-0,C033,scatter60,no,yes,T14,T04
C033_F389,1-1,C033,scatter60,no,yes,T13,T19
C033_F390,0-2,C033,scatter60,no,yes,T17,T15
C033_F392,1-2,C033,scatter60,no,yes,T20,T17
C033_F393,1-0,C033,scatter60,no,yes,T20,T15
C033_F394,2-0,C033,scatter60,no,yes,T11,T22
C033_F398,1-2,C033,scatter60,no,yes,T22,T20
C033_F399,1-0,C033,scatter60,no,yes,T11,T18
C033_F401,1-3,C033,scatter60,no,yes,T08,T12
C033_F403,3-0,C033,scatter60,no,yes,T18,T03
C033_F404,0-0,C033,scatter60,no,yes,T19,T04
C033_F405,1-1,C033,scatter60,no,yes,T16,T05
C033_F406,4-2,C033,scatter60,no,yes,T15,T02
C033_F407,3-0,C033,scatter60,no,yes,T01,T13
C033_F409,1-0,C033,scatter60,no,yes,T01,T10
C033_F411,1-0,C033,scatter60,no,yes,T16,T01
C033_F412,2-1,C033,scatter60,no,yes,T17,T09
C033_F414,2-0,C033,scatter60,no,yes,T20,T05
C033_F417,1-0,C033,scatter60,no,yes,T04,T09
C033_F418,4-1,C033,scatter60,no,yes,T01,T18
C033_F419,0-0,C033,scatter60,no,yes,T16,T18
C033_F420,0-0,C033,scatter60,no,yes,T06,T01
C033_F422,2-2,C033,scatter60,no,yes,T20,T10
C033_F423,0-0,C033,scatter60,no,yes,T20,T12
C033_F424,2-0,C033,scatter60,no,yes,T20,T03
C033_F425,2-1,C033,scatter60,no,yes,T22,T13
C033_F432,1-0,C033,scatter60,no,yes,T12,T05
C033_F433,1-2,C033,scatter60,no,yes,T10,T15
C033_F435,3-2,C033,scatter60,no,yes,T17,T01
C033_F437,3-1,C033,scatter60,no,yes,T04,T14
C033_F441,1-0,C033,scatter60,no,yes,T19,T06
C033_F442,1-0,C033,scatter60,no,yes,T03,T06
C033_F444,1-3,C033,scatter60,no,yes,T13,T07
C033_F445,1-2,C033,scatter60,no,yes,T06,T10
C033_F446,4-0,C033,scatter60,no,yes,T10,T05
C033_F447,2-0,C033,scatter60,no,yes,T08,T11
C033_F449,2-2,C033,scatter60,no,yes,T17,T03
C033_F451,1-1,C033,scatter60,no,yes,T15,T21
C033_F452,1-1,C033,scatter60,no,yes,T14,T03
C033_F454,1-2,C033,scatter60,no,yes,T13,T02
C033_F455,0-0,C033,scatter60,no,yes,T04,T20
C033_F457,0-2,C033,scatter60,no,yes,T13,T15
C033_F461,0-0,C033,scatter60,no,yes,T19,T20
C033_F462,1-2,C033,scatter60,no,yes,T05,T19
C035_F002,0-1,C035,scatter40,no,yes,T18,T08
C035_F003,1-1,C035,scatter40,no,yes,T03,T10
C035_F006,2-3,C035,scatter40,no,yes,T19,T16
C035_F010,2-1,C035,scatter40,no,yes,T12,T06
C035_F011,4-1,C035,scatter40,no,yes,T13,T02
C035_F013,0-0,C035,scatter40,no,yes,T16,T10
C035_F014,6-1,C035,scatter40,no,yes,T15,T02
C035_F019,1-0,C035,scatter40,no,yes,T22,T06
C035_F020,3-0,C035,scatter40,no,yes,T20,T05
C035_F021,1-0,C035,scatter40,no,yes,T12,T14
C035_F022,1-0,C035,scatter40,no,yes,T09,T08
C035_F024,2-0,C035,scatter40,no,yes,T20,T01
C035_F025,1-0,C035,scatter40,no,yes,T01,T14
C035_F026,0-0,C035,scatter40,no,yes,T01,T20
C035_F033,1-0,C035,scatter40,no,yes,T22,T20
C035_F037,0-1,C035,scatter40,no,yes,T02,T18
C035_F038,1-1,C035,scatter40,no,yes,T02,T20
C035_F039,2-0,C035,scatter40,no,yes,T15,T07
C035_F041,2-0,C035,scatter40,no,yes,T20,T09
C035_F043,1-2,C035,scatter40,no,yes,T15,T08
C035_F046,2-2,C035,scatter40,no,yes,T16,T08
C035_F047,1-1,C035,scatter40,no,yes,T08,T07
C035_F050,2-1,C035,scatter40,no,yes,T09,T21
C035_F051,1-0,C035,scatter40,no,yes,T22,T14
C035_F052,1-2,C035,scatter40,no,yes,T16,T15
C035_F053,0-1,C035,scatter40,no,yes,T11,T05
C035_F055,1-0,C035,scatter40,no,yes,T01,T06
C035_F056,0-2,C035,scatter40,no,yes,T07,T21
C035_F058,0-1,C035,scatter40,no,yes,T21,T12
C035_F059,0-1,C035,scatter40,no,yes,T16,T01
C035_F061,1-0,C035,scatter40,no,yes,T10,T14
C035_F062,2-2,C035,scatter40,no,yes,T07,T04
C035_F065,2-0,C035,scatter40,no,yes,T05,T17
C035_F069,4-0,C035,scatter40,no,yes,T19,T12
C035_F070,2-1,C035,scatter40,no,yes,T02,T21
C035_F071,2-0,C035,scatter40,no,yes,T07,T02
C035_F072,0-3,C035,scatter40,no,yes,T12,T20
C035_F076,0-2,C035,scatter40,no,yes,T17,T22
C035_F077,0-0,C035,scatter40,no,yes,T08,T15
C035_F078,1-1,C035,scatter40,no,yes,T10,T07
C035_F080,0-3,C035,scatter40,no,yes,T05,T20
C035_F083,2-1,C035,scatter40,no,yes,T19,T06
C035_F086,1-1,C035,scatter40,no,yes,T04,T03
C035_F090,0-1,C035,scatter40,no,yes,T18,T20
C035_F092,1-0,C035,scatter40,no,yes,T18,T10
C035_F093,2-1,C035,scatter40,no,yes,T02,T10
C035_F095,1-1,C035,scatter40,no,yes,T12,T09
C035_F100,2-2,C035,scatter40,no,yes,T01,T15
C035_F101,0-2,C035,scatter40,no,yes,T11,T19
C035_F102,2-2,C035,scatter40,no,yes,T18,T22
C035_F105,2-1,C035,scatter40,no,yes,T21,T11
C035_F107,3-0,C035,scatter40,no,yes,T02,T22
C035_F108,1-1,C035,scatter40,no,yes,T06,T08
C035_F109,3-1,C035,scatter40,no,yes,T13,T09
C035_F112,0-1,C035,scatter40,no,yes,T08,T17
C035_F115,0-5,C035,scatter40,no,yes,T01,T10
C035_F116,0-1,C035,scatter40,no,yes,T10,T19
C035_F119,1-1,C035,scatter40,no,yes,T20,T14
C035_F124,0-2,C035,scatter40,no,yes,T08,T20
C035_F129,2-1,C035,scatter40,no,yes,T19,T21
C035_F130,2-0,C035,scatter40,no,yes,T19,T02
C035_F131,1-0,C035,scatter40,no,yes,T04,T01
C035_F133,0-0,C035,scatter40,no,yes,T03,T21
C035_F134,1-0,C035,scatter40,no,yes,T12,T13
C035_F137,1-2,C035,scatter40,no,yes,T21,T19
C035_F140,1-2,C035,scatter40,no,yes,T09,T16
C035_F148,1-0,C035,scatter40,no,yes,T05,T11
C035_F150,1-0,C035,scatter40,no,yes,T15,T14
C035_F151,2-0,C035,scatter40,no,yes,T19,T13
C035_F152,1-1,C035,scatter40,no,yes,T17,T02
C035_F154,1-1,C035,scatter40,no,yes,T18,T11
C035_F156,0-1,C035,scatter40,no,yes,T15,T18
C035_F158,1-0,C035,scatter40,no,yes,T08,T05
C035_F159,0-2,C035,scatter40,no,yes,T09,T11
C035_F162,1-2,C035,scatter40,no,yes,T01,T08
C035_F165,2-2,C035,scatter40,no,yes,T06,T20
C035_F167,0-2,C035,scatter40,no,yes,T04,T13
C035_F168,0-0,C035,scatter40,no,yes,T12,T03
C035_F171,1-0,C035,scatter40,no,yes,T19,T10
C035_F173,2-0,C035,scatter40,no,yes,T13,T14
C035_F175,1-0,C035,scatter40,no,yes,T19,T18
C035_F181,0-1,C035,scatter40,no,yes,T06,T07
C035_F185,0-1,C035,scatter40,no,yes,T11,T13
C035_F187,3-0,C035,scatter40,no,yes,T10,T12
C035_F188,0-0,C035,scatter40,no,yes,T19,T17
C035_F189,2-1,C035,scatter40,no,yes,T22,T17
C035_F191,0-0,C035,scatter40,no,yes,T16,T04
C035_F193,0-2,C035,scatter40,no,yes,T09,T03
C035_F197,1-1,C035,scatter40,no,yes,T18,T02
C035_F202,0-0,C035,scatter40,no,yes,T01,T21
C035_F203,2-0,C035,scatter40,no,yes,T09,T04
C035_F204,1-1,C035,scatter40,no,yes,T12,T01
C035_F205,0-0,C035,scatter40,no,yes,T04,T11
C035_F206,3-1,C035,scatter40,no,yes,T10,T21
C035_F208,0-0,C035,scatter40,no,yes,T19,T08
C035_F211,1-0,C035,scatter40,no,yes,T14,T01
C035_F212,0-1,C035,scatter40,no,yes,T12,T10
C035_F213,0-0,C035,scatter40,no,yes,T10,T04
C035_F214,4-0,C035,scatter40,no,yes,T08,T09
C035_F215,1-0,C035,scatter40,no,yes,T15,T20
C035_F224,1-2,C035,scatter40,no,yes,T21,T18
C035_F229,0-3,C035,scatter40,no,yes,T07,T18
C035_F232,2-1,C035,scatter40,no,yes,T13,T12
C035_F233,2-0,C035,scatter40,no,yes,T15,T13
C035_F234,1-2,C035,scatter40,no,yes,T14,T06
C035_F235,0-2,C035,scatter40,no,yes,T15,T06
C035_F236,1-1,C035,scatter40,no,yes,T16,T07
C035_F247,1-0,C035,scatter40,no,yes,T10,T11
C035_F248,2-1,C035,scatter40,no,yes,T11,T21
C035_F252,0-2,C035,scatter40,no,yes,T06,T03
C035_F256,0-1,C035,scatter40,no,yes,T09,T06
C035_F257,2-0,C035,scatter40,no,yes,T18,T03
C035_F259,1-1,C035,scatter40,no,yes,T17,T15
C035_F260,1-1,C035,scatter40,no,yes,T16,T20
C035_F264,2-1,C035,scatter40,no,yes,T10,T13
C035_F268,0-1,C035,scatter40,no,yes,T02,T19
C035_F269,0-1,C035,scatter40,no,yes,T19,T15
C035_F270,3-0,C035,scatter40,no,yes,T01,T09
C035_F272,3-3,C035,scatter40,no,yes,T06,T22
C035_F275,1-0,C035,scatter40,no,yes,T22,T04
C035_F276,1-1,C035,scatter40,no,yes,T05,T08
C035_F277,1-2,C035,scatter40,no,yes,T11,T04
C035_F282,3-1,C035,scatter40,no,yes,T10,T17
C035_F283,2-0,C035,scatter40,no,yes,T14,T05
C035_F284,3-0,C035,scatter40,no,yes,T09,T17
C035_F290,2-2,C035,scatter40,no,yes,T21,T03
C035_F291,2-1,C035,scatter40,no,yes,T11,T09
C035_F293,1-0,C035,scatter40,no,yes,T04,T15
C035_F294,2-0,C035,scatter40,no,yes,T09,T10
C035_F296,1-1,C035,scatter40,no,yes,T16,T14
C035_F298,1-1,C035,scatter40,no,yes,T15,T19
C035_F299,1-2,C035,scatter40,no,yes,T11,T10
C035_F302,1-2,C035,scatter40,no,yes,T18,T16
C035_F303,0-4,C035,scatter40,no,yes,T12,T04
C035_F305,3-0,C035,scatter40,no,yes,T05,T09
C035_F308,2-1,C035,scatter40,no,yes,T09,T18
C035_F310,0-1,C035,scatter40,no,yes,T22,T19
C035_F312,2-1,C035,scatter40,no,yes,T07,T13
C035_F315,2-2,C035,scatter40,no,yes,T02,T01
C035_F321,2-1,C035,scatter40,no,yes,T04,T07
C035_F325,1-2,C035,scatter40,no,yes,T05,T01
C035_F331,2-1,C035,scatter40,no,yes,T03,T11
C035_F332,4-0,C035,scatter40,no,yes,T20,T15
C035_F336,1-0,C035,scatter40,no,yes,T10,T03
C035_F338,2-1,C035,scatter40,no,yes,T15,T10
C035_F339,0-0,C035,scatter40,no,yes,T16,T11
C035_F341,2-2,C035,scatter40,no,yes,T01,T22
C035_F344,2-0,C035,scatter40,no,yes,T06,T15
C035_F345,0-1,C035,scatter40,no,yes,T05,T22
C035_F347,4-0,C035,scatter40,no,yes,T03,T05
C035_F352,1-3,C035,scatter40,no,yes,T02,T11
C035_F353,3-0,C035,scatter40,no,yes,T20,T17
C035_F355,2-2,C035,scatter40,no,yes,T13,T08
C035_F356,0-0,C035,scatter40,no,yes,T02,T08
C035_F360,0-1,C035,scatter40,no,yes,T11,T07
C035_F361,0-1,C035,scatter40,no,yes,T12,T15
C035_F362,2-2,C035,scatter40,no,yes,T14,T08
C035_F366,0-0,C035,scatter40,no,yes,T18,T17
C035_F378,2-1,C035,scatter40,no,yes,T13,T06
C035_F390,1-1,C035,scatter40,no,yes,T14,T15
C035_F391,1-2,C035,scatter40,no,yes,T09,T13
C035_F398,2-1,C035,scatter40,no,yes,T10,T18
C035_F406,0-0,C035,scatter40,no,yes,T14,T20
C035_F408,1-0,C035,scatter40,no,yes,T17,T06
C035_F409,2-0,C035,scatter40,no,yes,T14,T22
C035_F413,0-2,C035,scatter40,no,yes,T20,T21
C035_F416,1-0,C035,scatter40,no,yes,T10,T05
C035_F418,1-1,C035,scatter40,no,yes,T16,T09
C035_F422,4-1,C035,scatter40,no,yes,T16,T19
C035_F423,2-0,C035,scatter40,no,yes,T15,T21
C035_F424,1-2,C035,scatter40,no,yes,T11,T17
C035_F427,2-0,C035,scatter40,no,yes,T20,T04
C035_F429,2-2,C035,scatter40,no,yes,T08,T19
C035_F430,2-0,C035,scatter40,no,yes,T03,T15
C035_F433,2-2,C035,scatter40,no,yes,T05,T02
C035_F435,1-1,C035,scatter40,no,yes,T17,T12
C035_F437,4-0,C035,scatter40,no,yes,T20,T16
C035_F439,1-1,C035,scatter40,no,yes,T08,T11
C035_F442,0-3,C035,scatter40,no,yes,T11,T16
C035_F447,0-0,C035,scatter40,no,yes,T18,T12
C035_F449,2-1,C035,scatter40,no,yes,T22,T21
C035_F452,2-1,C035,scatter40,no,yes,T08,T18
C035_F453,1-1,C035,scatter40,no,yes,T20,T08
C035_F457,1-2,C035,scatter40,no,yes,T20,T22
C035_F462,0-3,C035,scatter40,no,yes,T05,T13
C039_F001,2-1,C039,cluster30,yes,yes,T19,T06
C039_F002,2-3,C039,cluster30,yes,yes,T10,T13
C039_F003,1-1,C039,cluster30,yes,yes,T13,T14
C039_F004,1-1,C039,cluster30,yes,yes,T14,T19
C039_F005,6-1,C039,cluster30,yes,yes,T17,T13
C039_F007,1-1,C039,cluster30,yes,yes,T08,T15
C039_F010,0-1,C039,cluster30,yes,yes,T03,T18
C039_F012,0-0,C039,cluster30,yes,yes,T04,T13
C039_F016,4-0,C039,cluster30,yes,yes,T16,T13
C039_F018,2-1,C039,cluster30,yes,yes,T01,T13
C039_F020,1-1,C039,cluster30,yes,yes,T13,T04
C039_F022,4-2,C039,cluster30,yes,yes,T14,T16
C039_F023,0-1,C039,cluster30,yes,yes,T10,T11
C039_F024,1-2,C039,cluster30,yes,yes,T15,T07
C039_F025,0-2,C039,cluster30,yes,yes,T18,T12
C039_F030,2-1,C039,cluster30,yes,yes,T15,T20
C039_F032,3-1,C039,cluster30,yes,yes,T14,T04
C039_F037,3-1,C039,cluster30,yes,yes,T12,T13
C039_F042,1-2,C039,cluster30,yes,yes,T20,T19
C039_F043,0-2,C039,cluster30,yes,yes,T11,T12
C039_F044,2-0,C039,cluster30,yes,yes,T13,T15
C039_F050,0-2,C039,cluster30,yes,yes,T14,T05
C039_F051,2-0,C039,cluster30,yes,yes,T15,T12
C039_F053,2-0,C039,cluster30,yes,yes,T01,T11
C039_F057,0-3,C039,cluster30,yes,yes,T06,T14
C039_F058,2-3,C039,cluster30,yes,yes,T15,T18
C039_F060,4-0,C039,cluster30,yes,yes,T09,T19
C039_F061,1-1,C039,cluster30,yes,yes,T06,T19
C039_F064,2-1,C039,cluster30,yes,yes,T04,T15
C039_F066,2-0,C039,cluster30,yes,yes,T01,T19
C039_F067,0-2,C039,cluster30,yes,yes,T15,T05
C039_F068,0-1,C039,cluster30,yes,yes,T02,T11
C039_F069,2-2,C039,cluster30,yes,yes,T11,T02
C039_F071,0-1,C039,cluster30,yes,yes,T03,T14
C039_F072,0-2,C039,cluster30,yes,yes,T06,T18
C039_F076,4-1,C039,cluster30,yes,yes,T13,T01
C039_F080,2-1,C039,cluster30,yes,yes,T19,T18
C039_F081,0-0,C039,cluster30,yes,yes,T09,T18
C039_F082,1-1,C039,cluster30,yes,yes,T18,T10
C039_F085,1-1,C039,cluster30,yes,yes,T11,T18
C039_F087,1-1,C039,cluster30,yes,yes,T10,T19
C039_F094,3-4,C039,cluster30,yes,yes,T15,T02
C039_F099,5-0,C039,cluster30,yes,yes,T16,T11
C039_F100,1-4,C039,cluster30,yes,yes,T11,T15
C039_F101,4-1,C039,cluster30,yes,yes,T19,T20
C039_F102,0-0,C039,cluster30,yes,yes,T07,T11
C039_F107,0-1,C039,cluster30,yes,yes,T03,T13
C039_F111,1-0,C039,cluster30,yes,yes,T10,T14
C039_F113,2-2,C039,cluster30,yes,yes,T16,T18
C039_F115,2-0,C039,cluster30,yes,yes,T14,T03
C039_F116,1-0,C039,cluster30,yes,yes,T18,T06
C039_F119,0-0,C039,cluster30,yes,yes,T13,T11
C039_F120,3-0,C039,cluster30,yes,yes,T15,T13
C039_F122,0-1,C039,cluster30,yes,yes,T19,T15
C039_F125,0-0,C039,cluster30,yes,yes,T14,T18
C039_F129,0-0,C039,cluster30,yes,yes,T19,T16
C039_F130,0-4,C039,cluster30,yes,yes,T13,T03
C039_F131,0-2,C039,cluster30,yes,yes,T18,T09
C039_F132,2-0,C039,cluster30,yes,yes,T03,T11
C039_F135,0-2,C039,cluster30,yes,yes,T05,T13
C039_F136,2-0,C039,cluster30,yes,yes,T08,T19
C039_F138,3-2,C039,cluster30,yes,yes,T01,T15
C039_F139,0-3,C039,cluster30,yes,yes,T09,T13
C039_F141,2-1,C039,cluster30,yes,yes,T19,T08
C039_F142,0-2,C039,cluster30,yes,yes,T04,T18
C039_F147,2-1,C039,cluster30,yes,yes,T19,T02
C039_F149,1-2,C039,cluster30,yes,yes,T07,T18
C039_F150,2-1,C039,cluster30,yes,yes,T15,T01
C039_F153,2-1,C039,cluster30,yes,yes,T19,T04
C039_F154,1-1,C039,cluster30,yes,yes,T13,T16
C039_F156,1-0,C039,cluster30,yes,yes,T19,T12
C039_F157,0-2,C039,cluster30,yes,yes,T11,T17
C039_F158,0-2,C039,cluster30,yes,yes,T15,T17
C039_F159,0-1,C039,cluster30,yes,yes,T15,T14
C039_F161,1-0,C039,cluster30,yes,yes,T19,T14
C039_F164,1-1,C039,cluster30,yes,yes,T13,T12
C039_F165,2-1,C039,cluster30,yes,yes,T02,T15
C039_F166,2-1,C039,cluster30,yes,yes,T13,T18
C039_F167,1-1,C039,cluster30,yes,yes,T05,T15
C039_F168,0-2,C039,cluster30,yes,yes,T07,T14
C039_F169,1-0,C039,cluster30,yes,yes,T10,T18
C039_F170,3-2,C039,cluster30,yes,yes,T19,T07
C039_F173,5-1,C039,cluster30,yes,yes,T14,T08
C039_F174,4-2,C039,cluster30,yes,yes,T02,T13
C039_F176,1-1,C039,cluster30,yes,yes,T09,T11
C039_F178,2-0,C039,cluster30,yes,yes,T05,T19
C039_F179,2-1,C039,cluster30,yes,yes,T16,T15
C039_F180,1-2,C039,cluster30,yes,yes,T08,T11
C039_F181,1-2,C039,cluster30,yes,yes,T18,T02
C039_F182,2-2,C039,cluster30,yes,yes,T11,T04
C039_F183,2-0,C039,cluster30,yes,yes,T16,T14
C039_F185,2-0,C039,cluster30,yes,yes,T09,T15
C039_F186,1-0,C039,cluster30,yes,yes,T11,T07
C039_F187,1-0,C039,cluster30,yes,yes,T15,T10
C039_F188,1-1,C039,cluster30,yes,yes,T18,T11
C039_F189,0-2,C039,cluster30,yes,yes,T15,T06
C039_F191,0-1,C039,cluster30,yes,yes,T15,T04
C039_F193,0-2,C039,cluster30,yes,yes,T06,T11
C039_F194,1-5,C039,cluster30,yes,yes,T04,T19
C039_F196,1-1,C039,cluster30,yes,yes,T05,T14
C039_F199,1-3,C039,cluster30,yes,yes,T18,T17
C039_F201,1-0,C039,cluster30,yes,yes,T18,T16
C039_F202,1-1,C039,cluster30,yes,yes,T14,T17
C039_F204,1-3,C039,cluster30,yes,yes,T13,T09
C039_F207,2-2,C039,cluster30,yes,yes,T11,T08
C039_F211,1-1,C039,cluster30,yes,yes,T18,T08
C039_F212,1-3,C039,cluster30,yes,yes,T03,T19
C039_F213,0-4,C039,cluster30,yes,yes,T13,T17
C039_F215,1-1,C039,cluster30,yes,yes,T14,T20
C039_F216,3-1,C039,cluster30,yes,yes,T19,T17
C039_F217,3-0,C039,cluster30,yes,yes,T02,T18
C039_F219,0-0,C039,cluster30,yes,yes,T17,T14
C039_F221,1-0,C039,cluster30,yes,yes,T10,T15
C039_F222,2-0,C039,cluster30,yes,yes,T08,T13
C039_F223,1-0,C039,cluster30,yes,yes,T19,T11
C039_F224,0-0,C039,cluster30,yes,yes,T09,T14
C039_F225,2-2,C039,cluster30,yes,yes,T07,T13
C039_F228,3-2,C039,cluster30,yes,yes,T11,T10
C039_F229,0-2,C039,cluster30,yes,yes,T07,T19
C039_F230,1-2,C039,cluster30,yes,yes,T03,T15
C039_F231,2-2,C039,cluster30,yes,yes,T15,T08
C039_F233,0-3,C039,cluster30,yes,yes,T06,T13
C039_F237,2-1,C039,cluster30,yes,yes,T13,T10
C039_F238,4-1,C039,cluster30,yes,yes,T11,T16
C039_F240,1-1,C039,cluster30,yes,yes,T05,T11
C039_F243,1-0,C039,cluster30,yes,yes,T11,T09
C039_F244,5-0,C039,cluster30,yes,yes,T17,T11
C039_F246,2-0,C039,cluster30,yes,yes,T14,T06
C039_F249,0-1,C039,cluster30,yes,yes,T15,T19
C039_F255,2-3,C039,cluster30,yes,yes,T02,T14
C039_F257,0-2,C039,cluster30,yes,yes,T13,T19
C039_F258,1-0,C039,cluster30,yes,yes,T17,T19
C039_F259,1-3,C039,cluster30,yes,yes,T14,T09
C039_F262,0-0,C039,cluster30,yes,yes,T06,T15
C039_F263,1-1,C039,cluster30,yes,yes,T05,T18
C039_F264,0-1,C039,cluster30,yes,yes,T20,T11
C039_F266,3-1,C039,cluster30,yes,yes,T17,T15
C039_F270,0-1,C039,cluster30,yes,yes,T11,T20
C039_F271,2-1,C039,cluster30,yes,yes,T07,T15
C039_F272,2-1,C039,cluster30,yes,yes,T20,T14
C039_F277,0-2,C039,cluster30,yes,yes,T15,T11
C039_F279,1-0,C039,cluster30,yes,yes,T14,T11
C039_F281,1-1,C039,cluster30,yes,yes,T14,T10
C039_F284,3-2,C039,cluster30,yes,yes,T12,T15
C039_F285,1-1,C039,cluster30,yes,yes,T12,T19
C039_F286,0-0,C039,cluster30,yes,yes,T12,T14
C039_F287,2-0,C039,cluster30,yes,yes,T15,T09
C039_F290,1-1,C039,cluster30,yes,yes,T15,T03
C039_F293,1-2,C039,cluster30,yes,yes,T08,T14
C039_F296,4-4,C039,cluster30,yes,yes,T11,T06
C039_F297,1-1,C039,cluster30,yes,yes,T04,T11
C039_F299,3-1,C039,cluster30,yes,yes,T20,T18
C039_F300,1-0,C039,cluster30,yes,yes,T13,T05
C039_F301,0-1,C039,cluster30,yes,yes,T15,T16
C039_F302,0-1,C039,cluster30,yes,yes,T18,T14
C039_F303,1-0,C039,cluster30,yes,yes,T20,T15
C039_F304,1-0,C039,cluster30,yes,yes,T19,T05
C039_F305,1-1,C039,cluster30,yes,yes,T19,T10
C039_F306,1-0,C039,cluster30,yes,yes,T14,T13
C039_F308,3-2,C039,cluster30,yes,yes,T11,T13
C039_F309,1-1,C039,cluster30,yes,yes,T13,T02
C039_F310,2-0,C039,cluster30,yes,yes,T13,T08
C039_F311,0-4,C039,cluster30,yes,yes,T01,T18
C039_F314,0-4,C039,cluster30,yes,yes,T18,T20
C039_F318,0-0,C039,cluster30,yes,yes,T17,T18
C039_F321,1-1,C039,cluster30,yes,yes,T18,T03
C039_F323,4-0,C039,cluster30,yes,yes,T13,T20
C039_F324,2-1,C039,cluster30,yes,yes,T14,T12
C039_F325,0-3,C039,cluster30,yes,yes,T18,T19
C039_F327,1-0,C039,cluster30,yes,yes,T14,T15
C039_F329,1-2,C039,cluster30,yes,yes,T18,T04
C039_F330,0-0,C039,cluster30,yes,yes,T14,T07
C039_F331,0-1,C039,cluster30,yes,yes,T11,T01
C039_F336,1-1,C039,cluster30,yes,yes,T18,T07
C039_F342,2-2,C039,cluster30,yes,yes,T11,T03
C039_F344,0-2,C039,cluster30,yes,yes,T18,T01
C039_F348,0-0,C039,cluster30,yes,yes,T19,T01
C039_F350,0-1,C039,cluster30,yes,yes,T18,T13
C039_F351,1-1,C039,cluster30,yes,yes,T19,T13
C039_F352,2-3,C039,cluster30,yes,yes,T01,T14
C039_F356,1-0,C039,cluster30,yes,yes,T18,T05
C039_F358,1-2,C039,cluster30,yes,yes,T04,T14
C039_F359,3-2,C039,cluster30,yes,yes,T14,T02
C039_F360,1-2,C039,cluster30,yes,yes,T11,T14
C039_F361,0-2,C039,cluster30,yes,yes,T13,T07
C039_F362,0-2,C039,cluster30,yes,yes,T14,T01
C039_F363,1-0,C039,cluster30,yes,yes,T19,T09
C039_F364,4-1,C039,cluster30,yes,yes,T11,T19
C039_F365,0-2,C039,cluster30,yes,yes,T08,T18
C039_F367,1-1,C039,cluster30,yes,yes,T12,T11
C039_F369,3-3,C039,cluster30,yes,yes,T16,T19
C039_F370,2-2,C039,cluster30,yes,yes,T19,T03
C039_F372,1-1,C039,cluster30,yes,yes,T02,T19
C039_F373,5-2,C039,cluster30,yes,yes,T11,T05
C039_F375,4-1,C039,cluster30,yes,yes,T12,T18
C039_F376,4-1,C039,cluster30,yes,yes,T13,T06
C039_F378,3-1,C039,cluster30,yes,yes,T18,T15
C039_F379,1-1,C039,cluster30,yes,yes,T20,T13
C040_F001,3-0,C040,halftime60,no,yes,T08,T13
C040_F002,1-2,C040,halftime60,no,yes,T09,T06
C040_F004,0-2,C040,halftime60,no,yes,T17,T08
C040_F005,2-0,C040,halftime60,no,yes,T08,T12
C040_F006,1-1,C040,halftime60,no,yes,T03,T10
C040_F008,1-0,C040,halftime60,no,yes,T06,T11
C040_F009,0-0,C040,halftime60,no,yes,T12,T07
C040_F010,0-0,C040,halftime60,no,yes,T13,T02
C040_F011,3-0,C040,halftime60,no,yes,T14,T06
C040_F012,0-2,C040,halftime60,no,yes,T01,T10
C040_F013,3-1,C040,halftime60,no,yes,T14,T18
C040_F016,2-2,C040,halftime60,no,yes,T13,T04
C040_F017,2-1,C040,halftime60,no,yes,T03,T05
C040_F018,0-1,C040,halftime60,no,yes,T18,T14
C040_F020,1-1,C040,halftime60,no,yes,T04,T06
C040_F021,3-1,C040,halftime60,no,yes,T04,T10
C040_F022,3-0,C040,halftime60,no,yes,T08,T02
C040_F026,2-1,C040,halftime60,no,yes,T10,T09
C040_F028,1-1,C040,halftime60,no,yes,T01,T18
C040_F029,2-1,C040,halftime60,no,yes,T04,T13
C040_F030,2-2,C040,halftime60,no,yes,T01,T11
C040_F034,5-1,C040,halftime60,no,yes,T03,T02
C040_F035,1-1,C040,halftime60,no,yes,T15,T09
C040_F037,1-2,C040,halftime60,no,yes,T12,T05
C040_F038,0-1,C040,halftime60,no,yes,T07,T02
C040_F040,0-0,C040,halftime60,no,yes,T16,T07
C040_F042,4-2,C040,halftime60,no,yes,T03,T09
C040_F043,4-1,C040,halftime60,no,yes,T09,T12
C040_F046,1-1,C040,halftime60,no,yes,T05,T09
C040_F048,1-2,C040,halftime60,no,yes,T09,T01
C040_F049,0-2,C040,halftime60,no,yes,T01,T17
C040_F050,0-0,C040,halftime60,no,yes,T17,T04
C040_F053,1-1,C040,halftime60,no,yes,T05,T16
C040_F056,0-0,C040,halftime60,no,yes,T09,T16
C040_F057,2-2,C040,halftime60,no,yes,T16,T15
C040_F058,0-2,C040,halftime60,no,yes,T17,T09
C040_F060,3-0,C040,halftime60,no,yes,T15,T17
C040_F062,2-0,C040,halftime60,no,yes,T16,T17
C040_F064,1-2,C040,halftime60,no,yes,T12,T03
C040_F067,4-2,C040,halftime60,no,yes,T05,T07
C040_F069,1-1,C040,halftime60,no,yes,T10,T17
C040_F071,4-1,C040,halftime60,no,yes,T06,T12
C040_F072,0-0,C040,halftime60,no,yes,T09,T14
C040_F073,0-0,C040,halftime60,no,yes,T08,T05
C040_F075,1-0,C040,halftime60,no,yes,T08,T07
C040_F076,2-1,C040,halftime60,no,yes,T04,T03
C040_F078,2-3,C040,halftime60,no,yes,T18,T11
C040_F082,2-1,C040,halftime60,no,yes,T09,T03
C040_F085,1-4,C040,halftime60,no,yes,T09,T11
C040_F086,1-2,C040,halftime60,no,yes,T16,T08
C040_F089,1-0,C040,halftime60,no,yes,T18,T08
C040_F091,0-0,C040,halftime60,no,yes,T02,T04
C040_F092,4-1,C040,halftime60,no,yes,T04,T09
C040_F094,2-1,C040,halftime60,no,yes,T06,T17
C040_F097,3-1,C040,halftime60,no,yes,T15,T12
C040_F098,2-1,C040,halftime60,no,yes,T15,T10
C040_F100,3-0,C040,halftime60,no,yes,T11,T18
C040_F101,3-1,C040,halftime60,no,yes,T03,T12
C040_F102,2-5,C040,halftime60,no,yes,T15,T11
C040_F103,2-3,C040,halftime60,no,yes,T07,T16
C040_F105,0-1,C040,halftime60,no,yes,T17,T03
C040_F106,1-1,C040,halftime60,no,yes,T13,T09
C040_F107,2-1,C040,halftime60,no,yes,T14,T05
C040_F108,0-2,C040,halftime60,no,yes,T15,T07
C040_F109,1-0,C040,halftime60,no,yes,T18,T09
C040_F110,0-0,C040,halftime60,no,yes,T10,T18
C040_F111,1-1,C040,halftime60,no,yes,T18,T16
C040_F112,3-0,C040,halftime60,no,yes,T14,T03
C040_F113,2-0,C040,halftime60,no,yes,T10,T07
C040_F115,0-1,C040,halftime60,no,yes,T06,T09
C040_F117,1-0,C040,halftime60,no,yes,T16,T09
C040_F118,1-0,C040,halftime60,no,yes,T11,T03
C040_F119,1-2,C040,halftime60,no,yes,T05,T03
C040_F120,2-2,C040,halftime60,no,yes,T05,T17
C040_F122,0-0,C040,halftime60,no,yes,T05,T11
C040_F124,1-1,C040,halftime60,no,yes,T08,T03
C040_F127,2-2,C040,halftime60,no,yes,T01,T13
C040_F129,0-1,C040,halftime60,no,yes,T16,T11
C040_F131,1-1,C040,halftime60,no,yes,T13,T18
C040_F132,1-0,C040,halftime60,no,yes,T02,T07
C040_F134,0-3,C040,halftime60,no,yes,T13,T14
C040_F135,0-6,C040,halftime60,no,yes,T17,T14
C040_F136,1-0,C040,halftime60,no,yes,T06,T01
C040_F137,0-2,C040,halftime60,no,yes,T16,T03
C040_F138,2-1,C040,halftime60,no,yes,T11,T06
C040_F139,1-2,C040,halftime60,no,yes,T10,T11
C040_F140,1-1,C040,halftime60,no,yes,T18,T17
C040_F141,0-2,C040,halftime60,no,yes,T02,T08
C040_F142,2-0,C040,halftime60,no,yes,T06,T05
C040_F144,6-1,C040,halftime60,no,yes,T11,T09
C040_F145,0-2,C040,halftime60,no,yes,T12,T09
C040_F149,1-0,C040,halftime60,no,yes,T11,T13
C040_F150,1-0,C040,halftime60,no,yes,T01,T02
C040_F156,1-3,C040,halftime60,no,yes,T09,T17
C040_F157,0-4,C040,halftime60,no,yes,T02,T05
C040_F158,0-1,C040,halftime60,no,yes,T09,T04
C040_F159,2-2,C040,halftime60,no,yes,T01,T15
C040_F160,4-1,C040,halftime60,no,yes,T13,T01
C040_F162,1-1,C040,halftime60,no,yes,T08,T10
C040_F163,2-0,C040,halftime60,no,yes,T03,T16
C040_F164,4-0,C040,halftime60,no,yes,T11,T02
C040_F166,3-0,C040,halftime60,no,yes,T01,T04
C040_F168,2-1,C040,halftime60,no,yes,T05,T13
C040_F169,2-1,C040,halftime60,no,yes,T07,T13
C040_F170,1-2,C040,halftime60,no,yes,T03,T11
C040_F171,1-1,C040,halftime60,no,yes,T10,T05
C040_F172,2-0,C040,halftime60,no,yes,T11,T01
C040_F175,2-2,C040,halftime60,no,yes,T08,T11
C040_F176,4-5,C040,halftime60,no,yes,T13,T11
C040_F177,4-2,C040,halftime60,no,yes,T11,T12
C040_F178,1-0,C040,halftime60,no,yes,T12,T01
C040_F179,1-4,C040,halftime60,no,yes,T02,T10
C040_F186,4-0,C040,halftime60,no,yes,T04,T05
C040_F187,0-3,C040,halftime60,no,yes,T11,T14
C040_F188,0-0,C040,halftime60,no,yes,T03,T17
C040_F191,3-1,C040,halftime60,no,yes,T13,T10
C040_F192,0-0,C040,halftime60,no,yes,T15,T13
C040_F193,0-0,C040,halftime60,no,yes,T07,T08
C040_F194,2-0,C040,halftime60,no,yes,T03,T15
C040_F195,2-0,C040,halftime60,no,yes,T13,T06
C040_F197,2-1,C040,halftime60,no,yes,T16,T05
C040_F198,0-0,C040,halftime60,no,yes,T01,T07
C040_F201,1-2,C040,halftime60,no,yes,T17,T07
C040_F202,1-3,C040,halftime60,no,yes,T02,T16
C040_F203,0-1,C040,halftime60,no,yes,T03,T01
C040_F204,1-0,C040,halftime60,no,yes,T02,T06
C040_F205,3-3,C040,halftime60,no,yes,T02,T14
C040_F212,2-2,C040,halftime60,no,yes,T13,T17
C040_F213,2-1,C040,halftime60,no,yes,T14,T07
C040_F218,2-2,C040,halftime60,no,yes,T17,T18
C040_F220,2-0,C040,halftime60,no,yes,T10,T15
C040_F224,3-1,C040,halftime60,no,yes,T16,T12
C040_F227,1-1,C040,halftime60,no,yes,T15,T04
C040_F230,1-1,C040,halftime60,no,yes,T02,T12
C040_F236,1-3,C040,halftime60,no,yes,T12,T04
C040_F237,0-1,C040,halftime60,no,yes,T08,T14
C040_F238,1-0,C040,halftime60,no,yes,T04,T18
C040_F240,3-1,C040,halftime60,no,yes,T04,T11
C040_F241,3-0,C040,halftime60,no,yes,T05,T12
C040_F243,2-3,C040,halftime60,no,yes,T13,T03
C040_F244,1-4,C040,halftime60,no,yes,T02,T03
C040_F245,0-0,C040,halftime60,no,yes,T08,T17
C040_F246,4-1,C040,halftime60,no,yes,T06,T16
C040_F247,0-0,C040,halftime60,no,yes,T09,T10
C040_F248,2-0,C040,halftime60,no,yes,T03,T07
C040_F249,1-3,C040,halftime60,no,yes,T08,T06
C040_F250,1-0,C040,halftime60,no,yes,T03,T08
C040_F251,4-1,C040,halftime60,no,yes,T08,T01
C040_F253,1-1,C040,halftime60,no,yes,T03,T06
C040_F254,1-1,C040,halftime60,no,yes,T14,T09
C040_F257,0-0,C040,halftime60,no,yes,T17,T11
C040_F258,2-1,C040,halftime60,no,yes,T01,T09
C040_F260,3-1,C040,halftime60,no,yes,T01,T03
C040_F261,2-1,C040,halftime60,no,yes,T08,T16
C040_F262,3-2,C040,halftime60,no,yes,T06,T04
C040_F263,1-1,C040,halftime60,no,yes,T05,T18
C040_F264,2-2,C040,halftime60,no,yes,T12,T13
C040_F267,4-0,C040,halftime60,no,yes,T14,T12
C040_F269,0-3,C040,halftime60,no,yes,T18,T13
C040_F270,2-1,C040,halftime60,no,yes,T10,T02
C040_F272,4-1,C040,halftime60,no,yes,T18,T12
C040_F273,1-2,C040,halftime60,no,yes,T12,T15
C040_F274,0-3,C040,halftime60,no,yes,T07,T11
C040_F276,1-0,C040,halftime60,no,yes,T07,T04
C040_F277,4-0,C040,halftime60,no,yes,T03,T04
C040_F279,0-1,C040,halftime60,no,yes,T13,T08
C040_F281,0-0,C040,halftime60,no,yes,T15,T05
C040_F282,0-2,C040,halftime60,no,yes,T07,T06
C040_F283,2-3,C040,halftime60,no,yes,T03,T14
C040_F284,1-0,C040,halftime60,no,yes,T17,T05
C040_F286,1-1,C040,halftime60,no,yes,T14,T15
C040_F288,1-0,C040,halftime60,no,yes,T14,T13
C040_F289,0-0,C040,halftime60,no,yes,T10,T06
C040_F290,1-4,C040,halftime60,no,yes,T10,T04
C040_F292,3-0,C040,halftime60,no,yes,T07,T17
C040_F293,1-1,C040,halftime60,no,yes,T08,T15
C040_F294,1-1,C040,halftime60,no,yes,T16,T14
C040_F295,0-1,C040,halftime60,no,yes,T04,T15
C040_F297,1-3,C040,halftime60,no,yes,T10,T03
C040_F299,1-1,C040,halftime60,no,yes,T16,T18
C040_F302,0-1,C040,halftime60,no,yes,T16,T01
C040_F303,0-0,C040,halftime60,no,yes,T10,T14
C040_F305,3-0,C040,halftime60,no,yes,T10,T08
C040_F306,1-0,C040,halftime60,no,yes,T01,T12
C041_F001,2-3,C041,scatter60,no,yes,T01,T22
C041_F002,1-1,C041,scatter60,no,yes,T17,T03
C041_F003,1-1,C041,scatter60,no,yes,T10,T09
C041_F009,3-1,C041,scatter60,no,yes,T09,T17
C041_F010,1-1,C041,scatter60,no,yes,T06,T21
C041_F014,1-0,C041,scatter60,no,yes,T03,T19
C041_F021,2-2,C041,scatter60,no,yes,T16,T22
C041_F023,2-3,C041,scatter60,no,yes,T06,T09
C041_F024,1-1,C041,scatter60,no,yes,T01,T17
C041_F025,0-0,C041,scatter60,no,yes,T01,T19
C041_F027,2-2,C041,scatter60,no,yes,T15,T05
C041_F028,2-0,C041,scatter60,no,yes,T12,T17
C041_F029,1-1,C041,scatter60,no,yes,T18,T11
C041_F031,1-2,C041,scatter60,no,yes,T20,T10
C041_F037,6-3,C041,scatter60,no,yes,T15,T07
C041_F038,1-1,C041,scatter60,no,yes,T19,T09
C041_F039,2-1,C041,scatter60,no,yes,T05,T22
C041_F040,1-1,C041,scatter60,no,yes,T22,T17
C041_F041,0-1,C041,scatter60,no,yes,T12,T20
C041_F042,1-2,C041,scatter60,no,yes,T07,T03
C041_F043,2-0,C041,scatter60,no,yes,T10,T06
C041_F049,1-0,C041,scatter60,no,yes,T19,T16
C041_F052,2-1,C041,scatter60,no,yes,T03,T21
C041_F056,1-1,C041,scatter60,no,yes,T07,T13
C041_F057,1-1,C041,scatter60,no,yes,T05,T18
C041_F058,1-3,C041,scatter60,no,yes,T09,T19
C041_F060,2-0,C041,scatter60,no,yes,T05,T20
C041_F061,1-2,C041,scatter60,no,yes,T21,T20
C041_F062,3-2,C041,scatter60,no,yes,T14,T08
C041_F063,1-1,C041,scatter60,no,yes,T19,T11
C041_F067,1-1,C041,scatter60,no,yes,T07,T20
C041_F068,1-2,C041,scatter60,no,yes,T20,T01
C041_F069,2-1,C041,scatter60,no,yes,T19,T21
C041_F071,1-1,C041,scatter60,no,yes,T15,T04
C041_F073,0-0,C041,scatter60,no,yes,T02,T08
C041_F076,2-1,C041,scatter60,no,yes,T12,T19
C041_F079,1-2,C041,scatter60,no,yes,T11,T13
C041_F080,0-0,C041,scatter60,no,yes,T06,T07
C041_F081,0-0,C041,scatter60,no,yes,T05,T13
C041_F082,2-2,C041,scatter60,no,yes,T15,T22
C041_F083,3-3,C041,scatter60,no,yes,T14,T09
C041_F084,1-1,C041,scatter60,no,yes,T10,T05
C041_F086,3-0,C041,scatter60,no,yes,T18,T02
C041_F088,0-0,C041,scatter60,no,yes,T16,T02
C041_F090,2-2,C041,scatter60,no,yes,T19,T05
C041_F092,1-1,C041,scatter60,no,yes,T08,T02
C041_F093,1-0,C041,scatter60,no,yes,T13,T01
C041_F094,0-1,C041,scatter60,no,yes,T14,T03
C041_F095,2-0,C041,scatter60,no,yes,T05,T02
C041_F098,2-0,C041,scatter60,no,yes,T14,T07
C041_F099,2-0,C041,scatter60,no,yes,T15,T17
C041_F102,1-2,C041,scatter60,no,yes,T08,T03
C041_F103,0-0,C041,scatter60,no,yes,T04,T10
C041_F108,1-0,C041,scatter60,no,yes,T02,T21
C041_F109,4-0,C041,scatter60,no,yes,T06,T10
C041_F111,0-0,C041,scatter60,no,yes,T01,T10
C041_F114,1-0,C041,scatter60,no,yes,T14,T17
C041_F115,2-3,C041,scatter60,no,yes,T09,T01
C041_F116,1-2,C041,scatter60,no,yes,T13,T20
C041_F117,1-0,C041,scatter60,no,yes,T11,T15
C041_F118,1-3,C041,scatter60,no,yes,T05,T12
C041_F119,0-1,C041,scatter60,no,yes,T13,T10
C041_F120,2-3,C041,scatter60,no,yes,T12,T21
C041_F121,3-0,C041,scatter60,no,yes,T16,T06
C041_F122,0-0,C041,scatter60,no,yes,T21,T06
C041_F124,1-1,C041,scatter60,no,yes,T21,T10
C041_F125,1-1,C041,scatter60,no,yes,T07,T16
C041_F127,1-0,C041,scatter60,no,yes,T02,T17
C041_F128,1-2,C041,scatter60,no,yes,T09,T12
C041_F130,1-0,C041,scatter60,no,yes,T16,T18
C041_F133,0-1,C041,scatter60,no,yes,T11,T09
C041_F134,0-0,C041,scatter60,no,yes,T07,T18
C041_F135,2-2,C041,scatter60,no,yes,T12,T03
C041_F136,3-1,C041,scatter60,no,yes,T14,T10
C041_F139,0-3,C041,scatter60,no,yes,T17,T13
C041_F140,2-1,C041,scatter60,no,yes,T06,T12
C041_F141,1-2,C041,scatter60,no,yes,T05,T14
C041_F144,0-0,C041,scatter60,no,yes,T06,T08
C041_F145,3-0,C041,scatter60,no,yes,T07,T22
C041_F146,2-0,C041,scatter60,no,yes,T17,T20
C041_F148,3-2,C041,scatter60,no,yes,T06,T15
C041_F149,1-0,C041,scatter60,no,yes,T18,T21
C041_F150,1-2,C041,scatter60,no,yes,T09,T21
C041_F151,1-1,C041,scatter60,no,yes,T08,T12
C041_F152,3-2,C041,scatter60,no,yes,T08,T18
C041_F153,2-3,C041,scatter60,no,yes,T13,T15
C041_F154,1-2,C041,scatter60,no,yes,T10,T18
C041_F155,0-0,C041,scatter60,no,yes,T22,T04
C041_F156,1-2,C041,scatter60,no,yes,T10,T20
C041_F158,1-0,C041,scatter60,no,yes,T07,T17
C041_F159,0-1,C041,scatter60,no,yes,T02,T09
C041_F160,2-4,C041,scatter60,no,yes,T11,T05
C041_F166,2-1,C041,scatter60,no,yes,T19,T14
C041_F167,0-1,C041,scatter60,no,yes,T15,T01
C041_F168,2-0,C041,scatter60,no,yes,T04,T11
C041_F171,0-1,C041,scatter60,no,yes,T05,T06
C041_F172,0-5,C041,scatter60,no,yes,T11,T06
C041_F180,3-2,C041,scatter60,no,yes,T08,T21
C041_F184,1-1,C041,scatter60,no,yes,T03,T01
C041_F185,1-1,C041,scatter60,no,yes,T12,T06
C041_F186,0-0,C041,scatter60,no,yes,T04,T22
C041_F188,1-1,C041,scatter60,no,yes,T08,T05
C041_F189,2-0,C041,scatter60,no,yes,T04,T17
C041_F190,3-2,C041,scatter60,no,yes,T01,T20
C041_F191,1-1,C041,scatter60,no,yes,T19,T13
C041_F192,1-0,C041,scatter60,no,yes,T02,T22
C041_F194,2-0,C041,scatter60,no,yes,T14,T19
C041_F196,0-0,C041,scatter60,no,yes,T13,T06
C041_F197,0-2,C041,scatter60,no,yes,T08,T10
C041_F198,0-3,C041,scatter60,no,yes,T17,T18
C041_F199,1-0,C041,scatter60,no,yes,T11,T07
C041_F200,3-2,C041,scatter60,no,yes,T03,T22
C041_F201,2-1,C041,scatter60,no,yes,T10,T12
C041_F202,1-0,C041,scatter60,no,yes,T18,T03
C041_F204,1-3,C041,scatter60,no,yes,T16,T20
C041_F205,3-0,C041,scatter60,no,yes,T04,T12
C041_F206,3-1,C041,scatter60,no,yes,T17,T06
C041_F208,1-0,C041,scatter60,no,yes,T09,T10
C041_F212,0-1,C041,scatter60,no,yes,T11,T18
C041_F213,3-0,C041,scatter60,no,yes,T22,T21
C041_F214,4-2,C041,scatter60,no,yes,T16,T11
C041_F215,0-1,C041,scatter60,no,yes,T16,T01
C041_F216,2-0,C041,scatter60,no,yes,T10,T07
C041_F218,2-1,C041,scatter60,no,yes,T16,T10
C041_F219,1-0,C041,scatter60,no,yes,T20,T05
C041_F221,0-0,C041,scatter60,no,yes,T06,T11
C041_F222,0-0,C041,scatter60,no,yes,T12,T15
C041_F229,1-0,C041,scatter60,no,yes,T02,T11
C041_F230,2-1,C041,scatter60,no,yes,T03,T07
C041_F231,1-1,C041,scatter60,no,yes,T09,T14
C041_F232,2-0,C041,scatter60,no,yes,T18,T04
C041_F233,1-1,C041,scatter60,no,yes,T02,T10
C041_F234,0-2,C041,scatter60,no,yes,T22,T15
C041_F235,1-0,C041,scatter60,no,yes,T04,T20
C041_F237,1-4,C041,scatter60,no,yes,T10,T22
C041_F238,1-0,C041,scatter60,no,yes,T17,T12
C041_F241,2-1,C041,scatter60,no,yes,T20,T11
C041_F244,2-1,C041,scatter60,no,yes,T19,T06
C041_F245,3-2,C041,scatter60,no,yes,T15,T21
C041_F247,1-0,C041,scatter60,no,yes,T06,T17
C041_F248,1-1,C041,scatter60,no,yes,T20,T08
C041_F249,0-0,C041,scatter60,no,yes,T07,T15
C041_F250,1-1,C041,scatter60,no,yes,T06,T14
C041_F251,1-1,C041,scatter60,no,yes,T08,T16
C041_F252,4-0,C041,scatter60,no,yes,T18,T05
C041_F253,2-0,C041,scatter60,no,yes,T20,T03
C041_F255,2-2,C041,scatter60,no,yes,T18,T15
C041_F256,1-0,C041,scatter60,no,yes,T14,T01
C041_F259,1-4,C041,scatter60,no,yes,T19,T22
C041_F260,0-0,C041,scatter60,no,yes,T13,T09
C041_F262,2-1,C041,scatter60,no,yes,T08,T06
C041_F263,2-1,C041,scatter60,no,yes,T14,T12
C041_F266,2-0,C041,scatter60,no,yes,T14,T16
C041_F267,0-0,C041,scatter60,no,yes,T19,T18
C041_F268,1-1,C041,scatter60,no,yes,T19,T17
C041_F270,0-2,C041,scatter60,no,yes,T07,T11
C041_F271,2-2,C041,scatter60,no,yes,T22,T12
C041_F272,4-4,C041,scatter60,no,yes,T03,T20
C041_F274,0-2,C041,scatter60,no,yes,T14,T05
C041_F277,1-2,C041,scatter60,no,yes,T10,T02
C041_F278,1-1,C041,scatter60,no,yes,T07,T19
C041_F280,1-0,C041,scatter60,no,yes,T12,T02
C041_F281,1-2,C041,scatter60,no,yes,T17,T07
C041_F282,0-0,C041,scatter60,no,yes,T21,T15
C041_F283,1-1,C041,scatter60,no,yes,T06,T03
C041_F284,2-2,C041,scatter60,no,yes,T01,T07
C041_F286,1-2,C041,scatter60,no,yes,T07,T02
C041_F289,1-1,C041,scatter60,no,yes,T03,T05
C041_F290,0-1,C041,scatter60,no,yes,T06,T13
C041_F292,3-1,C041,scatter60,no,yes,T07,T05
C041_F295,1-1,C041,scatter60,no,yes,T09,T05
C041_F296,2-2,C041,scatter60,no,yes,T14,T15
C041_F297,0-0,C041,scatter60,no,yes,T19,T07
C041_F298,4-0,C041,scatter60,no,yes,T22,T06
C041_F299,1-1,C041,scatter60,no,yes,T15,T13
C041_F300,0-1,C041,scatter60,no,yes,T21,T19
C041_F303,0-0,C041,scatter60,no,yes,T01,T14
C041_F305,0-1,C041,scatter60,no,yes,T18,T07
C041_F307,1-0,C041,scatter60,no,yes,T12,T11
C041_F308,1-0,C041,scatter60,no,yes,T13,T07
C041_F309,1-1,C041,scatter60,no,yes,T15,T20
C041_F311,1-0,C041,scatter60,no,yes,T15,T10
C041_F312,0-1,C041,scatter60,no,yes,T17,T01
C041_F313,0-1,C041,scatter60,no,yes,T17,T05
C041_F314,1-1,C041,scatter60,no,yes,T10,T13
C041_F315,1-0,C041,scatter60,no,yes,T05,T17
C041_F316,2-0,C041,scatter60,no,yes,T03,T04
C041_F317,1-0,C041,scatter60,no,yes,T20,T13
C041_F318,1-0,C041,scatter60,no,yes,T19,T03
C041_F319,1-1,C041,scatter60,no,yes,T12,T22
C041_F320,2-0,C041,scatter60,no,yes,T02,T18
C041_F322,3-1,C041,scatter60,no,yes,T20,T19
C041_F323,3-0,C041,scatter60,no,yes,T13,T17
C041_F327,4-0,C041,scatter60,no,yes,T04,T02
C041_F330,1-0,C041,scatter60,no,yes,T11,T14
C041_F332,1-0,C041,scatter60,no,yes,T05,T21
C041_F333,3-0,C041,scatter60,no,yes,T01,T06
C041_F334,0-1,C041,scatter60,no,yes,T04,T13
C041_F336,3-0,C041,scatter60,no,yes,T01,T21
C041_F337,0-0,C041,scatter60,no,yes,T05,T16
C041_F338,2-1,C041,scatter60,no,yes,T08,T04
C041_F339,0-2,C041,scatter60,no,yes,T08,T01
C041_F341,4-1,C041,scatter60,no,yes,T22,T05
C041_F342,3-0,C041,scatter60,no,yes,T22,T02
C041_F343,1-1,C041,scatter60,no,yes,T11,T01
C041_F344,3-1,C041,scatter60,no,yes,T09,T04
C041_F345,3-3,C041,scatter60,no,yes,T02,T20
C041_F347,0-3,C041,scatter60,no,yes,T14,T13
C041_F348,0-1,C041,scatter60,no,yes,T22,T03
C041_F349,1-1,C041,scatter60,no,yes,T13,T03
C041_F352,1-2,C041,scatter60,no,yes,T08,T09
C041_F354,3-0,C041,scatter60,no,yes,T11,T19
C041_F355,2-0,C041,scatter60,no,yes,T07,T01
C041_F358,1-1,C041,scatter60,no,yes,T11,T12
C041_F360,0-1,C041,scatter60,no,yes,T05,T09
C041_F361,0-0,C041,scatter60,no,yes,T05,T03
C041_F362,1-0,C041,scatter60,no,yes,T08,T13
C041_F364,1-3,C041,scatter60,no,yes,T17,T14
C041_F365,0-1,C041,scatter60,no,yes,T21,T13
C041_F366,2-1,C041,scatter60,no,yes,T07,T12
C041_F368,3-0,C041,scatter60,no,yes,T06,T04
C041_F369,1-2,C041,scatter60,no,yes,T15,T18
C041_F370,1-0,C041,scatter60,no,yes,T12,T07
C041_F371,2-3,C041,scatter60,no,yes,T21,T01
C041_F375,2-0,C041,scatter60,no,yes,T19,T02
C041_F376,1-1,C041,scatter60,no,yes,T08,T15
C041_F377,1-1,C041,scatter60,no,yes,T19,T04
C041_F379,1-2,C041,scatter60,no,yes,T05,T01
C041_F380,1-0,C041,scatter60,no,yes,T15,T11
C041_F381,3-0,C041,scatter60,no,yes,T18,T16
C041_F383,0-2,C041,scatter60,no,yes,T04,T06
C041_F385,0-1,C041,scatter60,no,yes,T12,T09
C041_F386,2-2,C041,scatter60,no,yes,T18,T13
C041_F387,0-0,C041,scatter60,no,yes,T21,T09
C041_F388,2-1,C041,scatter60,no,yes,T17,T21
C041_F389,2-1,C041,scatter60,no,yes,T21,T11
C041_F391,0-0,C041,scatter60,no,yes,T21,T08
C041_F393,1-0,C041,scatter60,no,yes,T16,T15
C041_F399,2-1,C041,scatter60,no,yes,T19,T20
C041_F400,2-0,C041,scatter60,no,yes,T11,T03
C041_F403,2-0,C041,scatter60,no,yes,T19,T10
C041_F406,1-0,C041,scatter60,no,yes,T01,T09
C041_F410,2-1,C041,scatter60,no,yes,T04,T15
C041_F411,2-0,C041,scatter60,no,yes,T18,T01
C041_F415,1-1,C041,scatter60,no,yes,T17,T22
C041_F416,2-0,C041,scatter60,no,yes,T09,T03
C041_F417,2-0,C041,scatter60,no,yes,T16,T19
C041_F418,0-1,C041,scatter60,no,yes,T09,T13
C041_F419,1-0,C041,scatter60,no,yes,T20,T16
C041_F420,1-0,C041,scatter60,no,yes,T06,T05
C041_F422,1-2,C041,scatter60,no,yes,T22,T11
C041_F423,2-0,C041,scatter60,no,yes,T07,T21
C041_F425,1-0,C041,scatter60,no,yes,T03,T12
C041_F426,1-1,C041,scatter60,no,yes,T22,T08
C041_F428,1-0,C041,scatter60,no,yes,T14,T04
C041_F429,4-1,C041,scatter60,no,yes,T02,T19
C041_F430,2-0,C041,scatter60,no,yes,T09,T15
C041_F431,2-0,C041,scatter60,no,yes,T01,T16
C041_F433,1-1,C041,scatter60,no,yes,T20,T09
C041_F435,0-1,C041,scatter60,no,yes,T20,T06
C041_F436,2-3,C041,scatter60,no,yes,T08,T19
C041_F437,3-1,C041,scatter60,no,yes,T11,T17
C041_F438,2-2,C041,scatter60,no,yes,T11,T10
C041_F439,0-0,C041,scatter60,no,yes,T04,T08
C041_F440,1-1,C041,scatter60,no,yes,T02,T03
C041_F441,1-0,C041,scatter60,no,yes,T12,T04
C041_F447,1-2,C041,scatter60,no,yes,T06,T02
C041_F448,1-3,C041,scatter60,no,yes,T16,T08
C041_F450,4-0,C041,scatter60,no,yes,T13,T16
C041_F451,0-2,C041,scatter60,no,yes,T16,T12
C041_F453,1-0,C041,scatter60,no,yes,T13,T05
C041_F455,3-1,C041,scatter60,no,yes,T08,T11
C041_F456,3-0,C041,scatter60,no,yes,T17,T08
C041_F457,1-0,C041,scatter60,no,yes,T01,T04
C041_F459,1-1,C041,scatter60,no,yes,T17,T09
C041_F460,0-0,C041,scatter60,no,yes,T03,T11
C041_F461,2-0,C041,scatter60,no,yes,T21,T04
C046_F004,1-0,C046,scatter40,no,no,T21,T03
C046_F005,2-2,C046,scatter40,no,no,T08,T01
C046_F009,1-1,C046,scatter40,no,no,T04,T10
C046_F010,1-3,C046,scatter40,no,no,T08,T21
C046_F011,2-0,C046,scatter40,no,no,T04,T02
C046_F014,0-2,C046,scatter40,no,no,T18,T10
C046_F016,2-0,C046,scatter40,no,no,T20,T01
C046_F017,0-0,C046,scatter40,no,no,T22,T02
C046_F018,3-2,C046,scatter40,no,no,T02,T01
C046_F020,3-3,C046,scatter40,no,no,T10,T20
C046_F021,2-1,C046,scatter40,no,no,T19,T22
C046_F022,0-1,C046,scatter40,no,no,T04,T13
C046_F025,2-0,C046,scatter40,no,no,T21,T10
C046_F027,0-0,C046,scatter40,no,no,T13,T05
C046_F028,1-2,C046,scatter40,no,no,T12,T23
C046_F032,0-1,C046,scatter40,no,no,T02,T13
C046_F035,1-1,C046,scatter40,no,no,T14,T22
C046_F037,0-1,C046,scatter40,no,no,T19,T23
C046_F038,1-0,C046,scatter40,no,no,T04,T01
C046_F043,3-0,C046,scatter40,no,no,T24,T17
C046_F044,2-0,C046,scatter40,no,no,T22,T12
C046_F050,4-0,C046,scatter40,no,no,T09,T23
C046_F053,1-2,C046,scatter40,no,no,T05,T15
C046_F056,1-0,C046,scatter40,no,no,T21,T09
C046_F063,1-1,C046,scatter40,no,no,T01,T24
C046_F067,1-0,C046,scatter40,no,no,T09,T11
C046_F068,0-1,C046,scatter40,no,no,T18,T19
C046_F070,2-3,C046,scatter40,no,no,T17,T03
C046_F072,1-1,C046,scatter40,no,no,T04,T08
C046_F078,2-0,C046,scatter40,no,no,T09,T15
C046_F081,1-0,C046,scatter40,no,no,T07,T20
C046_F083,0-1,C046,scatter40,no,no,T07,T22
C046_F087,1-0,C046,scatter40,no,no,T03,T07
C046_F090,0-4,C046,scatter40,no,no,T03,T13
C046_F092,0-2,C046,scatter40,no,no,T24,T14
C046_F093,0-0,C046,scatter40,no,no,T23,T11
C046_F094,1-1,C046,scatter40,no,no,T14,T05
C046_F098,1-2,C046,scatter40,no,no,T16,T20
C046_F099,0-5,C046,scatter40,no,no,T05,T21
C046_F100,2-1,C046,scatter40,no,no,T14,T11
C046_F102,1-1,C046,scatter40,no,no,T06,T24
C046_F106,2-2,C046,scatter40,no,no,T07,T16
C046_F109,4-0,C046,scatter40,no,no,T19,T13
C046_F113,3-1,C046,scatter40,no,no,T24,T03
C046_F121,2-2,C046,scatter40,no,no,T21,T06
C046_F122,0-1,C046,scatter40,no,no,T17,T13
C046_F123,1-0,C046,scatter40,no,no,T01,T02
C046_F129,1-1,C046,scatter40,no,no,T23,T20
C046_F130,2-2,C046,scatter40,no,no,T07,T10
C046_F132,0-0,C046,scatter40,no,no,T13,T04
C046_F133,3-1,C046,scatter40,no,no,T13,T09
C046_F137,1-1,C046,scatter40,no,no,T16,T03
C046_F146,2-3,C046,scatter40,no,no,T17,T10
C046_F148,1-1,C046,scatter40,no,no,T21,T23
C046_F150,3-0,C046,scatter40,no,no,T10,T11
C046_F151,4-2,C046,scatter40,no,no,T16,T08
C046_F154,2-2,C046,scatter40,no,no,T06,T02
C046_F157,3-0,C046,scatter40,no,no,T14,T21
C046_F161,3-1,C046,scatter40,no,no,T20,T06
C046_F162,0-0,C046,scatter40,no,no,T07,T09
C046_F165,0-2,C046,scatter40,no,no,T21,T13
C046_F167,2-1,C046,scatter40,no,no,T16,T21
C046_F173,1-2,C046,scatter40,no,no,T15,T24
C046_F174,1-2,C046,scatter40,no,no,T02,T04
C046_F178,4-2,C046,scatter40,no,no,T18,T01
C046_F181,0-5,C046,scatter40,no,no,T03,T23
C046_F184,2-5,C046,scatter40,no,no,T04,T14
C046_F185,1-1,C046,scatter40,no,no,T13,T07
C046_F187,2-1,C046,scatter40,no,no,T22,T11
C046_F192,0-0,C046,scatter40,no,no,T22,T21
C046_F193,3-0,C046,scatter40,no,no,T24,T01
C046_F196,3-2,C046,scatter40,no,no,T21,T17
C046_F199,0-0,C046,scatter40,no,no,T18,T11
C046_F201,1-0,C046,scatter40,no,no,T11,T03
C046_F210,2-1,C046,scatter40,no,no,T12,T13
C046_F211,1-4,C046,scatter40,no,no,T08,T02
C046_F213,2-2,C046,scatter40,no,no,T10,T24
C046_F215,0-0,C046,scatter40,no,no,T19,T01
C046_F217,3-2,C046,scatter40,no,no,T12,T16
C046_F218,1-1,C046,scatter40,no,no,T19,T12
C046_F220,5-0,C046,scatter40,no,no,T01,T11
C046_F221,1-1,C046,scatter40,no,no,T07,T04
C046_F223,2-0,C046,scatter40,no,no,T23,T06
C046_F225,0-1,C046,scatter40,no,no,T10,T01
C046_F227,1-1,C046,scatter40,no,no,T04,T16
C046_F228,2-0,C046,scatter40,no,no,T01,T05
C046_F229,1-3,C046,scatter40,no,no,T20,T07
C046_F230,0-1,C046,scatter40,no,no,T24,T23
C046_F231,1-1,C046,scatter40,no,no,T06,T07
C046_F232,3-3,C046,scatter40,no,no,T13,T06
C046_F233,2-3,C046,scatter40,no,no,T04,T12
C046_F238,1-0,C046,scatter40,no,no,T01,T22
C046_F239,0-1,C046,scatter40,no,no,T06,T20
C046_F244,1-1,C046,scatter40,no,no,T05,T19
C046_F247,1-2,C046,scatter40,no,no,T13,T16
C046_F254,0-1,C046,scatter40,no,no,T16,T13
C046_F255,1-2,C046,scatter40,no,no,T05,T14
C046_F258,1-0,C046,scatter40,no,no,T09,T03
C046_F259,0-0,C046,scatter40,no,no,T13,T23
C046_F265,0-1,C046,scatter40,no,no,T11,T01
C046_F267,2-1,C046,scatter40,no,no,T23,T09
C046_F269,2-0,C046,scatter40,no,no,T06,T08
C046_F275,2-2,C046,scatter40,no,no,T14,T12
C046_F278,2-0,C046,scatter40,no,no,T09,T13
C046_F280,0-3,C046,scatter40,no,no,T14,T06
C046_F288,0-1,C046,scatter40,no,no,T14,T16
C046_F289,1-2,C046,scatter40,no,no,T04,T18
C046_F290,0-2,C046,scatter40,no,no,T14,T23
C046_F292,2-1,C046,scatter40,no,no,T11,T07
C046_F293,1-0,C046,scatter40,no,no,T11,T13
C046_F297,4-2,C046,scatter40,no,no,T15,T03
C046_F301,1-1,C046,scatter40,no,no,T16,T09
C046_F302,4-1,C046,scatter40,no,no,T08,T06
C046_F303,1-0,C046,scatter40,no,no,T02,T15
C046_F307,3-2,C046,scatter40,no,no,T07,T14
C046_F309,0-2,C046,scatter40,no,no,T01,T06
C046_F311,1-1,C046,scatter40,no,no,T11,T15
C046_F321,3-1,C046,scatter40,no,no,T12,T08
C046_F327,3-0,C046,scatter40,no,no,T18,T07
C046_F330,0-3,C046,scatter40,no,no,T15,T11
C046_F340,3-0,C046,scatter40,no,no,T03,T05
C046_F345,0-1,C046,scatter40,no,no,T01,T08
C046_F350,1-1,C046,scatter40,no,no,T23,T02
C046_F351,2-0,C046,scatter40,no,no,T05,T12
C046_F353,2-0,C046,scatter40,no,no,T20,T23
C046_F358,1-2,C046,scatter40,no,no,T17,T02
C046_F359,4-1,C046,scatter40,no,no,T10,T14
C046_F364,2-1,C046,scatter40,no,no,T23,T21
C046_F366,1-2,C046,scatter40,no,no,T17,T04
C046_F367,1-1,C046,scatter40,no,no,T03,T11
C046_F368,3-1,C046,scatter40,no,no,T15,T18
C046_F371,0-1,C046,scatter40,no,no,T06,T01
C046_F373,0-0,C046,scatter40,no,no,T18,T09
C046_F377,1-2,C046,scatter40,no,no,T19,T03
C046_F379,1-2,C046,scatter40,no,no,T05,T16
C046_F381,0-1,C046,scatter40,no,no,T14,T02
C046_F384,1-0,C046,scatter40,no,no,T05,T20
C046_F389,0-0,C046,scatter40,no,no,T13,T20
C046_F390,1-1,C046,scatter40,no,no,T03,T17
C046_F391,1-1,C046,scatter40,no,no,T01,T18
C046_F393,2-0,C046,scatter40,no,no,T09,T05
C046_F394,2-3,C046,scatter40,no,no,T08,T18
C046_F395,1-0,C046,scatter40,no,no,T20,T21
C046_F396,0-1,C046,scatter40,no,no,T03,T18
C046_F397,3-0,C046,scatter40,no,no,T14,T08
C046_F398,2-0,C046,scatter40,no,no,T11,T05
C046_F400,1-1,C046,scatter40,no,no,T03,T22
C046_F401,2-0,C046,scatter40,no,no,T16,T12
C046_F402,1-0,C046,scatter40,no,no,T09,T04
C046_F404,6-0,C046,scatter40,no,no,T21,T07
C046_F409,3-0,C046,scatter40,no,no,T12,T01
C046_F410,0-1,C046,scatter40,no,no,T16,T02
C046_F411,2-1,C046,scatter40,no,no,T12,T11
C046_F418,3-0,C046,scatter40,no,no,T22,T05
C046_F420,0-4,C046,scatter40,no,no,T01,T10
C046_F422,2-2,C046,scatter40,no,no,T16,T11
C046_F423,0-4,C046,scatter40,no,no,T15,T02
C046_F424,0-0,C046,scatter40,no,no,T20,T22
C046_F426,1-0,C046,scatter40,no,no,T10,T09
C046_F428,0-1,C046,scatter40,no,no,T12,T24
C046_F429,1-1,C046,scatter40,no,no,T23,T04
C046_F432,1-1,C046,scatter40,no,no,T19,T09
C046_F433,2-1,C046,scatter40,no,no,T14,T17
C046_F436,0-3,C046,scatter40,no,no,T24,T22
C046_F437,1-0,C046,scatter40,no,no,T13,T02
C046_F440,0-2,C046,scatter40,no,no,T01,T12
C046_F442,0-1,C046,scatter40,no,no,T16,T05
C046_F443,1-0,C046,scatter40,no,no,T18,T17
C046_F446,1-0,C046,scatter40,no,no,T11,T19
C046_F447,0-0,C046,scatter40,no,no,T10,T06
C046_F450,5-2,C046,scatter40,no,no,T07,T08
C046_F451,1-0,C046,scatter40,no,no,T13,T14
C046_F452,1-0,C046,scatter40,no,no,T14,T01
C046_F454,1-0,C046,scatter40,no,no,T07,T13
C046_F457,2-1,C046,scatter40,no,no,T07,T21
C046_F460,1-2,C046,scatter40,no,no,T08,T12
C046_F461,0-1,C046,scatter40,no,no,T05,T09
C046_F468,0-2,C046,scatter40,no,no,T24,T11
C046_F470,2-1,C046,scatter40,no,no,T22,T01
C046_F471,1-0,C046,scatter40,no,no,T13,T12
C046_F472,1-2,C046,scatter40,no,no,T04,T24
C046_F476,1-1,C046,scatter40,no,no,T03,T09
C046_F477,1-1,C046,scatter40,no,no,T23,T01
C046_F478,1-3,C046,scatter40,no,no,T05,T02
C046_F479,3-1,C046,scatter40,no,no,T23,T19
C046_F480,3-0,C046,scatter40,no,no,T03,T06
C046_F482,1-4,C046,scatter40,no,no,T10,T18
C046_F483,2-1,C046,scatter40,no,no,T22,T18
C046_F486,1-2,C046,scatter40,no,no,T23,T10
C046_F487,3-2,C046,scatter40,no,no,T23,T22
C046_F488,2-1,C046,scatter40,no,no,T13,T22
C046_F492,1-2,C046,scatter40,no,no,T04,T09
C046_F493,1-2,C046,scatter40,no,no,T02,T08
C046_F496,2-2,C046,scatter40,no,no,T02,T24
C046_F497,0-1,C046,scatter40,no,no,T14,T15
C046_F503,0-1,C046,scatter40,no,no,T01,T03
C046_F506,2-3,C046,scatter40,no,no,T17,T07
C046_F507,0-0,C046,scatter40,no,no,T17,T14
C046_F508,2-3,C046,scatter40,no,no,T12,T15
C046_F510,5-1,C046,scatter40,no,no,T13,T08
C046_F512,0-1,C046,scatter40,no,no,T10,T13
C046_F513,2-1,C046,scatter40,no,no,T19,T24
C046_F518,0-1,C046,scatter40,no,no,T11,T23
C046_F519,2-1,C046,scatter40,no,no,T22,T17
C046_F520,1-0,C046,scatter40,no,no,T20,T03
C046_F522,2-1,C046,scatter40,no,no,T02,T23
C046_F524,3-1,C046,scatter40,no,no,T15,T05
C046_F527,1-1,C046,scatter40,no,no,T02,T19
C046_F529,1-2,C046,scatter40,no,no,T13,T21
C046_F530,0-0,C046,scatter40,no,no,T10,T04
C046_F532,2-2,C046,scatter40,no,no,T07,T02
C046_F534,2-3,C046,scatter40,no,no,T07,T23
C046_F537,2-2,C046,scatter40,no,no,T08,T11
C046_F538,1-3,C046,scatter40,no,no,T16,T23
C046_F539,0-0,C046,scatter40,no,no,T20,T18
C046_F540,3-0,C046,scatter40,no,no,T20,T19
C046_F543,0-4,C046,scatter40,no,no,T24,T21
C046_F546,2-0,C046,scatter40,no,no,T01,T14
C046_F547,1-2,C046,scatter40,no,no,T18,T05
C046_F548,1-1,C046,scatter40,no,no,T20,T02
C046_F550,2-0,C046,scatter40,no,no,T11,T18
C047_F002,0-1,C047,cluster20,no,yes,T06,T02
C047_F013,0-2,C047,cluster20,no,yes,T14,T13
C047_F018,2-0,C047,cluster20,no,yes,T11,T04
C047_F020,0-0,C047,cluster20,no,yes,T05,T06
C047_F021,1-2,C047,cluster20,no,yes,T06,T10
C047_F022,2-1,C047,cluster20,no,yes,T11,T12
C047_F025,0-0,C047,cluster20,no,yes,T01,T06
C047_F026,3-0,C047,cluster20,no,yes,T13,T04
C047_F027,0-1,C047,cluster20,no,yes,T16,T11
C047_F033,0-1,C047,cluster20,no,yes,T09,T06
C047_F034,1-2,C047,cluster20,no,yes,T12,T06
C047_F035,3-0,C047,cluster20,no,yes,T13,T05
C047_F039,0-2,C047,cluster20,no,yes,T11,T03
C047_F051,0-0,C047,cluster20,no,yes,T06,T16
C047_F052,0-0,C047,cluster20,no,yes,T13,T14
C047_F055,1-1,C047,cluster20,no,yes,T06,T05
C047_F060,1-1,C047,cluster20,no,yes,T11,T02
C047_F061,2-0,C047,cluster20,no,yes,T13,T06
C047_F064,1-1,C047,cluster20,no,yes,T07,T11
C047_F069,2-1,C047,cluster20,no,yes,T06,T09
C047_F070,1-0,C047,cluster20,no,yes,T06,T03
C047_F073,3-0,C047,cluster20,no,yes,T14,T06
C047_F077,2-3,C047,cluster20,no,yes,T06,T13
C047_F079,1-0,C047,cluster20,no,yes,T06,T01
C047_F082,1-1,C047,cluster20,no,yes,T08,T13
C047_F087,2-3,C047,cluster20,no,yes,T11,T05
C047_F088,3-0,C047,cluster20,no,yes,T12,T11
C047_F091,2-3,C047,cluster20,no,yes,T02,T11
C047_F092,2-0,C047,cluster20,no,yes,T05,T13
C047_F096,0-3,C047,cluster20,no,yes,T10,T13
C047_F097,2-2,C047,cluster20,no,yes,T13,T12
C047_F098,0-0,C047,cluster20,no,yes,T11,T06
C047_F102,0-0,C047,cluster20,no,yes,T09,T13
C047_F103,0-2,C047,cluster20,no,yes,T13,T11
C047_F105,1-1,C047,cluster20,no,yes,T12,T13
C047_F109,0-2,C047,cluster20,no,yes,T11,T01
C047_F113,2-0,C047,cluster20,no,yes,T10,T11
C047_F116,2-1,C047,cluster20,no,yes,T13,T01
C047_F117,0-0,C047,cluster20,no,yes,T03,T06
C047_F119,0-0,C047,cluster20,no,yes,T06,T07
C047_F120,1-1,C047,cluster20,no,yes,T05,T11
C047_F123,0-1,C047,cluster20,no,yes,T11,T16
C047_F132,1-1,C047,cluster20,no,yes,T03,T13
C047_F134,2-0,C047,cluster20,no,yes,T06,T12
C047_F136,1-1,C047,cluster20,no,yes,T13,T08
C047_F137,4-0,C047,cluster20,no,yes,T13,T02
C047_F139,1-2,C047,cluster20,no,yes,T07,T13
C047_F141,0-1,C047,cluster20,no,yes,T11,T10
C047_F143,2-1,C047,cluster20,no,yes,T04,T11
C047_F145,0-1,C047,cluster20,no,yes,T02,T06
C047_F153,0-0,C047,cluster20,no,yes,T09,T11
C047_F154,1-0,C047,cluster20,no,yes,T16,T13
C047_F155,1-1,C047,cluster20,no,yes,T06,T08
C047_F159,1-0,C047,cluster20,no,yes,T13,T16
C047_F160,1-1,C047,cluster20,no,yes,T06,T15
C047_F161,1-1,C047,cluster20,no,yes,T08,T06
C047_F162,3-0,C047,cluster20,no,yes,T03,T11
C047_F168,0-1,C047,cluster20,no,yes,T15,T11
C047_F174,0-0,C047,cluster20,no,yes,T01,T11
C047_F175,0-0,C047,cluster20,no,yes,T16,T06
C047_F176,0-1,C047,cluster20,no,yes,T06,T11
C047_F178,1-2,C047,cluster20,no,yes,T11,T08
C047_F179,0-0,C047,cluster20,no,yes,T15,T06
C047_F182,0-2,C047,cluster20,no,yes,T14,T11
C047_F184,1-2,C047,cluster20,no,yes,T08,T11
C047_F189,1-1,C047,cluster20,no,yes,T13,T10
C047_F190,1-1,C047,cluster20,no,yes,T13,T15
C047_F191,2-1,C047,cluster20,no,yes,T06,T14
C047_F192,4-2,C047,cluster20,no,yes,T13,T09
C047_F193,1-0,C047,cluster20,no,yes,T11,T14
C047_F194,0-0,C047,cluster20,no,yes,T11,T15
C047_F198,2-4,C047,cluster20,no,yes,T04,T13
C047_F201,1-0,C047,cluster20,no,yes,T07,T06
C047_F202,1-0,C047,cluster20,no,yes,T02,T13
C047_F203,2-4,C047,cluster20,no,yes,T13,T03
C047_F210,1-1,C047,cluster20,no,yes,T06,T04
C047_F217,0-1,C047,cluster20,no,yes,T01,T13
C047_F224,0-1,C047,cluster20,no,yes,T11,T07
C047_F230,3-2,C047,cluster20,no,yes,T15,T13
C047_F231,0-0,C047,cluster20,no,yes,T10,T06
C047_F232,3-2,C047,cluster20,no,yes,T04,T06
C047_F233,1-1,C047,cluster20,no,yes,T11,T13
C047_F236,2-0,C047,cluster20,no,yes,T11,T09
C047_F238,2-0,C047,cluster20,no,yes,T13,T07
C052_F008,0-0,C052,scatter40,no,no,T07,T19
C052_F009,0-3,C052,scatter40,no,no,T04,T10
C052_F014,4-3,C052,scatter40,no,no,T18,T06
C052_F015,1-1,C052,scatter40,no,no,T15,T19
C052_F017,4-1,C052,scatter40,no,no,T20,T16
C052_F018,2-1,C052,scatter40,no,no,T01,T18
C052_F019,0-1,C052,scatter40,no,no,T11,T20
C052_F021,1-1,C052,scatter40,no,no,T12,T14
C052_F022,2-2,C052,scatter40,no,no,T07,T15
C052_F023,2-1,C052,scatter40,no,no,T16,T13
C052_F024,0-2,C052,scatter40,no,no,T05,T12
C052_F028,3-1,C052,scatter40,no,no,T14,T08
C052_F031,1-0,C052,scatter40,no,no,T06,T11
C052_F035,1-4,C052,scatter40,no,no,T05,T13
C052_F039,2-0,C052,scatter40,no,no,T13,T01
C052_F040,3-3,C052,scatter40,no,no,T06,T04
C052_F045,1-2,C052,scatter40,no,no,T18,T20
C052_F048,1-2,C052,scatter40,no,no,T12,T13
C052_F049,1-1,C052,scatter40,no,no,T02,T05
C052_F051,4-1,C052,scatter40,no,no,T04,T18
C052_F052,2-0,C052,scatter40,no,no,T08,T09
C052_F058,1-2,C052,scatter40,no,no,T13,T06
C052_F062,0-1,C052,scatter40,no,no,T03,T13
C052_F065,2-1,C052,scatter40,no,no,T01,T20
C052_F066,1-2,C052,scatter40,no,no,T20,T19
C052_F068,2-0,C052,scatter40,no,no,T01,T05
C052_F073,1-1,C052,scatter40,no,no,T08,T10
C052_F077,2-2,C052,scatter40,no,no,T17,T12
C052_F078,0-0,C052,scatter40,no,no,T12,T06
C052_F081,2-2,C052,scatter40,no,no,T06,T19
C052_F084,0-1,C052,scatter40,no,no,T10,T04
C052_F085,1-2,C052,scatter40,no,no,T02,T14
C052_F092,1-2,C052,scatter40,no,no,T07,T10
C052_F096,1-2,C052,scatter40,no,no,T07,T12
C052_F097,0-2,C052,scatter40,no,no,T08,T15
C052_F098,3-0,C052,scatter40,no,no,T09,T08
C052_F100,0-1,C052,scatter40,no,no,T02,T03
C052_F101,0-0,C052,scatter40,no,no,T03,T12
C052_F102,0-1,C052,scatter40,no,no,T09,T15
C052_F108,0-0,C052,scatter40,no,no,T10,T05
C052_F117,3-0,C052,scatter40,no,no,T01,T14
C052_F120,2-1,C052,scatter40,no,no,T18,T08
C052_F122,1-2,C052,scatter40,no,no,T18,T19
C052_F123,1-2,C052,scatter40,no,no,T11,T19
C052_F124,2-1,C052,scatter40,no,no,T13,T17
C052_F125,1-1,C052,scatter40,no,no,T17,T06
C052_F127,1-1,C052,scatter40,no,no,T20,T01
C052_F128,0-0,C052,scatter40,no,no,T12,T15
C052_F129,1-0,C052,scatter40,no,no,T16,T01
C052_F130,5-2,C052,scatter40,no,no,T04,T07
C052_F132,0-1,C052,scatter40,no,no,T16,T11
C052_F134,0-3,C052,scatter40,no,no,T07,T02
C052_F136,2-0,C052,scatter40,no,no,T03,T17
C052_F137,2-0,C052,scatter40,no,no,T13,T02
C052_F139,2-2,C052,scatter40,no,no,T02,T15
C052_F141,2-0,C052,scatter40,no,no,T03,T11
C052_F143,0-5,C052,scatter40,no,no,T09,T10
C052_F144,3-0,C052,scatter40,no,no,T17,T09
C052_F145,3-1,C052,scatter40,no,no,T06,T03
C052_F146,2-1,C052,scatter40,no,no,T09,T12
C052_F147,0-2,C052,scatter40,no,no,T01,T02
C052_F150,0-2,C052,scatter40,no,no,T18,T16
C052_F152,2-1,C052,scatter40,no,no,T14,T03
C052_F153,0-1,C052,scatter40,no,no,T09,T04
C052_F160,0-3,C052,scatter40,no,no,T03,T01
C052_F161,0-0,C052,scatter40,no,no,T17,T02
C052_F162,3-1,C052,scatter40,no,no,T17,T18
C052_F164,3-0,C052,scatter40,no,no,T17,T07
C052_F166,0-2,C052,scatter40,no,no,T17,T15
C052_F169,1-1,C052,scatter40,no,no,T04,T02
C052_F175,1-1,C052,scatter40,no,no,T04,T09
C052_F176,0-0,C052,scatter40,no,no,T05,T18
C052_F180,2-1,C052,scatter40,no,no,T07,T11
C052_F182,1-1,C052,scatter40,no,no,T03,T20
C052_F183,0-0,C052,scatter40,no,no,T17,T14
C052_F185,3-0,C052,scatter40,no,no,T15,T06
C052_F186,2-2,C052,scatter40,no,no,T02,T13
C052_F190,2-2,C052,scatter40,no,no,T18,T02
C052_F192,1-1,C052,scatter40,no,no,T04,T17
C052_F193,2-1,C052,scatter40,no,no,T15,T01
C052_F194,2-2,C052,scatter40,no,no,T10,T13
C052_F199,0-1,C052,scatter40,no,no,T03,T18
C052_F201,1-1,C052,scatter40,no,no,T10,T19
C052_F204,1-3,C052,scatter40,no,no,T02,T12
C052_F205,1-2,C052,scatter40,no,no,T04,T01
C052_F206,3-1,C052,scatter40,no,no,T10,T06
C052_F207,2-1,C052,scatter40,no,no,T15,T04
C052_F208,3-0,C052,scatter40,no,no,T03,T05
C052_F209,3-0,C052,scatter40,no,no,T07,T06
C052_F211,0-1,C052,scatter40,no,no,T13,T20
C052_F214,4-0,C052,scatter40,no,no,T16,T19
C052_F215,3-0,C052,scatter40,no,no,T20,T14
C052_F216,4-3,C052,scatter40,no,no,T16,T09
C052_F217,1-1,C052,scatter40,no,no,T19,T16
C052_F219,2-2,C052,scatter40,no,no,T08,T13
C052_F220,1-2,C052,scatter40,no,no,T16,T02
C052_F222,1-0,C052,scatter40,no,no,T18,T05
C052_F223,0-2,C052,scatter40,no,no,T07,T17
C052_F227,1-1,C052,scatter40,no,no,T07,T01
C052_F228,1-1,C052,scatter40,no,no,T05,T15
C052_F231,1-0,C052,scatter40,no,no,T16,T15
C052_F234,1-0,C052,scatter40,no,no,T04,T20
C052_F235,3-0,C052,scatter40,no,no,T10,T02
C052_F236,3-1,C052,scatter40,no,no,T07,T18
C052_F244,2-1,C052,scatter40,no,no,T09,T17
C052_F245,0-0,C052,scatter40,no,no,T19,T18
C052_F247,3-2,C052,scatter40,no,no,T09,T19
C052_F249,2-0,C052,scatter40,no,no,T13,T09
C052_F250,0-0,C052,scatter40,no,no,T10,T14
C052_F251,3-2,C052,scatter40,no,no,T01,T06
C052_F256,0-0,C052,scatter40,no,no,T12,T09
C052_F258,2-0,C052,scatter40,no,no,T03,T14
C052_F259,2-1,C052,scatter40,no,no,T19,T15
C052_F260,1-1,C052,scatter40,no,no,T06,T13
C052_F263,0-1,C052,scatter40,no,no,T06,T01
C052_F267,1-0,C052,scatter40,no,no,T14,T10
C052_F269,1-0,C052,scatter40,no,no,T17,T16
C052_F272,0-1,C052,scatter40,no,no,T07,T20
C052_F273,2-2,C052,scatter40,no,no,T05,T20
C052_F279,1-3,C052,scatter40,no,no,T03,T10
C052_F280,4-4,C052,scatter40,no,no,T13,T19
C052_F281,2-1,C052,scatter40,no,no,T16,T20
C052_F282,2-0,C052,scatter40,no,no,T11,T14
C052_F284,4-2,C052,scatter40,no,no,T13,T15
C052_F287,2-2,C052,scatter40,no,no,T12,T11
C052_F288,1-2,C052,scatter40,no,no,T12,T20
C052_F290,1-2,C052,scatter40,no,no,T02,T04
C052_F292,1-2,C052,scatter40,no,no,T14,T11
C052_F297,1-1,C052,scatter40,no,no,T07,T13
C052_F306,0-0,C052,scatter40,no,no,T06,T18
C052_F307,0-1,C052,scatter40,no,no,T13,T11
C052_F310,0-2,C052,scatter40,no,no,T08,T07
C052_F311,1-2,C052,scatter40,no,no,T01,T16
C052_F316,3-0,C052,scatter40,no,no,T11,T03
C052_F327,1-1,C052,scatter40,no,no,T11,T07
C052_F331,1-0,C052,scatter40,no,no,T02,T11
C052_F334,1-2,C052,scatter40,no,no,T11,T04
C052_F335,2-2,C052,scatter40,no,no,T08,T02
C052_F337,3-1,C052,scatter40,no,no,T14,T17
C052_F342,1-1,C052,scatter40,no,no,T08,T05
C052_F343,1-0,C052,scatter40,no,no,T14,T06
C052_F349,3-1,C052,scatter40,no,no,T19,T14
C052_F360,3-1,C052,scatter40,no,no,T10,T17
C052_F361,2-2,C052,scatter40,no,no,T15,T02
C052_F362,0-3,C052,scatter40,no,no,T16,T12
C052_F363,3-1,C052,scatter40,no,no,T17,T13
C052_F365,0-1,C052,scatter40,no,no,T02,T19
C052_F369,1-2,C052,scatter40,no,no,T02,T16
C052_F370,3-0,C052,scatter40,no,no,T15,T03
C052_F376,2-0,C052,scatter40,no,no,T19,T10
C052_F378,0-1,C052,scatter40,no,no,T08,T01
C052_F379,1-0,C052,scatter40,no,no,T16,T05
C058_F001,0-2,C058,cluster30,yes,yes,T17,T16
C058_F003,1-2,C058,cluster30,yes,yes,T02,T16
C058_F005,2-5,C058,cluster30,yes,yes,T14,T09
C058_F007,3-1,C058,cluster30,yes,yes,T20,T14
C058_F008,2-0,C058,cluster30,yes,yes,T20,T13
C058_F010,1-1,C058,cluster30,yes,yes,T13,T18
C058_F012,1-5,C058,cluster30,yes,yes,T09,T05
C058_F014,2-2,C058,cluster30,yes,yes,T02,T09
C058_F015,2-4,C058,cluster30,yes,yes,T09,T14
C058_F016,4-2,C058,cluster30,yes,yes,T20,T17
C058_F018,1-1,C058,cluster30,yes,yes,T03,T02
C058_F019,6-1,C058,cluster30,yes,yes,T19,T13
C058_F020,0-1,C058,cluster30,yes,yes,T09,T03
C058_F021,1-1,C058,cluster30,yes,yes,T16,T08
C058_F022,1-1,C058,cluster30,yes,yes,T04,T03
C058_F023,3-1,C058,cluster30,yes,yes,T02,T13
C058_F024,3-0,C058,cluster30,yes,yes,T02,T08
C058_F025,0-2,C058,cluster30,yes,yes,T20,T15
C058_F026,3-1,C058,cluster30,yes,yes,T10,T13
C058_F031,1-1,C058,cluster30,yes,yes,T08,T03
C058_F033,1-3,C058,cluster30,yes,yes,T09,T19
C058_F034,3-0,C058,cluster30,yes,yes,T11,T20
C058_F035,2-3,C058,cluster30,yes,yes,T04,T09
C058_F038,0-3,C058,cluster30,yes,yes,T20,T06
C058_F039,0-3,C058,cluster30,yes,yes,T03,T14
C058_F041,3-5,C058,cluster30,yes,yes,T15,T13
C058_F042,0-1,C058,cluster30,yes,yes,T02,T06
C058_F045,2-5,C058,cluster30,yes,yes,T08,T20
C058_F048,3-2,C058,cluster30,yes,yes,T16,T07
C058_F049,1-2,C058,cluster30,yes,yes,T03,T20
C058_F050,3-1,C058,cluster30,yes,yes,T20,T16
C058_F051,0-2,C058,cluster30,yes,yes,T03,T04
C058_F055,0-1,C058,cluster30,yes,yes,T17,T02
C058_F058,3-2,C058,cluster30,yes,yes,T15,T16
C058_F059,2-2,C058,cluster30,yes,yes,T03,T18
C058_F060,1-2,C058,cluster30,yes,yes,T15,T20
C058_F062,2-1,C058,cluster30,yes,yes,T16,T06
C058_F063,1-2,C058,cluster30,yes,yes,T16,T19
C058_F065,2-4,C058,cluster30,yes,yes,T09,T13
C058_F069,4-3,C058,cluster30,yes,yes,T07,T02
C058_F072,0-1,C058,cluster30,yes,yes,T08,T16
C058_F073,1-0,C058,cluster30,yes,yes,T02,T14
C058_F074,0-2,C058,cluster30,yes,yes,T20,T12
C058_F075,2-1,C058,cluster30,yes,yes,T03,T06
C058_F077,0-3,C058,cluster30,yes,yes,T16,T12
C058_F079,1-3,C058,cluster30,yes,yes,T06,T16
C058_F081,2-0,C058,cluster30,yes,yes,T03,T17
C058_F084,1-1,C058,cluster30,yes,yes,T12,T20
C058_F085,1-1,C058,cluster30,yes,yes,T13,T01
C058_F086,1-2,C058,cluster30,yes,yes,T19,T03
C058_F087,3-0,C058,cluster30,yes,yes,T01,T20
C058_F088,2-0,C058,cluster30,yes,yes,T01,T09
C058_F089,1-1,C058,cluster30,yes,yes,T01,T02
C058_F090,1-2,C058,cluster30,yes,yes,T07,T03
C058_F094,3-1,C058,cluster30,yes,yes,T20,T11
C058_F095,3-2,C058,cluster30,yes,yes,T04,T13
C058_F096,3-1,C058,cluster30,yes,yes,T16,T15
C058_F097,4-1,C058,cluster30,yes,yes,T16,T03
C058_F098,1-1,C058,cluster30,yes,yes,T02,T07
C058_F099,1-1,C058,cluster30,yes,yes,T12,T16
C058_F104,0-1,C058,cluster30,yes,yes,T01,T13
C058_F105,2-1,C058,cluster30,yes,yes,T12,T02
C058_F108,2-4,C058,cluster30,yes,yes,T01,T16
C058_F110,0-1,C058,cluster30,yes,yes,T10,T03
C058_F111,2-0,C058,cluster30,yes,yes,T06,T02
C058_F112,2-1,C058,cluster30,yes,yes,T16,T10
C058_F114,3-0,C058,cluster30,yes,yes,T05,T16
C058_F116,1-1,C058,cluster30,yes,yes,T09,T01
C058_F117,1-3,C058,cluster30,yes,yes,T14,T13
C058_F118,0-0,C058,cluster30,yes,yes,T02,T20
C058_F120,3-1,C058,cluster30,yes,yes,T20,T09
C058_F121,0-0,C058,cluster30,yes,yes,T07,T16
C058_F122,1-0,C058,cluster30,yes,yes,T09,T06
C058_F123,0-0,C058,cluster30,yes,yes,T03,T19
C058_F124,2-0,C058,cluster30,yes,yes,T12,T03
C058_F126,3-1,C058,cluster30,yes,yes,T12,T13
C058_F127,3-2,C058,cluster30,yes,yes,T02,T17
C058_F128,2-1,C058,cluster30,yes,yes,T12,T09
C058_F129,2-2,C058,cluster30,yes,yes,T09,T17
C058_F130,1-1,C058,cluster30,yes,yes,T07,T13
C058_F132,3-2,C058,cluster30,yes,yes,T20,T04
C058_F133,2-0,C058,cluster30,yes,yes,T14,T16
C058_F134,3-3,C058,cluster30,yes,yes,T05,T09
C058_F135,2-2,C058,cluster30,yes,yes,T16,T01
C058_F138,3-3,C058,cluster30,yes,yes,T04,T02
C058_F139,2-2,C058,cluster30,yes,yes,T20,T08
C058_F142,1-1,C058,cluster30,yes,yes,T14,T20
C058_F143,4-2,C058,cluster30,yes,yes,T02,T05
C058_F145,1-1,C058,cluster30,yes,yes,T03,T09
C058_F152,1-1,C058,cluster30,yes,yes,T18,T13
C058_F155,2-0,C058,cluster30,yes,yes,T09,T10
C058_F158,1-3,C058,cluster30,yes,yes,T18,T16
C058_F159,2-0,C058,cluster30,yes,yes,T16,T13
C058_F160,2-2,C058,cluster30,yes,yes,T14,T02
C058_F162,0-3,C058,cluster30,yes,yes,T03,T13
C058_F165,1-2,C058,cluster30,yes,yes,T20,T03
C058_F167,3-0,C058,cluster30,yes,yes,T09,T15
C058_F168,1-2,C058,cluster30,yes,yes,T10,T20
C058_F170,1-0,C058,cluster30,yes,yes,T16,T04
C058_F175,3-1,C058,cluster30,yes,yes,T13,T17
C058_F179,4-1,C058,cluster30,yes,yes,T10,T16
C058_F182,0-3,C058,cluster30,yes,yes,T03,T11
C058_F185,3-3,C058,cluster30,yes,yes,T13,T19
C058_F186,0-0,C058,cluster30,yes,yes,T04,T20
C058_F188,1-3,C058,cluster30,yes,yes,T06,T13
C058_F192,3-1,C058,cluster30,yes,yes,T08,T02
C058_F195,4-3,C058,cluster30,yes,yes,T10,T02
C058_F197,4-0,C058,cluster30,yes,yes,T15,T09
C058_F198,3-2,C058,cluster30,yes,yes,T09,T02
C058_F202,0-0,C058,cluster30,yes,yes,T11,T16
C058_F203,1-0,C058,cluster30,yes,yes,T05,T03
C058_F207,1-1,C058,cluster30,yes,yes,T18,T09
C058_F208,0-6,C058,cluster30,yes,yes,T06,T20
C058_F209,1-1,C058,cluster30,yes,yes,T11,T02
C058_F210,1-1,C058,cluster30,yes,yes,T13,T10
C058_F211,2-2,C058,cluster30,yes,yes,T06,T03
C058_F214,1-3,C058,cluster30,yes,yes,T19,T20
C058_F215,1-2,C058,cluster30,yes,yes,T15,T03
C058_F216,1-1,C058,cluster30,yes,yes,T13,T04
C058_F223,0-3,C058,cluster30,yes,yes,T03,T07
C058_F224,4-0,C058,cluster30,yes,yes,T13,T03
C058_F229,2-2,C058,cluster30,yes,yes,T02,T15
C058_F230,4-3,C058,cluster30,yes,yes,T19,T16
C058_F232,1-1,C058,cluster30,yes,yes,T16,T17
C058_F234,0-0,C058,cluster30,yes,yes,T03,T01
C058_F237,2-0,C058,cluster30,yes,yes,T13,T02
C058_F238,0-0,C058,cluster30,yes,yes,T09,T16
C058_F239,1-2,C058,cluster30,yes,yes,T17,T13
C058_F243,1-1,C058,cluster30,yes,yes,T19,T09
C058_F245,1-2,C058,cluster30,yes,yes,T07,T20
C058_F246,3-0,C058,cluster30,yes,yes,T09,T11
C058_F248,0-1,C058,cluster30,yes,yes,T20,T01
C058_F251,3-0,C058,cluster30,yes,yes,T20,T02
C058_F253,0-1,C058,cluster30,yes,yes,T02,T11
C058_F254,1-3,C058,cluster30,yes,yes,T03,T10
C058_F255,0-0,C058,cluster30,yes,yes,T13,T11
C058_F260,3-1,C058,cluster30,yes,yes,T20,T05
C058_F261,0-0,C058,cluster30,yes,yes,T13,T15
C058_F262,4-1,C058,cluster30,yes,yes,T03,T05
C058_F265,2-1,C058,cluster30,yes,yes,T18,T02
C058_F266,0-2,C058,cluster30,yes,yes,T09,T18
C058_F267,0-3,C058,cluster30,yes,yes,T06,T09
C058_F275,1-1,C058,cluster30,yes,yes,T03,T12
C058_F276,1-1,C058,cluster30,yes,yes,T13,T07
C058_F278,1-1,C058,cluster30,yes,yes,T04,T16
C058_F281,1-0,C058,cluster30,yes,yes,T13,T14
C058_F284,1-1,C058,cluster30,yes,yes,T16,T14
C058_F285,0-0,C058,cluster30,yes,yes,T02,T01
C058_F287,1-3,C058,cluster30,yes,yes,T13,T12
C058_F288,2-2,C058,cluster30,yes,yes,T09,T07
C058_F292,5-2,C058,cluster30,yes,yes,T16,T20
C058_F294,1-1,C058,cluster30,yes,yes,T02,T03
C058_F296,0-1,C058,cluster30,yes,yes,T11,T09
C058_F297,1-1,C058,cluster30,yes,yes,T05,T13
C058_F300,3-4,C058,cluster30,yes,yes,T08,T09
C058_F301,0-0,C058,cluster30,yes,yes,T16,T18
C058_F302,2-1,C058,cluster30,yes,yes,T07,T09
C058_F303,1-2,C058,cluster30,yes,yes,T05,T02
C058_F304,4-2,C058,cluster30,yes,yes,T10,T09
C058_F305,1-1,C058,cluster30,yes,yes,T01,T03
C058_F306,1-0,C058,cluster30,yes,yes,T02,T04
C058_F308,2-1,C058,cluster30,yes,yes,T16,T02
C058_F310,3-2,C058,cluster30,yes,yes,T20,T19
C058_F313,2-1,C058,cluster30,yes,yes,T14,T03
C058_F314,2-0,C058,cluster30,yes,yes,T13,T05
C058_F315,3-1,C058,cluster30,yes,yes,T02,T12
C058_F319,1-2,C058,cluster30,yes,yes,T16,T05
C058_F321,5-1,C058,cluster30,yes,yes,T09,T20
C058_F323,2-1,C058,cluster30,yes,yes,T09,T04
C058_F325,1-0,C058,cluster30,yes,yes,T09,T12
C058_F327,4-2,C058,cluster30,yes,yes,T03,T15
C058_F328,2-3,C058,cluster30,yes,yes,T13,T20
C058_F329,1-1,C058,cluster30,yes,yes,T08,T13
C058_F330,1-0,C058,cluster30,yes,yes,T05,T20
C058_F331,1-0,C058,cluster30,yes,yes,T18,T03
C058_F332,2-1,C058,cluster30,yes,yes,T15,T02
C058_F333,1-0,C058,cluster30,yes,yes,T03,T08
C058_F334,0-0,C058,cluster30,yes,yes,T17,T03
C058_F337,1-1,C058,cluster30,yes,yes,T17,T20
C058_F338,0-2,C058,cluster30,yes,yes,T09,T08
C058_F339,2-3,C058,cluster30,yes,yes,T17,T09
C058_F341,4-2,C058,cluster30,yes,yes,T16,T09
C058_F342,0-1,C058,cluster30,yes,yes,T02,T10
C058_F344,0-0,C058,cluster30,yes,yes,T20,T07
C058_F345,2-4,C058,cluster30,yes,yes,T02,T19
C058_F346,0-3,C058,cluster30,yes,yes,T16,T11
C058_F350,1-0,C058,cluster30,yes,yes,T13,T08
C058_F351,0-3,C058,cluster30,yes,yes,T13,T16
C058_F353,0-1,C058,cluster30,yes,yes,T11,T03
C058_F357,1-0,C058,cluster30,yes,yes,T02,T18
C058_F364,1-2,C058,cluster30,yes,yes,T19,T02
C058_F366,1-2,C058,cluster30,yes,yes,T20,T18
C058_F367,2-1,C058,cluster30,yes,yes,T20,T10
C058_F368,5-4,C058,cluster30,yes,yes,T18,T20
C058_F373,2-1,C058,cluster30,yes,yes,T11,T13
C058_F374,3-0,C058,cluster30,yes,yes,T13,T09
C058_F375,1-2,C058,cluster30,yes,yes,T03,T16
C058_F377,0-0,C058,cluster30,yes,yes,T13,T06
C060_F005,2-0,C060,tailhalf40,yes,no,T18,T05
C060_F007,0-2,C060,tailhalf40,yes,no,T03,T09
C060_F010,4-1,C060,tailhalf40,yes,no,T14,T16
C060_F012,2-4,C060,tailhalf40,yes,no,T10,T08
C060_F013,4-2,C060,tailhalf40,yes,no,T05,T13
C060_F014,0-4,C060,tailhalf40,yes,no,T07,T10
C060_F015,0-2,C060,tailhalf40,yes,no,T11,T04
C060_F016,1-0,C060,tailhalf40,yes,no,T01,T03
C060_F020,1-2,C060,tailhalf40,yes,no,T09,T13
C060_F022,1-6,C060,tailhalf40,yes,no,T12,T14
C060_F023,3-2,C060,tailhalf40,yes,no,T13,T17
C060_F025,3-0,C060,tailhalf40,yes,no,T18,T03
C060_F031,0-1,C060,tailhalf40,yes,no,T03,T07
C060_F032,3-1,C060,tailhalf40,yes,no,T14,T06
C060_F037,4-0,C060,tailhalf40,yes,no,T05,T03
C060_F042,3-0,C060,tailhalf40,yes,no,T18,T06
C060_F047,2-1,C060,tailhalf40,yes,no,T16,T03
C060_F050,0-1,C060,tailhalf40,yes,no,T10,T14
C060_F051,1-1,C060,tailhalf40,yes,no,T10,T18
C060_F054,2-1,C060,tailhalf40,yes,no,T01,T07
C060_F057,2-1,C060,tailhalf40,yes,no,T04,T10
C060_F059,0-2,C060,tailhalf40,yes,no,T07,T18
C060_F063,2-1,C060,tailhalf40,yes,no,T10,T15
C060_F064,2-2,C060,tailhalf40,yes,no,T08,T09
C060_F065,2-0,C060,tailhalf40,yes,no,T01,T11
C060_F066,1-1,C060,tailhalf40,yes,no,T13,T18
C060_F067,2-2,C060,tailhalf40,yes,no,T09,T10
C060_F068,1-3,C060,tailhalf40,yes,no,T13,T01
C060_F071,0-2,C060,tailhalf40,yes,no,T11,T03
C060_F078,1-0,C060,tailhalf40,yes,no,T09,T02
C060_F083,3-0,C060,tailhalf40,yes,no,T09,T06
C060_F085,0-2,C060,tailhalf40,yes,no,T01,T05
C060_F086,0-2,C060,tailhalf40,yes,no,T17,T08
C060_F088,0-1,C060,tailhalf40,yes,no,T03,T04
C060_F090,3-2,C060,tailhalf40,yes,no,T06,T10
C060_F092,0-0,C060,tailhalf40,yes,no,T02,T03
C060_F094,1-2,C060,tailhalf40,yes,no,T10,T16
C060_F097,4-0,C060,tailhalf40,yes,no,T11,T18
C060_F098,1-0,C060,tailhalf40,yes,no,T11,T12
C060_F099,3-1,C060,tailhalf40,yes,no,T04,T12
C060_F102,2-1,C060,tailhalf40,yes,no,T16,T18
C060_F104,1-3,C060,tailhalf40,yes,no,T12,T18
C060_F106,0-1,C060,tailhalf40,yes,no,T17,T07
C060_F107,1-5,C060,tailhalf40,yes,no,T13,T15
C060_F108,7-1,C060,tailhalf40,yes,no,T18,T17
C060_F109,2-1,C060,tailhalf40,yes,no,T08,T18
C060_F110,0-2,C060,tailhalf40,yes,no,T02,T12
C060_F111,1-3,C060,tailhalf40,yes,no,T13,T06
C060_F113,1-4,C060,tailhalf40,yes,no,T15,T14
C060_F114,2-1,C060,tailhalf40,yes,no,T15,T17
C060_F116,3-1,C060,tailhalf40,yes,no,T17,T11
C060_F117,0-4,C060,tailhalf40,yes,no,T11,T09
C060_F119,1-0,C060,tailhalf40,yes,no,T17,T16
C060_F123,5-1,C060,tailhalf40,yes,no,T06,T02
C060_F125,6-0,C060,tailhalf40,yes,no,T01,T08
C060_F127,2-0,C060,tailhalf40,yes,no,T05,T07
C060_F142,1-0,C060,tailhalf40,yes,no,T15,T03
C060_F146,1-0,C060,tailhalf40,yes,no,T03,T10
C060_F147,2-3,C060,tailhalf40,yes,no,T12,T10
C060_F149,1-4,C060,tailhalf40,yes,no,T02,T05
C060_F153,1-1,C060,tailhalf40,yes,no,T13,T12
C060_F154,2-0,C060,tailhalf40,yes,no,T08,T16
C060_F156,2-0,C060,tailhalf40,yes,no,T04,T02
C060_F162,1-3,C060,tailhalf40,yes,no,T08,T11
C060_F163,1-2,C060,tailhalf40,yes,no,T01,T17
C060_F164,0-1,C060,tailhalf40,yes,no,T15,T09
C060_F165,2-0,C060,tailhalf40,yes,no,T07,T02
C060_F166,3-1,C060,tailhalf40,yes,no,T03,T06
C060_F167,2-1,C060,tailhalf40,yes,no,T04,T14
C060_F168,1-2,C060,tailhalf40,yes,no,T05,T11
C060_F171,2-0,C060,tailhalf40,yes,no,T08,T07
C060_F172,0-1,C060,tailhalf40,yes,no,T06,T11
C060_F174,0-1,C060,tailhalf40,yes,no,T09,T04
C060_F175,2-3,C060,tailhalf40,yes,no,T04,T13
C060_F179,2-1,C060,tailhalf40,yes,no,T14,T13
C060_F181,2-1,C060,tailhalf40,yes,no,T07,T04
C060_F182,0-1,C060,tailhalf40,yes,no,T17,T04
C060_F183,1-1,C060,tailhalf40,yes,no,T09,T17
C060_F186,1-3,C060,tailhalf40,yes,no,T09,T05
C060_F190,2-1,C060,tailhalf40,yes,no,T05,T16
C060_F193,0-2,C060,tailhalf40,yes,no,T12,T15
C060_F197,1-4,C060,tailhalf40,yes,no,T02,T14
C060_F198,0-0,C060,tailhalf40,yes,no,T18,T04
C060_F205,3-1,C060,tailhalf40,yes,no,T14,T09
C060_F207,1-3,C060,tailhalf40,yes,no,T14,T01
C060_F208,3-3,C060,tailhalf40,yes,no,T12,T08
C060_F212,1-1,C060,tailhalf40,yes,no,T17,T14
C060_F215,2-1,C060,tailhalf40,yes,no,T12,T05
C060_F216,0-3,C060,tailhalf40,yes,no,T07,T15
C060_F218,0-0,C060,tailhalf40,yes,no,T04,T08
C060_F219,3-4,C060,tailhalf40,yes,no,T11,T13
C060_F220,0-0,C060,tailhalf40,yes,no,T17,T10
C060_F223,0-2,C060,tailhalf40,yes,no,T02,T13
C060_F224,2-0,C060,tailhalf40,yes,no,T01,T02
C060_F225,0-2,C060,tailhalf40,yes,no,T07,T16
C060_F226,0-2,C060,tailhalf40,yes,no,T07,T06
C060_F227,1-1,C060,tailhalf40,yes,no,T01,T09
C060_F229,2-1,C060,tailhalf40,yes,no,T05,T08
C060_F232,3-0,C060,tailhalf40,yes,no,T17,T02
C060_F234,0-0,C060,tailhalf40,yes,no,T08,T03
C060_F238,1-1,C060,tailhalf40,yes,no,T10,T11
C060_F241,3-1,C060,tailhalf40,yes,no,T16,T09
C060_F252,4-1,C060,tailhalf40,yes,no,T14,T18
C060_F253,2-2,C060,tailhalf40,yes,no,T04,T01
C060_F254,2-1,C060,tailhalf40,yes,no,T18,T01
C060_F255,4-2,C060,tailhalf40,yes,no,T04,T05
C060_F260,5-1,C060,tailhalf40,yes,no,T06,T12
C060_F262,1-0,C060,tailhalf40,yes,no,T08,T02
C060_F263,0-4,C060,tailhalf40,yes,no,T02,T15
C060_F264,1-0,C060,tailhalf40,yes,no,T16,T11
C060_F265,1-0,C060,tailhalf40,yes,no,T11,T15
C060_F268,0-2,C060,tailhalf40,yes,no,T03,T12
C060_F269,1-2,C060,tailhalf40,yes,no,T16,T13
C060_F270,4-1,C060,tailhalf40,yes,no,T06,T08
C060_F272,1-4,C060,tailhalf40,yes,no,T13,T10
C060_F273,2-0,C060,tailhalf40,yes,no,T06,T17
C060_F275,1-0,C060,tailhalf40,yes,no,T14,T07
C060_F276,1-1,C060,tailhalf40,yes,no,T16,T06
C060_F280,1-0,C060,tailhalf40,yes,no,T16,T02
C060_F281,0-2,C060,tailhalf40,yes,no,T15,T16
C060_F290,4-1,C060,tailhalf40,yes,no,T05,T15
C060_F293,3-3,C060,tailhalf40,yes,no,T12,T07
C060_F295,1-3,C060,tailhalf40,yes,no,T12,T01
C060_F299,2-0,C060,tailhalf40,yes,no,T15,T01
C060_F303,4-2,C060,tailhalf40,yes,no,T06,T15
C060_F306,2-3,C060,tailhalf40,yes,no,T05,T14
C064_F001,2-1,C064,scatter60,no,yes,T04,T16
C064_F004,2-0,C064,scatter60,no,yes,T11,T06
C064_F008,1-1,C064,scatter60,no,yes,T05,T18
C064_F009,2-0,C064,scatter60,no,yes,T02,T08
C064_F010,2-0,C064,scatter60,no,yes,T13,T05
C064_F011,2-2,C064,scatter60,no,yes,T13,T09
C064_F013,2-2,C064,scatter60,no,yes,T10,T11
C064_F014,1-1,C064,scatter60,no,yes,T13,T06
C064_F015,4-2,C064,scatter60,no,yes,T03,T15
C064_F016,1-1,C064,scatter60,no,yes,T16,T02
C064_F017,0-2,C064,scatter60,no,yes,T02,T11
C064_F018,3-0,C064,scatter60,no,yes,T01,T06
C064_F019,0-1,C064,scatter60,no,yes,T11,T18
C064_F021,0-3,C064,scatter60,no,yes,T14,T01
C064_F022,0-1,C064,scatter60,no,yes,T08,T01
C064_F023,1-1,C064,scatter60,no,yes,T18,T06
C064_F026,0-0,C064,scatter60,no,yes,T15,T10
C064_F027,1-0,C064,scatter60,no,yes,T08,T07
C064_F028,2-3,C064,scatter60,no,yes,T18,T07
C064_F029,4-4,C064,scatter60,no,yes,T16,T15
C064_F030,1-0,C064,scatter60,no,yes,T18,T17
C064_F032,2-0,C064,scatter60,no,yes,T13,T12
C064_F034,1-0,C064,scatter60,no,yes,T04,T12
C064_F035,1-1,C064,scatter60,no,yes,T06,T09
C064_F037,1-1,C064,scatter60,no,yes,T13,T15
C064_F040,3-1,C064,scatter60,no,yes,T07,T17
C064_F041,3-0,C064,scatter60,no,yes,T07,T16
C064_F042,1-1,C064,scatter60,no,yes,T15,T18
C064_F043,1-1,C064,scatter60,no,yes,T16,T05
C064_F046,3-2,C064,scatter60,no,yes,T10,T18
C064_F048,2-0,C064,scatter60,no,yes,T17,T09
C064_F054,3-0,C064,scatter60,no,yes,T08,T05
C064_F055,1-3,C064,scatter60,no,yes,T15,T02
C064_F056,0-0,C064,scatter60,no,yes,T06,T14
C064_F057,0-0,C064,scatter60,no,yes,T06,T02
C064_F058,0-0,C064,scatter60,no,yes,T06,T13
C064_F059,2-1,C064,scatter60,no,yes,T01,T10
C064_F061,3-0,C064,scatter60,no,yes,T08,T16
C064_F064,1-1,C064,scatter60,no,yes,T11,T03
C064_F066,4-1,C064,scatter60,no,yes,T07,T09
C064_F068,1-1,C064,scatter60,no,yes,T05,T03
C064_F069,1-1,C064,scatter60,no,yes,T11,T02
C064_F071,1-1,C064,scatter60,no,yes,T18,T12
C064_F073,2-1,C064,scatter60,no,yes,T01,T12
C064_F074,1-1,C064,scatter60,no,yes,T18,T13
C064_F078,1-1,C064,scatter60,no,yes,T06,T10
C064_F079,1-3,C064,scatter60,no,yes,T11,T09
C064_F080,3-2,C064,scatter60,no,yes,T09,T07
C064_F081,2-1,C064,scatter60,no,yes,T02,T07
C064_F082,0-3,C064,scatter60,no,yes,T14,T09
C064_F084,1-2,C064,scatter60,no,yes,T16,T09
C064_F086,1-1,C064,scatter60,no,yes,T07,T13
C064_F087,2-2,C064,scatter60,no,yes,T07,T04
C064_F088,0-1,C064,scatter60,no,yes,T17,T14
C064_F089,0-0,C064,scatter60,no,yes,T02,T16
C064_F090,1-1,C064,scatter60,no,yes,T01,T18
C064_F092,2-4,C064,scatter60,no,yes,T08,T12
C064_F093,0-2,C064,scatter60,no,yes,T06,T18
C064_F096,0-3,C064,scatter60,no,yes,T02,T03
C064_F099,2-3,C064,scatter60,no,yes,T09,T08
C064_F103,0-0,C064,scatter60,no,yes,T18,T15
C064_F106,0-0,C064,scatter60,no,yes,T14,T12
C064_F108,1-1,C064,scatter60,no,yes,T02,T05
C064_F109,0-2,C064,scatter60,no,yes,T01,T17
C064_F114,1-1,C064,scatter60,no,yes,T10,T13
C064_F119,2-1,C064,scatter60,no,yes,T04,T09
C064_F120,2-1,C064,scatter60,no,yes,T04,T10
C064_F124,2-1,C064,scatter60,no,yes,T11,T17
C064_F126,4-1,C064,scatter60,no,yes,T04,T18
C064_F127,1-0,C064,scatter60,no,yes,T03,T14
C064_F129,2-0,C064,scatter60,no,yes,T13,T08
C064_F130,1-1,C064,scatter60,no,yes,T04,T06
C064_F131,0-0,C064,scatter60,no,yes,T15,T01
C064_F132,1-0,C064,scatter60,no,yes,T12,T16
C064_F133,1-4,C064,scatter60,no,yes,T07,T03
C064_F134,4-2,C064,scatter60,no,yes,T04,T07
C064_F135,2-0,C064,scatter60,no,yes,T15,T16
C064_F138,0-0,C064,scatter60,no,yes,T06,T17
C064_F139,2-1,C064,scatter60,no,yes,T08,T18
C064_F142,2-1,C064,scatter60,no,yes,T05,T11
C064_F143,1-1,C064,scatter60,no,yes,T10,T09
C064_F144,4-3,C064,scatter60,no,yes,T15,T03
C064_F145,0-1,C064,scatter60,no,yes,T11,T12
C064_F146,3-0,C064,scatter60,no,yes,T18,T16
C064_F147,1-1,C064,scatter60,no,yes,T01,T11
C064_F148,3-2,C064,scatter60,no,yes,T06,T15
C064_F149,2-0,C064,scatter60,no,yes,T05,T15
C064_F150,0-1,C064,scatter60,no,yes,T06,T04
C064_F152,2-2,C064,scatter60,no,yes,T12,T04
C064_F154,3-2,C064,scatter60,no,yes,T09,T13
C064_F155,1-1,C064,scatter60,no,yes,T09,T11
C064_F157,0-2,C064,scatter60,no,yes,T14,T16
C064_F159,0-2,C064,scatter60,no,yes,T12,T05
C064_F161,4-1,C064,scatter60,no,yes,T17,T08
C064_F162,1-1,C064,scatter60,no,yes,T11,T07
C064_F164,1-0,C064,scatter60,no,yes,T02,T14
C064_F166,1-1,C064,scatter60,no,yes,T01,T16
C064_F167,2-1,C064,scatter60,no,yes,T09,T16
C064_F168,0-0,C064,scatter60,no,yes,T17,T07
C064_F169,0-3,C064,scatter60,no,yes,T12,T17
C064_F171,2-4,C064,scatter60,no,yes,T04,T01
C064_F173,0-0,C064,scatter60,no,yes,T05,T09
C064_F174,2-0,C064,scatter60,no,yes,T01,T07
C064_F175,2-1,C064,scatter60,no,yes,T08,T15
C064_F176,1-0,C064,scatter60,no,yes,T01,T02
C064_F178,1-3,C064,scatter60,no,yes,T17,T16
C064_F179,0-0,C064,scatter60,no,yes,T08,T02
C064_F180,2-2,C064,scatter60,no,yes,T10,T07
C064_F181,3-2,C064,scatter60,no,yes,T10,T16
C064_F183,1-1,C064,scatter60,no,yes,T14,T11
C064_F184,1-1,C064,scatter60,no,yes,T07,T06
C064_F185,0-1,C064,scatter60,no,yes,T05,T08
C064_F187,4-0,C064,scatter60,no,yes,T15,T12
C064_F190,2-1,C064,scatter60,no,yes,T17,T12
C064_F191,0-3,C064,scatter60,no,yes,T07,T02
C064_F193,2-1,C064,scatter60,no,yes,T10,T15
C064_F199,1-2,C064,scatter60,no,yes,T15,T08
C064_F201,3-3,C064,scatter60,no,yes,T08,T13
C064_F202,2-0,C064,scatter60,no,yes,T09,T06
C064_F204,2-1,C064,scatter60,no,yes,T10,T14
C064_F206,2-0,C064,scatter60,no,yes,T15,T06
C064_F207,0-0,C064,scatter60,no,yes,T13,T03
C064_F208,4-1,C064,scatter60,no,yes,T09,T12
C064_F209,4-2,C064,scatter60,no,yes,T04,T02
C064_F210,0-0,C064,scatter60,no,yes,T10,T01
C064_F211,0-2,C064,scatter60,no,yes,T16,T01
C064_F212,2-1,C064,scatter60,no,yes,T16,T07
C064_F215,1-1,C064,scatter60,no,yes,T10,T03
C064_F217,1-4,C064,scatter60,no,yes,T12,T09
C064_F218,2-1,C064,scatter60,no,yes,T15,T14
C064_F219,2-2,C064,scatter60,no,yes,T09,T04
C064_F220,3-1,C064,scatter60,no,yes,T10,T08
C064_F222,4-1,C064,scatter60,no,yes,T03,T07
C064_F224,3-2,C064,scatter60,no,yes,T13,T07
C064_F225,0-1,C064,scatter60,no,yes,T05,T16
C064_F231,3-0,C064,scatter60,no,yes,T03,T16
C064_F232,1-3,C064,scatter60,no,yes,T07,T15
C064_F233,2-6,C064,scatter60,no,yes,T08,T09
C064_F234,0-0,C064,scatter60,no,yes,T14,T13
C064_F235,1-3,C064,scatter60,no,yes,T14,T04
C064_F238,1-1,C064,scatter60,no,yes,T14,T15
C064_F239,1-0,C064,scatter60,no,yes,T09,T17
C064_F240,1-1,C064,scatter60,no,yes,T16,T14
C064_F241,1-1,C064,scatter60,no,yes,T12,T10
C064_F242,1-1,C064,scatter60,no,yes,T02,T01
C064_F245,3-1,C064,scatter60,no,yes,T14,T05
C064_F247,1-0,C064,scatter60,no,yes,T03,T17
C064_F250,2-1,C064,scatter60,no,yes,T06,T11
C064_F251,2-1,C064,scatter60,no,yes,T02,T17
C064_F252,3-1,C064,scatter60,no,yes,T03,T02
C064_F255,4-0,C064,scatter60,no,yes,T01,T08
C064_F256,2-0,C064,scatter60,no,yes,T17,T02
C064_F259,1-1,C064,scatter60,no,yes,T05,T01
C064_F260,5-0,C064,scatter60,no,yes,T16,T04
C064_F262,1-1,C064,scatter60,no,yes,T02,T06
C064_F265,3-0,C064,scatter60,no,yes,T18,T02
C064_F267,2-3,C064,scatter60,no,yes,T10,T02
C064_F268,1-0,C064,scatter60,no,yes,T05,T10
C064_F269,2-1,C064,scatter60,no,yes,T05,T14
C064_F270,0-2,C064,scatter60,no,yes,T02,T13
C064_F271,1-2,C064,scatter60,no,yes,T14,T08
C064_F273,2-0,C064,scatter60,no,yes,T10,T05
C064_F274,2-1,C064,scatter60,no,yes,T09,T01
C064_F275,2-1,C064,scatter60,no,yes,T10,T06
C064_F277,0-2,C064,scatter60,no,yes,T02,T12
C064_F278,3-0,C064,scatter60,no,yes,T05,T07
C064_F279,3-0,C064,scatter60,no,yes,T14,T10
C064_F281,1-0,C064,scatter60,no,yes,T08,T17
C064_F282,2-1,C064,scatter60,no,yes,T07,T11
C064_F283,2-0,C064,scatter60,no,yes,T16,T03
C064_F284,1-0,C064,scatter60,no,yes,T11,T08
C064_F287,3-1,C064,scatter60,no,yes,T12,T15
C064_F289,1-0,C064,scatter60,no,yes,T16,T18
C064_F290,2-2,C064,scatter60,no,yes,T15,T11
C064_F291,3-1,C064,scatter60,no,yes,T01,T14
C064_F292,0-2,C064,scatter60,no,yes,T06,T08
C064_F293,2-0,C064,scatter60,no,yes,T03,T09
C064_F295,2-3,C064,scatter60,no,yes,T18,T04
C064_F296,0-1,C064,scatter60,no,yes,T13,T10
C064_F297,3-0,C064,scatter60,no,yes,T12,T07
C064_F300,0-0,C064,scatter60,no,yes,T12,T13
C064_F301,0-1,C064,scatter60,no,yes,T17,T03
C064_F303,2-1,C064,scatter60,no,yes,T07,T12
C064_F306,2-0,C064,scatter60,no,yes,T02,T15
C066_F001,1-4,C066,tailhalf40,yes,no,T05,T02
C066_F006,3-1,C066,tailhalf40,yes,no,T08,T01
C066_F012,1-3,C066,tailhalf40,yes,no,T10,T07
C066_F015,0-0,C066,tailhalf40,yes,no,T10,T01
C066_F019,3-1,C066,tailhalf40,yes,no,T03,T06
C066_F020,2-4,C066,tailhalf40,yes,no,T07,T06
C066_F022,0-3,C066,tailhalf40,yes,no,T01,T05
C066_F023,3-1,C066,tailhalf40,yes,no,T05,T04
C066_F025,2-1,C066,tailhalf40,yes,no,T02,T10
C066_F026,1-1,C066,tailhalf40,yes,no,T04,T02
C066_F027,3-0,C066,tailhalf40,yes,no,T06,T08
C066_F029,1-1,C066,tailhalf40,yes,no,T06,T10
C066_F035,0-0,C066,tailhalf40,yes,no,T01,T09
C066_F036,1-2,C066,tailhalf40,yes,no,T09,T06
C066_F037,0-2,C066,tailhalf40,yes,no,T04,T05
C066_F038,3-1,C066,tailhalf40,yes,no,T04,T10
C066_F039,0-1,C066,tailhalf40,yes,no,T10,T06
C066_F041,0-0,C066,tailhalf40,yes,no,T10,T08
C066_F043,2-0,C066,tailhalf40,yes,no,T01,T08
C066_F044,0-1,C066,tailhalf40,yes,no,T09,T08
C066_F045,1-2,C066,tailhalf40,yes,no,T07,T10
C066_F046,2-0,C066,tailhalf40,yes,no,T06,T02
C066_F047,0-0,C066,tailhalf40,yes,no,T03,T04
C066_F048,1-1,C066,tailhalf40,yes,no,T07,T04
C066_F050,4-0,C066,tailhalf40,yes,no,T06,T09
C066_F052,0-4,C066,tailhalf40,yes,no,T05,T03
C066_F053,1-2,C066,tailhalf40,yes,no,T03,T08
C066_F054,1-1,C066,tailhalf40,yes,no,T08,T04
C066_F055,3-1,C066,tailhalf40,yes,no,T05,T08
C066_F056,0-1,C066,tailhalf40,yes,no,T02,T07
C066_F057,2-3,C066,tailhalf40,yes,no,T07,T09
C066_F058,2-2,C066,tailhalf40,yes,no,T08,T06
C066_F059,0-0,C066,tailhalf40,yes,no,T02,T09
C066_F061,0-0,C066,tailhalf40,yes,no,T09,T01
C066_F065,0-1,C066,tailhalf40,yes,no,T04,T01
C066_F067,1-1,C066,tailhalf40,yes,no,T08,T05
C066_F071,0-1,C066,tailhalf40,yes,no,T04,T07
C066_F083,0-1,C066,tailhalf40,yes,no,T10,T05
C066_F089,0-2,C066,tailhalf40,yes,no,T08,T10
C066_F090,0-2,C066,tailhalf40,yes,no,T06,T05
C066_F092,0-4,C066,tailhalf40,yes,no,T03,T07
C066_F093,3-2,C066,tailhalf40,yes,no,T08,T03
C066_F094,2-2,C066,tailhalf40,yes,no,T07,T02
C066_F099,3-0,C066,tailhalf40,yes,no,T01,T04
C066_F100,1-0,C066,tailhalf40,yes,no,T10,T09
C066_F102,3-1,C066,tailhalf40,yes,no,T09,T10
C066_F105,0-0,C066,tailhalf40,yes,no,T01,T10
C066_F111,0-1,C066,tailhalf40,yes,no,T01,T02
C066_F112,1-0,C066,tailhalf40,yes,no,T06,T04
C066_F114,0-2,C066,tailhalf40,yes,no,T03,T09
C066_F117,1-0,C066,tailhalf40,yes,no,T01,T06
C066_F118,5-3,C066,tailhalf40,yes,no,T09,T07
C066_F119,3-2,C066,tailhalf40,yes,no,T02,T05
C066_F125,1-3,C066,tailhalf40,yes,no,T07,T03
C066_F128,0-1,C066,tailhalf40,yes,no,T08,T07
C066_F132,1-0,C066,tailhalf40,yes,no,T02,T08
C066_F140,2-2,C066,tailhalf40,yes,no,T07,T01
C066_F142,3-0,C066,tailhalf40,yes,no,T02,T03
C066_F145,2-2,C066,tailhalf40,yes,no,T09,T04
C066_F147,1-1,C066,tailhalf40,yes,no,T05,T09
C066_F149,4-1,C066,tailhalf40,yes,no,T05,T07
C066_F150,0-1,C066,tailhalf40,yes,no,T10,T03
C066_F152,1-1,C066,tailhalf40,yes,no,T06,T03
C066_F154,1-0,C066,tailhalf40,yes,no,T09,T03
C066_F157,1-1,C066,tailhalf40,yes,no,T01,T07
C066_F161,1-0,C066,tailhalf40,yes,no,T10,T02
C066_F163,1-2,C066,tailhalf40,yes,no,T02,T06
C066_F167,1-1,C066,tailhalf40,yes,no,T05,T01
C066_F168,1-0,C066,tailhalf40,yes,no,T09,T05
C066_F171,0-1,C066,tailhalf40,yes,no,T03,T01
C066_F173,2-0,C066,tailhalf40,yes,no,T04,T08
C066_F174,0-0,C066,tailhalf40,yes,no,T04,T03
C066_F175,0-4,C066,tailhalf40,yes,no,T05,T06
C066_F176,3-2,C066,tailhalf40,yes,no,T03,T02
C066_F180,3-2,C066,tailhalf40,yes,no,T02,T04
C074_F001,1-0,C074,cluster30,yes,yes,T05,T02
C074_F002,0-0,C074,cluster30,yes,yes,T14,T10
C074_F005,1-0,C074,cluster30,yes,yes,T08,T02
C074_F007,1-1,C074,cluster30,yes,yes,T06,T20
C074_F008,2-0,C074,cluster30,yes,yes,T20,T18
C074_F009,1-1,C074,cluster30,yes,yes,T20,T05
C074_F010,1-1,C074,cluster30,yes,yes,T02,T03
C074_F011,1-1,C074,cluster30,yes,yes,T14,T09
C074_F012,0-2,C074,cluster30,yes,yes,T03,T11
C074_F013,0-0,C074,cluster30,yes,yes,T11,T14
C074_F014,2-2,C074,cluster30,yes,yes,T12,T10
C074_F015,1-1,C074,cluster30,yes,yes,T14,T19
C074_F017,2-2,C074,cluster30,yes,yes,T02,T09
C074_F018,4-2,C074,cluster30,yes,yes,T12,T01
C074_F019,2-2,C074,cluster30,yes,yes,T18,T20
C074_F021,1-3,C074,cluster30,yes,yes,T07,T05
C074_F022,2-2,C074,cluster30,yes,yes,T13,T05
C074_F024,1-0,C074,cluster30,yes,yes,T14,T01
C074_F027,1-0,C074,cluster30,yes,yes,T05,T06
C074_F028,2-2,C074,cluster30,yes,yes,T05,T19
C074_F029,0-3,C074,cluster30,yes,yes,T12,T09
C074_F033,2-2,C074,cluster30,yes,yes,T12,T05
C074_F038,0-0,C074,cluster30,yes,yes,T12,T02
C074_F039,0-1,C074,cluster30,yes,yes,T01,T20
C074_F040,1-2,C074,cluster30,yes,yes,T13,T12
C074_F045,2-2,C074,cluster30,yes,yes,T12,T18
C074_F046,1-0,C074,cluster30,yes,yes,T08,T03
C074_F047,0-4,C074,cluster30,yes,yes,T08,T12
C074_F048,0-2,C074,cluster30,yes,yes,T11,T02
C074_F051,2-2,C074,cluster30,yes,yes,T12,T15
C074_F053,2-3,C074,cluster30,yes,yes,T10,T12
C074_F054,1-1,C074,cluster30,yes,yes,T19,T02
C074_F057,0-2,C074,cluster30,yes,yes,T18,T14
C074_F058,3-0,C074,cluster30,yes,yes,T01,T03
C074_F059,2-1,C074,cluster30,yes,yes,T19,T03
C074_F060,0-0,C074,cluster30,yes,yes,T10,T02
C074_F061,2-0,C074,cluster30,yes,yes,T10,T05
C074_F063,2-0,C074,cluster30,yes,yes,T20,T08
C074_F064,1-2,C074,cluster30,yes,yes,T01,T12
C074_F066,0-0,C074,cluster30,yes,yes,T15,T14
C074_F067,1-1,C074,cluster30,yes,yes,T04,T14
C074_F069,1-1,C074,cluster30,yes,yes,T02,T20
C074_F071,3-0,C074,cluster30,yes,yes,T10,T14
C074_F073,0-0,C074,cluster30,yes,yes,T20,T17
C074_F075,1-1,C074,cluster30,yes,yes,T02,T01
C074_F077,0-0,C074,cluster30,yes,yes,T14,T06
C074_F078,0-0,C074,cluster30,yes,yes,T05,T20
C074_F080,5-0,C074,cluster30,yes,yes,T05,T11
C074_F081,0-1,C074,cluster30,yes,yes,T02,T17
C074_F082,2-1,C074,cluster30,yes,yes,T10,T03
C074_F084,2-2,C074,cluster30,yes,yes,T17,T05
C074_F085,2-0,C074,cluster30,yes,yes,T03,T04
C074_F086,0-0,C074,cluster30,yes,yes,T05,T08
C074_F091,2-0,C074,cluster30,yes,yes,T12,T11
C074_F092,2-2,C074,cluster30,yes,yes,T15,T03
C074_F093,1-3,C074,cluster30,yes,yes,T12,T17
C074_F094,0-0,C074,cluster30,yes,yes,T20,T04
C074_F095,1-4,C074,cluster30,yes,yes,T20,T10
C074_F096,2-0,C074,cluster30,yes,yes,T02,T18
C074_F097,0-2,C074,cluster30,yes,yes,T03,T09
C074_F100,1-1,C074,cluster30,yes,yes,T01,T05
C074_F101,0-3,C074,cluster30,yes,yes,T14,T20
C074_F103,3-0,C074,cluster30,yes,yes,T14,T16
C074_F104,1-1,C074,cluster30,yes,yes,T20,T19
C074_F105,0-2,C074,cluster30,yes,yes,T16,T02
C074_F106,2-3,C074,cluster30,yes,yes,T16,T03
C074_F107,1-1,C074,cluster30,yes,yes,T03,T18
C074_F108,0-3,C074,cluster30,yes,yes,T03,T14
C074_F113,1-2,C074,cluster30,yes,yes,T20,T01
C074_F115,0-3,C074,cluster30,yes,yes,T15,T05
C074_F117,2-1,C074,cluster30,yes,yes,T03,T15
C074_F118,2-1,C074,cluster30,yes,yes,T12,T19
C074_F121,0-2,C074,cluster30,yes,yes,T18,T05
C074_F123,0-0,C074,cluster30,yes,yes,T02,T05
C074_F124,0-2,C074,cluster30,yes,yes,T03,T12
C074_F126,0-1,C074,cluster30,yes,yes,T15,T12
C074_F129,1-0,C074,cluster30,yes,yes,T17,T03
C074_F131,0-1,C074,cluster30,yes,yes,T08,T05
C074_F132,1-0,C074,cluster30,yes,yes,T15,T02
C074_F135,3-0,C074,cluster30,yes,yes,T02,T08
C074_F136,1-0,C074,cluster30,yes,yes,T13,T14
C074_F138,1-5,C074,cluster30,yes,yes,T06,T12
C074_F141,1-0,C074,cluster30,yes,yes,T05,T13
C074_F144,0-0,C074,cluster30,yes,yes,T03,T13
C074_F145,2-0,C074,cluster30,yes,yes,T20,T03
C074_F146,0-2,C074,cluster30,yes,yes,T20,T07
C074_F147,1-1,C074,cluster30,yes,yes,T04,T05
C074_F149,1-1,C074,cluster30,yes,yes,T18,T02
C074_F151,2-1,C074,cluster30,yes,yes,T03,T07
C074_F154,0-2,C074,cluster30,yes,yes,T19,T05
C074_F155,2-2,C074,cluster30,yes,yes,T14,T15
C074_F157,3-2,C074,cluster30,yes,yes,T16,T20
C074_F159,1-1,C074,cluster30,yes,yes,T20,T16
C074_F162,2-1,C074,cluster30,yes,yes,T03,T08
C074_F163,1-1,C074,cluster30,yes,yes,T07,T03
C074_F169,0-3,C074,cluster30,yes,yes,T18,T12
C074_F170,0-0,C074,cluster30,yes,yes,T12,T20
C074_F171,1-1,C074,cluster30,yes,yes,T17,T14
C074_F172,1-2,C074,cluster30,yes,yes,T04,T03
C074_F175,2-5,C074,cluster30,yes,yes,T06,T05
C074_F176,0-1,C074,cluster30,yes,yes,T03,T02
C074_F178,1-0,C074,cluster30,yes,yes,T20,T15
C074_F181,1-0,C074,cluster30,yes,yes,T18,T03
C074_F185,0-0,C074,cluster30,yes,yes,T14,T02
C074_F187,1-2,C074,cluster30,yes,yes,T19,T20
C074_F190,1-1,C074,cluster30,yes,yes,T09,T05
C074_F192,2-2,C074,cluster30,yes,yes,T12,T13
C074_F193,0-1,C074,cluster30,yes,yes,T07,T20
C074_F195,0-0,C074,cluster30,yes,yes,T16,T14
C074_F196,1-0,C074,cluster30,yes,yes,T03,T20
C074_F198,1-2,C074,cluster30,yes,yes,T02,T19
C074_F200,1-1,C074,cluster30,yes,yes,T16,T12
C074_F201,0-1,C074,cluster30,yes,yes,T06,T02
C074_F206,1-0,C074,cluster30,yes,yes,T09,T02
C074_F207,3-0,C074,cluster30,yes,yes,T02,T06
C074_F209,0-1,C074,cluster30,yes,yes,T14,T11
C074_F211,2-1,C074,cluster30,yes,yes,T14,T03
C074_F212,0-1,C074,cluster30,yes,yes,T14,T13
C074_F213,1-1,C074,cluster30,yes,yes,T05,T03
C074_F214,3-0,C074,cluster30,yes,yes,T01,T02
C074_F216,3-3,C074,cluster30,yes,yes,T02,T04
C074_F219,0-2,C074,cluster30,yes,yes,T14,T05
C074_F221,3-0,C074,cluster30,yes,yes,T08,T20
C074_F222,2-1,C074,cluster30,yes,yes,T05,T12
C074_F223,2-2,C074,cluster30,yes,yes,T05,T16
C074_F225,2-2,C074,cluster30,yes,yes,T17,T12
C074_F226,1-1,C074,cluster30,yes,yes,T11,T12
C074_F227,1-1,C074,cluster30,yes,yes,T04,T20
C074_F228,3-0,C074,cluster30,yes,yes,T20,T11
C074_F230,1-0,C074,cluster30,yes,yes,T04,T12
C074_F233,0-2,C074,cluster30,yes,yes,T20,T09
C074_F235,1-1,C074,cluster30,yes,yes,T02,T12
C074_F238,1-1,C074,cluster30,yes,yes,T14,T04
C074_F239,1-2,C074,cluster30,yes,yes,T17,T20
C074_F240,2-0,C074,cluster30,yes,yes,T03,T17
C074_F245,3-1,C074,cluster30,yes,yes,T12,T14
C074_F247,1-2,C074,cluster30,yes,yes,T16,T05
C074_F249,2-1,C074,cluster30,yes,yes,T05,T04
C074_F253,1-2,C074,cluster30,yes,yes,T06,T14
C074_F254,2-1,C074,cluster30,yes,yes,T03,T19
C074_F256,0-1,C074,cluster30,yes,yes,T14,T08
C074_F257,1-0,C074,cluster30,yes,yes,T11,T03
C074_F259,0-0,C074,cluster30,yes,yes,T03,T01
C074_F260,3-3,C074,cluster30,yes,yes,T13,T03
C074_F261,2-2,C074,cluster30,yes,yes,T02,T15
C074_F262,1-1,C074,cluster30,yes,yes,T08,T14
C074_F263,1-1,C074,cluster30,yes,yes,T14,T17
C074_F269,1-2,C074,cluster30,yes,yes,T14,T07
C074_F271,2-0,C074,cluster30,yes,yes,T02,T14
C074_F274,2-0,C074,cluster30,yes,yes,T11,T05
C074_F275,1-0,C074,cluster30,yes,yes,T20,T12
C074_F277,3-0,C074,cluster30,yes,yes,T09,T14
C074_F278,4-2,C074,cluster30,yes,yes,T05,T07
C074_F280,2-0,C074,cluster30,yes,yes,T20,T02
C074_F281,0-0,C074,cluster30,yes,yes,T06,T03
C074_F282,1-1,C074,cluster30,yes,yes,T09,T20
C074_F284,4-0,C074,cluster30,yes,yes,T05,T14
C074_F288,0-0,C074,cluster30,yes,yes,T02,T16
C074_F289,2-0,C074,cluster30,yes,yes,T02,T10
C074_F292,1-1,C074,cluster30,yes,yes,T05,T10
C074_F295,1-2,C074,cluster30,yes,yes,T14,T18
C074_F296,1-1,C074,cluster30,yes,yes,T05,T17
C074_F297,1-2,C074,cluster30,yes,yes,T12,T03
C074_F304,2-1,C074,cluster30,yes,yes,T20,T13
C074_F307,1-3,C074,cluster30,yes,yes,T11,T20
C074_F309,2-2,C074,cluster30,yes,yes,T12,T07
C074_F311,2-1,C074,cluster30,yes,yes,T09,T03
C074_F312,0-1,C074,cluster30,yes,yes,T09,T12
C074_F316,1-1,C074,cluster30,yes,yes,T03,T10
C074_F317,1-2,C074,cluster30,yes,yes,T19,T12
C074_F322,1-2,C074,cluster30,yes,yes,T02,T13
C074_F323,3-1,C074,cluster30,yes,yes,T05,T18
C074_F324,1-2,C074,cluster30,yes,yes,T12,T04
C074_F327,1-1,C074,cluster30,yes,yes,T03,T06
C074_F328,3-0,C074,cluster30,yes,yes,T05,T15
C074_F331,1-3,C074,cluster30,yes,yes,T04,T02
C074_F333,7-1,C074,cluster30,yes,yes,T12,T08
C074_F337,1-1,C074,cluster30,yes,yes,T19,T14
C074_F340,2-2,C074,cluster30,yes,yes,T05,T01
C074_F341,3-1,C074,cluster30,yes,yes,T12,T16
C074_F342,4-1,C074,cluster30,yes,yes,T07,T02
C074_F343,2-0,C074,cluster30,yes,yes,T17,T02
C074_F344,0-2,C074,cluster30,yes,yes,T13,T20
C074_F347,3-1,C074,cluster30,yes,yes,T05,T09
C074_F355,2-0,C074,cluster30,yes,yes,T01,T14
C074_F357,2-1,C074,cluster30,yes,yes,T13,T02
C074_F359,1-1,C074,cluster30,yes,yes,T02,T07
C074_F362,0-0,C074,cluster30,yes,yes,T12,T06
C074_F363,3-0,C074,cluster30,yes,yes,T07,T12
C074_F364,0-2,C074,cluster30,yes,yes,T10,T20
C074_F366,1-1,C074,cluster30,yes,yes,T14,T12
C074_F367,2-0,C074,cluster30,yes,yes,T07,T14
C074_F371,2-0,C074,cluster30,yes,yes,T03,T05
C074_F372,0-2,C074,cluster30,yes,yes,T03,T16
C074_F377,5-0,C074,cluster30,yes,yes,T20,T06
C074_F378,1-2,C074,cluster30,yes,yes,T02,T11
C074_F379,2-2,C074,cluster30,yes,yes,T20,T14
C074_F380,1-0,C074,cluster30,yes,yes,T15,T20
C080_F001,2-1,C080,cluster20,no,yes,T13,T08
C080_F004,1-1,C080,cluster20,no,yes,T11,T02
C080_F005,1-0,C080,cluster20,no,yes,T04,T15
C080_F007,0-0,C080,cluster20,no,yes,T03,T15
C080_F009,0-0,C080,cluster20,no,yes,T11,T15
C080_F012,0-1,C080,cluster20,no,yes,T14,T02
C080_F014,0-0,C080,cluster20,no,yes,T15,T11
C080_F017,0-2,C080,cluster20,no,yes,T13,T03
C080_F018,1-2,C080,cluster20,no,yes,T16,T15
C080_F019,0-0,C080,cluster20,no,yes,T05,T15
C080_F023,2-0,C080,cluster20,no,yes,T08,T13
C080_F029,1-3,C080,cluster20,no,yes,T15,T01
C080_F030,1-1,C080,cluster20,no,yes,T09,T02
C080_F034,5-0,C080,cluster20,no,yes,T07,T13
C080_F042,1-3,C080,cluster20,no,yes,T16,T02
C080_F049,2-1,C080,cluster20,no,yes,T02,T03
C080_F050,1-0,C080,cluster20,no,yes,T13,T14
C080_F051,2-0,C080,cluster20,no,yes,T03,T13
C080_F052,1-0,C080,cluster20,no,yes,T03,T02
C080_F054,1-1,C080,cluster20,no,yes,T13,T16
C080_F058,3-2,C080,cluster20,no,yes,T15,T13
C080_F060,1-1,C080,cluster20,no,yes,T02,T16
C080_F063,1-3,C080,cluster20,no,yes,T02,T08
C080_F068,1-0,C080,cluster20,no,yes,T01,T13
C080_F072,0-2,C080,cluster20,no,yes,T02,T07
C080_F076,3-0,C080,cluster20,no,yes,T02,T13
C080_F077,1-3,C080,cluster20,no,yes,T08,T15
C080_F081,2-0,C080,cluster20,no,yes,T09,T13
C080_F083,0-0,C080,cluster20,no,yes,T10,T02
C080_F085,0-1,C080,cluster20,no,yes,T05,T02
C080_F090,1-2,C080,cluster20,no,yes,T13,T04
C080_F093,1-3,C080,cluster20,no,yes,T06,T02
C080_F095,1-0,C080,cluster20,no,yes,T10,T13
C080_F096,0-2,C080,cluster20,no,yes,T13,T11
C080_F099,4-0,C080,cluster20,no,yes,T02,T14
C080_F100,0-3,C080,cluster20,no,yes,T13,T10
C080_F101,0-2,C080,cluster20,no,yes,T15,T14
C080_F103,1-0,C080,cluster20,no,yes,T02,T04
C080_F105,0-2,C080,cluster20,no,yes,T13,T01
C080_F111,1-1,C080,cluster20,no,yes,T13,T15
C080_F112,2-1,C080,cluster20,no,yes,T14,T13
C080_F115,0-3,C080,cluster20,no,yes,T06,T15
C080_F118,1-2,C080,cluster20,no,yes,T13,T07
C080_F120,3-0,C080,cluster20,no,yes,T07,T15
C080_F121,3-0,C080,cluster20,no,yes,T01,T15
C080_F127,0-0,C080,cluster20,no,yes,T06,T13
C080_F128,1-1,C080,cluster20,no,yes,T15,T08
C080_F132,0-3,C080,cluster20,no,yes,T02,T01
C080_F133,1-1,C080,cluster20,no,yes,T01,T02
C080_F137,2-1,C080,cluster20,no,yes,T15,T06
C080_F142,0-0,C080,cluster20,no,yes,T02,T10
C080_F143,0-0,C080,cluster20,no,yes,T15,T05
C080_F145,2-0,C080,cluster20,no,yes,T04,T02
C080_F147,2-0,C080,cluster20,no,yes,T10,T15
C080_F148,0-0,C080,cluster20,no,yes,T11,T13
C080_F150,0-1,C080,cluster20,no,yes,T05,T13
C080_F155,0-1,C080,cluster20,no,yes,T15,T07
C080_F157,1-1,C080,cluster20,no,yes,T15,T03
C080_F159,2-2,C080,cluster20,no,yes,T02,T05
C080_F161,2-0,C080,cluster20,no,yes,T12,T02
C080_F164,1-0,C080,cluster20,no,yes,T15,T02
C080_F166,2-0,C080,cluster20,no,yes,T16,T13
C080_F168,2-1,C080,cluster20,no,yes,T15,T16
C080_F169,0-0,C080,cluster20,no,yes,T13,T02
C080_F171,1-0,C080,cluster20,no,yes,T12,T13
C080_F175,1-0,C080,cluster20,no,yes,T13,T06
C080_F176,1-1,C080,cluster20,no,yes,T04,T13
C080_F177,3-1,C080,cluster20,no,yes,T02,T15
C080_F179,1-0,C080,cluster20,no,yes,T02,T11
C080_F180,2-2,C080,cluster20,no,yes,T15,T10
C080_F181,1-2,C080,cluster20,no,yes,T13,T05
C080_F190,2-1,C080,cluster20,no,yes,T15,T12
C080_F196,1-0,C080,cluster20,no,yes,T13,T09
C080_F200,2-0,C080,cluster20,no,yes,T07,T02
C080_F202,2-0,C080,cluster20,no,yes,T02,T09
C080_F203,0-2,C080,cluster20,no,yes,T13,T12
C080_F213,1-0,C080,cluster20,no,yes,T12,T15
C080_F214,1-0,C080,cluster20,no,yes,T09,T15
C080_F217,1-0,C080,cluster20,no,yes,T15,T04
C080_F223,3-1,C080,cluster20,no,yes,T08,T02
C080_F226,0-3,C080,cluster20,no,yes,T15,T09
C080_F234,1-0,C080,cluster20,no,yes,T02,T12
C080_F236,2-2,C080,cluster20,no,yes,T14,T15
C080_F237,5-1,C080,cluster20,no,yes,T02,T06
C082_F002,3-0,C082,tail40,no,yes,T02,T04
C082_F004,1-2,C082,tail40,no,yes,T09,T04
C082_F007,1-2,C082,tail40,no,yes,T06,T10
C082_F008,2-1,C082,tail40,no,yes,T04,T05
C082_F010,1-2,C082,tail40,no,yes,T10,T03
C082_F012,5-0,C082,tail40,no,yes,T05,T10
C082_F014,2-2,C082,tail40,no,yes,T07,T01
C082_F018,1-2,C082,tail40,no,yes,T07,T02
C082_F020,1-4,C082,tail40,no,yes,T10,T08
C082_F022,0-3,C082,tail40,no,yes,T06,T04
C082_F024,0-1,C082,tail40,no,yes,T01,T10
C082_F030,0-3,C082,tail40,no,yes,T01,T06
C082_F031,0-3,C082,tail40,no,yes,T06,T02
C082_F033,0-1,C082,tail40,no,yes,T04,T10
C082_F034,0-2,C082,tail40,no,yes,T03,T02
C082_F037,3-5,C082,tail40,no,yes,T10,T06
C082_F038,0-0,C082,tail40,no,yes,T01,T09
C082_F039,1-0,C082,tail40,no,yes,T04,T08
C082_F042,3-1,C082,tail40,no,yes,T10,T07
C082_F043,2-0,C082,tail40,no,yes,T02,T05
C082_F044,2-2,C082,tail40,no,yes,T08,T07
C082_F046,4-1,C082,tail40,no,yes,T05,T09
C082_F047,2-0,C082,tail40,no,yes,T02,T01
C082_F048,1-3,C082,tail40,no,yes,T08,T06
C082_F051,3-1,C082,tail40,no,yes,T01,T05
C082_F057,3-3,C082,tail40,no,yes,T08,T05
C082_F058,3-0,C082,tail40,no,yes,T07,T04
C082_F062,3-4,C082,tail40,no,yes,T09,T05
C082_F063,1-0,C082,tail40,no,yes,T01,T03
C082_F066,2-2,C082,tail40,no,yes,T01,T02
C082_F068,1-2,C082,tail40,no,yes,T10,T01
C082_F069,2-1,C082,tail40,no,yes,T02,T06
C082_F072,3-0,C082,tail40,no,yes,T03,T06
C082_F073,0-3,C082,tail40,no,yes,T03,T08
C082_F075,4-3,C082,tail40,no,yes,T08,T01
C082_F078,1-1,C082,tail40,no,yes,T07,T08
C082_F079,3-0,C082,tail40,no,yes,T09,T10
C082_F081,1-1,C082,tail40,no,yes,T03,T05
C082_F084,1-1,C082,tail40,no,yes,T09,T06
C082_F085,1-2,C082,tail40,no,yes,T03,T09
C082_F090,4-1,C082,tail40,no,yes,T07,T03
C082_F093,5-2,C082,tail40,no,yes,T02,T09
C082_F097,1-2,C082,tail40,no,yes,T05,T03
C082_F098,1-1,C082,tail40,no,yes,T10,T04
C082_F103,4-0,C082,tail40,no,yes,T05,T07
C082_F105,1-2,C082,tail40,no,yes,T07,T09
C082_F106,0-2,C082,tail40,no,yes,T04,T03
C082_F107,1-1,C082,tail40,no,yes,T02,T03
C082_F108,2-1,C082,tail40,no,yes,T10,T05
C082_F109,2-1,C082,tail40,no,yes,T10,T02
C082_F111,1-1,C082,tail40,no,yes,T01,T07
C082_F113,1-2,C082,tail40,no,yes,T07,T10
C082_F117,3-1,C082,tail40,no,yes,T09,T07
C082_F118,3-1,C082,tail40,no,yes,T04,T06
C082_F119,2-0,C082,tail40,no,yes,T05,T04
C082_F121,4-0,C082,tail40,no,yes,T06,T05
C082_F126,0-3,C082,tail40,no,yes,T03,T04
C082_F130,1-1,C082,tail40,no,yes,T06,T09
C082_F135,2-0,C082,tail40,no,yes,T08,T04
C082_F136,1-0,C082,tail40,no,yes,T05,T01
C082_F137,1-1,C082,tail40,no,yes,T05,T02
C082_F139,1-1,C082,tail40,no,yes,T06,T08
C082_F142,1-0,C082,tail40,no,yes,T09,T08
C082_F145,2-1,C082,tail40,no,yes,T08,T03
C082_F148,2-2,C082,tail40,no,yes,T09,T02
C082_F154,0-1,C082,tail40,no,yes,T04,T07
C082_F155,5-0,C082,tail40,no,yes,T01,T08
C082_F159,1-3,C082,tail40,no,yes,T03,T10
C082_F160,4-2,C082,tail40,no,yes,T09,T01
C082_F163,2-1,C082,tail40,no,yes,T08,T09
C082_F165,2-2,C082,tail40,no,yes,T06,T07
C082_F166,4-0,C082,tail40,no,yes,T02,T07
C082_F171,2-4,C082,tail40,no,yes,T08,T02
C082_F178,0-2,C082,tail40,no,yes,T06,T03
C082_F180,2-0,C082,tail40,no,yes,T04,T01
C084_F001,0-2,C084,scatter40,no,no,T08,T17
C084_F004,1-3,C084,scatter40,no,no,T01,T08
C084_F005,2-3,C084,scatter40,no,no,T12,T11
C084_F007,3-0,C084,scatter40,no,no,T01,T03
C084_F009,2-1,C084,scatter40,no,no,T15,T12
C084_F010,2-0,C084,scatter40,no,no,T12,T08
C084_F016,2-2,C084,scatter40,no,no,T16,T18
C084_F019,2-2,C084,scatter40,no,no,T03,T16
C084_F020,3-2,C084,scatter40,no,no,T01,T16
C084_F021,0-2,C084,scatter40,no,no,T10,T08
C084_F023,0-2,C084,scatter40,no,no,T01,T17
C084_F025,2-2,C084,scatter40,no,no,T16,T10
C084_F027,0-2,C084,scatter40,no,no,T03,T11
C084_F028,2-4,C084,scatter40,no,no,T18,T11
C084_F029,3-0,C084,scatter40,no,no,T04,T07
C084_F031,1-2,C084,scatter40,no,no,T03,T14
C084_F035,4-0,C084,scatter40,no,no,T11,T18
C084_F036,2-2,C084,scatter40,no,no,T15,T04
C084_F037,3-0,C084,scatter40,no,no,T13,T01
C084_F042,0-0,C084,scatter40,no,no,T17,T08
C084_F043,1-4,C084,scatter40,no,no,T03,T04
C084_F044,1-1,C084,scatter40,no,no,T03,T05
C084_F048,4-2,C084,scatter40,no,no,T09,T08
C084_F049,0-4,C084,scatter40,no,no,T03,T09
C084_F052,0-2,C084,scatter40,no,no,T06,T17
C084_F054,3-1,C084,scatter40,no,no,T01,T07
C084_F056,0-2,C084,scatter40,no,no,T06,T13
C084_F058,1-0,C084,scatter40,no,no,T04,T06
C084_F060,3-1,C084,scatter40,no,no,T11,T17
C084_F061,2-3,C084,scatter40,no,no,T01,T05
C084_F065,1-1,C084,scatter40,no,no,T05,T04
C084_F067,0-2,C084,scatter40,no,no,T15,T01
C084_F068,2-1,C084,scatter40,no,no,T07,T02
C084_F069,2-1,C084,scatter40,no,no,T08,T01
C084_F070,3-1,C084,scatter40,no,no,T07,T06
C084_F071,1-0,C084,scatter40,no,no,T12,T04
C084_F073,1-1,C084,scatter40,no,no,T17,T03
C084_F074,4-1,C084,scatter40,no,no,T17,T02
C084_F076,5-0,C084,scatter40,no,no,T15,T13
C084_F077,1-1,C084,scatter40,no,no,T06,T02
C084_F080,2-0,C084,scatter40,no,no,T16,T02
C084_F083,0-2,C084,scatter40,no,no,T05,T03
C084_F086,3-1,C084,scatter40,no,no,T14,T15
C084_F087,3-1,C084,scatter40,no,no,T09,T10
C084_F088,0-1,C084,scatter40,no,no,T17,T09
C084_F094,1-1,C084,scatter40,no,no,T13,T15
C084_F097,2-2,C084,scatter40,no,no,T17,T12
C084_F099,1-2,C084,scatter40,no,no,T12,T06
C084_F101,2-1,C084,scatter40,no,no,T10,T03
C084_F104,3-0,C084,scatter40,no,no,T01,T10
C084_F105,1-1,C084,scatter40,no,no,T10,T09
C084_F108,0-2,C084,scatter40,no,no,T05,T01
C084_F116,1-1,C084,scatter40,no,no,T14,T02
C084_F117,2-0,C084,scatter40,no,no,T08,T07
C084_F119,2-1,C084,scatter40,no,no,T14,T18
C084_F128,3-1,C084,scatter40,no,no,T04,T16
C084_F133,0-2,C084,scatter40,no,no,T14,T11
C084_F135,1-0,C084,scatter40,no,no,T05,T06
C084_F139,1-3,C084,scatter40,no,no,T17,T04
C084_F142,2-1,C084,scatter40,no,no,T15,T14
C084_F144,0-5,C084,scatter40,no,no,T15,T07
C084_F148,4-2,C084,scatter40,no,no,T11,T05
C084_F150,1-2,C084,scatter40,no,no,T14,T08
C084_F151,3-2,C084,scatter40,no,no,T17,T01
C084_F152,2-1,C084,scatter40,no,no,T16,T08
C084_F155,1-1,C084,scatter40,no,no,T16,T17
C084_F161,1-2,C084,scatter40,no,no,T08,T05
C084_F162,2-2,C084,scatter40,no,no,T11,T12
C084_F165,1-2,C084,scatter40,no,no,T07,T15
C084_F171,2-3,C084,scatter40,no,no,T17,T16
C084_F172,0-0,C084,scatter40,no,no,T10,T17
C084_F174,1-0,C084,scatter40,no,no,T08,T02
C084_F175,1-1,C084,scatter40,no,no,T17,T14
C084_F178,2-0,C084,scatter40,no,no,T09,T03
C084_F180,1-4,C084,scatter40,no,no,T03,T12
C084_F188,2-2,C084,scatter40,no,no,T14,T01
C084_F189,3-2,C084,scatter40,no,no,T06,T10
C084_F193,2-2,C084,scatter40,no,no,T06,T16
C084_F194,1-1,C084,scatter40,no,no,T03,T02
C084_F200,2-0,C084,scatter40,no,no,T13,T06
C084_F204,0-1,C084,scatter40,no,no,T04,T05
C084_F207,1-0,C084,scatter40,no,no,T04,T01
C084_F209,1-3,C084,scatter40,no,no,T06,T09
C084_F211,6-1,C084,scatter40,no,no,T11,T01
C084_F214,3-0,C084,scatter40,no,no,T13,T02
C084_F215,0-6,C084,scatter40,no,no,T15,T09
C084_F216,4-0,C084,scatter40,no,no,T09,T12
C084_F217,1-5,C084,scatter40,no,no,T05,T11
C084_F219,2-1,C084,scatter40,no,no,T04,T13
C084_F222,2-0,C084,scatter40,no,no,T15,T17
C084_F224,3-1,C084,scatter40,no,no,T10,T02
C084_F225,0-1,C084,scatter40,no,no,T10,T11
C084_F226,0-8,C084,scatter40,no,no,T01,T09
C084_F229,5-1,C084,scatter40,no,no,T17,T06
C084_F231,0-1,C084,scatter40,no,no,T15,T08
C084_F233,1-1,C084,scatter40,no,no,T12,T17
C084_F235,1-3,C084,scatter40,no,no,T17,T11
C084_F237,1-0,C084,scatter40,no,no,T09,T04
C084_F240,1-2,C084,scatter40,no,no,T12,T16
C084_F241,3-3,C084,scatter40,no,no,T04,T12
C084_F242,1-0,C084,scatter40,no,no,T04,T15
C084_F243,3-0,C084,scatter40,no,no,T17,T18
C084_F245,0-3,C084,scatter40,no,no,T18,T04
C084_F246,5-0,C084,scatter40,no,no,T03,T06
C084_F250,2-2,C084,scatter40,no,no,T08,T16
C084_F251,4-2,C084,scatter40,no,no,T04,T18
C084_F263,1-1,C084,scatter40,no,no,T08,T12
C084_F270,0-3,C084,scatter40,no,no,T06,T12
C084_F271,3-0,C084,scatter40,no,no,T12,T05
C084_F274,2-5,C084,scatter40,no,no,T02,T12
C084_F275,0-4,C084,scatter40,no,no,T15,T11
C084_F281,1-0,C084,scatter40,no,no,T08,T06
C084_F282,2-2,C084,scatter40,no,no,T16,T14
C084_F285,2-0,C084,scatter40,no,no,T16,T05
C084_F288,3-1,C084,scatter40,no,no,T10,T14
C084_F291,2-1,C084,scatter40,no,no,T16,T04
C084_F292,3-1,C084,scatter40,no,no,T09,T02
C084_F300,0-2,C084,scatter40,no,no,T08,T14
C084_F301,2-2,C084,scatter40,no,no,T15,T03
C084_F302,4-0,C084,scatter40,no,no,T13,T10
C084_F304,0-2,C084,scatter40,no,no,T18,T09
C084_F306,0-0,C084,scatter40,no,no,T06,T18
C094_F004,0-2,C094,tail40,no,no,T11,T13
C094_F005,0-0,C094,tail40,no,no,T03,T07
C094_F007,2-1,C094,tail40,no,no,T10,T20
C094_F012,0-6,C094,tail40,no,no,T21,T20
C094_F013,0-2,C094,tail40,no,no,T07,T15
C094_F014,1-1,C094,tail40,no,no,T02,T22
C094_F016,1-2,C094,tail40,no,no,T20,T02
C094_F019,0-0,C094,tail40,no,no,T11,T08
C094_F021,0-3,C094,tail40,no,no,T13,T14
C094_F023,3-4,C094,tail40,no,no,T18,T24
C094_F026,1-1,C094,tail40,no,no,T14,T05
C094_F029,0-3,C094,tail40,no,no,T08,T17
C094_F031,2-0,C094,tail40,no,no,T14,T15
C094_F033,3-1,C094,tail40,no,no,T03,T12
C094_F036,0-1,C094,tail40,no,no,T04,T16
C094_F037,1-3,C094,tail40,no,no,T10,T04
C094_F041,1-1,C094,tail40,no,no,T21,T11
C094_F042,4-3,C094,tail40,no,no,T01,T09
C094_F043,1-1,C094,tail40,no,no,T18,T13
C094_F044,0-0,C094,tail40,no,no,T06,T09
C094_F046,0-3,C094,tail40,no,no,T24,T19
C094_F051,1-0,C094,tail40,no,no,T10,T03
C094_F052,0-2,C094,tail40,no,no,T11,T07
C094_F055,0-0,C094,tail40,no,no,T20,T22
C094_F056,1-5,C094,tail40,no,no,T02,T10
C094_F057,4-1,C094,tail40,no,no,T23,T02
C094_F059,2-0,C094,tail40,no,no,T09,T08
C094_F063,0-1,C094,tail40,no,no,T23,T21
C094_F066,0-1,C094,tail40,no,no,T19,T03
C094_F070,1-0,C094,tail40,no,no,T09,T07
C094_F071,3-1,C094,tail40,no,no,T17,T18
C094_F072,1-1,C094,tail40,no,no,T02,T07
C094_F078,0-0,C094,tail40,no,no,T21,T04
C094_F079,2-2,C094,tail40,no,no,T03,T09
C094_F080,0-6,C094,tail40,no,no,T08,T22
C094_F082,0-2,C094,tail40,no,no,T04,T14
C094_F083,0-3,C094,tail40,no,no,T09,T16
C094_F084,0-1,C094,tail40,no,no,T17,T12
C094_F085,2-2,C094,tail40,no,no,T16,T08
C094_F087,1-0,C094,tail40,no,no,T10,T09
C094_F091,1-1,C094,tail40,no,no,T22,T07
C094_F095,0-0,C094,tail40,no,no,T02,T09
C094_F096,1-2,C094,tail40,no,no,T18,T05
C094_F100,0-1,C094,tail40,no,no,T06,T22
C094_F101,3-0,C094,tail40,no,no,T05,T21
C094_F104,3-3,C094,tail40,no,no,T11,T19
C094_F107,2-1,C094,tail40,no,no,T20,T18
C094_F109,0-2,C094,tail40,no,no,T01,T21
C094_F111,1-2,C094,tail40,no,no,T04,T13
C094_F113,0-2,C094,tail40,no,no,T11,T22
C094_F115,2-1,C094,tail40,no,no,T19,T18
C094_F117,3-2,C094,tail40,no,no,T01,T02
C094_F125,1-2,C094,tail40,no,no,T13,T01
C094_F127,2-0,C094,tail40,no,no,T14,T11
C094_F128,0-0,C094,tail40,no,no,T18,T12
C094_F129,3-1,C094,tail40,no,no,T14,T20
C094_F131,3-2,C094,tail40,no,no,T20,T03
C094_F134,0-1,C094,tail40,no,no,T13,T05
C094_F137,1-0,C094,tail40,no,no,T01,T06
C094_F139,1-2,C094,tail40,no,no,T22,T13
C094_F140,2-2,C094,tail40,no,no,T21,T14
C094_F142,2-1,C094,tail40,no,no,T11,T24
C094_F143,1-2,C094,tail40,no,no,T11,T06
C094_F144,0-3,C094,tail40,no,no,T22,T16
C094_F148,1-0,C094,tail40,no,no,T08,T10
C094_F149,2-0,C094,tail40,no,no,T12,T16
C094_F152,2-2,C094,tail40,no,no,T17,T14
C094_F154,0-1,C094,tail40,no,no,T16,T07
C094_F156,0-0,C094,tail40,no,no,T15,T23
C094_F157,2-0,C094,tail40,no,no,T18,T21
C094_F158,4-0,C094,tail40,no,no,T05,T01
C094_F163,1-0,C094,tail40,no,no,T15,T11
C094_F164,2-0,C094,tail40,no,no,T17,T23
C094_F165,0-1,C094,tail40,no,no,T04,T02
C094_F167,1-2,C094,tail40,no,no,T21,T17
C094_F169,1-0,C094,tail40,no,no,T22,T17
C094_F172,0-0,C094,tail40,no,no,T02,T13
C094_F175,0-3,C094,tail40,no,no,T10,T17
C094_F178,2-1,C094,tail40,no,no,T02,T06
C094_F183,0-2,C094,tail40,no,no,T23,T01
C094_F184,0-1,C094,tail40,no,no,T23,T14
C094_F185,0-1,C094,tail40,no,no,T24,T07
C094_F186,1-2,C094,tail40,no,no,T05,T15
C094_F187,1-4,C094,tail40,no,no,T06,T19
C094_F188,1-0,C094,tail40,no,no,T14,T24
C094_F190,5-2,C094,tail40,no,no,T13,T15
C094_F193,1-1,C094,tail40,no,no,T04,T03
C094_F194,2-1,C094,tail40,no,no,T12,T23
C094_F196,1-0,C094,tail40,no,no,T13,T23
C094_F197,2-0,C094,tail40,no,no,T17,T11
C094_F200,3-1,C094,tail40,no,no,T22,T05
C094_F203,0-2,C094,tail40,no,no,T15,T21
C094_F204,1-0,C094,tail40,no,no,T04,T23
C094_F206,2-1,C094,tail40,no,no,T18,T14
C094_F207,2-0,C094,tail40,no,no,T16,T06
C094_F211,3-1,C094,tail40,no,no,T02,T18
C094_F214,1-1,C094,tail40,no,no,T17,T03
C094_F216,2-0,C094,tail40,no,no,T03,T23
C094_F217,0-2,C094,tail40,no,no,T24,T16
C094_F218,0-1,C094,tail40,no,no,T23,T24
C094_F220,1-2,C094,tail40,no,no,T07,T18
C094_F225,0-1,C094,tail40,no,no,T15,T19
C094_F228,3-3,C094,tail40,no,no,T10,T11
C094_F229,0-0,C094,tail40,no,no,T12,T10
C094_F235,1-0,C094,tail40,no,no,T11,T16
C094_F242,0-0,C094,tail40,no,no,T23,T10
C094_F244,2-1,C094,tail40,no,no,T20,T05
C094_F245,0-2,C094,tail40,no,no,T07,T06
C094_F248,2-2,C094,tail40,no,no,T05,T16
C094_F250,0-3,C094,tail40,no,no,T01,T11
C094_F252,1-1,C094,tail40,no,no,T16,T10
C094_F255,2-1,C094,tail40,no,no,T23,T07
C094_F257,2-1,C094,tail40,no,no,T24,T09
C094_F258,1-1,C094,tail40,no,no,T14,T09
C094_F259,1-2,C094,tail40,no,no,T07,T04
C094_F260,2-0,C094,tail40,no,no,T19,T21
C094_F262,1-1,C094,tail40,no,no,T07,T10
C094_F263,1-0,C094,tail40,no,no,T21,T06
C094_F264,4-1,C094,tail40,no,no,T09,T04
C094_F267,2-2,C094,tail40,no,no,T10,T22
C094_F270,2-3,C094,tail40,no,no,T07,T20
C094_F276,0-2,C094,tail40,no,no,T15,T24
C094_F277,1-2,C094,tail40,no,no,T24,T12
C094_F278,0-3,C094,tail40,no,no,T03,T05
C094_F286,0-0,C094,tail40,no,no,T07,T12
C094_F288,1-3,C094,tail40,no,no,T19,T17
C094_F289,1-1,C094,tail40,no,no,T07,T17
C094_F290,7-0,C094,tail40,no,no,T19,T02
C094_F291,2-1,C094,tail40,no,no,T06,T04
C094_F293,0-1,C094,tail40,no,no,T22,T19
C094_F294,0-1,C094,tail40,no,no,T23,T05
C094_F297,0-3,C094,tail40,no,no,T08,T19
C094_F299,2-3,C094,tail40,no,no,T22,T03
C094_F300,1-0,C094,tail40,no,no,T15,T03
C094_F301,0-1,C094,tail40,no,no,T17,T01
C094_F302,3-0,C094,tail40,no,no,T09,T12
C094_F305,1-0,C094,tail40,no,no,T08,T15
C094_F306,2-1,C094,tail40,no,no,T13,T19
C094_F309,0-0,C094,tail40,no,no,T05,T10
C094_F320,1-1,C094,tail40,no,no,T09,T23
C094_F321,1-0,C094,tail40,no,no,T01,T04
C094_F324,4-2,C094,tail40,no,no,T07,T01
C094_F327,1-1,C094,tail40,no,no,T15,T22
C094_F328,1-1,C094,tail40,no,no,T15,T01
C094_F330,4-1,C094,tail40,no,no,T10,T24
C094_F332,0-1,C094,tail40,no,no,T20,T04
C094_F339,0-2,C094,tail40,no,no,T09,T13
C094_F341,4-1,C094,tail40,no,no,T16,T03
C094_F344,2-3,C094,tail40,no,no,T18,T10
C094_F347,2-1,C094,tail40,no,no,T23,T06
C094_F348,2-0,C094,tail40,no,no,T08,T23
C094_F349,1-1,C094,tail40,no,no,T13,T08
C094_F350,5-0,C094,tail40,no,no,T01,T24
C094_F353,3-0,C094,tail40,no,no,T07,T08
C094_F356,4-3,C094,tail40,no,no,T08,T05
C094_F362,2-2,C094,tail40,no,no,T05,T02
C094_F363,1-1,C094,tail40,no,no,T19,T14
C094_F366,2-1,C094,tail40,no,no,T24,T21
C094_F374,0-1,C094,tail40,no,no,T06,T15
C094_F376,3-3,C094,tail40,no,no,T06,T17
C094_F382,3-1,C094,tail40,no,no,T12,T15
C094_F384,1-1,C094,tail40,no,no,T15,T02
C094_F385,0-1,C094,tail40,no,no,T01,T16
C094_F388,4-0,C094,tail40,no,no,T20,T13
C094_F389,0-0,C094,tail40,no,no,T20,T19
C094_F393,2-1,C094,tail40,no,no,T17,T15
C094_F398,2-2,C094,tail40,no,no,T03,T06
C094_F403,1-1,C094,tail40,no,no,T13,T03
C094_F405,1-0,C094,tail40,no,no,T03,T18
C094_F406,0-3,C094,tail40,no,no,T21,T13
C094_F409,3-2,C094,tail40,no,no,T21,T07
C094_F410,3-0,C094,tail40,no,no,T19,T10
C094_F415,2-2,C094,tail40,no,no,T01,T14
C094_F417,2-1,C094,tail40,no,no,T04,T12
C094_F422,1-2,C094,tail40,no,no,T23,T18
C094_F423,1-1,C094,tail40,no,no,T01,T20
C094_F424,0-0,C094,tail40,no,no,T22,T12
C094_F427,1-2,C094,tail40,no,no,T02,T12
C094_F428,3-2,C094,tail40,no,no,T03,T01
C094_F431,3-3,C094,tail40,no,no,T14,T02
C094_F432,2-1,C094,tail40,no,no,T06,T08
C094_F437,3-1,C094,tail40,no,no,T20,T08
C094_F446,0-1,C094,tail40,no,no,T10,T13
C094_F449,3-1,C094,tail40,no,no,T16,T19
C094_F452,1-0,C094,tail40,no,no,T13,T17
C094_F453,3-0,C094,tail40,no,no,T18,T01
C094_F455,0-1,C094,tail40,no,no,T09,T21
C094_F457,3-1,C094,tail40,no,no,T11,T02
C094_F458,3-3,C094,tail40,no,no,T19,T05
C094_F459,1-2,C094,tail40,no,no,T14,T22
C094_F462,1-0,C094,tail40,no,no,T19,T04
C094_F465,0-0,C094,tail40,no,no,T12,T01
C094_F466,2-0,C094,tail40,no,no,T17,T20
C094_F467,0-1,C094,tail40,no,no,T18,T22
C094_F468,2-2,C094,tail40,no,no,T04,T08
C094_F471,1-2,C094,tail40,no,no,T05,T11
C094_F472,2-2,C094,tail40,no,no,T05,T24
C094_F474,3-0,C094,tail40,no,no,T17,T09
C094_F476,2-1,C094,tail40,no,no,T02,T24
C094_F477,1-0,C094,tail40,no,no,T12,T08
C094_F480,4-1,C094,tail40,no,no,T14,T06
C094_F483,2-1,C094,tail40,no,no,T12,T06
C094_F484,1-1,C094,tail40,no,no,T12,T05
C094_F487,1-0,C094,tail40,no,no,T03,T08
C094_F488,1-0,C094,tail40,no,no,T16,T23
C094_F489,0-0,C094,tail40,no,no,T11,T12
C094_F490,2-1,C094,tail40,no,no,T13,T24
C094_F491,1-2,C094,tail40,no,no,T24,T20
C094_F492,3-1,C094,tail40,no,no,T24,T04
C094_F494,2-2,C094,tail40,no,no,T22,T21
C094_F496,0-0,C094,tail40,no,no,T12,T20
C094_F499,2-1,C094,tail40,no,no,T04,T11
C094_F501,3-2,C094,tail40,no,no,T06,T20
C094_F502,0-0,C094,tail40,no,no,T16,T15
C094_F504,1-2,C094,tail40,no,no,T05,T17
C094_F507,1-1,C094,tail40,no,no,T16,T21
C094_F510,0-2,C094,tail40,no,no,T20,T16
C094_F511,1-0,C094,tail40,no,no,T16,T14
C094_F513,1-3,C094,tail40,no,no,T08,T14
C094_F514,0-0,C094,tail40,no,no,T09,T11
C094_F515,3-1,C094,tail40,no,no,T19,T09
C094_F518,2-1,C094,tail40,no,no,T22,T09
C094_F524,0-1,C094,tail40,no,no,T18,T04
C094_F530,1-4,C094,tail40,no,no,T06,T18
C094_F531,0-1,C094,tail40,no,no,T10,T15
C094_F532,0-2,C094,tail40,no,no,T08,T18
C094_F534,2-0,C094,tail40,no,no,T21,T02
C094_F541,1-3,C094,tail40,no,no,T24,T03
C097_F001,2-1,C097,halftime60,no,no,T23,T05
C097_F002,3-2,C097,halftime60,no,no,T06,T01
C097_F003,0-1,C097,halftime60,no,no,T01,T04
C097_F005,2-1,C097,halftime60,no,no,T08,T15
C097_F006,1-0,C097,halftime60,no,no,T07,T08
C097_F007,1-2,C097,halftime60,no,no,T20,T15
C097_F008,1-4,C097,halftime60,no,no,T14,T10
C097_F009,1-1,C097,halftime60,no,no,T08,T01
C097_F011,1-1,C097,halftime60,no,no,T24,T18
C097_F015,2-2,C097,halftime60,no,no,T02,T15
C097_F016,2-0,C097,halftime60,no,no,T02,T18
C097_F017,1-0,C097,halftime60,no,no,T02,T01
C097_F019,1-1,C097,halftime60,no,no,T24,T15
C097_F026,1-0,C097,halftime60,no,no,T10,T07
C097_F027,1-2,C097,halftime60,no,no,T22,T01
C097_F030,1-1,C097,halftime60,no,no,T10,T24
C097_F031,1-1,C097,halftime60,no,no,T14,T07
C097_F032,0-2,C097,halftime60,no,no,T16,T07
C097_F033,1-0,C097,halftime60,no,no,T18,T09
C097_F034,1-2,C097,halftime60,no,no,T19,T13
C097_F035,1-1,C097,halftime60,no,no,T16,T11
C097_F036,1-1,C097,halftime60,no,no,T01,T24
C097_F037,1-0,C097,halftime60,no,no,T01,T16
C097_F038,3-0,C097,halftime60,no,no,T10,T17
C097_F039,0-4,C097,halftime60,no,no,T16,T17
C097_F040,0-0,C097,halftime60,no,no,T13,T09
C097_F047,1-1,C097,halftime60,no,no,T01,T15
C097_F048,1-3,C097,halftime60,no,no,T22,T24
C097_F050,0-1,C097,halftime60,no,no,T09,T24
C097_F051,0-0,C097,halftime60,no,no,T17,T05
C097_F052,2-3,C097,halftime60,no,no,T15,T14
C097_F054,3-1,C097,halftime60,no,no,T08,T10
C097_F055,2-1,C097,halftime60,no,no,T22,T17
C097_F056,1-1,C097,halftime60,no,no,T17,T23
C097_F058,0-2,C097,halftime60,no,no,T14,T12
C097_F059,2-2,C097,halftime60,no,no,T17,T16
C097_F060,0-1,C097,halftime60,no,no,T18,T21
C097_F063,1-1,C097,halftime60,no,no,T16,T09
C097_F064,1-1,C097,halftime60,no,no,T14,T01
C097_F066,2-2,C097,halftime60,no,no,T08,T18
C097_F068,1-1,C097,halftime60,no,no,T18,T24
C097_F070,3-1,C097,halftime60,no,no,T22,T19
C097_F077,0-2,C097,halftime60,no,no,T21,T07
C097_F078,1-1,C097,halftime60,no,no,T03,T13
C097_F080,0-2,C097,halftime60,no,no,T17,T14
C097_F081,1-0,C097,halftime60,no,no,T12,T05
C097_F085,0-3,C097,halftime60,no,no,T11,T06
C097_F086,0-0,C097,halftime60,no,no,T04,T11
C097_F088,0-1,C097,halftime60,no,no,T12,T13
C097_F089,3-6,C097,halftime60,no,no,T20,T14
C097_F090,1-0,C097,halftime60,no,no,T21,T06
C097_F094,1-0,C097,halftime60,no,no,T04,T07
C097_F095,2-0,C097,halftime60,no,no,T06,T13
C097_F097,1-2,C097,halftime60,no,no,T10,T19
C097_F098,5-1,C097,halftime60,no,no,T04,T08
C097_F099,4-0,C097,halftime60,no,no,T12,T02
C097_F100,3-1,C097,halftime60,no,no,T05,T20
C097_F101,3-1,C097,halftime60,no,no,T22,T07
C097_F102,1-0,C097,halftime60,no,no,T09,T13
C097_F105,2-1,C097,halftime60,no,no,T20,T17
C097_F107,2-2,C097,halftime60,no,no,T19,T23
C097_F108,0-2,C097,halftime60,no,no,T08,T24
C097_F109,3-3,C097,halftime60,no,no,T23,T01
C097_F110,1-2,C097,halftime60,no,no,T04,T10
C097_F111,1-2,C097,halftime60,no,no,T21,T18
C097_F113,0-1,C097,halftime60,no,no,T01,T14
C097_F116,3-1,C097,halftime60,no,no,T07,T01
C097_F122,3-0,C097,halftime60,no,no,T19,T24
C097_F127,0-0,C097,halftime60,no,no,T02,T03
C097_F128,1-0,C097,halftime60,no,no,T01,T08
C097_F132,0-1,C097,halftime60,no,no,T09,T05
C097_F133,0-2,C097,halftime60,no,no,T08,T03
C097_F135,2-0,C097,halftime60,no,no,T07,T10
C097_F136,0-0,C097,halftime60,no,no,T02,T16
C097_F137,1-1,C097,halftime60,no,no,T12,T04
C097_F138,1-0,C097,halftime60,no,no,T13,T02
C097_F139,3-0,C097,halftime60,no,no,T02,T12
C097_F140,2-2,C097,halftime60,no,no,T17,T24
C097_F143,0-0,C097,halftime60,no,no,T15,T08
C097_F144,1-0,C097,halftime60,no,no,T05,T13
C097_F145,3-3,C097,halftime60,no,no,T10,T01
C097_F147,3-1,C097,halftime60,no,no,T22,T05
C097_F150,3-0,C097,halftime60,no,no,T05,T09
C097_F152,2-3,C097,halftime60,no,no,T16,T01
C097_F154,3-2,C097,halftime60,no,no,T22,T18
C097_F155,2-0,C097,halftime60,no,no,T02,T13
C097_F158,1-0,C097,halftime60,no,no,T07,T14
C097_F159,0-0,C097,halftime60,no,no,T09,T20
C097_F162,1-1,C097,halftime60,no,no,T17,T09
C097_F163,2-0,C097,halftime60,no,no,T14,T06
C097_F165,2-2,C097,halftime60,no,no,T18,T11
C097_F166,0-0,C097,halftime60,no,no,T02,T22
C097_F169,3-0,C097,halftime60,no,no,T06,T23
C097_F171,3-4,C097,halftime60,no,no,T05,T22
C097_F172,0-1,C097,halftime60,no,no,T19,T21
C097_F173,1-2,C097,halftime60,no,no,T18,T22
C097_F174,3-0,C097,halftime60,no,no,T11,T14
C097_F176,0-0,C097,halftime60,no,no,T13,T08
C097_F177,4-1,C097,halftime60,no,no,T24,T21
C097_F178,0-2,C097,halftime60,no,no,T20,T23
C097_F179,0-2,C097,halftime60,no,no,T14,T16
C097_F180,1-2,C097,halftime60,no,no,T09,T02
C097_F182,0-1,C097,halftime60,no,no,T12,T14
C097_F183,2-1,C097,halftime60,no,no,T09,T14
C097_F184,1-1,C097,halftime60,no,no,T20,T16
C097_F186,0-2,C097,halftime60,no,no,T18,T06
C097_F187,3-1,C097,halftime60,no,no,T13,T24
C097_F188,1-0,C097,halftime60,no,no,T24,T02
C097_F191,1-0,C097,halftime60,no,no,T07,T19
C097_F193,2-0,C097,halftime60,no,no,T21,T17
C097_F195,2-0,C097,halftime60,no,no,T13,T14
C097_F196,1-2,C097,halftime60,no,no,T20,T11
C097_F197,1-1,C097,halftime60,no,no,T12,T23
C097_F198,2-0,C097,halftime60,no,no,T01,T13
C097_F200,1-0,C097,halftime60,no,no,T16,T20
C097_F204,1-1,C097,halftime60,no,no,T21,T11
C097_F205,1-2,C097,halftime60,no,no,T22,T09
C097_F206,2-0,C097,halftime60,no,no,T04,T21
C097_F207,1-1,C097,halftime60,no,no,T05,T18
C097_F208,5-4,C097,halftime60,no,no,T05,T16
C097_F209,2-2,C097,halftime60,no,no,T24,T13
C097_F211,0-2,C097,halftime60,no,no,T21,T22
C097_F212,3-1,C097,halftime60,no,no,T02,T11
C097_F213,0-0,C097,halftime60,no,no,T10,T03
C097_F215,2-0,C097,halftime60,no,no,T07,T05
C097_F218,4-2,C097,halftime60,no,no,T01,T17
C097_F219,1-2,C097,halftime60,no,no,T23,T22
C097_F220,2-0,C097,halftime60,no,no,T06,T08
C097_F221,2-5,C097,halftime60,no,no,T10,T05
C097_F222,3-0,C097,halftime60,no,no,T08,T21
C097_F225,0-2,C097,halftime60,no,no,T22,T08
C097_F226,4-2,C097,halftime60,no,no,T19,T20
C097_F229,3-3,C097,halftime60,no,no,T06,T16
C097_F230,1-2,C097,halftime60,no,no,T05,T12
C097_F231,3-1,C097,halftime60,no,no,T15,T13
C097_F232,0-0,C097,halftime60,no,no,T23,T18
C097_F233,3-2,C097,halftime60,no,no,T18,T19
C097_F234,1-1,C097,halftime60,no,no,T11,T24
C097_F236,1-1,C097,halftime60,no,no,T17,T08
C097_F237,1-0,C097,halftime60,no,no,T12,T24
C097_F238,1-0,C097,halftime60,no,no,T13,T04
C097_F239,0-2,C097,halftime60,no,no,T20,T06
C097_F240,0-1,C097,halftime60,no,no,T16,T03
C097_F242,1-2,C097,halftime60,no,no,T13,T05
C097_F247,7-1,C097,halftime60,no,no,T04,T14
C097_F248,1-2,C097,halftime60,no,no,T19,T11
C097_F250,0-3,C097,halftime60,no,no,T22,T15
C097_F253,3-1,C097,halftime60,no,no,T05,T14
C097_F254,0-1,C097,halftime60,no,no,T08,T11
C097_F258,2-0,C097,halftime60,no,no,T13,T12
C097_F259,3-2,C097,halftime60,no,no,T15,T17
C097_F260,1-0,C097,halftime60,no,no,T18,T17
C097_F261,2-0,C097,halftime60,no,no,T10,T16
C097_F262,2-5,C097,halftime60,no,no,T22,T11
C097_F266,2-3,C097,halftime60,no,no,T18,T07
C097_F267,1-0,C097,halftime60,no,no,T15,T22
C097_F269,1-1,C097,halftime60,no,no,T03,T11
C097_F270,4-1,C097,halftime60,no,no,T22,T02
C097_F272,1-0,C097,halftime60,no,no,T23,T17
C097_F273,0-4,C097,halftime60,no,no,T08,T09
C097_F274,0-1,C097,halftime60,no,no,T05,T11
C097_F275,2-0,C097,halftime60,no,no,T06,T10
C097_F276,2-1,C097,halftime60,no,no,T08,T22
C097_F277,4-1,C097,halftime60,no,no,T11,T04
C097_F278,2-0,C097,halftime60,no,no,T09,T17
C097_F279,3-1,C097,halftime60,no,no,T19,T07
C097_F280,1-0,C097,halftime60,no,no,T06,T02
C097_F281,1-1,C097,halftime60,no,no,T03,T17
C097_F282,1-1,C097,halftime60,no,no,T22,T20
C097_F283,1-1,C097,halftime60,no,no,T24,T07
C097_F285,2-0,C097,halftime60,no,no,T05,T10
C097_F287,0-1,C097,halftime60,no,no,T23,T20
C097_F288,0-0,C097,halftime60,no,no,T04,T16
C097_F290,3-1,C097,halftime60,no,no,T23,T02
C097_F292,2-2,C097,halftime60,no,no,T10,T14
C097_F294,3-2,C097,halftime60,no,no,T07,T20
C097_F296,2-3,C097,halftime60,no,no,T21,T12
C097_F299,2-1,C097,halftime60,no,no,T03,T01
C097_F300,4-1,C097,halftime60,no,no,T11,T03
C097_F303,2-0,C097,halftime60,no,no,T23,T13
C097_F307,1-0,C097,halftime60,no,no,T09,T19
C097_F309,2-2,C097,halftime60,no,no,T13,T01
C097_F311,2-2,C097,halftime60,no,no,T09,T08
C097_F312,4-3,C097,halftime60,no,no,T08,T05
C097_F315,1-1,C097,halftime60,no,no,T07,T09
C097_F316,1-0,C097,halftime60,no,no,T02,T06
C097_F317,0-0,C097,halftime60,no,no,T06,T19
C097_F318,1-2,C097,halftime60,no,no,T13,T18
C097_F319,2-3,C097,halftime60,no,no,T21,T09
C097_F320,1-1,C097,halftime60,no,no,T19,T18
C097_F321,2-1,C097,halftime60,no,no,T04,T15
C097_F322,0-0,C097,halftime60,no,no,T15,T10
C097_F325,3-0,C097,halftime60,no,no,T12,T07
C097_F326,1-1,C097,halftime60,no,no,T20,T01
C097_F327,1-1,C097,halftime60,no,no,T19,T16
C097_F328,1-0,C097,halftime60,no,no,T11,T20
C097_F329,1-0,C097,halftime60,no,no,T07,T18
C097_F330,1-2,C097,halftime60,no,no,T23,T15
C097_F333,2-3,C097,halftime60,no,no,T15,T02
C097_F334,0-2,C097,halftime60,no,no,T09,T22
C097_F335,4-1,C097,halftime60,no,no,T02,T08
C097_F336,1-1,C097,halftime60,no,no,T23,T19
C097_F339,1-1,C097,halftime60,no,no,T14,T18
C097_F342,1-2,C097,halftime60,no,no,T23,T10
C097_F344,1-1,C097,halftime60,no,no,T11,T08
C097_F347,1-3,C097,halftime60,no,no,T15,T16
C097_F348,1-1,C097,halftime60,no,no,T03,T19
C097_F353,0-0,C097,halftime60,no,no,T16,T15
C097_F355,0-1,C097,halftime60,no,no,T05,T07
C097_F359,3-1,C097,halftime60,no,no,T24,T20
C097_F360,4-1,C097,halftime60,no,no,T05,T04
C097_F363,1-0,C097,halftime60,no,no,T19,T17
C097_F364,0-3,C097,halftime60,no,no,T24,T10
C097_F365,1-1,C097,halftime60,no,no,T14,T21
C097_F366,0-0,C097,halftime60,no,no,T23,T03
C097_F367,0-4,C097,halftime60,no,no,T20,T19
C097_F368,2-1,C097,halftime60,no,no,T21,T24
C097_F371,2-0,C097,halftime60,no,no,T12,T22
C097_F373,2-1,C097,halftime60,no,no,T13,T06
C097_F374,1-2,C097,halftime60,no,no,T11,T05
C097_F375,2-3,C097,halftime60,no,no,T23,T04
C097_F376,1-0,C097,halftime60,no,no,T19,T10
C097_F377,1-0,C097,halftime60,no,no,T04,T22
C097_F378,2-2,C097,halftime60,no,no,T20,T02
C097_F379,1-2,C097,halftime60,no,no,T23,T08
C097_F380,2-0,C097,halftime60,no,no,T02,T20
C097_F381,2-1,C097,halftime60,no,no,T22,T21
C097_F384,0-1,C097,halftime60,no,no,T16,T24
C097_F386,0-1,C097,halftime60,no,no,T17,T13
C097_F387,1-1,C097,halftime60,no,no,T19,T09
C097_F389,1-1,C097,halftime60,no,no,T01,T07
C097_F390,3-1,C097,halftime60,no,no,T01,T21
C097_F391,2-1,C097,halftime60,no,no,T19,T15
C097_F394,2-0,C097,halftime60,no,no,T11,T17
C097_F395,1-3,C097,halftime60,no,no,T17,T02
C097_F396,4-0,C097,halftime60,no,no,T08,T17
C097_F397,2-3,C097,halftime60,no,no,T22,T04
C097_F398,1-0,C097,halftime60,no,no,T01,T22
C097_F399,1-0,C097,halftime60,no,no,T14,T17
C097_F400,4-0,C097,halftime60,no,no,T10,T22
C097_F401,1-0,C097,halftime60,no,no,T13,T16
C097_F405,1-0,C097,halftime60,no,no,T10,T08
C097_F408,3-0,C097,halftime60,no,no,T11,T01
C097_F409,5-0,C097,halftime60,no,no,T06,T18
C097_F411,2-1,C097,halftime60,no,no,T07,T12
C097_F412,0-1,C097,halftime60,no,no,T01,T18
C097_F413,5-2,C097,halftime60,no,no,T04,T01
C097_F415,1-0,C097,halftime60,no,no,T06,T15
C097_F416,3-1,C097,halftime60,no,no,T10,T09
C097_F418,2-1,C097,halftime60,no,no,T03,T18
C097_F419,1-0,C097,halftime60,no,no,T07,T17
C097_F420,1-6,C097,halftime60,no,no,T16,T05
C097_F424,2-1,C097,halftime60,no,no,T03,T21
C097_F426,3-2,C097,halftime60,no,no,T16,T10
C097_F427,1-2,C097,halftime60,no,no,T21,T23
C097_F429,2-3,C097,halftime60,no,no,T16,T14
C097_F430,0-1,C097,halftime60,no,no,T09,T06
C097_F432,6-0,C097,halftime60,no,no,T23,T11
C097_F433,4-0,C097,halftime60,no,no,T06,T21
C097_F436,2-1,C097,halftime60,no,no,T19,T03
C097_F439,2-1,C097,halftime60,no,no,T06,T07
C097_F441,1-2,C097,halftime60,no,no,T05,T21
C097_F442,0-1,C097,halftime60,no,no,T01,T10
C097_F445,1-0,C097,halftime60,no,no,T13,T23
C097_F448,2-0,C097,halftime60,no,no,T07,T23
C097_F450,1-1,C097,halftime60,no,no,T15,T24
C097_F451,0-5,C097,halftime60,no,no,T21,T02
C097_F452,1-2,C097,halftime60,no,no,T23,T24
C097_F453,3-0,C097,halftime60,no,no,T11,T12
C097_F454,0-1,C097,halftime60,no,no,T23,T16
C097_F455,1-0,C097,halftime60,no,no,T24,T16
C097_F458,3-0,C097,halftime60,no,no,T12,T20
C097_F459,1-2,C097,halftime60,no,no,T01,T06
C097_F460,0-3,C097,halftime60,no,no,T16,T23
C097_F461,4-1,C097,halftime60,no,no,T13,T20
C097_F462,2-2,C097,halftime60,no,no,T19,T05
C097_F464,2-1,C097,halftime60,no,no,T14,T09
C097_F465,1-0,C097,halftime60,no,no,T01,T02
C097_F467,4-0,C097,halftime60,no,no,T22,T14
C097_F468,0-0,C097,halftime60,no,no,T17,T20
C097_F471,3-2,C097,halftime60,no,no,T24,T09
C097_F474,0-0,C097,halftime60,no,no,T03,T05
C097_F475,2-0,C097,halftime60,no,no,T20,T24
C097_F476,1-2,C097,halftime60,no,no,T08,T12
C097_F477,2-2,C097,halftime60,no,no,T09,T12
C097_F478,1-3,C097,halftime60,no,no,T17,T07
C097_F481,1-1,C097,halftime60,no,no,T17,T03
C097_F484,1-0,C097,halftime60,no,no,T10,T21
C097_F485,2-5,C097,halftime60,no,no,T21,T13
C097_F486,3-1,C097,halftime60,no,no,T02,T19
C097_F487,3-2,C097,halftime60,no,no,T15,T04
C097_F488,0-4,C097,halftime60,no,no,T01,T12
C097_F489,0-1,C097,halftime60,no,no,T17,T21
C097_F491,4-0,C097,halftime60,no,no,T18,T13
C097_F492,0-1,C097,halftime60,no,no,T04,T13
C097_F493,0-1,C097,halftime60,no,no,T03,T24
C097_F495,0-1,C097,halftime60,no,no,T23,T07
C097_F499,1-2,C097,halftime60,no,no,T23,T21
C097_F500,1-0,C097,halftime60,no,no,T14,T05
C097_F501,1-0,C097,halftime60,no,no,T01,T09
C097_F502,1-1,C097,halftime60,no,no,T09,T04
C097_F503,1-4,C097,halftime60,no,no,T12,T06
C097_F504,0-4,C097,halftime60,no,no,T18,T23
C097_F505,1-1,C097,halftime60,no,no,T19,T08
C097_F506,1-0,C097,halftime60,no,no,T06,T17
C097_F507,0-2,C097,halftime60,no,no,T20,T03
C097_F508,1-1,C097,halftime60,no,no,T07,T15
C097_F509,1-0,C097,halftime60,no,no,T23,T12
C097_F510,3-1,C097,halftime60,no,no,T11,T19
C097_F512,3-1,C097,halftime60,no,no,T17,T15
C097_F518,1-1,C097,halftime60,no,no,T14,T03
C097_F519,1-2,C097,halftime60,no,no,T24,T05
C097_F523,0-1,C097,halftime60,no,no,T23,T06
C097_F524,2-1,C097,halftime60,no,no,T15,T03
C097_F527,1-0,C097,halftime60,no,no,T06,T09
C097_F528,3-1,C097,halftime60,no,no,T24,T03
C097_F529,1-2,C097,halftime60,no,no,T06,T03
C097_F530,5-1,C097,halftime60,no,no,T03,T09
C097_F531,4-3,C097,halftime60,no,no,T05,T15
C097_F536,0-0,C097,halftime60,no,no,T15,T09
C097_F537,1-1,C097,halftime60,no,no,T07,T13
C097_F538,0-2,C097,halftime60,no,no,T04,T20
C097_F540,1-4,C097,halftime60,no,no,T09,T01
C097_F542,2-2,C097,halftime60,no,no,T04,T05
C097_F543,1-3,C097,halftime60,no,no,T24,T12
C097_F545,3-0,C097,halftime60,no,no,T06,T11
C097_F546,3-1,C097,halftime60,no,no,T11,T21
C097_F547,1-0,C097,halftime60,no,no,T08,T19
C097_F548,1-1,C097,halftime60,no,no,T22,T06
C097_F549,2-1,C097,halftime60,no,no,T08,T04
C097_F551,2-0,C097,halftime60,no,no,T17,T06
C103_F001,0-1,C103,halftime60,no,yes,T10,T02
C103_F003,1-2,C103,halftime60,no,yes,T09,T03
C103_F006,3-1,C103,halftime60,no,yes,T07,T15
C103_F007,0-2,C103,halftime60,no,yes,T14,T10
C103_F009,1-1,C103,halftime60,no,yes,T03,T13
C103_F010,3-1,C103,halftime60,no,yes,T17,T09
C103_F011,1-1,C103,halftime60,no,yes,T06,T08
C103_F013,2-1,C103,halftime60,no,yes,T20,T19
C103_F015,2-1,C103,halftime60,no,yes,T20,T02
C103_F019,2-3,C103,halftime60,no,yes,T16,T09
C103_F022,1-0,C103,halftime60,no,yes,T04,T14
C103_F025,1-1,C103,halftime60,no,yes,T18,T09
C103_F026,1-0,C103,halftime60,no,yes,T12,T20
C103_F027,0-0,C103,halftime60,no,yes,T11,T21
C103_F028,3-1,C103,halftime60,no,yes,T10,T13
C103_F029,1-0,C103,halftime60,no,yes,T22,T17
C103_F031,2-2,C103,halftime60,no,yes,T22,T10
C103_F032,0-0,C103,halftime60,no,yes,T17,T19
C103_F036,2-0,C103,halftime60,no,yes,T04,T11
C103_F037,0-2,C103,halftime60,no,yes,T12,T05
C103_F040,0-1,C103,halftime60,no,yes,T14,T08
C103_F042,1-2,C103,halftime60,no,yes,T09,T01
C103_F044,1-1,C103,halftime60,no,yes,T14,T21
C103_F045,1-1,C103,halftime60,no,yes,T12,T22
C103_F047,1-2,C103,halftime60,no,yes,T21,T11
C103_F048,1-0,C103,halftime60,no,yes,T13,T01
C103_F050,1-1,C103,halftime60,no,yes,T08,T12
C103_F052,2-2,C103,halftime60,no,yes,T01,T15
C103_F054,2-2,C103,halftime60,no,yes,T15,T07
C103_F055,2-0,C103,halftime60,no,yes,T06,T21
C103_F057,1-0,C103,halftime60,no,yes,T10,T08
C103_F058,2-0,C103,halftime60,no,yes,T14,T16
C103_F059,1-1,C103,halftime60,no,yes,T05,T02
C103_F060,2-2,C103,halftime60,no,yes,T02,T06
C103_F064,1-1,C103,halftime60,no,yes,T14,T17
C103_F066,2-0,C103,halftime60,no,yes,T17,T13
C103_F068,2-4,C103,halftime60,no,yes,T02,T03
C103_F070,2-1,C103,halftime60,no,yes,T16,T14
C103_F071,2-0,C103,halftime60,no,yes,T09,T18
C103_F072,2-1,C103,halftime60,no,yes,T14,T18
C103_F075,1-1,C103,halftime60,no,yes,T01,T16
C103_F076,1-3,C103,halftime60,no,yes,T16,T18
C103_F078,2-2,C103,halftime60,no,yes,T10,T21
C103_F080,1-3,C103,halftime60,no,yes,T16,T02
C103_F082,0-1,C103,halftime60,no,yes,T09,T20
C103_F083,1-0,C103,halftime60,no,yes,T03,T05
C103_F084,1-2,C103,halftime60,no,yes,T09,T02
C103_F085,2-0,C103,halftime60,no,yes,T01,T13
C103_F087,0-2,C103,halftime60,no,yes,T18,T01
C103_F088,2-0,C103,halftime60,no,yes,T18,T13
C103_F089,2-2,C103,halftime60,no,yes,T03,T16
C103_F090,1-2,C103,halftime60,no,yes,T15,T12
C103_F092,1-2,C103,halftime60,no,yes,T09,T07
C103_F093,2-0,C103,halftime60,no,yes,T02,T21
C103_F094,1-2,C103,halftime60,no,yes,T11,T03
C103_F095,0-1,C103,halftime60,no,yes,T06,T02
C103_F096,1-2,C103,halftime60,no,yes,T11,T15
C103_F097,1-0,C103,halftime60,no,yes,T01,T05
C103_F100,0-1,C103,halftime60,no,yes,T16,T11
C103_F102,3-2,C103,halftime60,no,yes,T05,T13
C103_F103,2-0,C103,halftime60,no,yes,T20,T14
C103_F104,1-1,C103,halftime60,no,yes,T20,T21
C103_F105,2-0,C103,halftime60,no,yes,T20,T06
C103_F108,0-1,C103,halftime60,no,yes,T09,T12
C103_F109,0-0,C103,halftime60,no,yes,T06,T01
C103_F110,3-1,C103,halftime60,no,yes,T02,T09
C103_F111,0-2,C103,halftime60,no,yes,T07,T18
C103_F112,2-0,C103,halftime60,no,yes,T07,T03
C103_F113,1-1,C103,halftime60,no,yes,T22,T04
C103_F118,1-2,C103,halftime60,no,yes,T10,T12
C103_F119,2-1,C103,halftime60,no,yes,T06,T03
C103_F120,1-1,C103,halftime60,no,yes,T18,T20
C103_F122,1-0,C103,halftime60,no,yes,T20,T04
C103_F123,2-2,C103,halftime60,no,yes,T08,T17
C103_F126,0-2,C103,halftime60,no,yes,T17,T18
C103_F128,1-2,C103,halftime60,no,yes,T08,T04
C103_F129,0-0,C103,halftime60,no,yes,T12,T16
C103_F130,1-3,C103,halftime60,no,yes,T22,T14
C103_F135,2-0,C103,halftime60,no,yes,T13,T04
C103_F137,0-1,C103,halftime60,no,yes,T20,T11
C103_F138,0-1,C103,halftime60,no,yes,T01,T17
C103_F139,3-3,C103,halftime60,no,yes,T16,T22
C103_F142,1-1,C103,halftime60,no,yes,T22,T07
C103_F143,1-0,C103,halftime60,no,yes,T04,T12
C103_F144,2-1,C103,halftime60,no,yes,T16,T21
C103_F148,1-0,C103,halftime60,no,yes,T17,T20
C103_F149,0-1,C103,halftime60,no,yes,T05,T01
C103_F152,0-0,C103,halftime60,no,yes,T18,T12
C103_F154,0-1,C103,halftime60,no,yes,T04,T03
C103_F155,3-0,C103,halftime60,no,yes,T07,T11
C103_F158,0-0,C103,halftime60,no,yes,T19,T05
C103_F159,1-1,C103,halftime60,no,yes,T01,T14
C103_F160,2-0,C103,halftime60,no,yes,T13,T15
C103_F161,2-1,C103,halftime60,no,yes,T11,T13
C103_F164,2-0,C103,halftime60,no,yes,T06,T19
C103_F166,1-1,C103,halftime60,no,yes,T03,T20
C103_F167,2-0,C103,halftime60,no,yes,T15,T20
C103_F168,1-1,C103,halftime60,no,yes,T06,T22
C103_F169,2-0,C103,halftime60,no,yes,T07,T13
C103_F171,5-1,C103,halftime60,no,yes,T10,T09
C103_F172,0-1,C103,halftime60,no,yes,T13,T16
C103_F173,3-2,C103,halftime60,no,yes,T19,T22
C103_F175,1-1,C103,halftime60,no,yes,T22,T03
C103_F176,3-1,C103,halftime60,no,yes,T02,T16
C103_F177,2-0,C103,halftime60,no,yes,T19,T17
C103_F178,2-1,C103,halftime60,no,yes,T16,T10
C103_F180,2-1,C103,halftime60,no,yes,T16,T05
C103_F183,3-2,C103,halftime60,no,yes,T16,T03
C103_F185,1-0,C103,halftime60,no,yes,T17,T02
C103_F186,1-1,C103,halftime60,no,yes,T19,T10
C103_F187,0-2,C103,halftime60,no,yes,T02,T07
C103_F188,1-0,C103,halftime60,no,yes,T06,T16
C103_F190,0-0,C103,halftime60,no,yes,T09,T06
C103_F191,1-2,C103,halftime60,no,yes,T07,T05
C103_F195,0-2,C103,halftime60,no,yes,T04,T05
C103_F197,1-2,C103,halftime60,no,yes,T03,T19
C103_F198,0-1,C103,halftime60,no,yes,T12,T01
C103_F201,1-0,C103,halftime60,no,yes,T17,T10
C103_F204,1-0,C103,halftime60,no,yes,T01,T12
C103_F207,1-0,C103,halftime60,no,yes,T19,T21
C103_F208,1-0,C103,halftime60,no,yes,T18,T17
C103_F209,2-1,C103,halftime60,no,yes,T08,T15
C103_F210,2-0,C103,halftime60,no,yes,T06,T05
C103_F213,0-0,C103,halftime60,no,yes,T07,T06
C103_F215,0-0,C103,halftime60,no,yes,T02,T08
C103_F216,2-2,C103,halftime60,no,yes,T16,T17
C103_F217,0-2,C103,halftime60,no,yes,T19,T20
C103_F219,2-4,C103,halftime60,no,yes,T12,T13
C103_F220,4-0,C103,halftime60,no,yes,T21,T15
C103_F221,1-1,C103,halftime60,no,yes,T21,T10
C103_F223,1-0,C103,halftime60,no,yes,T02,T18
C103_F227,3-1,C103,halftime60,no,yes,T20,T03
C103_F229,2-1,C103,halftime60,no,yes,T16,T20
C103_F231,3-3,C103,halftime60,no,yes,T02,T17
C103_F234,3-2,C103,halftime60,no,yes,T22,T13
C103_F235,0-1,C103,halftime60,no,yes,T18,T04
C103_F237,1-0,C103,halftime60,no,yes,T17,T05
C103_F239,4-2,C103,halftime60,no,yes,T04,T07
C103_F241,2-0,C103,halftime60,no,yes,T20,T18
C103_F244,1-0,C103,halftime60,no,yes,T09,T08
C103_F246,0-2,C103,halftime60,no,yes,T03,T12
C103_F248,3-0,C103,halftime60,no,yes,T20,T13
C103_F250,1-0,C103,halftime60,no,yes,T07,T20
C103_F252,2-2,C103,halftime60,no,yes,T01,T07
C103_F253,1-1,C103,halftime60,no,yes,T21,T16
C103_F256,1-0,C103,halftime60,no,yes,T08,T11
C103_F257,1-2,C103,halftime60,no,yes,T21,T08
C103_F261,1-2,C103,halftime60,no,yes,T13,T21
C103_F263,2-0,C103,halftime60,no,yes,T18,T21
C103_F265,2-0,C103,halftime60,no,yes,T12,T10
C103_F267,2-0,C103,halftime60,no,yes,T17,T01
C103_F270,2-2,C103,halftime60,no,yes,T15,T19
C103_F271,0-1,C103,halftime60,no,yes,T12,T11
C103_F272,0-0,C103,halftime60,no,yes,T06,T11
C103_F273,0-0,C103,halftime60,no,yes,T08,T09
C103_F275,1-1,C103,halftime60,no,yes,T13,T07
C103_F277,1-0,C103,halftime60,no,yes,T15,T18
C103_F278,3-2,C103,halftime60,no,yes,T07,T22
C103_F280,1-1,C103,halftime60,no,yes,T11,T19
C103_F282,1-3,C103,halftime60,no,yes,T19,T03
C103_F284,3-1,C103,halftime60,no,yes,T22,T16
C103_F285,1-1,C103,halftime60,no,yes,T05,T16
C103_F286,1-0,C103,halftime60,no,yes,T11,T17
C103_F288,2-1,C103,halftime60,no,yes,T01,T02
C103_F290,1-0,C103,halftime60,no,yes,T04,T01
C103_F291,1-1,C103,halftime60,no,yes,T07,T02
C103_F293,2-1,C103,halftime60,no,yes,T13,T05
C103_F295,0-0,C103,halftime60,no,yes,T01,T10
C103_F297,1-1,C103,halftime60,no,yes,T13,T18
C103_F299,4-0,C103,halftime60,no,yes,T04,T02
C103_F300,2-2,C103,halftime60,no,yes,T01,T22
C103_F301,3-1,C103,halftime60,no,yes,T19,T14
C103_F302,2-2,C103,halftime60,no,yes,T21,T14
C103_F303,2-2,C103,halftime60,no,yes,T19,T07
C103_F304,1-0,C103,halftime60,no,yes,T21,T20
C103_F306,0-0,C103,halftime60,no,yes,T05,T10
C103_F307,1-1,C103,halftime60,no,yes,T14,T11
C103_F309,3-4,C103,halftime60,no,yes,T01,T19
C103_F310,2-2,C103,halftime60,no,yes,T21,T02
C103_F311,0-3,C103,halftime60,no,yes,T14,T01
C103_F313,0-0,C103,halftime60,no,yes,T09,T13
C103_F314,1-1,C103,halftime60,no,yes,T04,T16
C103_F315,4-0,C103,halftime60,no,yes,T04,T10
C103_F316,3-0,C103,halftime60,no,yes,T10,T16
C103_F317,1-1,C103,halftime60,no,yes,T22,T19
C103_F319,0-0,C103,halftime60,no,yes,T16,T07
C103_F321,1-1,C103,halftime60,no,yes,T15,T02
C103_F322,2-0,C103,halftime60,no,yes,T04,T08
C103_F323,0-1,C103,halftime60,no,yes,T21,T06
C103_F324,1-1,C103,halftime60,no,yes,T20,T12
C103_F325,2-1,C103,halftime60,no,yes,T06,T13
C103_F326,2-2,C103,halftime60,no,yes,T13,T22
C103_F327,2-0,C103,halftime60,no,yes,T02,T05
C103_F328,1-0,C103,halftime60,no,yes,T18,T14
C103_F329,0-0,C103,halftime60,no,yes,T10,T17
C103_F330,1-0,C103,halftime60,no,yes,T13,T11
C103_F331,1-1,C103,halftime60,no,yes,T22,T12
C103_F333,1-1,C103,halftime60,no,yes,T14,T13
C103_F334,0-1,C103,halftime60,no,yes,T07,T19
C103_F335,1-1,C103,halftime60,no,yes,T11,T01
C103_F337,2-1,C103,halftime60,no,yes,T18,T03
C103_F338,1-0,C103,halftime60,no,yes,T11,T12
C103_F341,1-1,C103,halftime60,no,yes,T18,T22
C103_F345,0-0,C103,halftime60,no,yes,T15,T21
C103_F346,0-1,C103,halftime60,no,yes,T04,T09
C103_F347,0-0,C103,halftime60,no,yes,T17,T21
C103_F348,1-2,C103,halftime60,no,yes,T06,T12
C103_F349,0-0,C103,halftime60,no,yes,T05,T22
C103_F351,0-3,C103,halftime60,no,yes,T10,T07
C103_F353,2-3,C103,halftime60,no,yes,T07,T14
C103_F354,1-1,C103,halftime60,no,yes,T17,T03
C103_F356,0-1,C103,halftime60,no,yes,T01,T11
C103_F357,1-1,C103,halftime60,no,yes,T12,T19
C103_F359,3-3,C103,halftime60,no,yes,T05,T21
C103_F361,1-2,C103,halftime60,no,yes,T05,T08
C103_F364,1-0,C103,halftime60,no,yes,T06,T14
C103_F369,2-1,C103,halftime60,no,yes,T15,T10
C103_F371,1-2,C103,halftime60,no,yes,T02,T15
C103_F372,0-2,C103,halftime60,no,yes,T19,T09
C103_F373,1-1,C103,halftime60,no,yes,T22,T09
C103_F376,1-1,C103,halftime60,no,yes,T15,T08
C103_F377,1-1,C103,halftime60,no,yes,T06,T09
C103_F378,1-0,C103,halftime60,no,yes,T11,T06
C103_F379,2-1,C103,halftime60,no,yes,T12,T09
C103_F380,1-0,C103,halftime60,no,yes,T17,T07
C103_F381,0-1,C103,halftime60,no,yes,T07,T10
C103_F383,1-1,C103,halftime60,no,yes,T10,T06
C103_F385,0-2,C103,halftime60,no,yes,T03,T18
C103_F386,3-1,C103,halftime60,no,yes,T12,T04
C103_F388,4-1,C103,halftime60,no,yes,T11,T02
C103_F389,2-0,C103,halftime60,no,yes,T09,T04
C103_F391,0-1,C103,halftime60,no,yes,T12,T06
C103_F393,1-0,C103,halftime60,no,yes,T05,T14
C103_F394,1-0,C103,halftime60,no,yes,T04,T18
C103_F395,2-2,C103,halftime60,no,yes,T04,T15
C103_F397,2-1,C103,halftime60,no,yes,T15,T13
C103_F400,1-1,C103,halftime60,no,yes,T01,T09
C103_F401,1-2,C103,halftime60,no,yes,T19,T15
C103_F404,1-1,C103,halftime60,no,yes,T09,T14
C103_F406,1-0,C103,halftime60,no,yes,T17,T06
C103_F408,2-1,C103,halftime60,no,yes,T03,T10
C103_F409,2-0,C103,halftime60,no,yes,T13,T17
C103_F410,0-3,C103,halftime60,no,yes,T19,T02
C103_F413,1-1,C103,halftime60,no,yes,T17,T11
C103_F414,3-2,C103,halftime60,no,yes,T20,T07
C103_F415,2-0,C103,halftime60,no,yes,T02,T04
C103_F416,0-0,C103,halftime60,no,yes,T15,T04
C103_F418,2-2,C103,halftime60,no,yes,T21,T01
C103_F419,2-0,C103,halftime60,no,yes,T12,T03
C103_F422,2-1,C103,halftime60,no,yes,T05,T04
C103_F424,2-4,C103,halftime60,no,yes,T09,T05
C103_F425,0-1,C103,halftime60,no,yes,T19,T16
C103_F426,0-0,C103,halftime60,no,yes,T05,T20
C103_F428,4-2,C103,halftime60,no,yes,T18,T15
C103_F430,3-3,C103,halftime60,no,yes,T06,T18
C103_F432,2-0,C103,halftime60,no,yes,T22,T20
C103_F435,0-0,C103,halftime60,no,yes,T05,T19
C103_F436,0-1,C103,halftime60,no,yes,T11,T07
C103_F437,2-2,C103,halftime60,no,yes,T20,T09
C103_F438,1-1,C103,halftime60,no,yes,T06,T10
C103_F439,0-1,C103,halftime60,no,yes,T04,T13
C103_F440,1-0,C103,halftime60,no,yes,T05,T17
C103_F441,0-0,C103,halftime60,no,yes,T10,T05
C103_F442,1-1,C103,halftime60,no,yes,T03,T08
C103_F443,2-3,C103,halftime60,no,yes,T22,T18
C103_F445,0-0,C103,halftime60,no,yes,T07,T01
C103_F446,0-0,C103,halftime60,no,yes,T16,T04
C103_F447,4-0,C103,halftime60,no,yes,T14,T05
C103_F448,0-3,C103,halftime60,no,yes,T17,T15
C103_F449,0-1,C103,halftime60,no,yes,T10,T20
C103_F450,3-1,C103,halftime60,no,yes,T07,T17
C103_F452,1-2,C103,halftime60,no,yes,T21,T12
C103_F456,1-0,C103,halftime60,no,yes,T08,T03
C103_F457,3-1,C103,halftime60,no,yes,T20,T16
C103_F459,2-2,C103,halftime60,no,yes,T11,T20
C103_F460,0-0,C103,halftime60,no,yes,T03,T14
C103_F461,0-1,C103,halftime60,no,yes,T09,T11
C104_F001,0-1,C104,halftime60,no,yes,T05,T15
C104_F003,1-0,C104,halftime60,no,yes,T17,T09
C104_F004,3-0,C104,halftime60,no,yes,T06,T01
C104_F007,3-0,C104,halftime60,no,yes,T06,T11
C104_F008,0-2,C104,halftime60,no,yes,T12,T16
C104_F009,0-0,C104,halftime60,no,yes,T02,T16
C104_F011,3-3,C104,halftime60,no,yes,T09,T22
C104_F013,2-1,C104,halftime60,no,yes,T02,T04
C104_F014,1-2,C104,halftime60,no,yes,T11,T18
C104_F015,1-0,C104,halftime60,no,yes,T18,T05
C104_F021,1-0,C104,halftime60,no,yes,T11,T01
C104_F022,2-0,C104,halftime60,no,yes,T02,T01
C104_F023,3-0,C104,halftime60,no,yes,T07,T01
C104_F024,0-0,C104,halftime60,no,yes,T19,T06
C104_F025,2-0,C104,halftime60,no,yes,T19,T17
C104_F026,2-2,C104,halftime60,no,yes,T02,T17
C104_F027,1-0,C104,halftime60,no,yes,T09,T06
C104_F028,0-0,C104,halftime60,no,yes,T12,T22
C104_F030,0-2,C104,halftime60,no,yes,T13,T03
C104_F032,1-1,C104,halftime60,no,yes,T13,T06
C104_F033,1-2,C104,halftime60,no,yes,T03,T05
C104_F034,2-1,C104,halftime60,no,yes,T02,T09
C104_F035,0-0,C104,halftime60,no,yes,T16,T21
C104_F036,4-3,C104,halftime60,no,yes,T22,T01
C104_F037,3-0,C104,halftime60,no,yes,T07,T05
C104_F038,2-1,C104,halftime60,no,yes,T13,T11
C104_F039,1-1,C104,halftime60,no,yes,T04,T02
C104_F040,2-1,C104,halftime60,no,yes,T20,T18
C104_F041,0-1,C104,halftime60,no,yes,T08,T01
C104_F044,2-0,C104,halftime60,no,yes,T14,T01
C104_F046,1-0,C104,halftime60,no,yes,T13,T22
C104_F048,2-1,C104,halftime60,no,yes,T15,T13
C104_F051,1-1,C104,halftime60,no,yes,T21,T01
C104_F052,2-0,C104,halftime60,no,yes,T08,T04
C104_F053,0-2,C104,halftime60,no,yes,T06,T07
C104_F055,2-0,C104,halftime60,no,yes,T16,T01
C104_F058,1-0,C104,halftime60,no,yes,T05,T11
C104_F059,1-1,C104,halftime60,no,yes,T09,T20
C104_F066,4-2,C104,halftime60,no,yes,T22,T20
C104_F068,0-1,C104,halftime60,no,yes,T12,T18
C104_F070,2-0,C104,halftime60,no,yes,T08,T10
C104_F071,3-0,C104,halftime60,no,yes,T17,T22
C104_F075,1-0,C104,halftime60,no,yes,T19,T20
C104_F076,2-0,C104,halftime60,no,yes,T10,T08
C104_F077,1-2,C104,halftime60,no,yes,T06,T21
C104_F079,0-1,C104,halftime60,no,yes,T03,T19
C104_F080,2-1,C104,halftime60,no,yes,T01,T09
C104_F081,3-3,C104,halftime60,no,yes,T22,T06
C104_F082,1-1,C104,halftime60,no,yes,T06,T16
C104_F086,2-0,C104,halftime60,no,yes,T18,T02
C104_F087,3-0,C104,halftime60,no,yes,T17,T12
C104_F088,1-1,C104,halftime60,no,yes,T19,T13
C104_F089,0-0,C104,halftime60,no,yes,T02,T05
C104_F091,1-0,C104,halftime60,no,yes,T12,T13
C104_F093,3-0,C104,halftime60,no,yes,T20,T22
C104_F094,0-0,C104,halftime60,no,yes,T02,T20
C104_F097,1-2,C104,halftime60,no,yes,T13,T19
C104_F098,1-3,C104,halftime60,no,yes,T22,T18
C104_F100,1-2,C104,halftime60,no,yes,T12,T07
C104_F101,1-0,C104,halftime60,no,yes,T14,T07
C104_F102,1-0,C104,halftime60,no,yes,T19,T12
C104_F104,2-0,C104,halftime60,no,yes,T13,T20
C104_F105,1-1,C104,halftime60,no,yes,T09,T04
C104_F106,3-2,C104,halftime60,no,yes,T11,T10
C104_F107,1-0,C104,halftime60,no,yes,T13,T18
C104_F108,2-1,C104,halftime60,no,yes,T09,T18
C104_F110,1-0,C104,halftime60,no,yes,T08,T13
C104_F111,2-2,C104,halftime60,no,yes,T21,T08
C104_F112,0-0,C104,halftime60,no,yes,T02,T11
C104_F113,0-1,C104,halftime60,no,yes,T07,T16
C104_F115,2-2,C104,halftime60,no,yes,T02,T21
C104_F116,1-1,C104,halftime60,no,yes,T18,T11
C104_F117,3-3,C104,halftime60,no,yes,T01,T13
C104_F118,1-1,C104,halftime60,no,yes,T04,T12
C104_F121,5-3,C104,halftime60,no,yes,T07,T13
C104_F122,0-0,C104,halftime60,no,yes,T21,T02
C104_F124,2-1,C104,halftime60,no,yes,T03,T10
C104_F125,2-1,C104,halftime60,no,yes,T02,T13
C104_F127,4-2,C104,halftime60,no,yes,T12,T14
C104_F128,0-1,C104,halftime60,no,yes,T08,T03
C104_F129,2-0,C104,halftime60,no,yes,T21,T22
C104_F130,0-0,C104,halftime60,no,yes,T12,T06
C104_F136,1-0,C104,halftime60,no,yes,T04,T16
C104_F137,1-0,C104,halftime60,no,yes,T11,T21
C104_F139,0-0,C104,halftime60,no,yes,T01,T04
C104_F140,1-4,C104,halftime60,no,yes,T10,T20
C104_F142,1-2,C104,halftime60,no,yes,T16,T19
C104_F143,0-1,C104,halftime60,no,yes,T13,T05
C104_F145,1-0,C104,halftime60,no,yes,T15,T07
C104_F147,0-0,C104,halftime60,no,yes,T04,T08
C104_F148,0-1,C104,halftime60,no,yes,T07,T19
C104_F150,1-0,C104,halftime60,no,yes,T05,T20
C104_F151,1-1,C104,halftime60,no,yes,T10,T19
C104_F152,1-1,C104,halftime60,no,yes,T02,T06
C104_F153,0-0,C104,halftime60,no,yes,T15,T06
C104_F157,1-2,C104,halftime60,no,yes,T09,T07
C104_F159,1-1,C104,halftime60,no,yes,T21,T16
C104_F160,1-0,C104,halftime60,no,yes,T12,T03
C104_F161,0-0,C104,halftime60,no,yes,T09,T16
C104_F162,0-0,C104,halftime60,no,yes,T10,T04
C104_F163,2-0,C104,halftime60,no,yes,T10,T07
C104_F164,0-1,C104,halftime60,no,yes,T03,T04
C104_F165,2-0,C104,halftime60,no,yes,T13,T16
C104_F167,4-1,C104,halftime60,no,yes,T22,T04
C104_F168,0-0,C104,halftime60,no,yes,T04,T07
C104_F169,1-1,C104,halftime60,no,yes,T05,T21
C104_F171,0-1,C104,halftime60,no,yes,T01,T16
C104_F172,1-0,C104,halftime60,no,yes,T17,T03
C104_F174,0-2,C104,halftime60,no,yes,T03,T17
C104_F175,2-1,C104,halftime60,no,yes,T17,T14
C104_F178,2-1,C104,halftime60,no,yes,T19,T18
C104_F181,1-1,C104,halftime60,no,yes,T14,T06
C104_F182,1-2,C104,halftime60,no,yes,T14,T21
C104_F183,1-0,C104,halftime60,no,yes,T19,T03
C104_F184,1-0,C104,halftime60,no,yes,T22,T03
C104_F186,1-1,C104,halftime60,no,yes,T22,T10
C104_F187,1-1,C104,halftime60,no,yes,T14,T13
C104_F188,0-3,C104,halftime60,no,yes,T04,T18
C104_F190,1-3,C104,halftime60,no,yes,T17,T05
C104_F192,3-0,C104,halftime60,no,yes,T13,T02
C104_F193,0-1,C104,halftime60,no,yes,T03,T09
C104_F196,2-2,C104,halftime60,no,yes,T05,T12
C104_F200,1-0,C104,halftime60,no,yes,T15,T12
C104_F201,1-0,C104,halftime60,no,yes,T15,T03
C104_F202,2-0,C104,halftime60,no,yes,T04,T03
C104_F203,1-0,C104,halftime60,no,yes,T08,T15
C104_F204,0-0,C104,halftime60,no,yes,T13,T15
C104_F206,4-0,C104,halftime60,no,yes,T04,T01
C104_F207,0-1,C104,halftime60,no,yes,T08,T20
C104_F208,2-1,C104,halftime60,no,yes,T21,T15
C104_F209,2-3,C104,halftime60,no,yes,T20,T19
C104_F214,3-2,C104,halftime60,no,yes,T22,T17
C104_F215,1-2,C104,halftime60,no,yes,T15,T14
C104_F217,2-1,C104,halftime60,no,yes,T08,T22
C104_F218,2-3,C104,halftime60,no,yes,T14,T10
C104_F220,1-1,C104,halftime60,no,yes,T08,T06
C104_F222,0-3,C104,halftime60,no,yes,T16,T03
C104_F227,0-0,C104,halftime60,no,yes,T18,T14
C104_F232,1-0,C104,halftime60,no,yes,T19,T15
C104_F236,2-2,C104,halftime60,no,yes,T12,T17
C104_F237,1-1,C104,halftime60,no,yes,T08,T02
C104_F238,1-0,C104,halftime60,no,yes,T20,T03
C104_F239,2-1,C104,halftime60,no,yes,T12,T20
C104_F241,1-1,C104,halftime60,no,yes,T15,T05
C104_F246,2-0,C104,halftime60,no,yes,T01,T06
C104_F248,1-0,C104,halftime60,no,yes,T02,T18
C104_F250,0-1,C104,halftime60,no,yes,T03,T16
C104_F251,2-0,C104,halftime60,no,yes,T19,T04
C104_F254,0-0,C104,halftime60,no,yes,T13,T14
C104_F256,0-1,C104,halftime60,no,yes,T03,T14
C104_F257,1-2,C104,halftime60,no,yes,T03,T15
C104_F258,3-1,C104,halftime60,no,yes,T16,T12
C104_F261,0-1,C104,halftime60,no,yes,T15,T21
C104_F262,2-1,C104,halftime60,no,yes,T19,T16
C104_F264,3-0,C104,halftime60,no,yes,T04,T06
C104_F265,2-0,C104,halftime60,no,yes,T15,T19
C104_F266,4-1,C104,halftime60,no,yes,T04,T11
C104_F267,4-2,C104,halftime60,no,yes,T11,T04
C104_F274,1-4,C104,halftime60,no,yes,T03,T20
C104_F275,3-0,C104,halftime60,no,yes,T16,T09
C104_F276,1-1,C104,halftime60,no,yes,T15,T11
C104_F277,2-0,C104,halftime60,no,yes,T18,T03
C104_F279,0-2,C104,halftime60,no,yes,T18,T08
C104_F282,1-1,C104,halftime60,no,yes,T03,T01
C104_F283,2-1,C104,halftime60,no,yes,T11,T22
C104_F284,1-0,C104,halftime60,no,yes,T15,T09
C104_F285,1-3,C104,halftime60,no,yes,T10,T02
C104_F287,1-1,C104,halftime60,no,yes,T12,T02
C104_F288,1-3,C104,halftime60,no,yes,T01,T08
C104_F291,1-0,C104,halftime60,no,yes,T14,T15
C104_F293,1-0,C104,halftime60,no,yes,T16,T08
C104_F294,2-1,C104,halftime60,no,yes,T16,T11
C104_F295,2-0,C104,halftime60,no,yes,T15,T01
C104_F296,1-1,C104,halftime60,no,yes,T09,T17
C104_F297,1-0,C104,halftime60,no,yes,T14,T09
C104_F299,3-1,C104,halftime60,no,yes,T21,T12
C104_F300,1-1,C104,halftime60,no,yes,T04,T05
C104_F301,1-0,C104,halftime60,no,yes,T13,T01
C104_F302,3-1,C104,halftime60,no,yes,T07,T22
C104_F308,1-3,C104,halftime60,no,yes,T01,T12
C104_F309,0-0,C104,halftime60,no,yes,T08,T19
C104_F312,1-2,C104,halftime60,no,yes,T06,T10
C104_F313,1-0,C104,halftime60,no,yes,T16,T02
C104_F315,0-0,C104,halftime60,no,yes,T07,T08
C104_F316,1-1,C104,halftime60,no,yes,T10,T18
C104_F318,1-0,C104,halftime60,no,yes,T19,T01
C104_F319,0-2,C104,halftime60,no,yes,T21,T10
C104_F320,1-1,C104,halftime60,no,yes,T18,T22
C104_F321,1-0,C104,halftime60,no,yes,T19,T14
C104_F322,0-0,C104,halftime60,no,yes,T08,T07
C104_F323,2-0,C104,halftime60,no,yes,T17,T08
C104_F324,1-1,C104,halftime60,no,yes,T05,T07
C104_F325,4-1,C104,halftime60,no,yes,T18,T04
C104_F326,2-0,C104,halftime60,no,yes,T17,T01
C104_F327,1-1,C104,halftime60,no,yes,T06,T04
C104_F329,0-1,C104,halftime60,no,yes,T03,T18
C104_F330,0-4,C104,halftime60,no,yes,T22,T11
C104_F331,1-0,C104,halftime60,no,yes,T21,T17
C104_F333,0-2,C104,halftime60,no,yes,T14,T05
C104_F334,2-4,C104,halftime60,no,yes,T22,T09
C104_F335,0-1,C104,halftime60,no,yes,T16,T17
C104_F337,1-1,C104,halftime60,no,yes,T11,T20
C104_F339,0-1,C104,halftime60,no,yes,T01,T10
C104_F340,1-0,C104,halftime60,no,yes,T04,T22
C104_F342,2-1,C104,halftime60,no,yes,T19,T08
C104_F343,0-2,C104,halftime60,no,yes,T12,T15
C104_F344,3-0,C104,halftime60,no,yes,T05,T22
C104_F347,1-0,C104,halftime60,no,yes,T07,T06
C104_F350,3-0,C104,halftime60,no,yes,T07,T04
C104_F352,1-2,C104,halftime60,no,yes,T20,T05
C104_F354,1-1,C104,halftime60,no,yes,T18,T01
C104_F355,1-0,C104,halftime60,no,yes,T11,T03
C104_F359,1-1,C104,halftime60,no,yes,T07,T21
C104_F360,0-0,C104,halftime60,no,yes,T18,T19
C104_F362,0-0,C104,halftime60,no,yes,T10,T21
C104_F363,4-2,C104,halftime60,no,yes,T15,T22
C104_F365,2-2,C104,halftime60,no,yes,T01,T07
C104_F366,1-1,C104,halftime60,no,yes,T04,T21
C104_F367,0-0,C104,halftime60,no,yes,T04,T09
C104_F368,3-0,C104,halftime60,no,yes,T19,T10
C104_F370,1-2,C104,halftime60,no,yes,T04,T17
C104_F371,2-0,C104,halftime60,no,yes,T14,T20
C104_F372,1-1,C104,halftime60,no,yes,T06,T19
C104_F378,1-2,C104,halftime60,no,yes,T21,T20
C104_F379,1-1,C104,halftime60,no,yes,T17,T20
C104_F380,2-0,C104,halftime60,no,yes,T21,T19
C104_F381,2-0,C104,halftime60,no,yes,T16,T06
C104_F382,0-2,C104,halftime60,no,yes,T14,T19
C104_F385,1-1,C104,halftime60,no,yes,T17,T15
C104_F389,1-0,C104,halftime60,no,yes,T09,T02
C104_F390,1-2,C104,halftime60,no,yes,T11,T15
C104_F391,0-0,C104,halftime60,no,yes,T01,T14
C104_F393,2-0,C104,halftime60,no,yes,T14,T08
C104_F395,1-0,C104,halftime60,no,yes,T18,T10
C104_F397,3-0,C104,halftime60,no,yes,T16,T13
C104_F399,0-1,C104,halftime60,no,yes,T01,T15
C104_F400,1-1,C104,halftime60,no,yes,T21,T18
C104_F403,1-3,C104,halftime60,no,yes,T10,T13
C104_F409,1-0,C104,halftime60,no,yes,T17,T18
C104_F410,0-2,C104,halftime60,no,yes,T12,T08
C104_F411,2-0,C104,halftime60,no,yes,T07,T03
C104_F412,2-0,C104,halftime60,no,yes,T19,T02
C104_F413,1-1,C104,halftime60,no,yes,T22,T21
C104_F414,2-3,C104,halftime60,no,yes,T01,T18
C104_F415,0-0,C104,halftime60,no,yes,T20,T11
C104_F417,3-2,C104,halftime60,no,yes,T02,T08
C104_F419,1-0,C104,halftime60,no,yes,T18,T07
C104_F420,1-1,C104,halftime60,no,yes,T18,T09
C104_F424,3-0,C104,halftime60,no,yes,T12,T01
C104_F425,0-1,C104,halftime60,no,yes,T03,T13
C104_F426,2-3,C104,halftime60,no,yes,T22,T19
C104_F427,0-1,C104,halftime60,no,yes,T02,T03
C104_F428,4-2,C104,halftime60,no,yes,T11,T07
C104_F429,0-2,C104,halftime60,no,yes,T11,T09
C104_F430,1-2,C104,halftime60,no,yes,T16,T20
C104_F432,0-1,C104,halftime60,no,yes,T20,T01
C104_F433,2-0,C104,halftime60,no,yes,T12,T09
C104_F434,2-0,C104,halftime60,no,yes,T08,T09
C104_F435,1-0,C104,halftime60,no,yes,T06,T13
C104_F438,0-0,C104,halftime60,no,yes,T11,T14
C104_F440,1-0,C104,halftime60,no,yes,T01,T22
C104_F442,1-0,C104,halftime60,no,yes,T19,T09
C104_F443,2-2,C104,halftime60,no,yes,T07,T10
C104_F444,2-1,C104,halftime60,no,yes,T16,T05
C104_F446,2-1,C104,halftime60,no,yes,T02,T10
C104_F447,2-1,C104,halftime60,no,yes,T05,T08
C104_F448,1-0,C104,halftime60,no,yes,T01,T19
C104_F449,0-0,C104,halftime60,no,yes,T07,T15
C104_F450,0-0,C104,halftime60,no,yes,T03,T12
C104_F451,0-1,C104,halftime60,no,yes,T07,T09
C104_F452,0-0,C104,halftime60,no,yes,T14,T22
C104_F453,0-0,C104,halftime60,no,yes,T05,T06
C104_F454,0-0,C104,halftime60,no,yes,T08,T11
C104_F456,0-0,C104,halftime60,no,yes,T11,T02
C104_F459,2-1,C104,halftime60,no,yes,T10,T14
C104_F461,1-4,C104,halftime60,no,yes,T08,T16
C104_F462,1-0,C104,halftime60,no,yes,T14,T04
C107_F007,3-1,C107,tailhalf40,yes,yes,T04,T17
C107_F008,1-0,C107,tailhalf40,yes,yes,T05,T16
C107_F009,1-2,C107,tailhalf40,yes,yes,T17,T09
C107_F011,3-0,C107,tailhalf40,yes,yes,T12,T02
C107_F013,1-1,C107,tailhalf40,yes,yes,T06,T11
C107_F014,1-0,C107,tailhalf40,yes,yes,T11,T05
C107_F017,1-0,C107,tailhalf40,yes,yes,T12,T20
C107_F019,4-0,C107,tailhalf40,yes,yes,T12,T05
C107_F024,2-2,C107,tailhalf40,yes,yes,T14,T06
C107_F025,0-0,C107,tailhalf40,yes,yes,T07,T02
C107_F030,0-2,C107,tailhalf40,yes,yes,T15,T16
C107_F032,0-0,C107,tailhalf40,yes,yes,T06,T01
C107_F033,1-1,C107,tailhalf40,yes,yes,T06,T12
C107_F035,0-0,C107,tailhalf40,yes,yes,T15,T14
C107_F037,2-0,C107,tailhalf40,yes,yes,T09,T18
C107_F052,1-2,C107,tailhalf40,yes,yes,T04,T11
C107_F054,1-0,C107,tailhalf40,yes,yes,T12,T17
C107_F055,0-0,C107,tailhalf40,yes,yes,T02,T16
C107_F058,2-1,C107,tailhalf40,yes,yes,T10,T02
C107_F059,0-1,C107,tailhalf40,yes,yes,T17,T14
C107_F062,3-0,C107,tailhalf40,yes,yes,T18,T03
C107_F063,0-1,C107,tailhalf40,yes,yes,T09,T03
C107_F067,1-1,C107,tailhalf40,yes,yes,T19,T10
C107_F069,2-3,C107,tailhalf40,yes,yes,T04,T02
C107_F071,0-1,C107,tailhalf40,yes,yes,T03,T07
C107_F073,1-1,C107,tailhalf40,yes,yes,T17,T05
C107_F077,1-0,C107,tailhalf40,yes,yes,T13,T04
C107_F078,3-0,C107,tailhalf40,yes,yes,T02,T03
C107_F079,2-2,C107,tailhalf40,yes,yes,T08,T06
C107_F081,3-1,C107,tailhalf40,yes,yes,T15,T17
C107_F082,4-0,C107,tailhalf40,yes,yes,T06,T15
C107_F083,0-3,C107,tailhalf40,yes,yes,T14,T12
C107_F086,2-2,C107,tailhalf40,yes,yes,T04,T20
C107_F089,1-0,C107,tailhalf40,yes,yes,T20,T11
C107_F094,4-1,C107,tailhalf40,yes,yes,T14,T07
C107_F095,0-0,C107,tailhalf40,yes,yes,T20,T02
C107_F096,1-2,C107,tailhalf40,yes,yes,T02,T14
C107_F098,1-2,C107,tailhalf40,yes,yes,T03,T13
C107_F099,3-1,C107,tailhalf40,yes,yes,T16,T20
C107_F102,2-1,C107,tailhalf40,yes,yes,T14,T11
C107_F103,0-2,C107,tailhalf40,yes,yes,T15,T02
C107_F106,1-1,C107,tailhalf40,yes,yes,T15,T08
C107_F107,0-3,C107,tailhalf40,yes,yes,T16,T06
C107_F108,0-0,C107,tailhalf40,yes,yes,T03,T10
C107_F114,0-2,C107,tailhalf40,yes,yes,T18,T12
C107_F116,1-1,C107,tailhalf40,yes,yes,T05,T04
C107_F120,2-2,C107,tailhalf40,yes,yes,T12,T09
C107_F121,3-1,C107,tailhalf40,yes,yes,T02,T08
C107_F122,0-1,C107,tailhalf40,yes,yes,T19,T15
C107_F123,2-1,C107,tailhalf40,yes,yes,T13,T11
C107_F124,0-1,C107,tailhalf40,yes,yes,T11,T08
C107_F125,1-3,C107,tailhalf40,yes,yes,T05,T13
C107_F126,1-3,C107,tailhalf40,yes,yes,T16,T10
C107_F129,1-1,C107,tailhalf40,yes,yes,T09,T05
C107_F131,0-0,C107,tailhalf40,yes,yes,T19,T01
C107_F132,3-1,C107,tailhalf40,yes,yes,T07,T09
C107_F138,0-2,C107,tailhalf40,yes,yes,T03,T06
C107_F139,0-0,C107,tailhalf40,yes,yes,T14,T10
C107_F140,4-1,C107,tailhalf40,yes,yes,T05,T19
C107_F141,0-0,C107,tailhalf40,yes,yes,T12,T13
C107_F142,4-0,C107,tailhalf40,yes,yes,T06,T10
C107_F143,2-0,C107,tailhalf40,yes,yes,T02,T09
C107_F144,0-0,C107,tailhalf40,yes,yes,T13,T17
C107_F145,1-1,C107,tailhalf40,yes,yes,T17,T18
C107_F150,0-0,C107,tailhalf40,yes,yes,T18,T06
C107_F151,1-2,C107,tailhalf40,yes,yes,T18,T20
C107_F154,0-1,C107,tailhalf40,yes,yes,T08,T13
C107_F156,0-1,C107,tailhalf40,yes,yes,T04,T10
C107_F160,1-3,C107,tailhalf40,yes,yes,T10,T17
C107_F161,1-1,C107,tailhalf40,yes,yes,T13,T20
C107_F162,2-0,C107,tailhalf40,yes,yes,T11,T07
C107_F163,0-0,C107,tailhalf40,yes,yes,T11,T01
C107_F165,2-0,C107,tailhalf40,yes,yes,T07,T17
C107_F166,1-0,C107,tailhalf40,yes,yes,T11,T15
C107_F167,2-1,C107,tailhalf40,yes,yes,T06,T20
C107_F168,1-3,C107,tailhalf40,yes,yes,T10,T09
C107_F170,4-0,C107,tailhalf40,yes,yes,T04,T07
C107_F171,0-1,C107,tailhalf40,yes,yes,T19,T20
C107_F174,2-3,C107,tailhalf40,yes,yes,T10,T01
C107_F175,1-2,C107,tailhalf40,yes,yes,T05,T08
C107_F177,0-2,C107,tailhalf40,yes,yes,T07,T12
C107_F178,4-1,C107,tailhalf40,yes,yes,T13,T10
C107_F180,1-0,C107,tailhalf40,yes,yes,T01,T17
C107_F184,1-2,C107,tailhalf40,yes,yes,T03,T11
C107_F187,1-1,C107,tailhalf40,yes,yes,T13,T01
C107_F192,2-2,C107,tailhalf40,yes,yes,T16,T19
C107_F200,0-1,C107,tailhalf40,yes,yes,T19,T07
C107_F201,1-0,C107,tailhalf40,yes,yes,T11,T02
C107_F205,3-0,C107,tailhalf40,yes,yes,T06,T04
C107_F207,2-0,C107,tailhalf40,yes,yes,T12,T08
C107_F208,2-0,C107,tailhalf40,yes,yes,T03,T14
C107_F209,0-0,C107,tailhalf40,yes,yes,T01,T02
C107_F212,1-0,C107,tailhalf40,yes,yes,T20,T15
C107_F216,1-1,C107,tailhalf40,yes,yes,T16,T04
C107_F219,1-0,C107,tailhalf40,yes,yes,T07,T01
C107_F223,2-1,C107,tailhalf40,yes,yes,T06,T19
C107_F225,1-0,C107,tailhalf40,yes,yes,T12,T04
C107_F226,1-1,C107,tailhalf40,yes,yes,T19,T11
C107_F227,0-2,C107,tailhalf40,yes,yes,T08,T19
C107_F228,5-2,C107,tailhalf40,yes,yes,T01,T08
C107_F229,1-3,C107,tailhalf40,yes,yes,T20,T10
C107_F230,0-1,C107,tailhalf40,yes,yes,T02,T05
C107_F236,2-2,C107,tailhalf40,yes,yes,T06,T07
C107_F237,0-1,C107,tailhalf40,yes,yes,T18,T13
C107_F239,5-1,C107,tailhalf40,yes,yes,T08,T04
C107_F241,0-2,C107,tailhalf40,yes,yes,T09,T19
C107_F242,0-1,C107,tailhalf40,yes,yes,T18,T19
C107_F243,4-0,C107,tailhalf40,yes,yes,T14,T19
C107_F245,0-1,C107,tailhalf40,yes,yes,T17,T03
C107_F250,2-0,C107,tailhalf40,yes,yes,T16,T14
C107_F251,1-0,C107,tailhalf40,yes,yes,T15,T05
C107_F253,1-1,C107,tailhalf40,yes,yes,T01,T15
C107_F256,0-2,C107,tailhalf40,yes,yes,T09,T08
C107_F257,1-1,C107,tailhalf40,yes,yes,T14,T20
C107_F258,3-0,C107,tailhalf40,yes,yes,T01,T12
C107_F262,1-2,C107,tailhalf40,yes,yes,T19,T13
C107_F263,0-2,C107,tailhalf40,yes,yes,T10,T05
C107_F264,4-2,C107,tailhalf40,yes,yes,T09,T16
C107_F272,1-0,C107,tailhalf40,yes,yes,T09,T13
C107_F273,4-1,C107,tailhalf40,yes,yes,T11,T17
C107_F274,0-1,C107,tailhalf40,yes,yes,T17,T16
C107_F275,0-3,C107,tailhalf40,yes,yes,T01,T09
C107_F277,2-1,C107,tailhalf40,yes,yes,T08,T16
C107_F290,1-1,C107,tailhalf40,yes,yes,T17,T08
C107_F295,1-0,C107,tailhalf40,yes,yes,T04,T09
C107_F296,0-0,C107,tailhalf40,yes,yes,T16,T03
C107_F298,1-1,C107,tailhalf40,yes,yes,T16,T13
C107_F299,4-0,C107,tailhalf40,yes,yes,T07,T15
C107_F300,0-2,C107,tailhalf40,yes,yes,T10,T12
C107_F304,0-1,C107,tailhalf40,yes,yes,T14,T01
C107_F305,2-3,C107,tailhalf40,yes,yes,T03,T04
C107_F306,3-1,C107,tailhalf40,yes,yes,T05,T18
C107_F310,0-1,C107,tailhalf40,yes,yes,T14,T13
C107_F311,2-1,C107,tailhalf40,yes,yes,T13,T07
C107_F313,3-0,C107,tailhalf40,yes,yes,T18,T11
C107_F315,0-1,C107,tailhalf40,yes,yes,T20,T17
C107_F318,2-1,C107,tailhalf40,yes,yes,T08,T20
C107_F320,3-2,C107,tailhalf40,yes,yes,T18,T04
C107_F324,0-0,C107,tailhalf40,yes,yes,T15,T03
C107_F326,0-5,C107,tailhalf40,yes,yes,T03,T19
C107_F330,3-1,C107,tailhalf40,yes,yes,T07,T05
C107_F331,0-0,C107,tailhalf40,yes,yes,T08,T14
C107_F332,0-3,C107,tailhalf40,yes,yes,T19,T04
C107_F333,0-3,C107,tailhalf40,yes,yes,T10,T08
C107_F335,2-0,C107,tailhalf40,yes,yes,T20,T05
C107_F337,1-0,C107,tailhalf40,yes,yes,T01,T18
C107_F339,0-0,C107,tailhalf40,yes,yes,T18,T14
C107_F341,0-1,C107,tailhalf40,yes,yes,T11,T09
C107_F346,0-1,C107,tailhalf40,yes,yes,T20,T09
C107_F347,2-3,C107,tailhalf40,yes,yes,T02,T06
C107_F348,0-2,C107,tailhalf40,yes,yes,T02,T18
C107_F350,1-0,C107,tailhalf40,yes,yes,T15,T12
C107_F353,0-1,C107,tailhalf40,yes,yes,T15,T18
C107_F355,4-1,C107,tailhalf40,yes,yes,T10,T15
C107_F356,1-2,C107,tailhalf40,yes,yes,T01,T03
C107_F361,0-0,C107,tailhalf40,yes,yes,T05,T06
C107_F362,0-1,C107,tailhalf40,yes,yes,T01,T16
C107_F364,0-0,C107,tailhalf40,yes,yes,T07,T16
C107_F370,3-0,C107,tailhalf40,yes,yes,T07,T18
C107_F373,0-0,C107,tailhalf40,yes,yes,T03,T12
C110_F001,2-2,C110,cluster20,no,yes,T08,T10
C110_F007,2-5,C110,cluster20,no,yes,T06,T10
C110_F010,2-1,C110,cluster20,no,yes,T04,T05
C110_F011,3-1,C110,cluster20,no,yes,T04,T01
C110_F018,2-3,C110,cluster20,no,yes,T01,T04
C110_F020,1-1,C110,cluster20,no,yes,T04,T08
C110_F026,1-1,C110,cluster20,no,yes,T01,T04
C110_F027,0-1,C110,cluster20,no,yes,T04,T07
C110_F028,0-4,C110,cluster20,no,yes,T04,T02
C110_F030,0-0,C110,cluster20,no,yes,T07,T04
C110_F032,1-1,C110,cluster20,no,yes,T10,T06
C110_F036,3-3,C110,cluster20,no,yes,T10,T09
C110_F040,4-0,C110,cluster20,no,yes,T09,T10
C110_F042,1-1,C110,cluster20,no,yes,T10,T02
C110_F046,1-3,C110,cluster20,no,yes,T04,T06
C110_F048,0-2,C110,cluster20,no,yes,T04,T08
C110_F051,4-2,C110,cluster20,no,yes,T02,T04
C110_F054,1-1,C110,cluster20,no,yes,T04,T10
C110_F058,1-2,C110,cluster20,no,yes,T10,T03
C110_F060,1-1,C110,cluster20,no,yes,T04,T05
C110_F062,2-2,C110,cluster20,no,yes,T08,T10
C110_F065,1-0,C110,cluster20,no,yes,T05,T10
C110_F066,2-0,C110,cluster20,no,yes,T09,T04
C110_F071,0-1,C110,cluster20,no,yes,T10,T05
C110_F073,6-1,C110,cluster20,no,yes,T09,T04
C110_F074,1-0,C110,cluster20,no,yes,T08,T04
C110_F078,2-1,C110,cluster20,no,yes,T04,T07
C110_F090,0-0,C110,cluster20,no,yes,T10,T07
C110_F095,3-0,C110,cluster20,no,yes,T03,T04
C110_F096,1-0,C110,cluster20,no,yes,T03,T10
C110_F098,2-1,C110,cluster20,no,yes,T07,T04
C110_F101,2-1,C110,cluster20,no,yes,T10,T08
C110_F102,0-3,C110,cluster20,no,yes,T04,T03
C110_F103,3-2,C110,cluster20,no,yes,T07,T10
C110_F104,3-3,C110,cluster20,no,yes,T01,T10
C110_F105,2-0,C110,cluster20,no,yes,T09,T10
C110_F107,1-0,C110,cluster20,no,yes,T10,T03
C110_F109,0-0,C110,cluster20,no,yes,T10,T05
C110_F110,2-3,C110,cluster20,no,yes,T04,T06
C110_F111,2-1,C110,cluster20,no,yes,T04,T03
C110_F115,0-1,C110,cluster20,no,yes,T04,T09
C110_F116,0-0,C110,cluster20,no,yes,T02,T04
C110_F121,3-0,C110,cluster20,no,yes,T05,T10
C110_F122,0-0,C110,cluster20,no,yes,T10,T01
C110_F123,4-0,C110,cluster20,no,yes,T06,T04
C110_F124,3-3,C110,cluster20,no,yes,T05,T04
C110_F125,2-2,C110,cluster20,no,yes,T05,T04
C110_F126,1-3,C110,cluster20,no,yes,T04,T02
C110_F128,0-2,C110,cluster20,no,yes,T10,T02
C110_F133,2-0,C110,cluster20,no,yes,T02,T10
C110_F135,2-1,C110,cluster20,no,yes,T06,T04
C110_F136,3-0,C110,cluster20,no,yes,T06,T10
C110_F137,1-1,C110,cluster20,no,yes,T10,T07
C110_F143,0-1,C110,cluster20,no,yes,T04,T01
C110_F144,1-2,C110,cluster20,no,yes,T03,T10
C110_F148,2-0,C110,cluster20,no,yes,T10,T04
C110_F151,1-0,C110,cluster20,no,yes,T10,T06
C110_F152,2-1,C110,cluster20,no,yes,T10,T01
C110_F156,3-1,C110,cluster20,no,yes,T10,T04
C110_F157,3-0,C110,cluster20,no,yes,T02,T10
C110_F158,0-3,C110,cluster20,no,yes,T04,T09
C110_F160,0-0,C110,cluster20,no,yes,T03,T04
C110_F162,0-2,C110,cluster20,no,yes,T04,T10
C110_F165,0-1,C110,cluster20,no,yes,T10,T09
C110_F167,3-1,C110,cluster20,no,yes,T07,T10
C110_F168,3-0,C110,cluster20,no,yes,T10,T08
C110_F170,1-1,C110,cluster20,no,yes,T08,T04
C110_F172,1-2,C110,cluster20,no,yes,T01,T10
C115_F003,0-2,C115,cluster20,no,yes,T17,T07
C115_F006,0-0,C115,cluster20,no,yes,T13,T19
C115_F007,2-0,C115,cluster20,no,yes,T02,T15
C115_F008,2-3,C115,cluster20,no,yes,T13,T07
C115_F018,4-1,C115,cluster20,no,yes,T13,T18
C115_F019,2-1,C115,cluster20,no,yes,T11,T15
C115_F020,2-1,C115,cluster20,no,yes,T04,T14
C115_F021,5-3,C115,cluster20,no,yes,T19,T17
C115_F029,0-3,C115,cluster20,no,yes,T18,T15
C115_F034,0-3,C115,cluster20,no,yes,T17,T20
C115_F036,1-3,C115,cluster20,no,yes,T13,T04
C115_F038,2-3,C115,cluster20,no,yes,T14,T13
C115_F039,0-2,C115,cluster20,no,yes,T20,T17
C115_F042,3-1,C115,cluster20,no,yes,T14,T20
C115_F048,1-0,C115,cluster20,no,yes,T14,T16
C115_F051,2-1,C115,cluster20,no,yes,T15,T16
C115_F053,1-2,C115,cluster20,no,yes,T17,T18
C115_F054,2-0,C115,cluster20,no,yes,T09,T15
C115_F059,0-1,C115,cluster20,no,yes,T15,T04
C115_F062,1-0,C115,cluster20,no,yes,T14,T12
C115_F065,2-3,C115,cluster20,no,yes,T14,T18
C115_F067,2-0,C115,cluster20,no,yes,T03,T14
C115_F070,1-1,C115,cluster20,no,yes,T15,T12
C115_F074,1-0,C115,cluster20,no,yes,T13,T03
C115_F082,1-1,C115,cluster20,no,yes,T17,T06
C115_F083,2-0,C115,cluster20,no,yes,T17,T12
C115_F085,1-1,C115,cluster20,no,yes,T10,T14
C115_F089,3-2,C115,cluster20,no,yes,T15,T08
C115_F091,2-2,C115,cluster20,no,yes,T15,T17
C115_F092,1-1,C115,cluster20,no,yes,T14,T19
C115_F094,1-0,C115,cluster20,no,yes,T16,T17
C115_F096,2-2,C115,cluster20,no,yes,T13,T02
C115_F098,3-2,C115,cluster20,no,yes,T01,T14
C115_F100,1-0,C115,cluster20,no,yes,T17,T11
C115_F103,3-1,C115,cluster20,no,yes,T13,T14
C115_F106,3-0,C115,cluster20,no,yes,T06,T13
C115_F107,1-2,C115,cluster20,no,yes,T14,T02
C115_F108,3-0,C115,cluster20,no,yes,T01,T15
C115_F110,0-0,C115,cluster20,no,yes,T11,T13
C115_F111,1-3,C115,cluster20,no,yes,T16,T15
C115_F113,1-1,C115,cluster20,no,yes,T15,T06
C115_F114,1-0,C115,cluster20,no,yes,T13,T12
C115_F120,0-0,C115,cluster20,no,yes,T08,T14
C115_F123,1-1,C115,cluster20,no,yes,T14,T06
C115_F125,1-0,C115,cluster20,no,yes,T04,T15
C115_F135,1-1,C115,cluster20,no,yes,T08,T13
C115_F141,1-0,C115,cluster20,no,yes,T15,T02
C115_F143,1-4,C115,cluster20,no,yes,T14,T04
C115_F144,4-0,C115,cluster20,no,yes,T15,T07
C115_F145,5-0,C115,cluster20,no,yes,T04,T13
C115_F146,1-1,C115,cluster20,no,yes,T13,T20
C115_F150,1-1,C115,cluster20,no,yes,T17,T16
C115_F156,1-3,C115,cluster20,no,yes,T17,T13
C115_F157,0-0,C115,cluster20,no,yes,T17,T15
C115_F158,0-0,C115,cluster20,no,yes,T14,T09
C115_F166,1-2,C115,cluster20,no,yes,T13,T15
C115_F169,2-2,C115,cluster20,no,yes,T09,T17
C115_F173,1-1,C115,cluster20,no,yes,T13,T01
C115_F175,1-1,C115,cluster20,no,yes,T07,T13
C115_F177,1-2,C115,cluster20,no,yes,T14,T07
C115_F182,2-4,C115,cluster20,no,yes,T17,T02
C115_F183,3-0,C115,cluster20,no,yes,T17,T09
C115_F186,1-1,C115,cluster20,no,yes,T02,T17
C115_F189,0-0,C115,cluster20,no,yes,T17,T19
C115_F190,1-3,C115,cluster20,no,yes,T13,T17
C115_F191,1-1,C115,cluster20,no,yes,T04,T17
C115_F194,1-4,C115,cluster20,no,yes,T02,T13
C115_F204,0-2,C115,cluster20,no,yes,T14,T01
C115_F205,3-0,C115,cluster20,no,yes,T15,T20
C115_F206,0-3,C115,cluster20,no,yes,T06,T17
C115_F207,0-0,C115,cluster20,no,yes,T14,T03
C115_F212,0-1,C115,cluster20,no,yes,T13,T09
C115_F213,2-0,C115,cluster20,no,yes,T16,T13
C115_F214,0-3,C115,cluster20,no,yes,T15,T01
C115_F216,3-0,C115,cluster20,no,yes,T10,T15
C115_F217,0-3,C115,cluster20,no,yes,T13,T06
C115_F226,3-1,C115,cluster20,no,yes,T19,T14
C115_F229,3-1,C115,cluster20,no,yes,T18,T14
C115_F232,2-1,C115,cluster20,no,yes,T14,T15
C115_F241,1-0,C115,cluster20,no,yes,T02,T14
C115_F242,0-2,C115,cluster20,no,yes,T12,T15
C115_F244,0-0,C115,cluster20,no,yes,T13,T05
C115_F246,1-3,C115,cluster20,no,yes,T13,T08
C115_F250,3-0,C115,cluster20,no,yes,T18,T13
C115_F253,2-4,C115,cluster20,no,yes,T14,T05
C115_F255,1-0,C115,cluster20,no,yes,T17,T04
C115_F258,1-0,C115,cluster20,no,yes,T17,T05
C115_F260,2-1,C115,cluster20,no,yes,T17,T08
C115_F262,1-4,C115,cluster20,no,yes,T15,T13
C115_F264,1-1,C115,cluster20,no,yes,T07,T15
C115_F266,4-0,C115,cluster20,no,yes,T17,T03
C115_F268,4-1,C115,cluster20,no,yes,T15,T09
C115_F272,5-0,C115,cluster20,no,yes,T01,T13
C115_F276,0-2,C115,cluster20,no,yes,T11,T17
C115_F277,3-1,C115,cluster20,no,yes,T20,T14
C115_F279,0-2,C115,cluster20,no,yes,T20,T13
C115_F281,3-1,C115,cluster20,no,yes,T05,T15
C115_F283,0-3,C115,cluster20,no,yes,T06,T14
C115_F284,3-1,C115,cluster20,no,yes,T01,T17
C115_F286,1-2,C115,cluster20,no,yes,T14,T17
C115_F292,3-2,C115,cluster20,no,yes,T15,T11
C115_F297,1-1,C115,cluster20,no,yes,T19,T15
C115_F298,0-0,C115,cluster20,no,yes,T19,T13
C115_F299,1-0,C115,cluster20,no,yes,T08,T17
C115_F300,3-2,C115,cluster20,no,yes,T05,T14
C115_F301,2-0,C115,cluster20,no,yes,T13,T16
C115_F304,0-3,C115,cluster20,no,yes,T14,T08
C115_F305,1-2,C115,cluster20,no,yes,T10,T17
C115_F306,1-0,C115,cluster20,no,yes,T14,T11
C115_F308,4-2,C115,cluster20,no,yes,T15,T14
C115_F310,1-2,C115,cluster20,no,yes,T06,T15
C115_F314,1-1,C115,cluster20,no,yes,T05,T17
C115_F316,0-3,C115,cluster20,no,yes,T15,T19
C115_F317,0-2,C115,cluster20,no,yes,T08,T15
C115_F318,2-4,C115,cluster20,no,yes,T17,T01
C115_F322,0-5,C115,cluster20,no,yes,T10,T13
C115_F324,2-1,C115,cluster20,no,yes,T17,T10
C115_F327,0-5,C115,cluster20,no,yes,T12,T14
C115_F333,3-2,C115,cluster20,no,yes,T15,T03
C115_F334,1-1,C115,cluster20,no,yes,T11,T14
C115_F336,2-1,C115,cluster20,no,yes,T12,T17
C115_F337,0-1,C115,cluster20,no,yes,T15,T18
C115_F340,2-0,C115,cluster20,no,yes,T18,T17
C115_F343,2-1,C115,cluster20,no,yes,T20,T15
C115_F346,2-1,C115,cluster20,no,yes,T14,T10
C115_F347,0-6,C115,cluster20,no,yes,T12,T13
C115_F348,6-1,C115,cluster20,no,yes,T09,T14
C115_F350,0-0,C115,cluster20,no,yes,T13,T11
C115_F352,1-0,C115,cluster20,no,yes,T07,T17
C115_F354,3-0,C115,cluster20,no,yes,T17,T14
C115_F356,4-1,C115,cluster20,no,yes,T05,T13
C115_F358,3-1,C115,cluster20,no,yes,T03,T15
C115_F361,1-0,C115,cluster20,no,yes,T03,T17
C115_F362,3-1,C115,cluster20,no,yes,T03,T13
C115_F363,3-2,C115,cluster20,no,yes,T16,T14
C115_F367,2-2,C115,cluster20,no,yes,T13,T10
C115_F373,3-2,C115,cluster20,no,yes,T07,T14
C115_F374,2-1,C115,cluster20,no,yes,T09,T13
C115_F378,0-1,C115,cluster20,no,yes,T15,T05
C115_F380,1-0,C115,cluster20,no,yes,T15,T10
C119_F001,2-0,C119,tailhalf40,yes,yes,T12,T09
C119_F003,0-0,C119,tailhalf40,yes,yes,T06,T10
C119_F009,0-0,C119,tailhalf40,yes,yes,T12,T10
C119_F012,1-1,C119,tailhalf40,yes,yes,T05,T17
C119_F016,1-2,C119,tailhalf40,yes,yes,T19,T12
C119_F020,1-0,C119,tailhalf40,yes,yes,T07,T03
C119_F021,1-1,C119,tailhalf40,yes,yes,T13,T06
C119_F024,2-1,C119,tailhalf40,yes,yes,T05,T11
C119_F028,2-0,C119,tailhalf40,yes,yes,T06,T20
C119_F030,1-2,C119,tailhalf40,yes,yes,T04,T10
C119_F046,0-0,C119,tailhalf40,yes,yes,T02,T09
C119_F049,2-4,C119,tailhalf40,yes,yes,T15,T14
C119_F050,0-0,C119,tailhalf40,yes,yes,T16,T10
C119_F051,2-5,C119,tailhalf40,yes,yes,T18,T15
C119_F053,0-3,C119,tailhalf40,yes,yes,T12,T14
C119_F059,2-1,C119,tailhalf40,yes,yes,T19,T10
C119_F060,3-0,C119,tailhalf40,yes,yes,T20,T02
C119_F062,3-4,C119,tailhalf40,yes,yes,T13,T07
C119_F063,3-0,C119,tailhalf40,yes,yes,T08,T09
C119_F064,2-1,C119,tailhalf40,yes,yes,T17,T14
C119_F065,4-2,C119,tailhalf40,yes,yes,T19,T20
C119_F066,1-0,C119,tailhalf40,yes,yes,T18,T17
C119_F068,0-2,C119,tailhalf40,yes,yes,T20,T04
C119_F069,1-1,C119,tailhalf40,yes,yes,T11,T13
C119_F072,1-0,C119,tailhalf40,yes,yes,T15,T05
C119_F074,1-2,C119,tailhalf40,yes,yes,T14,T06
C119_F075,2-0,C119,tailhalf40,yes,yes,T14,T02
C119_F077,0-1,C119,tailhalf40,yes,yes,T16,T01
C119_F079,2-0,C119,tailhalf40,yes,yes,T03,T13
C119_F083,0-0,C119,tailhalf40,yes,yes,T11,T19
C119_F085,1-2,C119,tailhalf40,yes,yes,T15,T17
C119_F093,0-1,C119,tailhalf40,yes,yes,T12,T08
C119_F096,2-0,C119,tailhalf40,yes,yes,T11,T20
C119_F097,1-1,C119,tailhalf40,yes,yes,T08,T15
C119_F104,0-1,C119,tailhalf40,yes,yes,T18,T12
C119_F105,0-1,C119,tailhalf40,yes,yes,T05,T03
C119_F109,1-1,C119,tailhalf40,yes,yes,T17,T08
C119_F111,2-0,C119,tailhalf40,yes,yes,T19,T08
C119_F113,3-0,C119,tailhalf40,yes,yes,T05,T02
C119_F114,0-2,C119,tailhalf40,yes,yes,T14,T04
C119_F119,1-0,C119,tailhalf40,yes,yes,T12,T20
C119_F120,1-0,C119,tailhalf40,yes,yes,T07,T12
C119_F121,0-1,C119,tailhalf40,yes,yes,T02,T16
C119_F124,3-0,C119,tailhalf40,yes,yes,T06,T07
C119_F126,1-0,C119,tailhalf40,yes,yes,T16,T08
C119_F127,1-2,C119,tailhalf40,yes,yes,T09,T19
C119_F132,3-1,C119,tailhalf40,yes,yes,T20,T16
C119_F133,0-2,C119,tailhalf40,yes,yes,T04,T19
C119_F134,0-2,C119,tailhalf40,yes,yes,T18,T05
C119_F139,1-1,C119,tailhalf40,yes,yes,T15,T03
C119_F140,1-0,C119,tailhalf40,yes,yes,T17,T12
C119_F141,1-1,C119,tailhalf40,yes,yes,T17,T04
C119_F142,0-2,C119,tailhalf40,yes,yes,T02,T19
C119_F144,1-3,C119,tailhalf40,yes,yes,T09,T17
C119_F147,1-0,C119,tailhalf40,yes,yes,T06,T12
C119_F148,0-1,C119,tailhalf40,yes,yes,T17,T13
C119_F151,2-2,C119,tailhalf40,yes,yes,T03,T19
C119_F154,2-1,C119,tailhalf40,yes,yes,T19,T15
C119_F157,0-0,C119,tailhalf40,yes,yes,T01,T02
C119_F158,1-1,C119,tailhalf40,yes,yes,T08,T11
C119_F159,1-1,C119,tailhalf40,yes,yes,T17,T16
C119_F160,0-1,C119,tailhalf40,yes,yes,T18,T14
C119_F162,3-1,C119,tailhalf40,yes,yes,T03,T11
C119_F165,2-2,C119,tailhalf40,yes,yes,T10,T03
C119_F168,0-3,C119,tailhalf40,yes,yes,T07,T14
C119_F172,0-0,C119,tailhalf40,yes,yes,T05,T19
C119_F176,2-1,C119,tailhalf40,yes,yes,T09,T01
C119_F177,0-0,C119,tailhalf40,yes,yes,T16,T05
C119_F178,2-0,C119,tailhalf40,yes,yes,T03,T20
C119_F183,3-3,C119,tailhalf40,yes,yes,T01,T05
C119_F184,2-1,C119,tailhalf40,yes,yes,T01,T04
C119_F185,3-3,C119,tailhalf40,yes,yes,T16,T06
C119_F186,2-1,C119,tailhalf40,yes,yes,T10,T20
C119_F194,0-4,C119,tailhalf40,yes,yes,T20,T09
C119_F197,0-0,C119,tailhalf40,yes,yes,T19,T01
C119_F198,3-3,C119,tailhalf40,yes,yes,T15,T13
C119_F199,0-0,C119,tailhalf40,yes,yes,T20,T15
C119_F202,1-1,C119,tailhalf40,yes,yes,T03,T09
C119_F203,4-2,C119,tailhalf40,yes,yes,T10,T17
C119_F204,2-0,C119,tailhalf40,yes,yes,T06,T18
C119_F205,0-0,C119,tailhalf40,yes,yes,T06,T03
C119_F212,1-2,C119,tailhalf40,yes,yes,T16,T07
C119_F215,3-3,C119,tailhalf40,yes,yes,T09,T07
C119_F217,2-1,C119,tailhalf40,yes,yes,T03,T18
C119_F218,1-1,C119,tailhalf40,yes,yes,T20,T07
C119_F219,3-0,C119,tailhalf40,yes,yes,T17,T03
C119_F220,2-1,C119,tailhalf40,yes,yes,T11,T06
C119_F221,2-1,C119,tailhalf40,yes,yes,T19,T18
C119_F222,1-3,C119,tailhalf40,yes,yes,T04,T06
C119_F223,0-4,C119,tailhalf40,yes,yes,T07,T04
C119_F224,3-0,C119,tailhalf40,yes,yes,T08,T20
C119_F226,2-1,C119,tailhalf40,yes,yes,T14,T01
C119_F228,2-1,C119,tailhalf40,yes,yes,T15,T09
C119_F230,4-1,C119,tailhalf40,yes,yes,T14,T13
C119_F232,1-1,C119,tailhalf40,yes,yes,T16,T15
C119_F233,1-1,C119,tailhalf40,yes,yes,T08,T18
C119_F236,1-0,C119,tailhalf40,yes,yes,T09,T05
C119_F246,3-0,C119,tailhalf40,yes,yes,T08,T05
C119_F248,1-4,C119,tailhalf40,yes,yes,T02,T04
C119_F252,2-0,C119,tailhalf40,yes,yes,T09,T13
C119_F254,2-0,C119,tailhalf40,yes,yes,T20,T13
C119_F258,2-1,C119,tailhalf40,yes,yes,T01,T07
C119_F259,1-2,C119,tailhalf40,yes,yes,T04,T11
C119_F260,1-0,C119,tailhalf40,yes,yes,T13,T01
C119_F263,4-0,C119,tailhalf40,yes,yes,T15,T02
C119_F264,2-0,C119,tailhalf40,yes,yes,T05,T12
C119_F265,1-1,C119,tailhalf40,yes,yes,T11,T09
C119_F266,4-2,C119,tailhalf40,yes,yes,T13,T12
C119_F271,0-0,C119,tailhalf40,yes,yes,T20,T14
C119_F272,2-0,C119,tailhalf40,yes,yes,T10,T11
C119_F279,1-0,C119,tailhalf40,yes,yes,T10,T15
C119_F280,3-0,C119,tailhalf40,yes,yes,T02,T18
C119_F282,0-1,C119,tailhalf40,yes,yes,T09,T06
C119_F283,2-1,C119,tailhalf40,yes,yes,T14,T19
C119_F289,1-3,C119,tailhalf40,yes,yes,T18,T11
C119_F290,2-1,C119,tailhalf40,yes,yes,T04,T18
C119_F291,0-1,C119,tailhalf40,yes,yes,T10,T05
C119_F294,0-2,C119,tailhalf40,yes,yes,T04,T05
C119_F296,0-2,C119,tailhalf40,yes,yes,T18,T01
C119_F301,1-1,C119,tailhalf40,yes,yes,T10,T14
C119_F303,0-2,C119,tailhalf40,yes,yes,T01,T10
C119_F304,1-0,C119,tailhalf40,yes,yes,T19,T07
C119_F305,0-0,C119,tailhalf40,yes,yes,T20,T01
C119_F308,4-1,C119,tailhalf40,yes,yes,T10,T02
C119_F311,1-5,C119,tailhalf40,yes,yes,T17,T19
C119_F313,2-1,C119,tailhalf40,yes,yes,T11,T17
C119_F314,1-0,C119,tailhalf40,yes,yes,T02,T13
C119_F315,1-2,C119,tailhalf40,yes,yes,T16,T18
C119_F317,0-2,C119,tailhalf40,yes,yes,T16,T04
C119_F319,0-2,C119,tailhalf40,yes,yes,T09,T04
C119_F320,1-0,C119,tailhalf40,yes,yes,T08,T10
C119_F321,2-1,C119,tailhalf40,yes,yes,T13,T18
C119_F325,3-0,C119,tailhalf40,yes,yes,T01,T12
C119_F326,1-1,C119,tailhalf40,yes,yes,T13,T04
C119_F327,4-3,C119,tailhalf40,yes,yes,T14,T09
C119_F330,2-0,C119,tailhalf40,yes,yes,T03,T16
C119_F334,2-0,C119,tailhalf40,yes,yes,T03,T08
C119_F339,3-1,C119,tailhalf40,yes,yes,T11,T16
C119_F340,1-2,C119,tailhalf40,yes,yes,T06,T17
C119_F341,2-0,C119,tailhalf40,yes,yes,T14,T08
C119_F342,5-0,C119,tailhalf40,yes,yes,T01,T06
C119_F345,0-1,C119,tailhalf40,yes,yes,T11,T07
C119_F347,2-0,C119,tailhalf40,yes,yes,T07,T18
C119_F349,2-1,C119,tailhalf40,yes,yes,T04,T08
C119_F350,4-0,C119,tailhalf40,yes,yes,T08,T01
C119_F351,1-1,C119,tailhalf40,yes,yes,T12,T15
C119_F355,0-0,C119,tailhalf40,yes,yes,T11,T02
C119_F356,1-1,C119,tailhalf40,yes,yes,T02,T06
C119_F358,0-0,C119,tailhalf40,yes,yes,T07,T15
C119_F361,0-0,C119,tailhalf40,yes,yes,T07,T10
C119_F363,1-0,C119,tailhalf40,yes,yes,T12,T16
C119_F364,3-2,C119,tailhalf40,yes,yes,T02,T03
C119_F365,2-3,C119,tailhalf40,yes,yes,T12,T03
C119_F366,2-0,C119,tailhalf40,yes,yes,T13,T16
C119_F370,2-2,C119,tailhalf40,yes,yes,T13,T08
C119_F371,3-2,C119,tailhalf40,yes,yes,T02,T07
C119_F372,2-1,C119,tailhalf40,yes,yes,T05,T14
C119_F373,2-1,C119,tailhalf40,yes,yes,T15,T11
C119_F376,3-1,C119,tailhalf40,yes,yes,T06,T05
C119_F380,1-0,C119,tailhalf40,yes,yes,T01,T17
C120_F002,2-0,C120,halftime60,no,yes,T10,T14
C120_F003,2-1,C120,halftime60,no,yes,T02,T16
C120_F004,0-2,C120,halftime60,no,yes,T09,T03
C120_F008,0-0,C120,halftime60,no,yes,T11,T09
C120_F010,2-0,C120,halftime60,no,yes,T03,T13
C120_F011,0-0,C120,halftime60,no,yes,T04,T15
C120_F012,2-2,C120,halftime60,no,yes,T15,T02
C120_F016,3-1,C120,halftime60,no,yes,T14,T05
C120_F017,1-1,C120,halftime60,no,yes,T08,T06
C120_F018,3-1,C120,halftime60,no,yes,T10,T08
C120_F020,1-1,C120,halftime60,no,yes,T08,T09
C120_F021,0-1,C120,halftime60,no,yes,T09,T02
C120_F022,4-0,C120,halftime60,no,yes,T04,T03
C120_F024,1-0,C120,halftime60,no,yes,T03,T16
C120_F026,1-0,C120,halftime60,no,yes,T09,T13
C120_F027,4-1,C120,halftime60,no,yes,T12,T03
C120_F030,1-0,C120,halftime60,no,yes,T09,T04
C120_F031,3-0,C120,halftime60,no,yes,T01,T15
C120_F032,2-1,C120,halftime60,no,yes,T14,T03
C120_F033,1-2,C120,halftime60,no,yes,T09,T07
C120_F034,1-2,C120,halftime60,no,yes,T04,T02
C120_F035,0-0,C120,halftime60,no,yes,T13,T09
C120_F036,2-3,C120,halftime60,no,yes,T13,T07
C120_F037,3-1,C120,halftime60,no,yes,T06,T16
C120_F038,0-1,C120,halftime60,no,yes,T13,T10
C120_F039,0-0,C120,halftime60,no,yes,T07,T06
C120_F040,1-1,C120,halftime60,no,yes,T04,T16
C120_F046,2-0,C120,halftime60,no,yes,T08,T11
C120_F047,1-1,C120,halftime60,no,yes,T03,T04
C120_F048,3-1,C120,halftime60,no,yes,T10,T07
C120_F049,1-2,C120,halftime60,no,yes,T10,T09
C120_F050,1-2,C120,halftime60,no,yes,T13,T16
C120_F053,1-2,C120,halftime60,no,yes,T03,T14
C120_F054,2-3,C120,halftime60,no,yes,T04,T13
C120_F055,2-0,C120,halftime60,no,yes,T15,T05
C120_F057,2-2,C120,halftime60,no,yes,T05,T12
C120_F058,2-1,C120,halftime60,no,yes,T02,T04
C120_F060,2-0,C120,halftime60,no,yes,T02,T09
C120_F064,1-0,C120,halftime60,no,yes,T16,T04
C120_F066,2-3,C120,halftime60,no,yes,T10,T15
C120_F067,0-1,C120,halftime60,no,yes,T01,T08
C120_F069,1-2,C120,halftime60,no,yes,T15,T11
C120_F074,1-0,C120,halftime60,no,yes,T11,T04
C120_F076,0-0,C120,halftime60,no,yes,T10,T11
C120_F077,2-3,C120,halftime60,no,yes,T04,T01
C120_F082,2-0,C120,halftime60,no,yes,T06,T04
C120_F083,2-1,C120,halftime60,no,yes,T07,T14
C120_F084,0-0,C120,halftime60,no,yes,T06,T03
C120_F085,0-2,C120,halftime60,no,yes,T06,T14
C120_F086,0-2,C120,halftime60,no,yes,T01,T12
C120_F087,0-2,C120,halftime60,no,yes,T16,T14
C120_F089,0-0,C120,halftime60,no,yes,T06,T13
C120_F090,3-1,C120,halftime60,no,yes,T15,T13
C120_F091,2-0,C120,halftime60,no,yes,T10,T02
C120_F092,6-0,C120,halftime60,no,yes,T12,T13
C120_F093,1-1,C120,halftime60,no,yes,T13,T02
C120_F095,0-3,C120,halftime60,no,yes,T13,T05
C120_F097,0-3,C120,halftime60,no,yes,T13,T08
C120_F099,0-0,C120,halftime60,no,yes,T10,T12
C120_F100,0-1,C120,halftime60,no,yes,T03,T07
C120_F101,0-0,C120,halftime60,no,yes,T15,T10
C120_F102,0-3,C120,halftime60,no,yes,T09,T11
C120_F104,1-0,C120,halftime60,no,yes,T08,T07
C120_F105,2-0,C120,halftime60,no,yes,T01,T03
C120_F108,3-1,C120,halftime60,no,yes,T15,T09
C120_F110,0-3,C120,halftime60,no,yes,T15,T14
C120_F111,1-0,C120,halftime60,no,yes,T11,T15
C120_F112,2-1,C120,halftime60,no,yes,T16,T13
C120_F114,5-0,C120,halftime60,no,yes,T07,T03
C120_F115,4-0,C120,halftime60,no,yes,T13,T03
C120_F117,1-2,C120,halftime60,no,yes,T03,T11
C120_F118,1-0,C120,halftime60,no,yes,T05,T13
C120_F120,1-1,C120,halftime60,no,yes,T05,T14
C120_F122,1-1,C120,halftime60,no,yes,T13,T11
C120_F123,4-2,C120,halftime60,no,yes,T07,T01
C120_F125,1-1,C120,halftime60,no,yes,T06,T12
C120_F126,6-1,C120,halftime60,no,yes,T02,T05
C120_F127,2-0,C120,halftime60,no,yes,T05,T04
C120_F129,3-1,C120,halftime60,no,yes,T12,T05
C120_F130,0-1,C120,halftime60,no,yes,T14,T10
C120_F135,1-2,C120,halftime60,no,yes,T11,T02
C120_F136,1-1,C120,halftime60,no,yes,T16,T09
C120_F138,0-1,C120,halftime60,no,yes,T03,T08
C120_F140,1-0,C120,halftime60,no,yes,T10,T06
C120_F141,0-0,C120,halftime60,no,yes,T01,T07
C120_F142,3-0,C120,halftime60,no,yes,T13,T15
C120_F143,5-1,C120,halftime60,no,yes,T02,T03
C120_F144,0-1,C120,halftime60,no,yes,T13,T14
C120_F146,0-1,C120,halftime60,no,yes,T01,T13
C120_F147,1-3,C120,halftime60,no,yes,T01,T05
C120_F148,1-3,C120,halftime60,no,yes,T08,T16
C120_F149,2-2,C120,halftime60,no,yes,T12,T01
C120_F150,2-2,C120,halftime60,no,yes,T14,T16
C120_F151,0-4,C120,halftime60,no,yes,T03,T05
C120_F152,2-0,C120,halftime60,no,yes,T07,T15
C120_F153,5-0,C120,halftime60,no,yes,T05,T09
C120_F155,2-0,C120,halftime60,no,yes,T11,T03
C120_F156,2-3,C120,halftime60,no,yes,T01,T02
C120_F157,2-1,C120,halftime60,no,yes,T04,T14
C120_F158,2-0,C120,halftime60,no,yes,T07,T11
C120_F159,1-0,C120,halftime60,no,yes,T01,T04
C120_F160,1-3,C120,halftime60,no,yes,T03,T09
C120_F164,3-1,C120,halftime60,no,yes,T05,T08
C120_F167,0-3,C120,halftime60,no,yes,T09,T05
C120_F168,1-0,C120,halftime60,no,yes,T06,T09
C120_F169,1-2,C120,halftime60,no,yes,T16,T15
C120_F172,1-1,C120,halftime60,no,yes,T06,T10
C120_F173,2-0,C120,halftime60,no,yes,T16,T08
C120_F174,3-1,C120,halftime60,no,yes,T14,T11
C120_F175,1-0,C120,halftime60,no,yes,T05,T03
C120_F176,1-0,C120,halftime60,no,yes,T01,T06
C120_F178,2-1,C120,halftime60,no,yes,T13,T04
C120_F180,0-2,C120,halftime60,no,yes,T16,T12
C120_F181,2-0,C120,halftime60,no,yes,T14,T01
C120_F184,2-0,C120,halftime60,no,yes,T11,T01
C120_F185,2-0,C120,halftime60,no,yes,T14,T15
C120_F186,0-2,C120,halftime60,no,yes,T03,T02
C120_F187,1-0,C120,halftime60,no,yes,T10,T13
C120_F188,2-0,C120,halftime60,no,yes,T14,T09
C120_F189,1-3,C120,halftime60,no,yes,T01,T14
C120_F195,2-0,C120,halftime60,no,yes,T11,T05
C120_F196,2-0,C120,halftime60,no,yes,T04,T11
C120_F197,0-2,C120,halftime60,no,yes,T08,T10
C120_F199,0-1,C120,halftime60,no,yes,T02,T01
C120_F202,1-0,C120,halftime60,no,yes,T06,T05
C120_F203,1-3,C120,halftime60,no,yes,T05,T07
C120_F205,7-2,C120,halftime60,no,yes,T05,T16
C120_F206,3-2,C120,halftime60,no,yes,T16,T10
C120_F209,1-1,C120,halftime60,no,yes,T04,T09
C120_F212,3-1,C120,halftime60,no,yes,T08,T04
C120_F213,1-0,C120,halftime60,no,yes,T10,T03
C120_F216,1-0,C120,halftime60,no,yes,T10,T04
C120_F218,1-1,C120,halftime60,no,yes,T06,T15
C120_F220,1-0,C120,halftime60,no,yes,T16,T05
C120_F221,0-1,C120,halftime60,no,yes,T09,T14
C120_F224,1-1,C120,halftime60,no,yes,T07,T16
C120_F226,5-1,C120,halftime60,no,yes,T11,T10
C120_F227,0-2,C120,halftime60,no,yes,T02,T08
C120_F229,3-1,C120,halftime60,no,yes,T15,T03
C120_F231,2-5,C120,halftime60,no,yes,T03,T10
C120_F233,0-2,C120,halftime60,no,yes,T08,T01
C120_F234,0-2,C120,halftime60,no,yes,T09,T10
C120_F236,3-1,C120,halftime60,no,yes,T12,T07
C120_F240,2-1,C120,halftime60,no,yes,T02,T10
C121_F001,3-0,C121,tail40,no,yes,T02,T03
C121_F004,0-0,C121,tail40,no,yes,T02,T11
C121_F011,2-2,C121,tail40,no,yes,T04,T09
C121_F015,3-0,C121,tail40,no,yes,T14,T12
C121_F016,0-0,C121,tail40,no,yes,T02,T19
C121_F019,1-0,C121,tail40,no,yes,T08,T14
C121_F020,3-0,C121,tail40,no,yes,T13,T04
C121_F021,1-0,C121,tail40,no,yes,T10,T07
C121_F022,1-0,C121,tail40,no,yes,T08,T13
C121_F023,1-2,C121,tail40,no,yes,T10,T16
C121_F026,0-0,C121,tail40,no,yes,T12,T06
C121_F029,1-1,C121,tail40,no,yes,T06,T13
C121_F030,1-1,C121,tail40,no,yes,T19,T10
C121_F031,0-2,C121,tail40,no,yes,T08,T06
C121_F032,0-0,C121,tail40,no,yes,T19,T04
C121_F033,1-1,C121,tail40,no,yes,T14,T15
C121_F036,0-0,C121,tail40,no,yes,T05,T07
C121_F039,2-3,C121,tail40,no,yes,T03,T01
C121_F040,0-4,C121,tail40,no,yes,T12,T08
C121_F045,0-1,C121,tail40,no,yes,T11,T08
C121_F046,2-1,C121,tail40,no,yes,T09,T16
C121_F050,1-0,C121,tail40,no,yes,T06,T01
C121_F051,1-1,C121,tail40,no,yes,T03,T10
C121_F052,3-2,C121,tail40,no,yes,T09,T03
C121_F053,0-0,C121,tail40,no,yes,T18,T08
C121_F055,2-0,C121,tail40,no,yes,T13,T12
C121_F056,2-0,C121,tail40,no,yes,T12,T02
C121_F060,3-1,C121,tail40,no,yes,T09,T08
C121_F061,5-1,C121,tail40,no,yes,T01,T15
C121_F065,2-0,C121,tail40,no,yes,T18,T02
C121_F066,1-2,C121,tail40,no,yes,T11,T19
C121_F068,2-0,C121,tail40,no,yes,T17,T01
C121_F069,2-1,C121,tail40,no,yes,T07,T13
C121_F070,1-1,C121,tail40,no,yes,T17,T10
C121_F071,1-0,C121,tail40,no,yes,T15,T11
C121_F072,2-0,C121,tail40,no,yes,T09,T02
C121_F075,2-2,C121,tail40,no,yes,T15,T06
C121_F076,0-3,C121,tail40,no,yes,T09,T17
C121_F077,0-0,C121,tail40,no,yes,T20,T05
C121_F080,0-0,C121,tail40,no,yes,T17,T07
C121_F081,1-2,C121,tail40,no,yes,T12,T16
C121_F085,1-1,C121,tail40,no,yes,T06,T14
C121_F086,0-1,C121,tail40,no,yes,T03,T13
C121_F089,1-1,C121,tail40,no,yes,T07,T19
C121_F091,5-1,C121,tail40,no,yes,T17,T04
C121_F099,2-1,C121,tail40,no,yes,T17,T14
C121_F101,3-2,C121,tail40,no,yes,T01,T12
C121_F102,1-4,C121,tail40,no,yes,T19,T13
C121_F109,0-2,C121,tail40,no,yes,T16,T01
C121_F110,1-1,C121,tail40,no,yes,T19,T01
C121_F113,1-3,C121,tail40,no,yes,T06,T20
C121_F118,2-0,C121,tail40,no,yes,T02,T06
C121_F123,1-1,C121,tail40,no,yes,T08,T19
C121_F126,4-0,C121,tail40,no,yes,T13,T14
C121_F127,2-0,C121,tail40,no,yes,T04,T18
C121_F128,2-4,C121,tail40,no,yes,T16,T06
C121_F129,3-1,C121,tail40,no,yes,T18,T12
C121_F131,1-1,C121,tail40,no,yes,T05,T17
C121_F133,2-0,C121,tail40,no,yes,T20,T08
C121_F135,2-1,C121,tail40,no,yes,T03,T14
C121_F137,1-2,C121,tail40,no,yes,T11,T04
C121_F139,2-0,C121,tail40,no,yes,T03,T06
C121_F140,0-0,C121,tail40,no,yes,T20,T18
C121_F144,1-1,C121,tail40,no,yes,T05,T08
C121_F146,0-3,C121,tail40,no,yes,T03,T07
C121_F148,1-0,C121,tail40,no,yes,T07,T02
C121_F149,1-1,C121,tail40,no,yes,T03,T05
C121_F152,1-1,C121,tail40,no,yes,T06,T10
C121_F155,2-1,C121,tail40,no,yes,T01,T18
C121_F158,0-1,C121,tail40,no,yes,T14,T20
C121_F166,1-0,C121,tail40,no,yes,T11,T13
C121_F167,2-1,C121,tail40,no,yes,T11,T06
C121_F170,3-0,C121,tail40,no,yes,T07,T18
C121_F174,0-0,C121,tail40,no,yes,T11,T14
C121_F177,0-1,C121,tail40,no,yes,T18,T17
C121_F180,0-2,C121,tail40,no,yes,T14,T09
C121_F182,0-1,C121,tail40,no,yes,T07,T09
C121_F184,1-1,C121,tail40,no,yes,T20,T09
C121_F187,2-0,C121,tail40,no,yes,T15,T19
C121_F189,2-0,C121,tail40,no,yes,T10,T05
C121_F192,3-0,C121,tail40,no,yes,T17,T20
C121_F196,2-0,C121,tail40,no,yes,T16,T13
C121_F197,3-0,C121,tail40,no,yes,T11,T03
C121_F198,0-1,C121,tail40,no,yes,T04,T14
C121_F199,2-1,C121,tail40,no,yes,T15,T13
C121_F201,0-0,C121,tail40,no,yes,T08,T01
C121_F202,3-1,C121,tail40,no,yes,T03,T04
C121_F204,0-1,C121,tail40,no,yes,T04,T05
C121_F206,1-2,C121,tail40,no,yes,T06,T05
C121_F207,2-0,C121,tail40,no,yes,T10,T02
C121_F212,1-2,C121,tail40,no,yes,T09,T11
C121_F213,2-1,C121,tail40,no,yes,T13,T01
C121_F218,0-1,C121,tail40,no,yes,T14,T05
C121_F225,0-2,C121,tail40,no,yes,T02,T13
C121_F227,2-2,C121,tail40,no,yes,T13,T10
C121_F228,1-1,C121,tail40,no,yes,T01,T09
C121_F229,0-2,C121,tail40,no,yes,T08,T17
C121_F230,0-1,C121,tail40,no,yes,T12,T15
C121_F232,1-0,C121,tail40,no,yes,T06,T19
C121_F233,1-0,C121,tail40,no,yes,T14,T07
C121_F235,3-0,C121,tail40,no,yes,T20,T15
C121_F236,2-1,C121,tail40,no,yes,T10,T18
C121_F237,1-0,C121,tail40,no,yes,T15,T17
C121_F239,3-2,C121,tail40,no,yes,T01,T05
C121_F240,0-3,C121,tail40,no,yes,T19,T20
C121_F241,1-2,C121,tail40,no,yes,T18,T15
C121_F242,1-2,C121,tail40,no,yes,T09,T15
C121_F244,3-1,C121,tail40,no,yes,T14,T02
C121_F246,0-1,C121,tail40,no,yes,T08,T10
C121_F249,5-1,C121,tail40,no,yes,T07,T15
C121_F250,1-2,C121,tail40,no,yes,T10,T09
C121_F251,2-1,C121,tail40,no,yes,T18,T16
C121_F257,1-1,C121,tail40,no,yes,T19,T14
C121_F258,2-1,C121,tail40,no,yes,T17,T06
C121_F262,1-1,C121,tail40,no,yes,T12,T11
C121_F264,1-0,C121,tail40,no,yes,T20,T07
C121_F265,3-2,C121,tail40,no,yes,T16,T19
C121_F266,4-1,C121,tail40,no,yes,T05,T18
C121_F270,1-1,C121,tail40,no,yes,T06,T04
C121_F276,4-0,C121,tail40,no,yes,T16,T04
C121_F279,0-1,C121,tail40,no,yes,T16,T03
C121_F281,0-0,C121,tail40,no,yes,T04,T12
C121_F290,0-3,C121,tail40,no,yes,T05,T02
C121_F291,4-2,C121,tail40,no,yes,T03,T20
C121_F292,3-0,C121,tail40,no,yes,T10,T11
C121_F294,2-0,C121,tail40,no,yes,T13,T18
C121_F295,1-2,C121,tail40,no,yes,T14,T18
C121_F297,4-1,C121,tail40,no,yes,T20,T12
C121_F298,0-3,C121,tail40,no,yes,T16,T17
C121_F300,0-1,C121,tail40,no,yes,T01,T20
C121_F301,0-1,C121,tail40,no,yes,T19,T18
C121_F302,1-4,C121,tail40,no,yes,T05,T09
C121_F303,2-1,C121,tail40,no,yes,T15,T04
C121_F305,2-1,C121,tail40,no,yes,T11,T17
C121_F306,0-0,C121,tail40,no,yes,T08,T03
C121_F307,0-1,C121,tail40,no,yes,T16,T08
C121_F308,2-1,C121,tail40,no,yes,T20,T11
C121_F311,3-3,C121,tail40,no,yes,T02,T16
C121_F312,0-0,C121,tail40,no,yes,T01,T10
C121_F317,0-3,C121,tail40,no,yes,T04,T01
C121_F318,1-2,C121,tail40,no,yes,T13,T09
C121_F320,2-1,C121,tail40,no,yes,T02,T15
C121_F325,3-0,C121,tail40,no,yes,T04,T02
C121_F327,0-0,C121,tail40,no,yes,T05,T16
C121_F330,1-3,C121,tail40,no,yes,T05,T15
C121_F336,0-0,C121,tail40,no,yes,T10,T20
C121_F343,2-0,C121,tail40,no,yes,T17,T03
C121_F344,3-0,C121,tail40,no,yes,T17,T19
C121_F347,0-1,C121,tail40,no,yes,T12,T19
C121_F348,1-1,C121,tail40,no,yes,T01,T02
C121_F355,3-1,C121,tail40,no,yes,T16,T07
C121_F356,2-1,C121,tail40,no,yes,T09,T12
C121_F359,0-2,C121,tail40,no,yes,T20,T16
C121_F364,1-0,C121,tail40,no,yes,T18,T11
C121_F365,0-1,C121,tail40,no,yes,T08,T07
C121_F368,1-0,C121,tail40,no,yes,T05,T11
C121_F370,4-2,C121,tail40,no,yes,T07,T04
C121_F373,1-0,C121,tail40,no,yes,T15,T03
C121_F376,1-1,C121,tail40,no,yes,T10,T12
C121_F377,2-1,C121,tail40,no,yes,T07,T12
C124_F002,0-0,C124,tailhalf40,yes,yes,T04,T11
C124_F006,0-2,C124,tailhalf40,yes,yes,T09,T11
C124_F007,0-1,C124,tailhalf40,yes,yes,T14,T11
C124_F009,0-4,C124,tailhalf40,yes,yes,T10,T03
C124_F016,0-1,C124,tailhalf40,yes,yes,T13,T16
C124_F017,0-2,C124,tailhalf40,yes,yes,T07,T05
C124_F018,1-0,C124,tailhalf40,yes,yes,T08,T05
C124_F019,1-1,C124,tailhalf40,yes,yes,T14,T08
C124_F021,1-2,C124,tailhalf40,yes,yes,T08,T04
C124_F024,1-1,C124,tailhalf40,yes,yes,T06,T03
C124_F025,1-1,C124,tailhalf40,yes,yes,T06,T02
C124_F028,2-0,C124,tailhalf40,yes,yes,T07,T01
C124_F030,1-0,C124,tailhalf40,yes,yes,T16,T03
C124_F032,3-0,C124,tailhalf40,yes,yes,T01,T05
C124_F033,3-1,C124,tailhalf40,yes,yes,T02,T12
C124_F035,1-1,C124,tailhalf40,yes,yes,T09,T13
C124_F036,1-1,C124,tailhalf40,yes,yes,T15,T02
C124_F042,1-1,C124,tailhalf40,yes,yes,T16,T12
C124_F043,1-0,C124,tailhalf40,yes,yes,T05,T02
C124_F045,1-0,C124,tailhalf40,yes,yes,T03,T14
C124_F046,3-1,C124,tailhalf40,yes,yes,T02,T01
C124_F047,2-1,C124,tailhalf40,yes,yes,T05,T15
C124_F049,4-0,C124,tailhalf40,yes,yes,T16,T07
C124_F056,2-1,C124,tailhalf40,yes,yes,T02,T08
C124_F060,2-3,C124,tailhalf40,yes,yes,T12,T01
C124_F065,1-1,C124,tailhalf40,yes,yes,T10,T07
C124_F067,3-0,C124,tailhalf40,yes,yes,T12,T07
C124_F068,3-3,C124,tailhalf40,yes,yes,T13,T04
C124_F069,1-0,C124,tailhalf40,yes,yes,T01,T13
C124_F072,2-0,C124,tailhalf40,yes,yes,T03,T12
C124_F073,2-0,C124,tailhalf40,yes,yes,T02,T13
C124_F075,0-1,C124,tailhalf40,yes,yes,T08,T06
C124_F076,1-0,C124,tailhalf40,yes,yes,T14,T07
C124_F083,0-1,C124,tailhalf40,yes,yes,T09,T06
C124_F086,1-1,C124,tailhalf40,yes,yes,T06,T11
C124_F087,3-1,C124,tailhalf40,yes,yes,T10,T09
C124_F088,1-3,C124,tailhalf40,yes,yes,T06,T16
C124_F091,0-2,C124,tailhalf40,yes,yes,T08,T01
C124_F092,2-2,C124,tailhalf40,yes,yes,T12,T08
C124_F097,1-0,C124,tailhalf40,yes,yes,T15,T08
C124_F100,5-0,C124,tailhalf40,yes,yes,T02,T09
C124_F101,4-1,C124,tailhalf40,yes,yes,T08,T11
C124_F102,1-0,C124,tailhalf40,yes,yes,T16,T08
C124_F105,2-0,C124,tailhalf40,yes,yes,T12,T09
C124_F107,2-0,C124,tailhalf40,yes,yes,T04,T16
C124_F108,2-2,C124,tailhalf40,yes,yes,T10,T13
C124_F109,1-1,C124,tailhalf40,yes,yes,T16,T02
C124_F112,1-0,C124,tailhalf40,yes,yes,T03,T07
C124_F114,2-1,C124,tailhalf40,yes,yes,T06,T14
C124_F117,1-1,C124,tailhalf40,yes,yes,T01,T04
C124_F119,0-3,C124,tailhalf40,yes,yes,T04,T03
C124_F121,3-0,C124,tailhalf40,yes,yes,T04,T15
C124_F122,2-0,C124,tailhalf40,yes,yes,T01,T15
C124_F123,2-1,C124,tailhalf40,yes,yes,T16,T10
C124_F125,3-2,C124,tailhalf40,yes,yes,T11,T10
C124_F127,2-2,C124,tailhalf40,yes,yes,T11,T16
C124_F128,0-0,C124,tailhalf40,yes,yes,T07,T09
C124_F134,2-1,C124,tailhalf40,yes,yes,T05,T11
C124_F136,2-2,C124,tailhalf40,yes,yes,T12,T13
C124_F137,0-1,C124,tailhalf40,yes,yes,T09,T04
C124_F141,2-2,C124,tailhalf40,yes,yes,T01,T11
C124_F142,1-3,C124,tailhalf40,yes,yes,T06,T15
C124_F144,1-0,C124,tailhalf40,yes,yes,T06,T05
C124_F145,2-3,C124,tailhalf40,yes,yes,T03,T02
C124_F149,0-0,C124,tailhalf40,yes,yes,T05,T04
C124_F152,2-2,C124,tailhalf40,yes,yes,T03,T01
C124_F153,1-1,C124,tailhalf40,yes,yes,T15,T07
C124_F156,0-0,C124,tailhalf40,yes,yes,T10,T08
C124_F157,1-2,C124,tailhalf40,yes,yes,T05,T16
C124_F161,0-1,C124,tailhalf40,yes,yes,T11,T15
C124_F168,1-1,C124,tailhalf40,yes,yes,T13,T03
C124_F169,4-1,C124,tailhalf40,yes,yes,T02,T10
C124_F179,1-1,C124,tailhalf40,yes,yes,T05,T03
C124_F180,1-1,C124,tailhalf40,yes,yes,T07,T08
C124_F183,6-0,C124,tailhalf40,yes,yes,T12,T14
C124_F186,1-0,C124,tailhalf40,yes,yes,T12,T06
C124_F187,1-3,C124,tailhalf40,yes,yes,T01,T06
C124_F188,2-1,C124,tailhalf40,yes,yes,T11,T07
C124_F192,0-0,C124,tailhalf40,yes,yes,T07,T04
C124_F193,1-0,C124,tailhalf40,yes,yes,T13,T14
C124_F194,0-2,C124,tailhalf40,yes,yes,T09,T16
C124_F195,2-0,C124,tailhalf40,yes,yes,T15,T10
C124_F199,0-2,C124,tailhalf40,yes,yes,T09,T14
C124_F202,1-2,C124,tailhalf40,yes,yes,T14,T15
C124_F204,4-0,C124,tailhalf40,yes,yes,T14,T10
C124_F205,5-0,C124,tailhalf40,yes,yes,T03,T09
C124_F206,0-1,C124,tailhalf40,yes,yes,T14,T04
C124_F207,1-1,C124,tailhalf40,yes,yes,T09,T05
C124_F210,2-1,C124,tailhalf40,yes,yes,T10,T01
C124_F212,0-2,C124,tailhalf40,yes,yes,T15,T12
C124_F218,0-0,C124,tailhalf40,yes,yes,T13,T05
C124_F220,0-1,C124,tailhalf40,yes,yes,T11,T12
C124_F221,0-0,C124,tailhalf40,yes,yes,T13,T06
C124_F224,4-2,C124,tailhalf40,yes,yes,T02,T14
C124_F236,0-1,C124,tailhalf40,yes,yes,T13,T15
C124_F238,2-0,C124,tailhalf40,yes,yes,T04,T10
C131_F001,0-3,C131,scatter60,no,no,T12,T04
C131_F003,0-1,C131,scatter60,no,no,T11,T04
C131_F006,4-2,C131,scatter60,no,no,T12,T11
C131_F008,3-2,C131,scatter60,no,no,T05,T07
C131_F011,1-2,C131,scatter60,no,no,T03,T07
C131_F012,1-2,C131,scatter60,no,no,T03,T04
C131_F013,1-1,C131,scatter60,no,no,T11,T07
C131_F014,0-1,C131,scatter60,no,no,T03,T10
C131_F016,3-0,C131,scatter60,no,no,T09,T10
C131_F017,2-1,C131,scatter60,no,no,T04,T02
C131_F022,2-1,C131,scatter60,no,no,T02,T06
C131_F023,1-2,C131,scatter60,no,no,T08,T02
C131_F024,1-1,C131,scatter60,no,no,T02,T03
C131_F025,1-1,C131,scatter60,no,no,T09,T06
C131_F026,2-1,C131,scatter60,no,no,T12,T06
C131_F029,2-1,C131,scatter60,no,no,T04,T01
C131_F030,0-0,C131,scatter60,no,no,T07,T05
C131_F031,0-0,C131,scatter60,no,no,T09,T08
C131_F034,3-1,C131,scatter60,no,no,T09,T04
C131_F036,2-0,C131,scatter60,no,no,T04,T06
C131_F037,2-1,C131,scatter60,no,no,T02,T01
C131_F038,2-2,C131,scatter60,no,no,T10,T02
C131_F039,2-0,C131,scatter60,no,no,T07,T06
C131_F044,1-2,C131,scatter60,no,no,T02,T11
C131_F046,2-1,C131,scatter60,no,no,T12,T02
C131_F047,2-0,C131,scatter60,no,no,T11,T08
C131_F048,3-2,C131,scatter60,no,no,T08,T11
C131_F049,2-1,C131,scatter60,no,no,T09,T02
C131_F052,0-0,C131,scatter60,no,no,T06,T10
C131_F053,0-0,C131,scatter60,no,no,T07,T12
C131_F054,1-1,C131,scatter60,no,no,T11,T10
C131_F056,2-1,C131,scatter60,no,no,T09,T01
C131_F057,3-3,C131,scatter60,no,no,T04,T11
C131_F064,1-1,C131,scatter60,no,no,T10,T08
C131_F065,4-3,C131,scatter60,no,no,T07,T10
C131_F066,0-6,C131,scatter60,no,no,T02,T10
C131_F069,1-0,C131,scatter60,no,no,T09,T03
C131_F070,2-0,C131,scatter60,no,no,T04,T12
C131_F072,2-2,C131,scatter60,no,no,T11,T06
C131_F073,2-0,C131,scatter60,no,no,T01,T09
C131_F076,4-0,C131,scatter60,no,no,T12,T05
C131_F077,0-0,C131,scatter60,no,no,T04,T08
C131_F083,3-0,C131,scatter60,no,no,T08,T05
C131_F085,0-4,C131,scatter60,no,no,T07,T01
C131_F086,2-0,C131,scatter60,no,no,T07,T08
C131_F087,6-1,C131,scatter60,no,no,T03,T11
C131_F088,2-3,C131,scatter60,no,no,T12,T10
C131_F089,2-1,C131,scatter60,no,no,T07,T03
C131_F090,2-0,C131,scatter60,no,no,T09,T11
C131_F091,2-3,C131,scatter60,no,no,T05,T11
C131_F093,2-1,C131,scatter60,no,no,T01,T06
C131_F095,2-0,C131,scatter60,no,no,T01,T05
C131_F096,4-2,C131,scatter60,no,no,T11,T02
C131_F097,1-0,C131,scatter60,no,no,T01,T02
C131_F098,0-1,C131,scatter60,no,no,T11,T05
C131_F099,2-2,C131,scatter60,no,no,T01,T11
C131_F100,3-4,C131,scatter60,no,no,T10,T11
C131_F101,2-0,C131,scatter60,no,no,T12,T07
C131_F102,2-3,C131,scatter60,no,no,T05,T08
C131_F103,1-2,C131,scatter60,no,no,T05,T12
C131_F104,2-2,C131,scatter60,no,no,T07,T04
C131_F106,0-1,C131,scatter60,no,no,T01,T04
C131_F108,2-1,C131,scatter60,no,no,T11,T03
C131_F109,0-1,C131,scatter60,no,no,T03,T05
C131_F111,1-3,C131,scatter60,no,no,T02,T04
C131_F112,0-0,C131,scatter60,no,no,T06,T12
C131_F113,1-0,C131,scatter60,no,no,T10,T07
C131_F114,2-1,C131,scatter60,no,no,T06,T11
C131_F115,2-2,C131,scatter60,no,no,T02,T05
C131_F116,2-1,C131,scatter60,no,no,T02,T12
C131_F118,0-1,C131,scatter60,no,no,T06,T02
C131_F119,0-2,C131,scatter60,no,no,T03,T08
C131_F120,0-0,C131,scatter60,no,no,T05,T02
C131_F123,2-3,C131,scatter60,no,no,T03,T02
C131_F125,0-1,C131,scatter60,no,no,T11,T12
C131_F127,2-0,C131,scatter60,no,no,T02,T07
C131_F128,1-4,C131,scatter60,no,no,T10,T09
C131_F129,1-1,C131,scatter60,no,no,T01,T03
C131_F130,1-1,C131,scatter60,no,no,T08,T01
C132_F001,1-2,C132,tailhalf40,yes,no,T01,T03
C132_F003,1-0,C132,tailhalf40,yes,no,T09,T06
C132_F005,1-1,C132,tailhalf40,yes,no,T06,T01
C132_F006,1-3,C132,tailhalf40,yes,no,T07,T04
C132_F013,3-0,C132,tailhalf40,yes,no,T06,T02
C132_F014,0-2,C132,tailhalf40,yes,no,T02,T07
C132_F018,4-0,C132,tailhalf40,yes,no,T02,T10
C132_F022,2-1,C132,tailhalf40,yes,no,T02,T01
C132_F023,1-1,C132,tailhalf40,yes,no,T01,T10
C132_F024,1-6,C132,tailhalf40,yes,no,T06,T03
C132_F026,2-1,C132,tailhalf40,yes,no,T09,T02
C132_F027,0-0,C132,tailhalf40,yes,no,T02,T08
C132_F029,2-1,C132,tailhalf40,yes,no,T05,T10
C132_F032,0-0,C132,tailhalf40,yes,no,T04,T08
C132_F033,2-3,C132,tailhalf40,yes,no,T06,T05
C132_F040,1-0,C132,tailhalf40,yes,no,T03,T05
C132_F041,0-3,C132,tailhalf40,yes,no,T06,T07
C132_F042,0-2,C132,tailhalf40,yes,no,T10,T03
C132_F043,1-3,C132,tailhalf40,yes,no,T05,T02
C132_F044,1-0,C132,tailhalf40,yes,no,T08,T06
C132_F047,0-2,C132,tailhalf40,yes,no,T07,T08
C132_F049,1-0,C132,tailhalf40,yes,no,T08,T09
C132_F050,1-0,C132,tailhalf40,yes,no,T05,T04
C132_F052,1-6,C132,tailhalf40,yes,no,T08,T07
C132_F054,1-0,C132,tailhalf40,yes,no,T06,T08
C132_F055,0-3,C132,tailhalf40,yes,no,T05,T07
C132_F062,1-1,C132,tailhalf40,yes,no,T03,T06
C132_F064,3-0,C132,tailhalf40,yes,no,T04,T05
C132_F068,1-0,C132,tailhalf40,yes,no,T01,T06
C132_F074,2-3,C132,tailhalf40,yes,no,T07,T03
C132_F075,1-0,C132,tailhalf40,yes,no,T03,T04
C132_F077,1-1,C132,tailhalf40,yes,no,T10,T08
C132_F086,0-0,C132,tailhalf40,yes,no,T10,T04
C132_F087,1-2,C132,tailhalf40,yes,no,T04,T09
C132_F088,4-1,C132,tailhalf40,yes,no,T07,T09
C132_F092,0-2,C132,tailhalf40,yes,no,T08,T05
C132_F094,2-1,C132,tailhalf40,yes,no,T01,T09
C132_F097,3-2,C132,tailhalf40,yes,no,T08,T02
C132_F099,1-0,C132,tailhalf40,yes,no,T10,T01
C132_F100,3-0,C132,tailhalf40,yes,no,T02,T04
C132_F102,2-1,C132,tailhalf40,yes,no,T09,T08
C132_F106,1-1,C132,tailhalf40,yes,no,T08,T03
C132_F107,5-0,C132,tailhalf40,yes,no,T03,T07
C132_F110,4-0,C132,tailhalf40,yes,no,T09,T10
C132_F111,1-0,C132,tailhalf40,yes,no,T03,T09
C132_F112,3-0,C132,tailhalf40,yes,no,T07,T10
C132_F114,1-1,C132,tailhalf40,yes,no,T06,T10
C132_F117,2-1,C132,tailhalf40,yes,no,T10,T02
C132_F118,0-4,C132,tailhalf40,yes,no,T09,T07
C132_F124,3-2,C132,tailhalf40,yes,no,T08,T10
C132_F125,2-0,C132,tailhalf40,yes,no,T06,T04
C132_F126,1-0,C132,tailhalf40,yes,no,T02,T09
C132_F130,1-1,C132,tailhalf40,yes,no,T02,T05
C132_F131,2-0,C132,tailhalf40,yes,no,T03,T08
C132_F134,1-0,C132,tailhalf40,yes,no,T01,T05
C132_F136,0-5,C132,tailhalf40,yes,no,T04,T03
C132_F137,1-0,C132,tailhalf40,yes,no,T05,T01
C132_F138,1-1,C132,tailhalf40,yes,no,T01,T02
C132_F140,3-0,C132,tailhalf40,yes,no,T07,T06
C132_F142,2-2,C132,tailhalf40,yes,no,T10,T05
C132_F143,2-0,C132,tailhalf40,yes,no,T08,T01
C132_F150,2-1,C132,tailhalf40,yes,no,T05,T06
C132_F152,1-2,C132,tailhalf40,yes,no,T04,T01
C132_F154,3-0,C132,tailhalf40,yes,no,T09,T04
C132_F158,0-1,C132,tailhalf40,yes,no,T02,T03
C132_F159,1-0,C132,tailhalf40,yes,no,T03,T02
C132_F162,1-2,C132,tailhalf40,yes,no,T07,T01
C132_F165,0-2,C132,tailhalf40,yes,no,T04,T06
C132_F166,0-2,C132,tailhalf40,yes,no,T09,T05
C132_F169,1-1,C132,tailhalf40,yes,no,T04,T07
C132_F171,3-2,C132,tailhalf40,yes,no,T09,T01
C132_F176,2-1,C132,tailhalf40,yes,no,T10,T07
C132_F178,2-1,C132,tailhalf40,yes,no,T05,T03
C132_F179,1-0,C132,tailhalf40,yes,no,T10,T09
C132_F180,3-3,C132,tailhalf40,yes,no,T01,T04
C138_F001,1-1,C138,scatter40,no,yes,T20,T22
C138_F003,2-4,C138,scatter40,no,yes,T21,T14
C138_F008,0-0,C138,scatter40,no,yes,T12,T02
C138_F009,2-2,C138,scatter40,no,yes,T17,T04
C138_F010,2-2,C138,scatter40,no,yes,T01,T14
C138_F017,2-0,C138,scatter40,no,yes,T13,T08
C138_F019,2-1,C138,scatter40,no,yes,T02,T04
C138_F020,1-0,C138,scatter40,no,yes,T17,T01
C138_F021,0-0,C138,scatter40,no,yes,T01,T19
C138_F022,3-2,C138,scatter40,no,yes,T15,T04
C138_F023,1-2,C138,scatter40,no,yes,T03,T18
C138_F027,1-3,C138,scatter40,no,yes,T21,T11
C138_F028,0-1,C138,scatter40,no,yes,T05,T07
C138_F029,0-1,C138,scatter40,no,yes,T16,T07
C138_F030,3-2,C138,scatter40,no,yes,T11,T21
C138_F034,0-0,C138,scatter40,no,yes,T22,T07
C138_F036,1-1,C138,scatter40,no,yes,T20,T05
C138_F037,3-2,C138,scatter40,no,yes,T22,T06
C138_F039,2-2,C138,scatter40,no,yes,T11,T07
C138_F040,0-0,C138,scatter40,no,yes,T03,T07
C138_F042,2-0,C138,scatter40,no,yes,T21,T06
C138_F046,2-1,C138,scatter40,no,yes,T17,T02
C138_F053,2-0,C138,scatter40,no,yes,T19,T07
C138_F054,0-2,C138,scatter40,no,yes,T02,T19
C138_F055,1-3,C138,scatter40,no,yes,T08,T20
C138_F063,2-1,C138,scatter40,no,yes,T17,T18
C138_F064,4-1,C138,scatter40,no,yes,T04,T06
C138_F065,2-2,C138,scatter40,no,yes,T07,T17
C138_F071,1-1,C138,scatter40,no,yes,T17,T20
C138_F072,4-3,C138,scatter40,no,yes,T04,T12
C138_F074,4-5,C138,scatter40,no,yes,T04,T17
C138_F075,1-0,C138,scatter40,no,yes,T19,T06
C138_F079,0-1,C138,scatter40,no,yes,T13,T22
C138_F080,0-1,C138,scatter40,no,yes,T03,T06
C138_F082,6-1,C138,scatter40,no,yes,T14,T03
C138_F083,0-1,C138,scatter40,no,yes,T02,T13
C138_F097,1-0,C138,scatter40,no,yes,T18,T17
C138_F100,0-0,C138,scatter40,no,yes,T03,T15
C138_F102,0-0,C138,scatter40,no,yes,T02,T20
C138_F104,2-1,C138,scatter40,no,yes,T20,T10
C138_F105,1-0,C138,scatter40,no,yes,T08,T18
C138_F112,1-1,C138,scatter40,no,yes,T10,T05
C138_F117,2-2,C138,scatter40,no,yes,T05,T20
C138_F118,3-0,C138,scatter40,no,yes,T09,T22
C138_F122,1-2,C138,scatter40,no,yes,T12,T03
C138_F123,1-1,C138,scatter40,no,yes,T04,T05
C138_F125,3-1,C138,scatter40,no,yes,T14,T22
C138_F127,1-0,C138,scatter40,no,yes,T15,T16
C138_F129,2-1,C138,scatter40,no,yes,T10,T08
C138_F130,1-0,C138,scatter40,no,yes,T12,T22
C138_F133,0-3,C138,scatter40,no,yes,T06,T20
C138_F139,1-1,C138,scatter40,no,yes,T08,T04
C138_F142,0-3,C138,scatter40,no,yes,T08,T17
C138_F143,0-1,C138,scatter40,no,yes,T03,T16
C138_F144,1-5,C138,scatter40,no,yes,T03,T20
C138_F145,3-1,C138,scatter40,no,yes,T18,T05
C138_F146,3-1,C138,scatter40,no,yes,T15,T13
C138_F147,0-0,C138,scatter40,no,yes,T10,T13
C138_F156,1-1,C138,scatter40,no,yes,T19,T14
C138_F161,0-0,C138,scatter40,no,yes,T17,T21
C138_F164,0-1,C138,scatter40,no,yes,T17,T10
C138_F166,1-0,C138,scatter40,no,yes,T16,T06
C138_F175,2-1,C138,scatter40,no,yes,T09,T12
C138_F176,1-0,C138,scatter40,no,yes,T12,T11
C138_F178,1-0,C138,scatter40,no,yes,T08,T01
C138_F180,2-0,C138,scatter40,no,yes,T15,T19
C138_F183,3-0,C138,scatter40,no,yes,T20,T15
C138_F187,1-1,C138,scatter40,no,yes,T16,T08
C138_F188,1-1,C138,scatter40,no,yes,T18,T04
C138_F191,1-1,C138,scatter40,no,yes,T21,T15
C138_F194,3-0,C138,scatter40,no,yes,T21,T22
C138_F196,1-0,C138,scatter40,no,yes,T08,T15
C138_F197,0-1,C138,scatter40,no,yes,T03,T01
C138_F199,2-1,C138,scatter40,no,yes,T17,T19
C138_F200,2-1,C138,scatter40,no,yes,T18,T02
C138_F202,0-0,C138,scatter40,no,yes,T06,T22
C138_F203,1-1,C138,scatter40,no,yes,T01,T21
C138_F204,1-0,C138,scatter40,no,yes,T15,T10
C138_F205,1-0,C138,scatter40,no,yes,T03,T05
C138_F207,4-2,C138,scatter40,no,yes,T04,T02
C138_F208,3-3,C138,scatter40,no,yes,T04,T11
C138_F212,1-2,C138,scatter40,no,yes,T10,T06
C138_F213,3-1,C138,scatter40,no,yes,T18,T01
C138_F214,0-1,C138,scatter40,no,yes,T16,T19
C138_F215,1-1,C138,scatter40,no,yes,T02,T06
C138_F218,0-1,C138,scatter40,no,yes,T02,T14
C138_F222,0-2,C138,scatter40,no,yes,T21,T05
C138_F224,1-0,C138,scatter40,no,yes,T05,T15
C138_F225,3-0,C138,scatter40,no,yes,T10,T02
C138_F226,0-0,C138,scatter40,no,yes,T03,T11
C138_F227,4-0,C138,scatter40,no,yes,T10,T19
C138_F228,1-1,C138,scatter40,no,yes,T08,T07
C138_F229,3-2,C138,scatter40,no,yes,T17,T16
C138_F233,1-0,C138,scatter40,no,yes,T02,T22
C138_F235,2-0,C138,scatter40,no,yes,T02,T11
C138_F238,0-1,C138,scatter40,no,yes,T17,T08
C138_F239,1-1,C138,scatter40,no,yes,T16,T13
C138_F243,1-3,C138,scatter40,no,yes,T02,T12
C138_F246,1-0,C138,scatter40,no,yes,T12,T07
C138_F247,0-1,C138,scatter40,no,yes,T17,T22
C138_F248,2-1,C138,scatter40,no,yes,T08,T12
C138_F253,4-0,C138,scatter40,no,yes,T08,T13
C138_F254,0-1,C138,scatter40,no,yes,T01,T20
C138_F256,0-1,C138,scatter40,no,yes,T11,T04
C138_F265,1-1,C138,scatter40,no,yes,T15,T18
C138_F266,4-1,C138,scatter40,no,yes,T20,T19
C138_F269,4-2,C138,scatter40,no,yes,T05,T10
C138_F270,2-1,C138,scatter40,no,yes,T19,T01
C138_F271,3-2,C138,scatter40,no,yes,T14,T04
C138_F278,1-0,C138,scatter40,no,yes,T03,T22
C138_F279,2-4,C138,scatter40,no,yes,T19,T02
C138_F281,5-0,C138,scatter40,no,yes,T14,T20
C138_F283,2-0,C138,scatter40,no,yes,T09,T02
C138_F289,2-4,C138,scatter40,no,yes,T22,T01
C138_F290,1-3,C138,scatter40,no,yes,T09,T19
C138_F293,2-0,C138,scatter40,no,yes,T12,T06
C138_F295,1-1,C138,scatter40,no,yes,T21,T10
C138_F301,1-0,C138,scatter40,no,yes,T11,T16
C138_F307,1-2,C138,scatter40,no,yes,T09,T18
C138_F308,0-1,C138,scatter40,no,yes,T01,T03
C138_F310,2-2,C138,scatter40,no,yes,T04,T22
C138_F313,0-1,C138,scatter40,no,yes,T18,T03
C138_F314,4-0,C138,scatter40,no,yes,T14,T06
C138_F319,2-0,C138,scatter40,no,yes,T04,T13
C138_F330,0-0,C138,scatter40,no,yes,T14,T19
C138_F332,3-0,C138,scatter40,no,yes,T18,T09
C138_F333,0-1,C138,scatter40,no,yes,T07,T04
C138_F334,3-0,C138,scatter40,no,yes,T10,T07
C138_F338,1-0,C138,scatter40,no,yes,T10,T01
C138_F339,4-0,C138,scatter40,no,yes,T05,T01
C138_F340,1-1,C138,scatter40,no,yes,T04,T03
C138_F341,2-2,C138,scatter40,no,yes,T15,T06
C138_F342,3-1,C138,scatter40,no,yes,T22,T05
C138_F343,2-0,C138,scatter40,no,yes,T03,T13
C138_F346,2-1,C138,scatter40,no,yes,T11,T13
C138_F349,3-0,C138,scatter40,no,yes,T20,T13
C138_F350,0-1,C138,scatter40,no,yes,T12,T15
C138_F351,1-1,C138,scatter40,no,yes,T13,T03
C138_F352,1-2,C138,scatter40,no,yes,T01,T17
C138_F357,4-0,C138,scatter40,no,yes,T18,T11
C138_F360,2-0,C138,scatter40,no,yes,T06,T03
C138_F363,1-1,C138,scatter40,no,yes,T10,T11
C138_F364,3-4,C138,scatter40,no,yes,T07,T14
C138_F368,4-1,C138,scatter40,no,yes,T12,T17
C138_F369,4-0,C138,scatter40,no,yes,T17,T07
C138_F370,2-1,C138,scatter40,no,yes,T17,T09
C138_F374,2-1,C138,scatter40,no,yes,T13,T07
C138_F377,3-2,C138,scatter40,no,yes,T19,T08
C138_F381,0-0,C138,scatter40,no,yes,T19,T13
C138_F382,1-0,C138,scatter40,no,yes,T15,T21
C138_F383,2-1,C138,scatter40,no,yes,T17,T06
C138_F384,0-0,C138,scatter40,no,yes,T22,T11
C138_F388,1-1,C138,scatter40,no,yes,T21,T09
C138_F390,0-0,C138,scatter40,no,yes,T01,T18
C138_F392,1-1,C138,scatter40,no,yes,T08,T11
C138_F393,2-2,C138,scatter40,no,yes,T15,T07
C138_F394,2-3,C138,scatter40,no,yes,T14,T13
C138_F397,3-0,C138,scatter40,no,yes,T06,T09
C138_F401,3-0,C138,scatter40,no,yes,T06,T21
C138_F402,2-0,C138,scatter40,no,yes,T14,T16
C138_F403,0-1,C138,scatter40,no,yes,T04,T07
C138_F412,3-2,C138,scatter40,no,yes,T20,T02
C138_F414,1-2,C138,scatter40,no,yes,T02,T05
C138_F415,3-0,C138,scatter40,no,yes,T12,T13
C138_F417,1-1,C138,scatter40,no,yes,T06,T02
C138_F421,2-0,C138,scatter40,no,yes,T20,T12
C138_F422,0-2,C138,scatter40,no,yes,T13,T06
C138_F424,3-1,C138,scatter40,no,yes,T21,T13
C138_F426,2-1,C138,scatter40,no,yes,T07,T10
C138_F427,1-1,C138,scatter40,no,yes,T20,T01
C138_F428,1-1,C138,scatter40,no,yes,T05,T02
C138_F430,2-0,C138,scatter40,no,yes,T22,T09
C138_F431,1-2,C138,scatter40,no,yes,T22,T10
C138_F432,0-1,C138,scatter40,no,yes,T16,T22
C138_F434,0-0,C138,scatter40,no,yes,T02,T21
C138_F435,3-3,C138,scatter40,no,yes,T11,T14
C138_F436,1-0,C138,scatter40,no,yes,T16,T04
C138_F441,4-0,C138,scatter40,no,yes,T19,T03
C138_F442,0-1,C138,scatter40,no,yes,T06,T05
C138_F443,2-0,C138,scatter40,no,yes,T09,T11
C138_F449,3-0,C138,scatter40,no,yes,T13,T02
C138_F455,1-1,C138,scatter40,no,yes,T07,T03
C138_F459,1-1,C138,scatter40,no,yes,T18,T14
C138_F460,2-1,C138,scatter40,no,yes,T20,T14
C138_F462,3-2,C138,scatter40,no,yes,T05,T16
C139_F003,0-0,C139,cluster30,yes,yes,T02,T20
C139_F004,1-0,C139,cluster30,yes,yes,T21,T12
C139_F007,3-0,C139,cluster30,yes,yes,T06,T03
C139_F010,4-1,C139,cluster30,yes,yes,T08,T04
C139_F011,0-2,C139,cluster30,yes,yes,T21,T20
C139_F014,1-1,C139,cluster30,yes,yes,T05,T19
C139_F018,1-2,C139,cluster30,yes,yes,T15,T10
C139_F019,1-1,C139,cluster30,yes,yes,T11,T02
C139_F022,1-0,C139,cluster30,yes,yes,T20,T08
C139_F023,2-1,C139,cluster30,yes,yes,T02,T05
C139_F026,3-1,C139,cluster30,yes,yes,T05,T07
C139_F027,1-2,C139,cluster30,yes,yes,T14,T02
C139_F028,2-4,C139,cluster30,yes,yes,T08,T01
C139_F030,1-0,C139,cluster30,yes,yes,T09,T08
C139_F031,2-1,C139,cluster30,yes,yes,T17,T16
C139_F035,3-0,C139,cluster30,yes,yes,T21,T03
C139_F038,2-2,C139,cluster30,yes,yes,T22,T06
C139_F039,1-0,C139,cluster30,yes,yes,T10,T13
C139_F041,0-1,C139,cluster30,yes,yes,T12,T21
C139_F042,1-5,C139,cluster30,yes,yes,T07,T17
C139_F043,1-0,C139,cluster30,yes,yes,T14,T17
C139_F044,0-1,C139,cluster30,yes,yes,T21,T07
C139_F046,7-0,C139,cluster30,yes,yes,T17,T08
C139_F047,2-1,C139,cluster30,yes,yes,T12,T08
C139_F050,1-0,C139,cluster30,yes,yes,T10,T14
C139_F052,1-2,C139,cluster30,yes,yes,T08,T12
C139_F053,1-1,C139,cluster30,yes,yes,T03,T02
C139_F058,2-0,C139,cluster30,yes,yes,T05,T03
C139_F059,2-0,C139,cluster30,yes,yes,T05,T20
C139_F062,1-0,C139,cluster30,yes,yes,T04,T05
C139_F063,4-1,C139,cluster30,yes,yes,T08,T11
C139_F065,0-1,C139,cluster30,yes,yes,T04,T10
C139_F067,1-2,C139,cluster30,yes,yes,T18,T05
C139_F068,1-1,C139,cluster30,yes,yes,T12,T02
C139_F069,2-0,C139,cluster30,yes,yes,T15,T21
C139_F070,1-1,C139,cluster30,yes,yes,T08,T21
C139_F071,0-3,C139,cluster30,yes,yes,T15,T02
C139_F078,1-0,C139,cluster30,yes,yes,T13,T05
C139_F079,5-3,C139,cluster30,yes,yes,T06,T11
C139_F082,0-0,C139,cluster30,yes,yes,T21,T08
C139_F084,4-0,C139,cluster30,yes,yes,T15,T17
C139_F087,2-0,C139,cluster30,yes,yes,T21,T19
C139_F088,1-1,C139,cluster30,yes,yes,T17,T19
C139_F090,2-0,C139,cluster30,yes,yes,T13,T17
C139_F091,1-2,C139,cluster30,yes,yes,T06,T19
C139_F092,2-0,C139,cluster30,yes,yes,T17,T10
C139_F093,1-0,C139,cluster30,yes,yes,T01,T21
C139_F096,0-0,C139,cluster30,yes,yes,T15,T06
C139_F097,2-3,C139,cluster30,yes,yes,T16,T08
C139_F100,0-0,C139,cluster30,yes,yes,T10,T02
C139_F102,0-2,C139,cluster30,yes,yes,T09,T21
C139_F103,4-1,C139,cluster30,yes,yes,T02,T16
C139_F104,2-0,C139,cluster30,yes,yes,T13,T08
C139_F109,1-2,C139,cluster30,yes,yes,T19,T06
C139_F111,1-0,C139,cluster30,yes,yes,T02,T10
C139_F112,0-3,C139,cluster30,yes,yes,T10,T01
C139_F113,0-0,C139,cluster30,yes,yes,T02,T08
C139_F114,2-3,C139,cluster30,yes,yes,T10,T08
C139_F115,1-4,C139,cluster30,yes,yes,T18,T08
C139_F118,3-4,C139,cluster30,yes,yes,T12,T17
C139_F119,3-1,C139,cluster30,yes,yes,T02,T11
C139_F122,0-1,C139,cluster30,yes,yes,T21,T04
C139_F125,1-0,C139,cluster30,yes,yes,T06,T05
C139_F127,0-2,C139,cluster30,yes,yes,T16,T02
C139_F128,3-0,C139,cluster30,yes,yes,T02,T09
C139_F129,1-0,C139,cluster30,yes,yes,T09,T10
C139_F130,2-1,C139,cluster30,yes,yes,T10,T12
C139_F132,3-1,C139,cluster30,yes,yes,T17,T21
C139_F133,1-1,C139,cluster30,yes,yes,T10,T04
C139_F134,2-1,C139,cluster30,yes,yes,T02,T12
C139_F135,2-4,C139,cluster30,yes,yes,T21,T15
C139_F140,2-1,C139,cluster30,yes,yes,T06,T07
C139_F141,1-1,C139,cluster30,yes,yes,T22,T05
C139_F143,1-3,C139,cluster30,yes,yes,T08,T17
C139_F147,4-0,C139,cluster30,yes,yes,T11,T08
C139_F149,1-1,C139,cluster30,yes,yes,T21,T10
C139_F150,2-1,C139,cluster30,yes,yes,T01,T05
C139_F153,3-1,C139,cluster30,yes,yes,T08,T18
C139_F155,2-4,C139,cluster30,yes,yes,T17,T20
C139_F156,2-0,C139,cluster30,yes,yes,T05,T13
C139_F157,1-1,C139,cluster30,yes,yes,T07,T06
C139_F158,2-1,C139,cluster30,yes,yes,T08,T22
C139_F159,0-3,C139,cluster30,yes,yes,T06,T15
C139_F161,1-1,C139,cluster30,yes,yes,T02,T03
C139_F163,2-1,C139,cluster30,yes,yes,T06,T12
C139_F164,2-0,C139,cluster30,yes,yes,T19,T08
C139_F166,1-2,C139,cluster30,yes,yes,T21,T06
C139_F167,1-0,C139,cluster30,yes,yes,T02,T07
C139_F169,1-1,C139,cluster30,yes,yes,T02,T06
C139_F170,1-1,C139,cluster30,yes,yes,T13,T10
C139_F172,0-0,C139,cluster30,yes,yes,T06,T16
C139_F173,2-4,C139,cluster30,yes,yes,T08,T07
C139_F174,1-0,C139,cluster30,yes,yes,T17,T03
C139_F175,0-0,C139,cluster30,yes,yes,T20,T06
C139_F176,1-1,C139,cluster30,yes,yes,T02,T01
C139_F180,4-4,C139,cluster30,yes,yes,T22,T08
C139_F181,3-1,C139,cluster30,yes,yes,T08,T03
C139_F182,0-1,C139,cluster30,yes,yes,T21,T22
C139_F184,1-1,C139,cluster30,yes,yes,T09,T05
C139_F185,2-2,C139,cluster30,yes,yes,T18,T06
C139_F186,1-1,C139,cluster30,yes,yes,T05,T10
C139_F188,0-0,C139,cluster30,yes,yes,T17,T14
C139_F189,1-0,C139,cluster30,yes,yes,T21,T13
C139_F193,1-0,C139,cluster30,yes,yes,T05,T15
C139_F194,2-1,C139,cluster30,yes,yes,T02,T14
C139_F197,1-0,C139,cluster30,yes,yes,T11,T10
C139_F198,4-3,C139,cluster30,yes,yes,T06,T08
C139_F199,0-2,C139,cluster30,yes,yes,T22,T02
C139_F203,2-0,C139,cluster30,yes,yes,T02,T19
C139_F204,1-0,C139,cluster30,yes,yes,T17,T04
C139_F205,3-3,C139,cluster30,yes,yes,T07,T08
C139_F210,0-2,C139,cluster30,yes,yes,T07,T05
C139_F211,2-1,C139,cluster30,yes,yes,T22,T10
C139_F212,2-2,C139,cluster30,yes,yes,T08,T13
C139_F215,1-3,C139,cluster30,yes,yes,T19,T10
C139_F217,2-0,C139,cluster30,yes,yes,T06,T09
C139_F220,0-2,C139,cluster30,yes,yes,T08,T06
C139_F221,0-2,C139,cluster30,yes,yes,T11,T17
C139_F224,1-2,C139,cluster30,yes,yes,T17,T06
C139_F225,2-1,C139,cluster30,yes,yes,T10,T22
C139_F228,1-1,C139,cluster30,yes,yes,T08,T09
C139_F232,2-0,C139,cluster30,yes,yes,T02,T18
C139_F233,1-2,C139,cluster30,yes,yes,T21,T16
C139_F234,1-0,C139,cluster30,yes,yes,T21,T14
C139_F235,2-0,C139,cluster30,yes,yes,T05,T12
C139_F236,0-0,C139,cluster30,yes,yes,T19,T02
C139_F239,0-0,C139,cluster30,yes,yes,T01,T02
C139_F240,1-0,C139,cluster30,yes,yes,T12,T05
C139_F244,2-1,C139,cluster30,yes,yes,T05,T06
C139_F247,4-0,C139,cluster30,yes,yes,T10,T11
C139_F250,2-0,C139,cluster30,yes,yes,T02,T13
C139_F251,0-0,C139,cluster30,yes,yes,T05,T16
C139_F252,0-2,C139,cluster30,yes,yes,T11,T06
C139_F253,1-1,C139,cluster30,yes,yes,T21,T09
C139_F255,0-2,C139,cluster30,yes,yes,T20,T21
C139_F258,0-0,C139,cluster30,yes,yes,T14,T05
C139_F261,3-1,C139,cluster30,yes,yes,T02,T21
C139_F265,0-0,C139,cluster30,yes,yes,T17,T22
C139_F266,1-2,C139,cluster30,yes,yes,T10,T15
C139_F268,2-2,C139,cluster30,yes,yes,T18,T02
C139_F271,0-0,C139,cluster30,yes,yes,T04,T06
C139_F272,0-1,C139,cluster30,yes,yes,T08,T19
C139_F274,0-0,C139,cluster30,yes,yes,T05,T09
C139_F280,1-1,C139,cluster30,yes,yes,T21,T02
C139_F281,1-1,C139,cluster30,yes,yes,T06,T13
C139_F282,0-1,C139,cluster30,yes,yes,T08,T20
C139_F285,1-0,C139,cluster30,yes,yes,T16,T05
C139_F289,0-2,C139,cluster30,yes,yes,T21,T11
C139_F293,3-0,C139,cluster30,yes,yes,T17,T02
C139_F295,1-2,C139,cluster30,yes,yes,T02,T15
C139_F298,3-2,C139,cluster30,yes,yes,T06,T10
C139_F299,1-1,C139,cluster30,yes,yes,T06,T17
C139_F300,2-5,C139,cluster30,yes,yes,T08,T05
C139_F301,0-2,C139,cluster30,yes,yes,T10,T09
C139_F305,2-3,C139,cluster30,yes,yes,T12,T10
C139_F307,2-1,C139,cluster30,yes,yes,T18,T10
C139_F308,2-0,C139,cluster30,yes,yes,T05,T08
C139_F309,2-1,C139,cluster30,yes,yes,T14,T06
C139_F311,1-0,C139,cluster30,yes,yes,T06,T21
C139_F313,1-1,C139,cluster30,yes,yes,T13,T02
C139_F314,1-2,C139,cluster30,yes,yes,T08,T15
C139_F315,4-1,C139,cluster30,yes,yes,T06,T04
C139_F316,2-2,C139,cluster30,yes,yes,T05,T11
C139_F317,2-1,C139,cluster30,yes,yes,T02,T04
C139_F319,1-0,C139,cluster30,yes,yes,T13,T21
C139_F321,4-2,C139,cluster30,yes,yes,T06,T22
C139_F322,0-0,C139,cluster30,yes,yes,T04,T02
C139_F323,2-1,C139,cluster30,yes,yes,T16,T06
C139_F325,2-0,C139,cluster30,yes,yes,T10,T05
C139_F330,1-3,C139,cluster30,yes,yes,T08,T16
C139_F331,4-0,C139,cluster30,yes,yes,T17,T09
C139_F334,2-1,C139,cluster30,yes,yes,T11,T21
C139_F335,0-0,C139,cluster30,yes,yes,T08,T10
C139_F336,3-1,C139,cluster30,yes,yes,T04,T08
C139_F338,0-1,C139,cluster30,yes,yes,T09,T17
C139_F343,2-1,C139,cluster30,yes,yes,T17,T07
C139_F345,2-0,C139,cluster30,yes,yes,T20,T17
C139_F346,0-0,C139,cluster30,yes,yes,T08,T02
C139_F347,0-1,C139,cluster30,yes,yes,T01,T08
C139_F348,3-0,C139,cluster30,yes,yes,T10,T19
C139_F349,0-2,C139,cluster30,yes,yes,T16,T21
C139_F350,1-2,C139,cluster30,yes,yes,T05,T01
C139_F351,2-0,C139,cluster30,yes,yes,T05,T14
C139_F352,1-1,C139,cluster30,yes,yes,T05,T18
C139_F354,3-2,C139,cluster30,yes,yes,T14,T08
C139_F358,0-0,C139,cluster30,yes,yes,T17,T15
C139_F359,3-1,C139,cluster30,yes,yes,T20,T10
C139_F361,2-1,C139,cluster30,yes,yes,T02,T22
C139_F362,2-0,C139,cluster30,yes,yes,T06,T18
C139_F363,2-0,C139,cluster30,yes,yes,T06,T20
C139_F364,2-0,C139,cluster30,yes,yes,T17,T05
C139_F365,1-1,C139,cluster30,yes,yes,T02,T17
C139_F366,1-1,C139,cluster30,yes,yes,T22,T21
C139_F367,1-4,C139,cluster30,yes,yes,T21,T17
C139_F368,1-1,C139,cluster30,yes,yes,T05,T22
C139_F370,1-3,C139,cluster30,yes,yes,T15,T05
C139_F371,3-0,C139,cluster30,yes,yes,T06,T14
C139_F374,2-0,C139,cluster30,yes,yes,T07,T10
C139_F376,1-0,C139,cluster30,yes,yes,T12,T06
C139_F377,2-0,C139,cluster30,yes,yes,T06,T01
C139_F381,0-3,C139,cluster30,yes,yes,T03,T17
C139_F382,2-2,C139,cluster30,yes,yes,T01,T10
C139_F383,0-1,C139,cluster30,yes,yes,T07,T02
C139_F384,1-0,C139,cluster30,yes,yes,T03,T05
C139_F385,1-0,C139,cluster30,yes,yes,T15,T08
C139_F387,1-1,C139,cluster30,yes,yes,T10,T06
C139_F388,1-0,C139,cluster30,yes,yes,T03,T21
C139_F389,0-0,C139,cluster30,yes,yes,T16,T17
C139_F391,1-0,C139,cluster30,yes,yes,T05,T17
C139_F392,0-0,C139,cluster30,yes,yes,T20,T02
C139_F393,0-1,C139,cluster30,yes,yes,T08,T14
C139_F395,2-0,C139,cluster30,yes,yes,T22,T17
C139_F397,4-2,C139,cluster30,yes,yes,T09,T06
C139_F399,0-0,C139,cluster30,yes,yes,T10,T20
C139_F400,2-0,C139,cluster30,yes,yes,T10,T07
C139_F402,2-0,C139,cluster30,yes,yes,T04,T21
C139_F404,3-2,C139,cluster30,yes,yes,T14,T10
C139_F406,0-0,C139,cluster30,yes,yes,T03,T10
C139_F407,1-2,C139,cluster30,yes,yes,T05,T04
C139_F410,0-0,C139,cluster30,yes,yes,T10,T03
C139_F415,3-0,C139,cluster30,yes,yes,T16,T10
C139_F417,0-0,C139,cluster30,yes,yes,T14,T21
C139_F419,3-1,C139,cluster30,yes,yes,T21,T18
C139_F420,0-1,C139,cluster30,yes,yes,T04,T17
C139_F423,2-2,C139,cluster30,yes,yes,T05,T21
C139_F425,2-0,C139,cluster30,yes,yes,T11,T05
C139_F428,0-1,C139,cluster30,yes,yes,T21,T01
C139_F429,0-1,C139,cluster30,yes,yes,T05,T02
C139_F430,3-2,C139,cluster30,yes,yes,T18,T21
C139_F431,1-2,C139,cluster30,yes,yes,T09,T02
C139_F433,0-0,C139,cluster30,yes,yes,T17,T18
C139_F434,2-0,C139,cluster30,yes,yes,T03,T08
C139_F435,2-1,C139,cluster30,yes,yes,T01,T17
C139_F437,1-1,C139,cluster30,yes,yes,T06,T02
C139_F438,2-1,C139,cluster30,yes,yes,T10,T21
C139_F439,0-2,C139,cluster30,yes,yes,T10,T17
C139_F440,2-1,C139,cluster30,yes,yes,T19,T17
C139_F441,1-3,C139,cluster30,yes,yes,T10,T16
C139_F443,1-3,C139,cluster30,yes,yes,T17,T11
C139_F447,1-2,C139,cluster30,yes,yes,T01,T06
C139_F448,2-0,C139,cluster30,yes,yes,T20,T05
C139_F449,2-1,C139,cluster30,yes,yes,T17,T13
C139_F450,2-1,C139,cluster30,yes,yes,T17,T01
C139_F451,2-3,C139,cluster30,yes,yes,T07,T21
C139_F452,0-2,C139,cluster30,yes,yes,T19,T21
C139_F453,2-1,C139,cluster30,yes,yes,T13,T06
C139_F455,1-2,C139,cluster30,yes,yes,T21,T05
C139_F456,0-0,C139,cluster30,yes,yes,T18,T17
C139_F457,2-1,C139,cluster30,yes,yes,T19,T05
C139_F459,3-1,C139,cluster30,yes,yes,T10,T18
C139_F461,0-1,C139,cluster30,yes,yes,T17,T12
C139_F462,2-4,C139,cluster30,yes,yes,T03,T06
C153_F001,2-2,C153,cluster30,yes,yes,T10,T04
C153_F005,4-1,C153,cluster30,yes,yes,T14,T06
C153_F009,2-1,C153,cluster30,yes,yes,T13,T11
C153_F010,0-1,C153,cluster30,yes,yes,T18,T17
C153_F011,0-1,C153,cluster30,yes,yes,T01,T10
C153_F017,2-1,C153,cluster30,yes,yes,T04,T09
C153_F018,0-1,C153,cluster30,yes,yes,T03,T13
C153_F019,0-1,C153,cluster30,yes,yes,T13,T14
C153_F022,2-1,C153,cluster30,yes,yes,T13,T09
C153_F023,1-2,C153,cluster30,yes,yes,T16,T17
C153_F025,2-0,C153,cluster30,yes,yes,T19,T10
C153_F026,1-0,C153,cluster30,yes,yes,T10,T01
C153_F028,4-5,C153,cluster30,yes,yes,T08,T03
C153_F030,3-0,C153,cluster30,yes,yes,T17,T03
C153_F032,0-1,C153,cluster30,yes,yes,T10,T20
C153_F034,0-1,C153,cluster30,yes,yes,T13,T15
C153_F035,1-1,C153,cluster30,yes,yes,T09,T10
C153_F036,1-1,C153,cluster30,yes,yes,T03,T10
C153_F037,4-0,C153,cluster30,yes,yes,T17,T18
C153_F038,3-2,C153,cluster30,yes,yes,T04,T08
C153_F039,0-0,C153,cluster30,yes,yes,T10,T07
C153_F043,2-0,C153,cluster30,yes,yes,T08,T06
C153_F045,0-1,C153,cluster30,yes,yes,T04,T16
C153_F046,1-1,C153,cluster30,yes,yes,T15,T17
C153_F047,0-2,C153,cluster30,yes,yes,T06,T09
C153_F049,6-1,C153,cluster30,yes,yes,T08,T01
C153_F056,2-2,C153,cluster30,yes,yes,T17,T07
C153_F057,2-0,C153,cluster30,yes,yes,T20,T13
C153_F058,1-0,C153,cluster30,yes,yes,T17,T06
C153_F059,0-1,C153,cluster30,yes,yes,T13,T08
C153_F061,1-3,C153,cluster30,yes,yes,T16,T08
C153_F062,1-1,C153,cluster30,yes,yes,T07,T17
C153_F065,0-0,C153,cluster30,yes,yes,T09,T06
C153_F066,1-2,C153,cluster30,yes,yes,T17,T08
C153_F067,1-0,C153,cluster30,yes,yes,T17,T10
C153_F070,2-1,C153,cluster30,yes,yes,T13,T19
C153_F071,0-1,C153,cluster30,yes,yes,T08,T12
C153_F072,3-0,C153,cluster30,yes,yes,T12,T17
C153_F075,2-1,C153,cluster30,yes,yes,T12,T10
C153_F076,3-1,C153,cluster30,yes,yes,T12,T08
C153_F080,2-0,C153,cluster30,yes,yes,T10,T15
C153_F082,0-1,C153,cluster30,yes,yes,T06,T19
C153_F083,2-0,C153,cluster30,yes,yes,T13,T01
C153_F085,1-1,C153,cluster30,yes,yes,T15,T08
C153_F089,2-0,C153,cluster30,yes,yes,T11,T06
C153_F090,1-1,C153,cluster30,yes,yes,T07,T10
C153_F094,1-0,C153,cluster30,yes,yes,T19,T04
C153_F097,0-3,C153,cluster30,yes,yes,T04,T14
C153_F098,0-0,C153,cluster30,yes,yes,T20,T08
C153_F104,1-1,C153,cluster30,yes,yes,T19,T06
C153_F105,1-0,C153,cluster30,yes,yes,T06,T05
C153_F106,3-0,C153,cluster30,yes,yes,T08,T04
C153_F108,1-0,C153,cluster30,yes,yes,T16,T06
C153_F109,4-1,C153,cluster30,yes,yes,T14,T13
C153_F110,0-0,C153,cluster30,yes,yes,T02,T13
C153_F111,0-0,C153,cluster30,yes,yes,T06,T20
C153_F112,3-2,C153,cluster30,yes,yes,T12,T13
C153_F114,1-2,C153,cluster30,yes,yes,T10,T11
C153_F115,1-0,C153,cluster30,yes,yes,T06,T16
C153_F118,2-0,C153,cluster30,yes,yes,T05,T13
C153_F119,0-1,C153,cluster30,yes,yes,T03,T04
C153_F120,3-0,C153,cluster30,yes,yes,T04,T03
C153_F127,3-1,C153,cluster30,yes,yes,T13,T04
C153_F132,1-2,C153,cluster30,yes,yes,T06,T12
C153_F134,2-0,C153,cluster30,yes,yes,T20,T04
C153_F135,1-1,C153,cluster30,yes,yes,T07,T04
C153_F136,2-0,C153,cluster30,yes,yes,T08,T15
C153_F137,1-1,C153,cluster30,yes,yes,T06,T18
C153_F142,2-0,C153,cluster30,yes,yes,T14,T17
C153_F143,2-1,C153,cluster30,yes,yes,T06,T04
C153_F144,2-0,C153,cluster30,yes,yes,T11,T04
C153_F145,3-2,C153,cluster30,yes,yes,T13,T07
C153_F146,1-2,C153,cluster30,yes,yes,T08,T14
C153_F147,2-0,C153,cluster30,yes,yes,T04,T01
C153_F148,1-0,C153,cluster30,yes,yes,T08,T18
C153_F150,5-1,C153,cluster30,yes,yes,T17,T04
C153_F152,1-0,C153,cluster30,yes,yes,T04,T19
C153_F153,0-1,C153,cluster30,yes,yes,T13,T17
C153_F156,0-0,C153,cluster30,yes,yes,T08,T20
C153_F157,1-2,C153,cluster30,yes,yes,T06,T10
C153_F158,0-0,C153,cluster30,yes,yes,T05,T08
C153_F160,4-1,C153,cluster30,yes,yes,T02,T10
C153_F161,3-0,C153,cluster30,yes,yes,T08,T13
C153_F163,1-4,C153,cluster30,yes,yes,T06,T08
C153_F165,0-0,C153,cluster30,yes,yes,T07,T06
C153_F166,1-1,C153,cluster30,yes,yes,T01,T08
C153_F168,0-1,C153,cluster30,yes,yes,T10,T12
C153_F169,2-1,C153,cluster30,yes,yes,T18,T08
C153_F170,3-3,C153,cluster30,yes,yes,T08,T10
C153_F171,2-1,C153,cluster30,yes,yes,T16,T13
C153_F172,4-0,C153,cluster30,yes,yes,T05,T10
C153_F173,0-0,C153,cluster30,yes,yes,T06,T01
C153_F174,0-0,C153,cluster30,yes,yes,T06,T03
C153_F175,1-1,C153,cluster30,yes,yes,T13,T02
C153_F179,2-2,C153,cluster30,yes,yes,T01,T06
C153_F181,3-0,C153,cluster30,yes,yes,T17,T05
C153_F182,2-0,C153,cluster30,yes,yes,T18,T04
C153_F185,0-1,C153,cluster30,yes,yes,T10,T08
C153_F187,1-2,C153,cluster30,yes,yes,T10,T17
C153_F188,2-1,C153,cluster30,yes,yes,T04,T02
C153_F190,0-0,C153,cluster30,yes,yes,T13,T10
C153_F191,4-0,C153,cluster30,yes,yes,T17,T14
C153_F195,2-1,C153,cluster30,yes,yes,T08,T02
C153_F196,0-0,C153,cluster30,yes,yes,T02,T06
C153_F197,1-0,C153,cluster30,yes,yes,T17,T02
C153_F200,0-2,C153,cluster30,yes,yes,T11,T17
C153_F201,1-0,C153,cluster30,yes,yes,T18,T13
C153_F204,2-1,C153,cluster30,yes,yes,T04,T15
C153_F206,0-1,C153,cluster30,yes,yes,T10,T14
C153_F208,6-2,C153,cluster30,yes,yes,T17,T19
C153_F209,1-1,C153,cluster30,yes,yes,T17,T11
C153_F210,4-1,C153,cluster30,yes,yes,T09,T04
C153_F211,1-1,C153,cluster30,yes,yes,T08,T17
C153_F212,1-0,C153,cluster30,yes,yes,T13,T16
C153_F213,1-2,C153,cluster30,yes,yes,T13,T05
C153_F214,2-0,C153,cluster30,yes,yes,T02,T17
C153_F215,0-2,C153,cluster30,yes,yes,T06,T17
C153_F222,3-1,C153,cluster30,yes,yes,T15,T06
C153_F223,3-0,C153,cluster30,yes,yes,T10,T19
C153_F224,1-1,C153,cluster30,yes,yes,T06,T15
C153_F225,2-0,C153,cluster30,yes,yes,T14,T10
C153_F227,0-1,C153,cluster30,yes,yes,T13,T03
C153_F231,2-0,C153,cluster30,yes,yes,T09,T08
C153_F233,1-1,C153,cluster30,yes,yes,T16,T10
C153_F234,3-2,C153,cluster30,yes,yes,T15,T13
C153_F236,1-4,C153,cluster30,yes,yes,T11,T08
C153_F237,1-0,C153,cluster30,yes,yes,T13,T20
C153_F239,0-0,C153,cluster30,yes,yes,T19,T08
C153_F242,0-2,C153,cluster30,yes,yes,T11,T10
C153_F246,2-0,C153,cluster30,yes,yes,T17,T01
C153_F248,2-1,C153,cluster30,yes,yes,T18,T06
C153_F252,1-1,C153,cluster30,yes,yes,T17,T20
C153_F253,1-1,C153,cluster30,yes,yes,T10,T03
C153_F256,1-0,C153,cluster30,yes,yes,T06,T02
C153_F257,1-2,C153,cluster30,yes,yes,T04,T05
C153_F258,3-1,C153,cluster30,yes,yes,T04,T10
C153_F259,1-1,C153,cluster30,yes,yes,T10,T06
C153_F260,1-1,C153,cluster30,yes,yes,T05,T06
C153_F262,0-1,C153,cluster30,yes,yes,T08,T07
C153_F263,1-3,C153,cluster30,yes,yes,T17,T12
C153_F266,2-2,C153,cluster30,yes,yes,T04,T12
C153_F268,6-1,C153,cluster30,yes,yes,T14,T04
C153_F269,1-0,C153,cluster30,yes,yes,T17,T15
C153_F270,6-1,C153,cluster30,yes,yes,T12,T04
C153_F271,1-1,C153,cluster30,yes,yes,T17,T16
C153_F272,1-0,C153,cluster30,yes,yes,T04,T13
C153_F273,2-1,C153,cluster30,yes,yes,T08,T19
C153_F275,1-0,C153,cluster30,yes,yes,T17,T09
C153_F277,0-0,C153,cluster30,yes,yes,T04,T11
C153_F279,2-1,C153,cluster30,yes,yes,T08,T16
C153_F280,0-0,C153,cluster30,yes,yes,T06,T11
C153_F283,1-1,C153,cluster30,yes,yes,T16,T04
C153_F284,2-0,C153,cluster30,yes,yes,T06,T14
C153_F285,3-1,C153,cluster30,yes,yes,T12,T06
C153_F286,1-0,C153,cluster30,yes,yes,T04,T06
C153_F288,2-0,C153,cluster30,yes,yes,T11,T13
C153_F289,0-1,C153,cluster30,yes,yes,T05,T04
C153_F293,1-0,C153,cluster30,yes,yes,T08,T11
C153_F295,0-1,C153,cluster30,yes,yes,T10,T13
C153_F297,1-0,C153,cluster30,yes,yes,T07,T08
C153_F299,1-2,C153,cluster30,yes,yes,T04,T18
C153_F303,0-3,C153,cluster30,yes,yes,T14,T08
C153_F305,0-0,C153,cluster30,yes,yes,T01,T04
C153_F306,1-2,C153,cluster30,yes,yes,T04,T17
C153_F307,1-0,C153,cluster30,yes,yes,T09,T13
C153_F312,1-0,C153,cluster30,yes,yes,T15,T10
C153_F314,0-2,C153,cluster30,yes,yes,T13,T06
C153_F315,1-1,C153,cluster30,yes,yes,T20,T17
C153_F318,1-2,C153,cluster30,yes,yes,T15,T04
C153_F322,0-3,C153,cluster30,yes,yes,T10,T05
C153_F326,1-3,C153,cluster30,yes,yes,T10,T18
C153_F327,1-2,C153,cluster30,yes,yes,T01,T17
C153_F328,4-1,C153,cluster30,yes,yes,T03,T06
C153_F330,0-0,C153,cluster30,yes,yes,T06,T13
C153_F331,1-1,C153,cluster30,yes,yes,T10,T09
C153_F332,1-1,C153,cluster30,yes,yes,T09,T17
C153_F333,1-0,C153,cluster30,yes,yes,T20,T10
C153_F334,1-0,C153,cluster30,yes,yes,T10,T02
C153_F338,2-1,C153,cluster30,yes,yes,T03,T08
C153_F340,2-1,C153,cluster30,yes,yes,T08,T09
C153_F341,1-1,C153,cluster30,yes,yes,T05,T17
C153_F342,0-2,C153,cluster30,yes,yes,T01,T13
C153_F343,2-1,C153,cluster30,yes,yes,T02,T08
C153_F344,0-1,C153,cluster30,yes,yes,T02,T04
C153_F345,0-1,C153,cluster30,yes,yes,T13,T12
C153_F346,2-0,C153,cluster30,yes,yes,T18,T10
C153_F348,2-2,C153,cluster30,yes,yes,T04,T20
C153_F349,1-0,C153,cluster30,yes,yes,T13,T18
C153_F357,1-2,C153,cluster30,yes,yes,T19,T13
C153_F359,1-2,C153,cluster30,yes,yes,T10,T16
C153_F365,3-0,C153,cluster30,yes,yes,T08,T05
C153_F366,1-1,C153,cluster30,yes,yes,T19,T17
C153_F367,1-2,C153,cluster30,yes,yes,T20,T06
C153_F370,1-1,C153,cluster30,yes,yes,T06,T07
C153_F375,1-0,C153,cluster30,yes,yes,T17,T13
C153_F376,2-0,C153,cluster30,yes,yes,T07,T13
C153_F379,4-3,C153,cluster30,yes,yes,T04,T07
C153_F380,1-0,C153,cluster30,yes,yes,T03,T17
C156_F002,2-1,C156,cluster20,no,no,T05,T01
C156_F008,2-1,C156,cluster20,no,no,T09,T05
C156_F009,0-3,C156,cluster20,no,no,T05,T09
C156_F011,1-1,C156,cluster20,no,no,T05,T04
C156_F014,3-3,C156,cluster20,no,no,T09,T10
C156_F020,2-2,C156,cluster20,no,no,T09,T03
C156_F028,1-0,C156,cluster20,no,no,T09,T04
C156_F029,2-0,C156,cluster20,no,no,T05,T12
C156_F030,1-3,C156,cluster20,no,no,T09,T08
C156_F032,0-2,C156,cluster20,no,no,T02,T05
C156_F036,2-2,C156,cluster20,no,no,T04,T09
C156_F039,0-3,C156,cluster20,no,no,T09,T11
C156_F041,1-4,C156,cluster20,no,no,T11,T09
C156_F042,2-2,C156,cluster20,no,no,T10,T05
C156_F044,5-0,C156,cluster20,no,no,T09,T01
C156_F045,3-1,C156,cluster20,no,no,T09,T12
C156_F048,2-1,C156,cluster20,no,no,T03,T09
C156_F056,1-1,C156,cluster20,no,no,T03,T05
C156_F061,1-1,C156,cluster20,no,no,T05,T11
C156_F064,3-0,C156,cluster20,no,no,T09,T02
C156_F069,1-1,C156,cluster20,no,no,T05,T10
C156_F070,4-3,C156,cluster20,no,no,T05,T02
C156_F071,2-1,C156,cluster20,no,no,T05,T08
C156_F076,3-3,C156,cluster20,no,no,T05,T06
C156_F080,4-1,C156,cluster20,no,no,T08,T09
C156_F081,2-1,C156,cluster20,no,no,T11,T05
C156_F086,3-0,C156,cluster20,no,no,T07,T05
C156_F092,2-2,C156,cluster20,no,no,T09,T07
C156_F093,0-4,C156,cluster20,no,no,T12,T05
C156_F096,4-0,C156,cluster20,no,no,T06,T05
C156_F097,2-2,C156,cluster20,no,no,T01,T09
C156_F099,0-0,C156,cluster20,no,no,T05,T03
C156_F102,0-1,C156,cluster20,no,no,T01,T05
C156_F103,0-3,C156,cluster20,no,no,T07,T09
C156_F104,1-3,C156,cluster20,no,no,T10,T09
C156_F116,1-1,C156,cluster20,no,no,T04,T05
C156_F118,1-1,C156,cluster20,no,no,T05,T07
C156_F120,3-1,C156,cluster20,no,no,T08,T05
C156_F122,1-1,C156,cluster20,no,no,T09,T06
C156_F124,1-1,C156,cluster20,no,no,T06,T09
C156_F131,3-2,C156,cluster20,no,no,T02,T09
C156_F132,0-1,C156,cluster20,no,no,T12,T09
C159_F001,2-1,C159,cluster20,no,yes,T02,T03
C159_F003,1-2,C159,cluster20,no,yes,T10,T03
C159_F008,4-1,C159,cluster20,no,yes,T04,T03
C159_F010,2-2,C159,cluster20,no,yes,T02,T10
C159_F015,2-2,C159,cluster20,no,yes,T08,T03
C159_F016,0-1,C159,cluster20,no,yes,T01,T10
C159_F017,3-3,C159,cluster20,no,yes,T10,T07
C159_F018,4-1,C159,cluster20,no,yes,T05,T03
C159_F019,0-3,C159,cluster20,no,yes,T10,T03
C159_F020,0-0,C159,cluster20,no,yes,T03,T01
C159_F022,2-0,C159,cluster20,no,yes,T02,T03
C159_F026,0-3,C159,cluster20,no,yes,T08,T03
C159_F029,5-0,C159,cluster20,no,yes,T09,T03
C159_F031,3-3,C159,cluster20,no,yes,T01,T03
C159_F032,3-1,C159,cluster20,no,yes,T06,T10
C159_F035,2-1,C159,cluster20,no,yes,T04,T10
C159_F040,1-1,C159,cluster20,no,yes,T05,T10
C159_F041,1-1,C159,cluster20,no,yes,T10,T01
C159_F042,2-2,C159,cluster20,no,yes,T03,T09
C159_F046,5-1,C159,cluster20,no,yes,T07,T10
C159_F053,0-1,C159,cluster20,no,yes,T10,T04
C159_F056,3-0,C159,cluster20,no,yes,T10,T09
C159_F058,2-0,C159,cluster20,no,yes,T06,T03
C159_F059,2-0,C159,cluster20,no,yes,T03,T10
C159_F061,2-2,C159,cluster20,no,yes,T10,T08
C159_F063,1-0,C159,cluster20,no,yes,T08,T10
C159_F066,2-1,C159,cluster20,no,yes,T10,T02
C159_F075,3-0,C159,cluster20,no,yes,T03,T05
C159_F078,4-0,C159,cluster20,no,yes,T04,T10
C159_F081,2-2,C159,cluster20,no,yes,T06,T10
C159_F084,0-1,C159,cluster20,no,yes,T06,T03
C159_F085,0-2,C159,cluster20,no,yes,T10,T05
C159_F088,5-0,C159,cluster20,no,yes,T09,T10
C159_F093,3-0,C159,cluster20,no,yes,T02,T10
C159_F095,1-2,C159,cluster20,no,yes,T03,T07
C159_F097,1-2,C159,cluster20,no,yes,T03,T10
C159_F099,2-0,C159,cluster20,no,yes,T03,T02
C159_F102,2-0,C159,cluster20,no,yes,T10,T02
C159_F103,0-0,C159,cluster20,no,yes,T09,T10
C159_F107,1-3,C159,cluster20,no,yes,T05,T10
C159_F110,5-3,C159,cluster20,no,yes,T09,T03
C159_F111,1-0,C159,cluster20,no,yes,T05,T03
C159_F115,2-3,C159,cluster20,no,yes,T01,T03
C159_F116,4-0,C159,cluster20,no,yes,T03,T08
C159_F120,2-1,C159,cluster20,no,yes,T07,T03
C159_F121,3-0,C159,cluster20,no,yes,T10,T06
C159_F122,4-1,C159,cluster20,no,yes,T03,T07
C159_F125,4-2,C159,cluster20,no,yes,T07,T03
C159_F126,0-4,C159,cluster20,no,yes,T10,T09
C159_F127,3-0,C159,cluster20,no,yes,T04,T03
C159_F128,1-4,C159,cluster20,no,yes,T03,T06
C159_F129,2-2,C159,cluster20,no,yes,T01,T10
C159_F130,3-1,C159,cluster20,no,yes,T03,T08
C159_F132,0-2,C159,cluster20,no,yes,T10,T05
C159_F139,2-0,C159,cluster20,no,yes,T10,T01
C159_F142,4-1,C159,cluster20,no,yes,T10,T04
C159_F143,0-1,C159,cluster20,no,yes,T03,T04
C159_F145,1-1,C159,cluster20,no,yes,T03,T09
C159_F148,1-1,C159,cluster20,no,yes,T03,T06
C159_F149,2-0,C159,cluster20,no,yes,T03,T02
C159_F151,3-2,C159,cluster20,no,yes,T03,T04
C159_F153,1-1,C159,cluster20,no,yes,T10,T07
C159_F155,1-2,C159,cluster20,no,yes,T10,T08
C159_F156,2-1,C159,cluster20,no,yes,T10,T06
C159_F159,1-1,C159,cluster20,no,yes,T03,T01
C159_F169,3-2,C159,cluster20,no,yes,T07,T10
C159_F171,1-2,C159,cluster20,no,yes,T08,T10
C159_F177,3-1,C159,cluster20,no,yes,T03,T05
C170_F003,1-1,C170,scatter40,no,yes,T07,T10
C170_F004,2-3,C170,scatter40,no,yes,T10,T07
C170_F007,4-0,C170,scatter40,no,yes,T04,T08
C170_F012,2-2,C170,scatter40,no,yes,T10,T03
C170_F019,0-1,C170,scatter40,no,yes,T02,T08
C170_F022,0-0,C170,scatter40,no,yes,T05,T03
C170_F027,2-0,C170,scatter40,no,yes,T08,T06
C170_F028,1-1,C170,scatter40,no,yes,T04,T05
C170_F034,0-1,C170,scatter40,no,yes,T01,T09
C170_F035,2-1,C170,scatter40,no,yes,T07,T08
C170_F037,2-0,C170,scatter40,no,yes,T07,T08
C170_F038,3-2,C170,scatter40,no,yes,T05,T08
C170_F043,1-0,C170,scatter40,no,yes,T05,T02
C170_F045,0-0,C170,scatter40,no,yes,T01,T05
C170_F046,0-2,C170,scatter40,no,yes,T02,T01
C170_F050,1-4,C170,scatter40,no,yes,T02,T09
C170_F052,1-2,C170,scatter40,no,yes,T10,T09
C170_F053,3-1,C170,scatter40,no,yes,T10,T01
C170_F054,2-3,C170,scatter40,no,yes,T05,T07
C170_F056,0-1,C170,scatter40,no,yes,T09,T04
C170_F057,2-2,C170,scatter40,no,yes,T06,T03
C170_F058,0-0,C170,scatter40,no,yes,T03,T09
C170_F062,0-0,C170,scatter40,no,yes,T08,T10
C170_F064,1-2,C170,scatter40,no,yes,T09,T07
C170_F066,0-1,C170,scatter40,no,yes,T02,T04
C170_F067,6-0,C170,scatter40,no,yes,T07,T03
C170_F068,2-2,C170,scatter40,no,yes,T02,T09
C170_F070,1-2,C170,scatter40,no,yes,T09,T07
C170_F071,1-1,C170,scatter40,no,yes,T06,T08
C170_F074,1-1,C170,scatter40,no,yes,T01,T10
C170_F079,2-1,C170,scatter40,no,yes,T04,T10
C170_F081,3-0,C170,scatter40,no,yes,T07,T01
C170_F082,1-0,C170,scatter40,no,yes,T10,T06
C170_F092,0-2,C170,scatter40,no,yes,T08,T09
C170_F095,1-2,C170,scatter40,no,yes,T06,T02
C170_F098,0-0,C170,scatter40,no,yes,T10,T05
C170_F099,0-1,C170,scatter40,no,yes,T10,T04
C170_F100,3-2,C170,scatter40,no,yes,T04,T01
C170_F102,1-0,C170,scatter40,no,yes,T08,T01
C170_F105,2-1,C170,scatter40,no,yes,T09,T04
C170_F106,3-0,C170,scatter40,no,yes,T10,T06
C170_F107,0-1,C170,scatter40,no,yes,T09,T10
C170_F112,2-2,C170,scatter40,no,yes,T08,T04
C170_F113,0-1,C170,scatter40,no,yes,T09,T01
C170_F116,4-3,C170,scatter40,no,yes,T09,T08
C170_F119,0-2,C170,scatter40,no,yes,T03,T06
C170_F121,2-1,C170,scatter40,no,yes,T06,T05
C170_F124,3-3,C170,scatter40,no,yes,T10,T08
C170_F125,0-1,C170,scatter40,no,yes,T04,T07
C170_F127,1-1,C170,scatter40,no,yes,T03,T02
C170_F129,1-0,C170,scatter40,no,yes,T02,T03
C170_F130,3-0,C170,scatter40,no,yes,T08,T06
C170_F138,4-0,C170,scatter40,no,yes,T04,T05
C170_F139,0-0,C170,scatter40,no,yes,T09,T03
C170_F141,1-1,C170,scatter40,no,yes,T09,T06
C170_F144,6-2,C170,scatter40,no,yes,T01,T06
C170_F145,2-2,C170,scatter40,no,yes,T05,T08
C170_F146,0-1,C170,scatter40,no,yes,T08,T04
C170_F147,0-1,C170,scatter40,no,yes,T02,T05
C170_F148,6-2,C170,scatter40,no,yes,T10,T04
C170_F149,1-4,C170,scatter40,no,yes,T06,T09
C170_F157,1-0,C170,scatter40,no,yes,T02,T10
C170_F159,1-1,C170,scatter40,no,yes,T01,T09
C170_F160,1-2,C170,scatter40,no,yes,T01,T06
C170_F161,0-0,C170,scatter40,no,yes,T01,T02
C170_F164,3-1,C170,scatter40,no,yes,T02,T06
C170_F168,1-1,C170,scatter40,no,yes,T01,T04
C170_F169,0-3,C170,scatter40,no,yes,T03,T06
C170_F173,1-1,C170,scatter40,no,yes,T03,T04
C170_F176,4-1,C170,scatter40,no,yes,T05,T06
C170_F177,2-1,C170,scatter40,no,yes,T05,T10
C170_F179,1-0,C170,scatter40,no,yes,T03,T10
C171_F001,1-1,C171,cluster30,yes,no,T13,T09
C171_F003,0-0,C171,cluster30,yes,no,T13,T01
C171_F005,1-0,C171,cluster30,yes,no,T06,T03
C171_F006,2-4,C171,cluster30,yes,no,T01,T08
C171_F007,0-1,C171,cluster30,yes,no,T12,T13
C171_F008,0-2,C171,cluster30,yes,no,T01,T10
C171_F009,1-0,C171,cluster30,yes,no,T13,T05
C171_F010,3-1,C171,cluster30,yes,no,T01,T16
C171_F012,1-0,C171,cluster30,yes,no,T13,T04
C171_F014,3-2,C171,cluster30,yes,no,T09,T01
C171_F017,2-3,C171,cluster30,yes,no,T06,T05
C171_F018,8-0,C171,cluster30,yes,no,T12,T08
C171_F019,2-2,C171,cluster30,yes,no,T12,T11
C171_F025,3-0,C171,cluster30,yes,no,T12,T02
C171_F031,1-1,C171,cluster30,yes,no,T10,T13
C171_F032,1-0,C171,cluster30,yes,no,T06,T11
C171_F034,4-4,C171,cluster30,yes,no,T12,T15
C171_F035,2-1,C171,cluster30,yes,no,T12,T09
C171_F039,2-2,C171,cluster30,yes,no,T02,T13
C171_F040,2-0,C171,cluster30,yes,no,T12,T04
C171_F043,0-1,C171,cluster30,yes,no,T06,T02
C171_F046,0-5,C171,cluster30,yes,no,T16,T04
C171_F048,0-0,C171,cluster30,yes,no,T04,T01
C171_F050,1-3,C171,cluster30,yes,no,T16,T12
C171_F052,3-1,C171,cluster30,yes,no,T09,T16
C171_F053,0-2,C171,cluster30,yes,no,T06,T07
C171_F055,5-0,C171,cluster30,yes,no,T14,T13
C171_F056,1-1,C171,cluster30,yes,no,T06,T16
C171_F058,2-0,C171,cluster30,yes,no,T11,T12
C171_F059,1-2,C171,cluster30,yes,no,T08,T06
C171_F064,2-3,C171,cluster30,yes,no,T09,T06
C171_F068,3-2,C171,cluster30,yes,no,T06,T08
C171_F069,1-2,C171,cluster30,yes,no,T01,T04
C171_F074,0-3,C171,cluster30,yes,no,T16,T08
C171_F079,3-0,C171,cluster30,yes,no,T10,T06
C171_F080,1-2,C171,cluster30,yes,no,T05,T12
C171_F081,5-1,C171,cluster30,yes,no,T10,T01
C171_F082,2-0,C171,cluster30,yes,no,T16,T13
C171_F083,0-0,C171,cluster30,yes,no,T14,T12
C171_F084,0-2,C171,cluster30,yes,no,T12,T16
C171_F086,1-0,C171,cluster30,yes,no,T12,T05
C171_F088,1-4,C171,cluster30,yes,no,T12,T10
C171_F089,0-1,C171,cluster30,yes,no,T03,T12
C171_F091,1-0,C171,cluster30,yes,no,T16,T14
C171_F092,3-1,C171,cluster30,yes,no,T14,T06
C171_F094,1-0,C171,cluster30,yes,no,T06,T10
C171_F095,2-1,C171,cluster30,yes,no,T05,T01
C171_F098,1-2,C171,cluster30,yes,no,T12,T01
C171_F099,0-1,C171,cluster30,yes,no,T07,T16
C171_F101,2-1,C171,cluster30,yes,no,T16,T06
C171_F102,1-1,C171,cluster30,yes,no,T10,T16
C171_F103,2-4,C171,cluster30,yes,no,T01,T13
C171_F104,1-1,C171,cluster30,yes,no,T04,T06
C171_F106,1-1,C171,cluster30,yes,no,T16,T01
C171_F107,0-2,C171,cluster30,yes,no,T02,T12
C171_F108,1-2,C171,cluster30,yes,no,T11,T01
C171_F109,0-1,C171,cluster30,yes,no,T13,T08
C171_F110,1-0,C171,cluster30,yes,no,T05,T06
C171_F112,0-2,C171,cluster30,yes,no,T01,T07
C171_F113,1-0,C171,cluster30,yes,no,T10,T12
C171_F115,1-1,C171,cluster30,yes,no,T01,T11
C171_F116,3-0,C171,cluster30,yes,no,T07,T01
C171_F120,2-0,C171,cluster30,yes,no,T03,T13
C171_F124,1-0,C171,cluster30,yes,no,T04,T12
C171_F125,2-1,C171,cluster30,yes,no,T05,T16
C171_F126,1-2,C171,cluster30,yes,no,T06,T15
C171_F127,4-0,C171,cluster30,yes,no,T16,T11
C171_F128,1-1,C171,cluster30,yes,no,T13,T06
C171_F129,1-2,C171,cluster30,yes,no,T12,T07
C171_F130,2-0,C171,cluster30,yes,no,T13,T15
C171_F132,3-1,C171,cluster30,yes,no,T13,T14
C171_F133,1-1,C171,cluster30,yes,no,T01,T15
C171_F134,1-2,C171,cluster30,yes,no,T13,T10
C171_F135,3-1,C171,cluster30,yes,no,T04,T13
C171_F139,3-2,C171,cluster30,yes,no,T12,T03
C171_F141,3-1,C171,cluster30,yes,no,T15,T13
C171_F142,1-4,C171,cluster30,yes,no,T07,T12
C171_F144,3-2,C171,cluster30,yes,no,T15,T06
C171_F146,0-3,C171,cluster30,yes,no,T16,T07
C171_F150,1-4,C171,cluster30,yes,no,T03,T01
C171_F151,1-1,C171,cluster30,yes,no,T16,T10
C171_F152,2-2,C171,cluster30,yes,no,T05,T13
C171_F153,2-0,C171,cluster30,yes,no,T14,T16
C171_F154,1-2,C171,cluster30,yes,no,T06,T09
C171_F156,1-1,C171,cluster30,yes,no,T01,T06
C171_F157,2-3,C171,cluster30,yes,no,T15,T12
C171_F160,5-1,C171,cluster30,yes,no,T07,T13
C171_F161,2-3,C171,cluster30,yes,no,T16,T05
C171_F164,2-1,C171,cluster30,yes,no,T13,T11
C171_F168,0-3,C171,cluster30,yes,no,T04,T16
C171_F170,2-3,C171,cluster30,yes,no,T06,T12
C171_F171,2-5,C171,cluster30,yes,no,T06,T14
C171_F172,4-0,C171,cluster30,yes,no,T01,T02
C171_F175,2-1,C171,cluster30,yes,no,T16,T09
C171_F176,1-2,C171,cluster30,yes,no,T06,T13
C171_F178,0-1,C171,cluster30,yes,no,T12,T06
C171_F179,3-0,C171,cluster30,yes,no,T13,T07
C171_F180,2-3,C171,cluster30,yes,no,T11,T06
C171_F182,0-3,C171,cluster30,yes,no,T08,T12
C171_F184,2-3,C171,cluster30,yes,no,T01,T12
C171_F188,0-0,C171,cluster30,yes,no,T08,T01
C171_F189,3-3,C171,cluster30,yes,no,T11,T16
C171_F190,1-1,C171,cluster30,yes,no,T03,T16
C171_F191,1-3,C171,cluster30,yes,no,T16,T02
C171_F192,0-1,C171,cluster30,yes,no,T15,T16
C171_F194,1-3,C171,cluster30,yes,no,T16,T15
C171_F196,0-3,C171,cluster30,yes,no,T08,T16
C171_F197,0-3,C171,cluster30,yes,no,T06,T04
C171_F203,1-1,C171,cluster30,yes,no,T06,T01
C171_F204,1-3,C171,cluster30,yes,no,T08,T13
C171_F206,1-1,C171,cluster30,yes,no,T02,T06
C171_F207,0-1,C171,cluster30,yes,no,T13,T02
C171_F209,1-4,C171,cluster30,yes,no,T11,T13
C171_F210,0-2,C171,cluster30,yes,no,T09,T12
C171_F211,1-0,C171,cluster30,yes,no,T12,T14
C171_F212,0-3,C171,cluster30,yes,no,T15,T01
C171_F213,1-2,C171,cluster30,yes,no,T01,T03
C171_F215,3-1,C171,cluster30,yes,no,T02,T16
C171_F216,3-0,C171,cluster30,yes,no,T09,T13
C171_F217,2-1,C171,cluster30,yes,no,T01,T05
C171_F220,1-1,C171,cluster30,yes,no,T13,T12
C171_F222,0-1,C171,cluster30,yes,no,T02,T01
C171_F224,5-0,C171,cluster30,yes,no,T13,T03
C171_F228,3-0,C171,cluster30,yes,no,T13,T16
C171_F229,4-0,C171,cluster30,yes,no,T14,T01
C171_F230,3-2,C171,cluster30,yes,no,T03,T06
C171_F231,1-2,C171,cluster30,yes,no,T01,T09
C171_F232,2-1,C171,cluster30,yes,no,T07,T06
C171_F237,0-0,C171,cluster30,yes,no,T16,T03
C171_F238,2-4,C171,cluster30,yes,no,T01,T14
C175_F002,0-0,C175,scatter60,no,no,T07,T13
C175_F004,1-1,C175,scatter60,no,no,T19,T11
C175_F005,2-1,C175,scatter60,no,no,T08,T19
C175_F006,3-1,C175,scatter60,no,no,T07,T14
C175_F008,1-2,C175,scatter60,no,no,T03,T09
C175_F010,0-1,C175,scatter60,no,no,T18,T11
C175_F011,4-1,C175,scatter60,no,no,T09,T13
C175_F012,2-0,C175,scatter60,no,no,T10,T16
C175_F013,0-3,C175,scatter60,no,no,T13,T01
C175_F018,2-1,C175,scatter60,no,no,T20,T16
C175_F021,1-0,C175,scatter60,no,no,T04,T01
C175_F023,2-1,C175,scatter60,no,no,T05,T13
C175_F025,2-1,C175,scatter60,no,no,T02,T12
C175_F026,2-1,C175,scatter60,no,no,T07,T04
C175_F027,1-1,C175,scatter60,no,no,T08,T20
C175_F029,3-0,C175,scatter60,no,no,T02,T01
C175_F032,2-1,C175,scatter60,no,no,T12,T09
C175_F034,1-0,C175,scatter60,no,no,T02,T08
C175_F035,2-1,C175,scatter60,no,no,T09,T14
C175_F037,4-1,C175,scatter60,no,no,T07,T09
C175_F039,0-1,C175,scatter60,no,no,T09,T08
C175_F041,3-1,C175,scatter60,no,no,T04,T20
C175_F042,0-1,C175,scatter60,no,no,T15,T14
C175_F043,1-0,C175,scatter60,no,no,T10,T15
C175_F044,1-3,C175,scatter60,no,no,T18,T01
C175_F045,1-1,C175,scatter60,no,no,T20,T05
C175_F049,1-1,C175,scatter60,no,no,T15,T04
C175_F051,4-2,C175,scatter60,no,no,T16,T03
C175_F052,1-3,C175,scatter60,no,no,T06,T08
C175_F055,1-0,C175,scatter60,no,no,T03,T13
C175_F056,1-0,C175,scatter60,no,no,T12,T08
C175_F057,1-4,C175,scatter60,no,no,T15,T03
C175_F059,1-1,C175,scatter60,no,no,T07,T01
C175_F061,0-0,C175,scatter60,no,no,T11,T10
C175_F066,5-0,C175,scatter60,no,no,T01,T11
C175_F068,1-1,C175,scatter60,no,no,T12,T10
C175_F069,0-0,C175,scatter60,no,no,T08,T09
C175_F072,1-1,C175,scatter60,no,no,T06,T20
C175_F074,2-1,C175,scatter60,no,no,T19,T18
C175_F075,1-0,C175,scatter60,no,no,T01,T08
C175_F077,2-0,C175,scatter60,no,no,T15,T12
C175_F078,3-2,C175,scatter60,no,no,T05,T20
C175_F079,1-2,C175,scatter60,no,no,T01,T15
C175_F080,0-2,C175,scatter60,no,no,T14,T11
C175_F081,2-1,C175,scatter60,no,no,T07,T11
C175_F082,1-1,C175,scatter60,no,no,T07,T20
C175_F084,2-1,C175,scatter60,no,no,T11,T07
C175_F085,1-1,C175,scatter60,no,no,T16,T08
C175_F086,0-3,C175,scatter60,no,no,T08,T05
C175_F087,1-0,C175,scatter60,no,no,T10,T12
C175_F090,1-2,C175,scatter60,no,no,T19,T08
C175_F091,1-3,C175,scatter60,no,no,T04,T11
C175_F094,1-1,C175,scatter60,no,no,T10,T14
C175_F100,0-2,C175,scatter60,no,no,T16,T05
C175_F101,0-3,C175,scatter60,no,no,T16,T11
C175_F102,0-0,C175,scatter60,no,no,T18,T17
C175_F105,1-1,C175,scatter60,no,no,T09,T17
C175_F109,0-1,C175,scatter60,no,no,T01,T12
C175_F111,1-1,C175,scatter60,no,no,T11,T02
C175_F113,2-3,C175,scatter60,no,no,T08,T01
C175_F114,2-1,C175,scatter60,no,no,T07,T17
C175_F115,5-3,C175,scatter60,no,no,T14,T16
C175_F116,1-5,C175,scatter60,no,no,T18,T12
C175_F117,3-4,C175,scatter60,no,no,T03,T12
C175_F118,4-2,C175,scatter60,no,no,T14,T05
C175_F119,2-0,C175,scatter60,no,no,T07,T03
C175_F120,0-1,C175,scatter60,no,no,T01,T07
C175_F121,5-1,C175,scatter60,no,no,T02,T03
C175_F122,4-1,C175,scatter60,no,no,T19,T07
C175_F124,0-2,C175,scatter60,no,no,T04,T19
C175_F127,1-1,C175,scatter60,no,no,T01,T13
C175_F129,1-3,C175,scatter60,no,no,T18,T09
C175_F130,4-2,C175,scatter60,no,no,T19,T16
C175_F131,4-2,C175,scatter60,no,no,T14,T09
C175_F132,3-2,C175,scatter60,no,no,T05,T03
C175_F133,4-1,C175,scatter60,no,no,T02,T15
C175_F134,1-0,C175,scatter60,no,no,T11,T15
C175_F135,2-6,C175,scatter60,no,no,T16,T12
C175_F136,0-1,C175,scatter60,no,no,T05,T08
C175_F139,0-2,C175,scatter60,no,no,T14,T02
C175_F140,1-4,C175,scatter60,no,no,T09,T01
C175_F144,2-2,C175,scatter60,no,no,T16,T19
C175_F145,2-1,C175,scatter60,no,no,T12,T20
C175_F146,4-2,C175,scatter60,no,no,T12,T05
C175_F149,1-2,C175,scatter60,no,no,T17,T13
C175_F151,0-5,C175,scatter60,no,no,T20,T02
C175_F153,2-2,C175,scatter60,no,no,T05,T11
C175_F154,1-2,C175,scatter60,no,no,T09,T06
C175_F155,1-0,C175,scatter60,no,no,T11,T17
C175_F156,2-0,C175,scatter60,no,no,T13,T07
C175_F158,0-3,C175,scatter60,no,no,T04,T16
C175_F165,1-3,C175,scatter60,no,no,T11,T09
C175_F166,2-1,C175,scatter60,no,no,T02,T16
C175_F168,2-2,C175,scatter60,no,no,T19,T17
C175_F169,0-6,C175,scatter60,no,no,T15,T17
C175_F170,2-1,C175,scatter60,no,no,T05,T06
C175_F171,1-0,C175,scatter60,no,no,T07,T18
C175_F174,1-1,C175,scatter60,no,no,T13,T10
C175_F175,0-0,C175,scatter60,no,no,T08,T14
C175_F178,3-0,C175,scatter60,no,no,T05,T12
C175_F179,2-2,C175,scatter60,no,no,T15,T07
C175_F180,2-1,C175,scatter60,no,no,T06,T14
C175_F183,2-2,C175,scatter60,no,no,T19,T04
C175_F185,3-1,C175,scatter60,no,no,T07,T16
C175_F186,2-2,C175,scatter60,no,no,T08,T02
C175_F187,3-1,C175,scatter60,no,no,T03,T14
C175_F189,4-1,C175,scatter60,no,no,T03,T20
C175_F190,2-0,C175,scatter60,no,no,T04,T15
C175_F191,0-2,C175,scatter60,no,no,T12,T17
C175_F194,1-0,C175,scatter60,no,no,T13,T06
C175_F195,2-1,C175,scatter60,no,no,T09,T03
C175_F196,1-1,C175,scatter60,no,no,T17,T08
C175_F197,3-2,C175,scatter60,no,no,T05,T02
C175_F198,0-3,C175,scatter60,no,no,T13,T02
C175_F199,2-4,C175,scatter60,no,no,T16,T01
C175_F200,1-1,C175,scatter60,no,no,T13,T12
C175_F203,0-2,C175,scatter60,no,no,T11,T14
C175_F205,1-0,C175,scatter60,no,no,T12,T03
C175_F206,3-0,C175,scatter60,no,no,T12,T07
C175_F207,2-0,C175,scatter60,no,no,T02,T14
C175_F212,2-0,C175,scatter60,no,no,T08,T18
C175_F215,0-2,C175,scatter60,no,no,T04,T17
C175_F217,3-0,C175,scatter60,no,no,T09,T07
C175_F218,0-4,C175,scatter60,no,no,T18,T05
C175_F220,2-0,C175,scatter60,no,no,T02,T09
C175_F221,0-2,C175,scatter60,no,no,T17,T02
C175_F222,3-0,C175,scatter60,no,no,T11,T20
C175_F225,2-0,C175,scatter60,no,no,T04,T18
C175_F226,0-2,C175,scatter60,no,no,T09,T20
C175_F228,0-0,C175,scatter60,no,no,T14,T12
C175_F230,0-2,C175,scatter60,no,no,T20,T19
C175_F231,4-0,C175,scatter60,no,no,T09,T04
C175_F232,3-1,C175,scatter60,no,no,T02,T18
C175_F233,3-1,C175,scatter60,no,no,T03,T18
C175_F235,0-3,C175,scatter60,no,no,T18,T07
C175_F236,2-2,C175,scatter60,no,no,T12,T15
C175_F238,0-2,C175,scatter60,no,no,T15,T05
C175_F239,0-0,C175,scatter60,no,no,T01,T19
C175_F240,2-1,C175,scatter60,no,no,T01,T17
C175_F245,3-0,C175,scatter60,no,no,T10,T11
C175_F248,0-2,C175,scatter60,no,no,T19,T20
C175_F252,1-1,C175,scatter60,no,no,T12,T19
C175_F253,1-5,C175,scatter60,no,no,T19,T10
C175_F254,2-2,C175,scatter60,no,no,T20,T01
C175_F255,2-2,C175,scatter60,no,no,T08,T15
C175_F256,1-2,C175,scatter60,no,no,T03,T04
C175_F257,3-1,C175,scatter60,no,no,T01,T18
C175_F258,0-1,C175,scatter60,no,no,T11,T08
C175_F259,0-1,C175,scatter60,no,no,T20,T14
C175_F260,0-1,C175,scatter60,no,no,T03,T10
C175_F262,2-2,C175,scatter60,no,no,T02,T06
C175_F265,1-2,C175,scatter60,no,no,T15,T18
C175_F267,1-0,C175,scatter60,no,no,T01,T06
C175_F268,0-1,C175,scatter60,no,no,T09,T05
C175_F269,1-0,C175,scatter60,no,no,T17,T16
C175_F270,3-1,C175,scatter60,no,no,T12,T02
C175_F271,2-3,C175,scatter60,no,no,T18,T04
C175_F272,1-2,C175,scatter60,no,no,T12,T06
C175_F273,3-2,C175,scatter60,no,no,T14,T01
C175_F274,1-1,C175,scatter60,no,no,T18,T15
C175_F276,3-1,C175,scatter60,no,no,T06,T09
C175_F277,4-0,C175,scatter60,no,no,T08,T04
C175_F280,2-3,C175,scatter60,no,no,T14,T06
C175_F282,1-2,C175,scatter60,no,no,T18,T06
C175_F284,7-0,C175,scatter60,no,no,T11,T05
C175_F286,1-1,C175,scatter60,no,no,T01,T09
C175_F287,1-1,C175,scatter60,no,no,T04,T08
C175_F289,2-1,C175,scatter60,no,no,T02,T05
C175_F291,1-0,C175,scatter60,no,no,T16,T20
C175_F293,1-3,C175,scatter60,no,no,T14,T10
C175_F294,4-1,C175,scatter60,no,no,T17,T20
C175_F295,3-1,C175,scatter60,no,no,T10,T18
C175_F297,2-2,C175,scatter60,no,no,T06,T01
C175_F299,4-0,C175,scatter60,no,no,T17,T09
C175_F300,3-2,C175,scatter60,no,no,T13,T15
C175_F301,2-0,C175,scatter60,no,no,T06,T03
C175_F302,0-2,C175,scatter60,no,no,T15,T08
C175_F304,0-2,C175,scatter60,no,no,T08,T17
C175_F305,0-1,C175,scatter60,no,no,T10,T20
C175_F306,2-4,C175,scatter60,no,no,T15,T11
C175_F307,2-0,C175,scatter60,no,no,T02,T07
C175_F308,0-2,C175,scatter60,no,no,T04,T10
C175_F312,0-4,C175,scatter60,no,no,T17,T03
C175_F313,1-1,C175,scatter60,no,no,T14,T20
C175_F314,2-1,C175,scatter60,no,no,T20,T13
C175_F316,1-1,C175,scatter60,no,no,T10,T05
C175_F320,3-0,C175,scatter60,no,no,T09,T16
C175_F321,1-1,C175,scatter60,no,no,T12,T11
C175_F322,2-2,C175,scatter60,no,no,T08,T13
C175_F324,1-2,C175,scatter60,no,no,T01,T14
C175_F325,2-1,C175,scatter60,no,no,T19,T05
C175_F326,1-1,C175,scatter60,no,no,T05,T10
C175_F327,4-0,C175,scatter60,no,no,T03,T08
C175_F329,2-2,C175,scatter60,no,no,T07,T02
C175_F330,0-2,C175,scatter60,no,no,T04,T06
C175_F331,0-2,C175,scatter60,no,no,T14,T03
C175_F333,1-0,C175,scatter60,no,no,T07,T06
C175_F334,0-0,C175,scatter60,no,no,T19,T13
C175_F336,1-2,C175,scatter60,no,no,T16,T06
C175_F337,2-2,C175,scatter60,no,no,T03,T16
C175_F338,0-0,C175,scatter60,no,no,T06,T18
C175_F339,1-0,C175,scatter60,no,no,T18,T08
C175_F340,2-2,C175,scatter60,no,no,T11,T04
C175_F341,2-0,C175,scatter60,no,no,T10,T13
C175_F342,3-2,C175,scatter60,no,no,T17,T06
C175_F343,0-1,C175,scatter60,no,no,T20,T09
C175_F346,1-0,C175,scatter60,no,no,T01,T03
C175_F348,0-2,C175,scatter60,no,no,T13,T20
C175_F349,4-1,C175,scatter60,no,no,T14,T04
C175_F351,3-1,C175,scatter60,no,no,T02,T04
C175_F355,1-2,C175,scatter60,no,no,T10,T01
C175_F357,2-3,C175,scatter60,no,no,T13,T11
C175_F358,0-2,C175,scatter60,no,no,T06,T19
C175_F359,3-1,C175,scatter60,no,no,T14,T18
C175_F360,1-1,C175,scatter60,no,no,T05,T18
C175_F361,2-0,C175,scatter60,no,no,T16,T13
C175_F362,1-0,C175,scatter60,no,no,T11,T03
C175_F364,1-0,C175,scatter60,no,no,T12,T13
C175_F366,3-1,C175,scatter60,no,no,T17,T01
C175_F368,2-1,C175,scatter60,no,no,T13,T14
C175_F370,0-2,C175,scatter60,no,no,T19,T06
C175_F371,2-0,C175,scatter60,no,no,T16,T07
C175_F372,3-2,C175,scatter60,no,no,T08,T03
C175_F373,4-3,C175,scatter60,no,no,T14,T15
C175_F375,0-1,C175,scatter60,no,no,T13,T16
C175_F376,2-0,C175,scatter60,no,no,T20,T04
C175_F379,2-1,C175,scatter60,no,no,T10,T06
C175_F380,0-4,C175,scatter60,no,no,T15,T09
C177_F003,1-0,C177,tail40,no,yes,T09,T04
C177_F007,1-0,C177,tail40,no,yes,T01,T05
C177_F008,0-1,C177,tail40,no,yes,T03,T06
C177_F012,3-1,C177,tail40,no,yes,T05,T08
C177_F013,0-4,C177,tail40,no,yes,T08,T10
C177_F017,1-2,C177,tail40,no,yes,T02,T09
C177_F018,0-1,C177,tail40,no,yes,T03,T05
C177_F020,0-1,C177,tail40,no,yes,T04,T01
C177_F023,6-0,C177,tail40,no,yes,T05,T03
C177_F024,1-1,C177,tail40,no,yes,T01,T07
C177_F025,2-0,C177,tail40,no,yes,T10,T02
C177_F026,2-0,C177,tail40,no,yes,T04,T09
C177_F030,2-1,C177,tail40,no,yes,T07,T10
C177_F040,2-1,C177,tail40,no,yes,T03,T01
C177_F042,0-5,C177,tail40,no,yes,T08,T04
C177_F043,2-1,C177,tail40,no,yes,T06,T05
C177_F044,1-1,C177,tail40,no,yes,T02,T06
C177_F050,3-2,C177,tail40,no,yes,T05,T10
C177_F051,3-0,C177,tail40,no,yes,T01,T03
C177_F057,2-0,C177,tail40,no,yes,T06,T07
C177_F058,1-1,C177,tail40,no,yes,T09,T01
C177_F059,2-2,C177,tail40,no,yes,T02,T04
C177_F063,1-1,C177,tail40,no,yes,T02,T05
C177_F065,0-2,C177,tail40,no,yes,T09,T07
C177_F067,1-1,C177,tail40,no,yes,T03,T10
C177_F068,1-2,C177,tail40,no,yes,T09,T03
C177_F069,3-3,C177,tail40,no,yes,T06,T08
C177_F074,3-2,C177,tail40,no,yes,T04,T05
C177_F079,1-0,C177,tail40,no,yes,T07,T08
C177_F081,1-1,C177,tail40,no,yes,T09,T06
C177_F085,1-2,C177,tail40,no,yes,T07,T09
C177_F087,2-0,C177,tail40,no,yes,T04,T03
C177_F090,6-0,C177,tail40,no,yes,T08,T03
C177_F092,0-0,C177,tail40,no,yes,T04,T07
C177_F097,0-1,C177,tail40,no,yes,T09,T05
C177_F098,0-0,C177,tail40,no,yes,T01,T04
C177_F102,3-1,C177,tail40,no,yes,T06,T02
C177_F103,1-2,C177,tail40,no,yes,T03,T04
C177_F104,3-3,C177,tail40,no,yes,T08,T05
C177_F105,4-1,C177,tail40,no,yes,T08,T07
C177_F106,1-0,C177,tail40,no,yes,T05,T07
C177_F107,4-0,C177,tail40,no,yes,T05,T01
C177_F108,3-3,C177,tail40,no,yes,T07,T06
C177_F109,3-2,C177,tail40,no,yes,T08,T01
C177_F110,1-1,C177,tail40,no,yes,T10,T03
C177_F111,3-0,C177,tail40,no,yes,T07,T01
C177_F115,2-2,C177,tail40,no,yes,T07,T02
C177_F116,1-2,C177,tail40,no,yes,T09,T08
C177_F117,4-1,C177,tail40,no,yes,T02,T10
C177_F119,1-2,C177,tail40,no,yes,T07,T03
C177_F120,1-0,C177,tail40,no,yes,T06,T10
C177_F121,0-0,C177,tail40,no,yes,T06,T09
C177_F125,1-1,C177,tail40,no,yes,T06,T01
C177_F126,3-0,C177,tail40,no,yes,T05,T06
C177_F129,2-0,C177,tail40,no,yes,T02,T07
C177_F130,3-2,C177,tail40,no,yes,T01,T10
C177_F131,0-0,C177,tail40,no,yes,T03,T09
C177_F132,0-2,C177,tail40,no,yes,T10,T09
C177_F137,4-2,C177,tail40,no,yes,T05,T02
C177_F139,0-5,C177,tail40,no,yes,T10,T05
C177_F140,2-1,C177,tail40,no,yes,T06,T04
C177_F143,3-3,C177,tail40,no,yes,T10,T01
C177_F144,1-0,C177,tail40,no,yes,T10,T06
C177_F146,2-2,C177,tail40,no,yes,T04,T02
C177_F148,1-3,C177,tail40,no,yes,T10,T08
C177_F152,1-1,C177,tail40,no,yes,T02,T08
C177_F153,1-2,C177,tail40,no,yes,T03,T08
C177_F154,4-1,C177,tail40,no,yes,T02,T03
C177_F159,4-4,C177,tail40,no,yes,T04,T06
C177_F160,4-0,C177,tail40,no,yes,T04,T10
C177_F165,1-1,C177,tail40,no,yes,T09,T02
C177_F168,2-1,C177,tail40,no,yes,T08,T09
C177_F177,2-1,C177,tail40,no,yes,T01,T08
C177_F178,5-1,C177,tail40,no,yes,T01,T02
C177_F179,2-1,C177,tail40,no,yes,T07,T04
C178_F004,3-1,C178,tailhalf40,yes,yes,T12,T15
C178_F009,1-3,C178,tailhalf40,yes,yes,T14,T05
C178_F010,4-3,C178,tailhalf40,yes,yes,T06,T03
C178_F012,2-1,C178,tailhalf40,yes,yes,T15,T16
C178_F013,2-2,C178,tailhalf40,yes,yes,T18,T17
C178_F014,0-1,C178,tailhalf40,yes,yes,T03,T04
C178_F017,1-2,C178,tailhalf40,yes,yes,T06,T18
C178_F018,0-2,C178,tailhalf40,yes,yes,T09,T07
C178_F019,1-0,C178,tailhalf40,yes,yes,T11,T08
C178_F021,0-1,C178,tailhalf40,yes,yes,T06,T16
C178_F023,0-0,C178,tailhalf40,yes,yes,T16,T13
C178_F026,0-0,C178,tailhalf40,yes,yes,T14,T12
C178_F027,0-2,C178,tailhalf40,yes,yes,T03,T17
C178_F028,2-1,C178,tailhalf40,yes,yes,T10,T11
C178_F033,4-0,C178,tailhalf40,yes,yes,T05,T04
C178_F034,1-2,C178,tailhalf40,yes,yes,T02,T18
C178_F035,1-0,C178,tailhalf40,yes,yes,T16,T14
C178_F040,1-2,C178,tailhalf40,yes,yes,T17,T13
C178_F041,1-3,C178,tailhalf40,yes,yes,T11,T06
C178_F043,2-2,C178,tailhalf40,yes,yes,T18,T13
C178_F044,1-1,C178,tailhalf40,yes,yes,T18,T10
C178_F047,0-1,C178,tailhalf40,yes,yes,T04,T11
C178_F054,1-1,C178,tailhalf40,yes,yes,T13,T08
C178_F057,0-2,C178,tailhalf40,yes,yes,T14,T06
C178_F059,1-0,C178,tailhalf40,yes,yes,T05,T12
C178_F063,0-2,C178,tailhalf40,yes,yes,T18,T05
C178_F064,2-3,C178,tailhalf40,yes,yes,T14,T03
C178_F066,1-1,C178,tailhalf40,yes,yes,T08,T18
C178_F067,0-2,C178,tailhalf40,yes,yes,T05,T16
C178_F069,4-0,C178,tailhalf40,yes,yes,T15,T13
C178_F083,3-0,C178,tailhalf40,yes,yes,T08,T09
C178_F086,2-3,C178,tailhalf40,yes,yes,T11,T13
C178_F088,1-1,C178,tailhalf40,yes,yes,T06,T13
C178_F091,1-4,C178,tailhalf40,yes,yes,T05,T06
C178_F094,4-1,C178,tailhalf40,yes,yes,T02,T15
C178_F095,2-3,C178,tailhalf40,yes,yes,T01,T14
C178_F096,1-0,C178,tailhalf40,yes,yes,T03,T16
C178_F099,1-0,C178,tailhalf40,yes,yes,T17,T15
C178_F102,1-1,C178,tailhalf40,yes,yes,T07,T18
C178_F104,1-3,C178,tailhalf40,yes,yes,T09,T01
C178_F107,0-1,C178,tailhalf40,yes,yes,T02,T12
C178_F109,1-1,C178,tailhalf40,yes,yes,T05,T10
C178_F113,2-1,C178,tailhalf40,yes,yes,T07,T06
C178_F119,2-0,C178,tailhalf40,yes,yes,T05,T01
C178_F121,5-0,C178,tailhalf40,yes,yes,T10,T07
C178_F123,3-0,C178,tailhalf40,yes,yes,T16,T08
C178_F125,2-1,C178,tailhalf40,yes,yes,T07,T08
C178_F126,3-1,C178,tailhalf40,yes,yes,T11,T01
C178_F128,0-2,C178,tailhalf40,yes,yes,T13,T14
C178_F129,3-1,C178,tailhalf40,yes,yes,T09,T15
C178_F131,0-1,C178,tailhalf40,yes,yes,T18,T04
C178_F133,1-3,C178,tailhalf40,yes,yes,T08,T02
C178_F135,1-1,C178,tailhalf40,yes,yes,T15,T18
C178_F136,3-1,C178,tailhalf40,yes,yes,T16,T17
C178_F146,1-1,C178,tailhalf40,yes,yes,T06,T04
C178_F149,0-0,C178,tailhalf40,yes,yes,T06,T01
C178_F157,0-4,C178,tailhalf40,yes,yes,T07,T14
C178_F159,1-1,C178,tailhalf40,yes,yes,T03,T13
C178_F161,3-1,C178,tailhalf40,yes,yes,T01,T03
C178_F162,2-3,C178,tailhalf40,yes,yes,T06,T10
C178_F166,1-1,C178,tailhalf40,yes,yes,T01,T17
C178_F167,0-2,C178,tailhalf40,yes,yes,T07,T01
C178_F168,1-0,C178,tailhalf40,yes,yes,T16,T11
C178_F169,2-2,C178,tailhalf40,yes,yes,T01,T10
C178_F170,1-0,C178,tailhalf40,yes,yes,T08,T05
C178_F171,0-0,C178,tailhalf40,yes,yes,T13,T04
C178_F172,0-2,C178,tailhalf40,yes,yes,T10,T08
C178_F174,0-0,C178,tailhalf40,yes,yes,T02,T06
C178_F175,1-1,C178,tailhalf40,yes,yes,T09,T18
C178_F176,1-1,C178,tailhalf40,yes,yes,T02,T07
C178_F177,0-0,C178,tailhalf40,yes,yes,T04,T17
C178_F181,3-2,C178,tailhalf40,yes,yes,T17,T06
C178_F182,2-1,C178,tailhalf40,yes,yes,T08,T17
C178_F185,1-0,C178,tailhalf40,yes,yes,T09,T11
C178_F186,0-1,C178,tailhalf40,yes,yes,T11,T07
C178_F188,1-0,C178,tailhalf40,yes,yes,T11,T12
C178_F190,2-1,C178,tailhalf40,yes,yes,T12,T03
C178_F193,0-1,C178,tailhalf40,yes,yes,T13,T02
C178_F194,0-2,C178,tailhalf40,yes,yes,T12,T10
C178_F197,1-1,C178,tailhalf40,yes,yes,T01,T18
C178_F200,0-4,C178,tailhalf40,yes,yes,T11,T15
C178_F204,2-1,C178,tailhalf40,yes,yes,T09,T03
C178_F207,1-0,C178,tailhalf40,yes,yes,T11,T03
C178_F214,1-0,C178,tailhalf40,yes,yes,T02,T09
C178_F216,1-0,C178,tailhalf40,yes,yes,T16,T12
C178_F217,0-1,C178,tailhalf40,yes,yes,T13,T07
C178_F218,2-3,C178,tailhalf40,yes,yes,T15,T05
C178_F220,0-0,C178,tailhalf40,yes,yes,T14,T17
C178_F221,3-1,C178,tailhalf40,yes,yes,T04,T02
C178_F223,1-0,C178,tailhalf40,yes,yes,T16,T02
C178_F224,3-2,C178,tailhalf40,yes,yes,T05,T09
C178_F225,1-0,C178,tailhalf40,yes,yes,T07,T03
C178_F226,2-2,C178,tailhalf40,yes,yes,T03,T10
C178_F233,2-3,C178,tailhalf40,yes,yes,T01,T12
C178_F234,0-2,C178,tailhalf40,yes,yes,T04,T08
C178_F238,1-1,C178,tailhalf40,yes,yes,T17,T12
C178_F241,3-0,C178,tailhalf40,yes,yes,T15,T01
C178_F243,1-1,C178,tailhalf40,yes,yes,T12,T04
C178_F246,2-2,C178,tailhalf40,yes,yes,T14,T11
C178_F247,4-1,C178,tailhalf40,yes,yes,T15,T08
C178_F251,1-0,C178,tailhalf40,yes,yes,T13,T10
C178_F252,0-1,C178,tailhalf40,yes,yes,T18,T14
C178_F255,5-1,C178,tailhalf40,yes,yes,T08,T01
C178_F256,3-0,C178,tailhalf40,yes,yes,T10,T16
C178_F257,1-2,C178,tailhalf40,yes,yes,T04,T07
C178_F258,3-1,C178,tailhalf40,yes,yes,T10,T04
C178_F261,3-1,C178,tailhalf40,yes,yes,T10,T15
C178_F264,1-1,C178,tailhalf40,yes,yes,T05,T02
C178_F267,1-1,C178,tailhalf40,yes,yes,T12,T09
C178_F271,1-0,C178,tailhalf40,yes,yes,T10,T14
C178_F272,1-2,C178,tailhalf40,yes,yes,T11,T05
C178_F275,1-0,C178,tailhalf40,yes,yes,T17,T09
C178_F276,6-2,C178,tailhalf40,yes,yes,T15,T04
C178_F280,0-1,C178,tailhalf40,yes,yes,T03,T02
C178_F281,1-2,C178,tailhalf40,yes,yes,T17,T07
C178_F282,6-0,C178,tailhalf40,yes,yes,T04,T14
C178_F283,1-1,C178,tailhalf40,yes,yes,T07,T15
C178_F286,0-0,C178,tailhalf40,yes,yes,T18,T16
C178_F292,0-0,C178,tailhalf40,yes,yes,T14,T09
C178_F293,1-0,C178,tailhalf40,yes,yes,T02,T17
C178_F298,2-3,C178,tailhalf40,yes,yes,T09,T13
C178_F299,1-3,C178,tailhalf40,yes,yes,T03,T05
C178_F301,3-1,C178,tailhalf40,yes,yes,T01,T02
C178_F303,0-1,C178,tailhalf40,yes,yes,T12,T06
C178_F304,2-2,C178,tailhalf40,yes,yes,T12,T08
C178_F306,0-0,C178,tailhalf40,yes,yes,T16,T09
C181_F001,0-1,C181,cluster30,yes,no,T18,T13
C181_F002,2-2,C181,cluster30,yes,no,T09,T17
C181_F007,5-1,C181,cluster30,yes,no,T11,T09
C181_F009,2-0,C181,cluster30,yes,no,T09,T12
C181_F010,1-2,C181,cluster30,yes,no,T09,T11
C181_F013,3-1,C181,cluster30,yes,no,T07,T02
C181_F015,4-2,C181,cluster30,yes,no,T09,T04
C181_F017,2-2,C181,cluster30,yes,no,T05,T11
C181_F018,0-3,C181,cluster30,yes,no,T16,T18
C181_F019,2-3,C181,cluster30,yes,no,T09,T13
C181_F020,4-3,C181,cluster30,yes,no,T02,T07
C181_F022,0-0,C181,cluster30,yes,no,T06,T07
C181_F023,3-0,C181,cluster30,yes,no,T09,T15
C181_F024,0-0,C181,cluster30,yes,no,T07,T08
C181_F025,5-2,C181,cluster30,yes,no,T13,T18
C181_F026,5-1,C181,cluster30,yes,no,T10,T07
C181_F027,3-2,C181,cluster30,yes,no,T11,T16
C181_F029,1-5,C181,cluster30,yes,no,T07,T05
C181_F031,1-3,C181,cluster30,yes,no,T14,T10
C181_F033,0-0,C181,cluster30,yes,no,T16,T07
C181_F034,3-2,C181,cluster30,yes,no,T10,T05
C181_F036,2-1,C181,cluster30,yes,no,T16,T09
C181_F037,0-0,C181,cluster30,yes,no,T13,T10
C181_F038,1-1,C181,cluster30,yes,no,T09,T02
C181_F039,6-0,C181,cluster30,yes,no,T09,T16
C181_F041,3-3,C181,cluster30,yes,no,T12,T10
C181_F042,2-0,C181,cluster30,yes,no,T10,T08
C181_F043,3-0,C181,cluster30,yes,no,T10,T17
C181_F045,4-2,C181,cluster30,yes,no,T07,T17
C181_F046,2-0,C181,cluster30,yes,no,T18,T16
C181_F048,3-1,C181,cluster30,yes,no,T07,T06
C181_F049,0-0,C181,cluster30,yes,no,T17,T09
C181_F050,1-1,C181,cluster30,yes,no,T16,T10
C181_F053,0-4,C181,cluster30,yes,no,T02,T10
C181_F054,4-0,C181,cluster30,yes,no,T10,T11
C181_F056,4-0,C181,cluster30,yes,no,T09,T05
C181_F059,2-1,C181,cluster30,yes,no,T09,T07
C181_F062,0-1,C181,cluster30,yes,no,T11,T18
C181_F069,3-2,C181,cluster30,yes,no,T10,T03
C181_F070,2-1,C181,cluster30,yes,no,T11,T15
C181_F074,0-2,C181,cluster30,yes,no,T15,T07
C181_F078,0-2,C181,cluster30,yes,no,T18,T03
C181_F081,2-0,C181,cluster30,yes,no,T12,T09
C181_F084,3-1,C181,cluster30,yes,no,T18,T15
C181_F086,4-2,C181,cluster30,yes,no,T10,T18
C181_F087,1-4,C181,cluster30,yes,no,T18,T17
C181_F089,1-1,C181,cluster30,yes,no,T02,T11
C181_F091,1-6,C181,cluster30,yes,no,T15,T10
C181_F092,4-0,C181,cluster30,yes,no,T07,T14
C181_F094,0-1,C181,cluster30,yes,no,T03,T10
C181_F095,1-0,C181,cluster30,yes,no,T15,T18
C181_F096,0-4,C181,cluster30,yes,no,T18,T12
C181_F097,1-2,C181,cluster30,yes,no,T07,T01
C181_F098,1-1,C181,cluster30,yes,no,T11,T02
C181_F101,0-2,C181,cluster30,yes,no,T03,T18
C181_F104,0-5,C181,cluster30,yes,no,T17,T10
C181_F109,0-1,C181,cluster30,yes,no,T11,T03
C181_F112,0-1,C181,cluster30,yes,no,T14,T11
C181_F113,0-1,C181,cluster30,yes,no,T08,T10
C181_F114,0-4,C181,cluster30,yes,no,T04,T11
C181_F115,2-3,C181,cluster30,yes,no,T11,T12
C181_F116,0-0,C181,cluster30,yes,no,T07,T16
C181_F118,0-1,C181,cluster30,yes,no,T03,T11
C181_F119,2-3,C181,cluster30,yes,no,T05,T07
C181_F122,3-3,C181,cluster30,yes,no,T04,T07
C181_F124,4-0,C181,cluster30,yes,no,T11,T14
C181_F125,0-1,C181,cluster30,yes,no,T18,T07
C181_F126,2-1,C181,cluster30,yes,no,T01,T10
C181_F128,0-3,C181,cluster30,yes,no,T18,T06
C181_F129,4-2,C181,cluster30,yes,no,T09,T18
C181_F131,2-2,C181,cluster30,yes,no,T10,T09
C181_F132,1-3,C181,cluster30,yes,no,T05,T09
C181_F134,2-0,C181,cluster30,yes,no,T04,T18
C181_F135,1-2,C181,cluster30,yes,no,T06,T10
C181_F138,3-0,C181,cluster30,yes,no,T12,T18
C181_F143,2-0,C181,cluster30,yes,no,T07,T03
C181_F145,0-2,C181,cluster30,yes,no,T01,T07
C181_F147,0-0,C181,cluster30,yes,no,T13,T11
C181_F149,3-1,C181,cluster30,yes,no,T01,T09
C181_F150,0-0,C181,cluster30,yes,no,T03,T07
C181_F151,2-2,C181,cluster30,yes,no,T07,T13
C181_F153,2-1,C181,cluster30,yes,no,T09,T03
C181_F155,3-4,C181,cluster30,yes,no,T11,T13
C181_F156,2-3,C181,cluster30,yes,no,T13,T07
C181_F163,1-0,C181,cluster30,yes,no,T07,T04
C181_F165,0-0,C181,cluster30,yes,no,T14,T07
C181_F166,2-3,C181,cluster30,yes,no,T05,T10
C181_F168,0-1,C181,cluster30,yes,no,T05,T18
C181_F172,3-3,C181,cluster30,yes,no,T11,T01
C181_F174,0-0,C181,cluster30,yes,no,T17,T07
C181_F176,2-3,C181,cluster30,yes,no,T10,T04
C181_F177,2-3,C181,cluster30,yes,no,T02,T09
C181_F179,1-3,C181,cluster30,yes,no,T11,T10
C181_F183,2-1,C181,cluster30,yes,no,T11,T07
C181_F186,1-2,C181,cluster30,yes,no,T11,T08
C181_F188,3-1,C181,cluster30,yes,no,T09,T01
C181_F189,4-0,C181,cluster30,yes,no,T09,T06
C181_F191,1-1,C181,cluster30,yes,no,T10,T13
C181_F196,1-1,C181,cluster30,yes,no,T08,T09
C181_F197,2-1,C181,cluster30,yes,no,T14,T09
C181_F200,0-0,C181,cluster30,yes,no,T18,T04
C181_F201,0-5,C181,cluster30,yes,no,T04,T10
C181_F203,1-3,C181,cluster30,yes,no,T18,T11
C181_F204,2-4,C181,cluster30,yes,no,T13,T09
C181_F205,1-3,C181,cluster30,yes,no,T18,T05
C181_F206,2-3,C181,cluster30,yes,no,T07,T11
C181_F209,5-0,C181,cluster30,yes,no,T10,T02
C181_F210,3-1,C181,cluster30,yes,no,T06,T11
C181_F211,2-0,C181,cluster30,yes,no,T01,T11
C181_F215,0-1,C181,cluster30,yes,no,T09,T14
C181_F217,2-1,C181,cluster30,yes,no,T07,T12
C181_F218,3-2,C181,cluster30,yes,no,T09,T08
C181_F220,3-0,C181,cluster30,yes,no,T10,T14
C181_F221,1-2,C181,cluster30,yes,no,T11,T05
C181_F222,1-2,C181,cluster30,yes,no,T18,T09
C181_F225,4-4,C181,cluster30,yes,no,T16,T11
C181_F227,2-2,C181,cluster30,yes,no,T07,T18
C181_F236,1-1,C181,cluster30,yes,no,T09,T10
C181_F237,4-3,C181,cluster30,yes,no,T10,T15
C181_F239,3-3,C181,cluster30,yes,no,T17,T18
C181_F242,0-2,C181,cluster30,yes,no,T18,T01
C181_F243,2-1,C181,cluster30,yes,no,T14,T18
C181_F244,4-0,C181,cluster30,yes,no,T18,T14
C181_F246,0-3,C181,cluster30,yes,no,T18,T08
C181_F248,2-0,C181,cluster30,yes,no,T11,T04
C181_F251,3-0,C181,cluster30,yes,no,T10,T16
C181_F253,1-0,C181,cluster30,yes,no,T06,T18
C181_F254,2-2,C181,cluster30,yes,no,T15,T11
C181_F256,0-4,C181,cluster30,yes,no,T18,T10
C181_F257,1-1,C181,cluster30,yes,no,T02,T18
C181_F263,4-0,C181,cluster30,yes,no,T12,T07
C181_F266,0-2,C181,cluster30,yes,no,T03,T09
C181_F268,1-0,C181,cluster30,yes,no,T12,T11
C181_F269,2-2,C181,cluster30,yes,no,T17,T11
C181_F271,3-2,C181,cluster30,yes,no,T08,T18
C181_F272,3-0,C181,cluster30,yes,no,T10,T01
C181_F273,1-1,C181,cluster30,yes,no,T07,T15
C181_F276,4-0,C181,cluster30,yes,no,T11,T06
C181_F278,2-0,C181,cluster30,yes,no,T07,T09
C181_F280,1-2,C181,cluster30,yes,no,T11,T17
C181_F285,0-2,C181,cluster30,yes,no,T01,T18
C181_F287,1-3,C181,cluster30,yes,no,T08,T11
C181_F288,4-2,C181,cluster30,yes,no,T15,T09
C181_F293,1-4,C181,cluster30,yes,no,T06,T09
C181_F294,4-0,C181,cluster30,yes,no,T10,T12
C181_F296,0-0,C181,cluster30,yes,no,T18,T02
C181_F299,2-0,C181,cluster30,yes,no,T04,T09
C181_F301,2-0,C181,cluster30,yes,no,T10,T06
C181_F302,3-3,C181,cluster30,yes,no,T07,T10
C181_F305,1-0,C181,cluster30,yes,no,T08,T07
C182_F003,2-2,C182,cluster20,no,yes,T20,T02
C182_F004,0-2,C182,cluster20,no,yes,T15,T08
C182_F005,2-2,C182,cluster20,no,yes,T20,T04
C182_F006,1-1,C182,cluster20,no,yes,T12,T20
C182_F008,2-2,C182,cluster20,no,yes,T15,T07
C182_F013,3-1,C182,cluster20,no,yes,T19,T21
C182_F014,0-2,C182,cluster20,no,yes,T15,T10
C182_F018,2-1,C182,cluster20,no,yes,T11,T15
C182_F026,2-3,C182,cluster20,no,yes,T09,T19
C182_F027,2-0,C182,cluster20,no,yes,T01,T05
C182_F032,0-0,C182,cluster20,no,yes,T03,T19
C182_F033,0-1,C182,cluster20,no,yes,T05,T11
C182_F040,1-0,C182,cluster20,no,yes,T14,T05
C182_F042,1-0,C182,cluster20,no,yes,T19,T07
C182_F044,1-1,C182,cluster20,no,yes,T19,T20
C182_F045,3-1,C182,cluster20,no,yes,T18,T19
C182_F048,1-0,C182,cluster20,no,yes,T19,T05
C182_F051,3-2,C182,cluster20,no,yes,T22,T05
C182_F054,0-2,C182,cluster20,no,yes,T09,T15
C182_F059,2-2,C182,cluster20,no,yes,T05,T02
C182_F060,3-1,C182,cluster20,no,yes,T20,T05
C182_F063,0-0,C182,cluster20,no,yes,T17,T05
C182_F067,2-3,C182,cluster20,no,yes,T20,T09
C182_F074,0-1,C182,cluster20,no,yes,T06,T15
C182_F076,0-0,C182,cluster20,no,yes,T20,T19
C182_F086,1-0,C182,cluster20,no,yes,T11,T05
C182_F087,1-3,C182,cluster20,no,yes,T06,T20
C182_F094,2-0,C182,cluster20,no,yes,T20,T15
C182_F096,2-0,C182,cluster20,no,yes,T05,T14
C182_F098,1-1,C182,cluster20,no,yes,T05,T22
C182_F099,0-1,C182,cluster20,no,yes,T19,T12
C182_F100,1-1,C182,cluster20,no,yes,T05,T21
C182_F101,3-0,C182,cluster20,no,yes,T08,T20
C182_F104,3-1,C182,cluster20,no,yes,T18,T05
C182_F110,1-1,C182,cluster20,no,yes,T05,T08
C182_F116,2-0,C182,cluster20,no,yes,T01,T19
C182_F118,0-0,C182,cluster20,no,yes,T02,T20
C182_F124,1-1,C182,cluster20,no,yes,T10,T20
C182_F126,3-0,C182,cluster20,no,yes,T20,T21
C182_F128,2-1,C182,cluster20,no,yes,T15,T06
C182_F148,2-0,C182,cluster20,no,yes,T12,T19
C182_F149,3-0,C182,cluster20,no,yes,T15,T20
C182_F155,2-0,C182,cluster20,no,yes,T04,T15
C182_F156,1-1,C182,cluster20,no,yes,T19,T18
C182_F158,2-0,C182,cluster20,no,yes,T21,T05
C182_F160,1-2,C182,cluster20,no,yes,T06,T05
C182_F162,3-2,C182,cluster20,no,yes,T20,T08
C182_F164,0-2,C182,cluster20,no,yes,T02,T15
C182_F167,0-1,C182,cluster20,no,yes,T05,T01
C182_F170,1-0,C182,cluster20,no,yes,T19,T10
C182_F184,0-1,C182,cluster20,no,yes,T16,T05
C182_F185,1-0,C182,cluster20,no,yes,T15,T04
C182_F187,1-0,C182,cluster20,no,yes,T04,T20
C182_F189,1-1,C182,cluster20,no,yes,T20,T18
C182_F192,0-1,C182,cluster20,no,yes,T17,T20
C182_F196,0-0,C182,cluster20,no,yes,T02,T05
C182_F197,2-0,C182,cluster20,no,yes,T19,T17
C182_F199,1-0,C182,cluster20,no,yes,T20,T13
C182_F200,1-1,C182,cluster20,no,yes,T15,T12
C182_F201,1-0,C182,cluster20,no,yes,T05,T15
C182_F202,0-1,C182,cluster20,no,yes,T15,T11
C182_F206,0-3,C182,cluster20,no,yes,T10,T19
C182_F210,2-1,C182,cluster20,no,yes,T20,T17
C182_F212,1-2,C182,cluster20,no,yes,T22,T19
C182_F214,1-2,C182,cluster20,no,yes,T19,T08
C182_F215,3-1,C182,cluster20,no,yes,T15,T02
C182_F216,2-1,C182,cluster20,no,yes,T09,T05
C182_F217,2-1,C182,cluster20,no,yes,T21,T15
C182_F219,2-2,C182,cluster20,no,yes,T07,T20
C182_F225,3-3,C182,cluster20,no,yes,T15,T19
C182_F226,1-2,C182,cluster20,no,yes,T19,T03
C182_F227,3-0,C182,cluster20,no,yes,T04,T19
C182_F230,3-0,C182,cluster20,no,yes,T19,T13
C182_F236,1-1,C182,cluster20,no,yes,T15,T01
C182_F238,1-0,C182,cluster20,no,yes,T16,T19
C182_F240,1-1,C182,cluster20,no,yes,T05,T18
C182_F243,1-2,C182,cluster20,no,yes,T22,T20
C182_F245,1-0,C182,cluster20,no,yes,T22,T15
C182_F246,3-1,C182,cluster20,no,yes,T07,T19
C182_F248,2-1,C182,cluster20,no,yes,T12,T15
C182_F249,2-1,C182,cluster20,no,yes,T13,T05
C182_F252,3-1,C182,cluster20,no,yes,T05,T04
C182_F254,3-2,C182,cluster20,no,yes,T20,T10
C182_F256,0-0,C182,cluster20,no,yes,T12,T05
C182_F265,1-1,C182,cluster20,no,yes,T20,T07
C182_F266,3-3,C182,cluster20,no,yes,T19,T06
C182_F270,2-3,C182,cluster20,no,yes,T20,T14
C182_F271,2-3,C182,cluster20,no,yes,T19,T22
C182_F274,2-2,C182,cluster20,no,yes,T14,T15
C182_F278,2-1,C182,cluster20,no,yes,T09,T20
C182_F280,1-2,C182,cluster20,no,yes,T10,T05
C182_F281,2-2,C182,cluster20,no,yes,T13,T20
C182_F285,1-2,C182,cluster20,no,yes,T14,T19
C182_F286,0-2,C182,cluster20,no,yes,T19,T15
C182_F287,3-2,C182,cluster20,no,yes,T18,T20
C182_F292,0-2,C182,cluster20,no,yes,T05,T09
C182_F298,0-3,C182,cluster20,no,yes,T08,T05
C182_F301,1-0,C182,cluster20,no,yes,T08,T15
C182_F304,0-0,C182,cluster20,no,yes,T19,T11
C182_F308,2-1,C182,cluster20,no,yes,T07,T15
C182_F311,4-0,C182,cluster20,no,yes,T03,T05
C182_F312,0-0,C182,cluster20,no,yes,T08,T19
C182_F316,2-2,C182,cluster20,no,yes,T01,T20
C182_F318,2-0,C182,cluster20,no,yes,T17,T15
C182_F319,1-1,C182,cluster20,no,yes,T05,T19
C182_F323,2-2,C182,cluster20,no,yes,T15,T16
C182_F330,2-2,C182,cluster20,no,yes,T15,T22
C182_F333,1-1,C182,cluster20,no,yes,T11,T20
C182_F335,0-0,C182,cluster20,no,yes,T19,T02
C182_F337,2-3,C182,cluster20,no,yes,T11,T19
C182_F340,2-1,C182,cluster20,no,yes,T19,T04
C182_F341,1-2,C182,cluster20,no,yes,T07,T05
C182_F342,1-1,C182,cluster20,no,yes,T05,T03
C182_F343,2-3,C182,cluster20,no,yes,T10,T15
C182_F344,3-0,C182,cluster20,no,yes,T20,T16
C182_F348,4-0,C182,cluster20,no,yes,T05,T10
C182_F349,0-0,C182,cluster20,no,yes,T04,T05
C182_F352,0-1,C182,cluster20,no,yes,T13,T19
C182_F356,1-0,C182,cluster20,no,yes,T15,T21
C182_F369,2-2,C182,cluster20,no,yes,T05,T16
C182_F371,1-2,C182,cluster20,no,yes,T20,T01
C182_F372,2-2,C182,cluster20,no,yes,T15,T14
C182_F374,1-1,C182,cluster20,no,yes,T19,T01
C182_F376,2-2,C182,cluster20,no,yes,T05,T17
C182_F383,1-1,C182,cluster20,no,yes,T15,T09
C182_F384,2-0,C182,cluster20,no,yes,T20,T12
C182_F385,1-3,C182,cluster20,no,yes,T19,T09
C182_F386,2-2,C182,cluster20,no,yes,T19,T14
C182_F397,2-0,C182,cluster20,no,yes,T20,T06
C182_F398,0-0,C182,cluster20,no,yes,T16,T20
C182_F399,2-1,C182,cluster20,no,yes,T05,T20
C182_F401,2-3,C182,cluster20,no,yes,T15,T13
C182_F407,2-0,C182,cluster20,no,yes,T06,T19
C182_F408,0-4,C182,cluster20,no,yes,T03,T15
C182_F410,2-1,C182,cluster20,no,yes,T19,T16
C182_F411,2-0,C182,cluster20,no,yes,T03,T20
C182_F415,6-0,C182,cluster20,no,yes,T05,T06
C182_F416,1-1,C182,cluster20,no,yes,T15,T03
C182_F417,1-1,C182,cluster20,no,yes,T05,T07
C182_F418,1-0,C182,cluster20,no,yes,T20,T22
C182_F419,1-1,C182,cluster20,no,yes,T01,T15
C182_F423,3-1,C182,cluster20,no,yes,T15,T17
C182_F427,0-0,C182,cluster20,no,yes,T21,T19
C182_F429,1-2,C182,cluster20,no,yes,T15,T18
C182_F432,2-1,C182,cluster20,no,yes,T13,T15
C182_F433,3-1,C182,cluster20,no,yes,T05,T12
C182_F439,3-1,C182,cluster20,no,yes,T20,T03
C182_F442,2-3,C182,cluster20,no,yes,T18,T15
C182_F446,1-1,C182,cluster20,no,yes,T14,T20
C182_F448,1-1,C182,cluster20,no,yes,T15,T05
C182_F449,2-0,C182,cluster20,no,yes,T16,T15
C182_F450,2-3,C182,cluster20,no,yes,T02,T19
C182_F452,0-0,C182,cluster20,no,yes,T20,T11
C182_F456,1-2,C182,cluster20,no,yes,T05,T13
C182_F457,1-2,C182,cluster20,no,yes,T17,T19
C182_F460,1-3,C182,cluster20,no,yes,T21,T20
C184_F002,1-1,C184,tail40,no,no,T08,T13
C184_F006,2-2,C184,tail40,no,no,T16,T01
C184_F009,2-2,C184,tail40,no,no,T17,T13
C184_F011,1-0,C184,tail40,no,no,T03,T14
C184_F013,2-2,C184,tail40,no,no,T11,T01
C184_F014,0-0,C184,tail40,no,no,T09,T11
C184_F018,1-1,C184,tail40,no,no,T15,T03
C184_F019,1-1,C184,tail40,no,no,T04,T09
C184_F020,0-2,C184,tail40,no,no,T17,T15
C184_F022,1-1,C184,tail40,no,no,T02,T12
C184_F023,4-0,C184,tail40,no,no,T05,T12
C184_F026,0-3,C184,tail40,no,no,T01,T14
C184_F027,3-0,C184,tail40,no,no,T15,T18
C184_F031,1-3,C184,tail40,no,no,T09,T14
C184_F035,3-2,C184,tail40,no,no,T05,T14
C184_F036,0-1,C184,tail40,no,no,T13,T01
C184_F038,4-1,C184,tail40,no,no,T11,T16
C184_F041,2-4,C184,tail40,no,no,T09,T03
C184_F045,0-2,C184,tail40,no,no,T13,T07
C184_F046,2-0,C184,tail40,no,no,T02,T05
C184_F050,1-0,C184,tail40,no,no,T03,T05
C184_F053,2-0,C184,tail40,no,no,T09,T15
C184_F054,0-6,C184,tail40,no,no,T06,T01
C184_F056,1-2,C184,tail40,no,no,T04,T06
C184_F058,0-2,C184,tail40,no,no,T10,T02
C184_F059,1-1,C184,tail40,no,no,T03,T13
C184_F060,2-1,C184,tail40,no,no,T11,T08
C184_F063,1-2,C184,tail40,no,no,T18,T04
C184_F065,1-2,C184,tail40,no,no,T09,T10
C184_F066,0-1,C184,tail40,no,no,T01,T09
C184_F067,3-1,C184,tail40,no,no,T10,T14
C184_F069,6-0,C184,tail40,no,no,T03,T16
C184_F070,1-0,C184,tail40,no,no,T12,T01
C184_F071,4-1,C184,tail40,no,no,T13,T04
C184_F072,3-0,C184,tail40,no,no,T18,T08
C184_F074,3-2,C184,tail40,no,no,T04,T15
C184_F077,0-1,C184,tail40,no,no,T04,T11
C184_F080,3-0,C184,tail40,no,no,T14,T17
C184_F082,0-0,C184,tail40,no,no,T12,T11
C184_F083,3-0,C184,tail40,no,no,T03,T11
C184_F084,2-0,C184,tail40,no,no,T05,T11
C184_F085,1-0,C184,tail40,no,no,T11,T06
C184_F087,0-0,C184,tail40,no,no,T10,T16
C184_F090,3-2,C184,tail40,no,no,T08,T06
C184_F091,0-6,C184,tail40,no,no,T01,T15
C184_F092,1-2,C184,tail40,no,no,T18,T07
C184_F094,2-2,C184,tail40,no,no,T10,T12
C184_F095,0-2,C184,tail40,no,no,T08,T12
C184_F096,1-1,C184,tail40,no,no,T04,T01
C184_F097,0-1,C184,tail40,no,no,T17,T08
C184_F104,2-2,C184,tail40,no,no,T09,T08
C184_F119,0-1,C184,tail40,no,no,T07,T15
C184_F121,2-1,C184,tail40,no,no,T07,T04
C184_F122,0-0,C184,tail40,no,no,T02,T07
C184_F134,1-3,C184,tail40,no,no,T18,T05
C184_F136,3-1,C184,tail40,no,no,T05,T06
C184_F137,1-2,C184,tail40,no,no,T09,T02
C184_F139,1-2,C184,tail40,no,no,T16,T17
C184_F140,0-2,C184,tail40,no,no,T09,T13
C184_F141,1-1,C184,tail40,no,no,T14,T08
C184_F145,0-1,C184,tail40,no,no,T10,T11
C184_F146,2-0,C184,tail40,no,no,T04,T17
C184_F147,4-4,C184,tail40,no,no,T07,T10
C184_F148,2-0,C184,tail40,no,no,T07,T12
C184_F150,1-1,C184,tail40,no,no,T01,T18
C184_F151,2-3,C184,tail40,no,no,T17,T05
C184_F152,1-0,C184,tail40,no,no,T05,T10
C184_F155,2-3,C184,tail40,no,no,T06,T17
C184_F157,1-5,C184,tail40,no,no,T08,T10
C184_F158,2-1,C184,tail40,no,no,T18,T14
C184_F159,2-1,C184,tail40,no,no,T06,T15
C184_F164,1-1,C184,tail40,no,no,T05,T09
C184_F165,0-0,C184,tail40,no,no,T13,T18
C184_F167,3-3,C184,tail40,no,no,T02,T03
C184_F168,0-0,C184,tail40,no,no,T12,T17
C184_F169,0-0,C184,tail40,no,no,T01,T07
C184_F170,0-1,C184,tail40,no,no,T02,T01
C184_F172,0-0,C184,tail40,no,no,T08,T03
C184_F173,3-0,C184,tail40,no,no,T11,T18
C184_F174,1-0,C184,tail40,no,no,T16,T06
C184_F179,3-1,C184,tail40,no,no,T14,T04
C184_F184,3-0,C184,tail40,no,no,T16,T05
C184_F185,2-1,C184,tail40,no,no,T08,T16
C184_F186,2-0,C184,tail40,no,no,T08,T02
C184_F195,1-0,C184,tail40,no,no,T03,T06
C184_F200,1-1,C184,tail40,no,no,T02,T13
C184_F201,2-1,C184,tail40,no,no,T16,T02
C184_F207,0-1,C184,tail40,no,no,T06,T07
C184_F208,3-1,C184,tail40,no,no,T12,T13
C184_F211,1-3,C184,tail40,no,no,T15,T05
C184_F214,2-0,C184,tail40,no,no,T14,T07
C184_F215,2-1,C184,tail40,no,no,T12,T18
C184_F222,1-1,C184,tail40,no,no,T06,T09
C184_F225,1-1,C184,tail40,no,no,T03,T01
C184_F226,4-0,C184,tail40,no,no,T14,T12
C184_F229,2-6,C184,tail40,no,no,T13,T06
C184_F230,3-3,C184,tail40,no,no,T08,T04
C184_F231,2-2,C184,tail40,no,no,T16,T04
C184_F234,1-1,C184,tail40,no,no,T14,T02
C184_F235,2-1,C184,tail40,no,no,T02,T15
C184_F236,4-0,C184,tail40,no,no,T03,T17
C184_F238,2-1,C184,tail40,no,no,T14,T11
C184_F241,1-1,C184,tail40,no,no,T12,T16
C184_F242,3-0,C184,tail40,no,no,T07,T11
C184_F251,1-2,C184,tail40,no,no,T17,T07
C184_F253,2-4,C184,tail40,no,no,T13,T14
C184_F254,5-1,C184,tail40,no,no,T15,T10
C184_F257,1-2,C184,tail40,no,no,T04,T03
C184_F260,0-0,C184,tail40,no,no,T05,T07
C184_F263,3-2,C184,tail40,no,no,T15,T08
C184_F266,2-1,C184,tail40,no,no,T17,T18
C184_F267,2-2,C184,tail40,no,no,T13,T16
C184_F270,2-0,C184,tail40,no,no,T15,T16
C184_F272,1-1,C184,tail40,no,no,T17,T09
C184_F273,1-0,C184,tail40,no,no,T18,T02
C184_F278,1-2,C184,tail40,no,no,T01,T05
C184_F280,0-0,C184,tail40,no,no,T15,T13
C184_F285,5-3,C184,tail40,no,no,T06,T12
C184_F287,0-0,C184,tail40,no,no,T10,T03
C184_F290,0-1,C184,tail40,no,no,T10,T17
C184_F291,3-1,C184,tail40,no,no,T11,T02
C184_F293,2-2,C184,tail40,no,no,T07,T09
C184_F294,0-1,C184,tail40,no,no,T06,T10
C184_F302,1-2,C184,tail40,no,no,T16,T18
C184_F304,2-1,C184,tail40,no,no,T04,T12
C184_F305,3-1,C184,tail40,no,no,T18,T10
C185_F001,3-3,C185,tail40,no,yes,T02,T05
C185_F002,2-1,C185,tail40,no,yes,T01,T06
C185_F005,2-2,C185,tail40,no,yes,T08,T01
C185_F006,2-1,C185,tail40,no,yes,T05,T01
C185_F007,1-1,C185,tail40,no,yes,T01,T02
C185_F010,3-2,C185,tail40,no,yes,T02,T03
C185_F013,1-2,C185,tail40,no,yes,T05,T02
C185_F016,0-1,C185,tail40,no,yes,T05,T04
C185_F018,4-2,C185,tail40,no,yes,T03,T07
C185_F019,3-0,C185,tail40,no,yes,T03,T09
C185_F022,1-0,C185,tail40,no,yes,T03,T02
C185_F023,3-0,C185,tail40,no,yes,T10,T09
C185_F024,1-0,C185,tail40,no,yes,T09,T04
C185_F028,1-1,C185,tail40,no,yes,T05,T10
C185_F029,2-1,C185,tail40,no,yes,T03,T01
C185_F031,2-0,C185,tail40,no,yes,T07,T08
C185_F034,1-2,C185,tail40,no,yes,T01,T10
C185_F035,1-1,C185,tail40,no,yes,T10,T01
C185_F037,1-2,C185,tail40,no,yes,T10,T06
C185_F038,3-2,C185,tail40,no,yes,T09,T08
C185_F039,1-1,C185,tail40,no,yes,T09,T05
C185_F040,7-0,C185,tail40,no,yes,T09,T03
C185_F042,0-0,C185,tail40,no,yes,T04,T10
C185_F044,0-1,C185,tail40,no,yes,T01,T05
C185_F045,1-0,C185,tail40,no,yes,T08,T09
C185_F046,0-2,C185,tail40,no,yes,T09,T06
C185_F047,3-1,C185,tail40,no,yes,T01,T07
C185_F051,3-0,C185,tail40,no,yes,T06,T05
C185_F052,3-1,C185,tail40,no,yes,T03,T08
C185_F059,4-0,C185,tail40,no,yes,T03,T06
C185_F061,1-1,C185,tail40,no,yes,T06,T04
C185_F062,2-1,C185,tail40,no,yes,T10,T02
C185_F063,1-0,C185,tail40,no,yes,T07,T06
C185_F064,2-1,C185,tail40,no,yes,T08,T10
C185_F065,1-1,C185,tail40,no,yes,T02,T08
C185_F069,2-2,C185,tail40,no,yes,T06,T09
C185_F072,3-1,C185,tail40,no,yes,T07,T09
C185_F073,4-1,C185,tail40,no,yes,T01,T03
C185_F076,3-0,C185,tail40,no,yes,T10,T08
C185_F077,1-4,C185,tail40,no,yes,T01,T04
C185_F078,1-1,C185,tail40,no,yes,T04,T01
C185_F087,0-1,C185,tail40,no,yes,T06,T02
C185_F091,1-3,C185,tail40,no,yes,T02,T10
C185_F093,0-0,C185,tail40,no,yes,T03,T05
C185_F094,1-1,C185,tail40,no,yes,T06,T07
C185_F096,2-1,C185,tail40,no,yes,T08,T04
C185_F097,2-1,C185,tail40,no,yes,T08,T05
C185_F102,1-1,C185,tail40,no,yes,T08,T07
C185_F105,0-1,C185,tail40,no,yes,T04,T03
C185_F107,0-3,C185,tail40,no,yes,T04,T06
C185_F109,0-0,C185,tail40,no,yes,T08,T06
C185_F114,2-0,C185,tail40,no,yes,T08,T03
C185_F116,1-1,C185,tail40,no,yes,T06,T10
C185_F125,2-2,C185,tail40,no,yes,T04,T09
C185_F129,2-3,C185,tail40,no,yes,T10,T07
C185_F131,1-0,C185,tail40,no,yes,T07,T02
C185_F133,1-3,C185,tail40,no,yes,T07,T03
C185_F134,2-1,C185,tail40,no,yes,T04,T08
C185_F135,0-2,C185,tail40,no,yes,T02,T01
C185_F142,1-0,C185,tail40,no,yes,T05,T09
C185_F143,0-0,C185,tail40,no,yes,T07,T04
C185_F144,1-2,C185,tail40,no,yes,T06,T01
C185_F146,1-2,C185,tail40,no,yes,T05,T07
C185_F147,2-3,C185,tail40,no,yes,T05,T07
C185_F152,0-1,C185,tail40,no,yes,T05,T08
C185_F154,3-0,C185,tail40,no,yes,T04,T02
C185_F155,0-2,C185,tail40,no,yes,T07,T10
C185_F160,1-0,C185,tail40,no,yes,T01,T09
C185_F163,3-0,C185,tail40,no,yes,T02,T04
C185_F165,3-3,C185,tail40,no,yes,T05,T03
C185_F167,1-1,C185,tail40,no,yes,T10,T04
C185_F170,1-2,C185,tail40,no,yes,T09,T07
C185_F173,2-3,C185,tail40,no,yes,T09,T02
C185_F175,2-0,C185,tail40,no,yes,T02,T06
C185_F177,0-3,C185,tail40,no,yes,T03,T10
C188_F004,3-1,C188,tailhalf40,yes,yes,T13,T16
C188_F007,0-0,C188,tailhalf40,yes,yes,T01,T03
C188_F008,0-3,C188,tailhalf40,yes,yes,T12,T16
C188_F009,1-1,C188,tailhalf40,yes,yes,T03,T10
C188_F011,3-1,C188,tailhalf40,yes,yes,T04,T16
C188_F013,1-2,C188,tailhalf40,yes,yes,T18,T04
C188_F014,1-0,C188,tailhalf40,yes,yes,T08,T01
C188_F015,1-1,C188,tailhalf40,yes,yes,T02,T07
C188_F019,2-0,C188,tailhalf40,yes,yes,T16,T14
C188_F021,1-0,C188,tailhalf40,yes,yes,T10,T13
C188_F023,1-1,C188,tailhalf40,yes,yes,T13,T01
C188_F028,1-1,C188,tailhalf40,yes,yes,T09,T03
C188_F030,1-0,C188,tailhalf40,yes,yes,T16,T18
C188_F031,2-2,C188,tailhalf40,yes,yes,T15,T18
C188_F034,1-2,C188,tailhalf40,yes,yes,T08,T15
C188_F036,1-2,C188,tailhalf40,yes,yes,T07,T13
C188_F038,0-2,C188,tailhalf40,yes,yes,T15,T13
C188_F039,1-0,C188,tailhalf40,yes,yes,T11,T14
C188_F044,1-1,C188,tailhalf40,yes,yes,T12,T07
C188_F047,1-5,C188,tailhalf40,yes,yes,T09,T04
C188_F048,2-1,C188,tailhalf40,yes,yes,T18,T11
C188_F053,1-0,C188,tailhalf40,yes,yes,T12,T05
C188_F054,2-1,C188,tailhalf40,yes,yes,T15,T09
C188_F060,1-1,C188,tailhalf40,yes,yes,T01,T06
C188_F062,2-3,C188,tailhalf40,yes,yes,T10,T02
C188_F066,0-0,C188,tailhalf40,yes,yes,T01,T11
C188_F069,3-1,C188,tailhalf40,yes,yes,T04,T12
C188_F071,1-2,C188,tailhalf40,yes,yes,T03,T15
C188_F078,2-1,C188,tailhalf40,yes,yes,T13,T17
C188_F080,0-2,C188,tailhalf40,yes,yes,T15,T04
C188_F081,0-1,C188,tailhalf40,yes,yes,T11,T05
C188_F086,0-2,C188,tailhalf40,yes,yes,T18,T02
C188_F089,6-2,C188,tailhalf40,yes,yes,T05,T10
C188_F091,0-1,C188,tailhalf40,yes,yes,T13,T06
C188_F093,0-1,C188,tailhalf40,yes,yes,T03,T06
C188_F094,0-0,C188,tailhalf40,yes,yes,T09,T18
C188_F096,2-1,C188,tailhalf40,yes,yes,T03,T12
C188_F098,1-0,C188,tailhalf40,yes,yes,T13,T12
C188_F100,0-2,C188,tailhalf40,yes,yes,T06,T17
C188_F102,3-2,C188,tailhalf40,yes,yes,T08,T09
C188_F113,1-0,C188,tailhalf40,yes,yes,T18,T01
C188_F115,0-5,C188,tailhalf40,yes,yes,T12,T17
C188_F116,1-2,C188,tailhalf40,yes,yes,T13,T18
C188_F118,0-1,C188,tailhalf40,yes,yes,T09,T06
C188_F119,0-0,C188,tailhalf40,yes,yes,T05,T03
C188_F121,1-3,C188,tailhalf40,yes,yes,T02,T14
C188_F126,2-2,C188,tailhalf40,yes,yes,T10,T16
C188_F127,1-1,C188,tailhalf40,yes,yes,T05,T09
C188_F128,0-1,C188,tailhalf40,yes,yes,T01,T04
C188_F129,2-0,C188,tailhalf40,yes,yes,T14,T08
C188_F130,3-0,C188,tailhalf40,yes,yes,T09,T10
C188_F135,2-2,C188,tailhalf40,yes,yes,T17,T08
C188_F136,2-1,C188,tailhalf40,yes,yes,T14,T15
C188_F137,2-0,C188,tailhalf40,yes,yes,T10,T14
C188_F139,1-2,C188,tailhalf40,yes,yes,T02,T15
C188_F143,0-6,C188,tailhalf40,yes,yes,T12,T08
C188_F145,2-0,C188,tailhalf40,yes,yes,T17,T15
C188_F146,0-1,C188,tailhalf40,yes,yes,T07,T03
C188_F148,0-0,C188,tailhalf40,yes,yes,T17,T01
C188_F150,0-1,C188,tailhalf40,yes,yes,T14,T01
C188_F153,3-3,C188,tailhalf40,yes,yes,T18,T07
C188_F154,3-0,C188,tailhalf40,yes,yes,T04,T05
C188_F155,2-1,C188,tailhalf40,yes,yes,T17,T05
C188_F156,2-1,C188,tailhalf40,yes,yes,T03,T16
C188_F157,1-3,C188,tailhalf40,yes,yes,T10,T11
C188_F158,1-6,C188,tailhalf40,yes,yes,T18,T10
C188_F162,1-2,C188,tailhalf40,yes,yes,T02,T17
C188_F168,2-0,C188,tailhalf40,yes,yes,T14,T03
C188_F169,4-2,C188,tailhalf40,yes,yes,T04,T02
C188_F173,1-1,C188,tailhalf40,yes,yes,T14,T04
C188_F175,2-2,C188,tailhalf40,yes,yes,T06,T16
C188_F178,2-3,C188,tailhalf40,yes,yes,T07,T16
C188_F183,2-1,C188,tailhalf40,yes,yes,T10,T01
C188_F188,0-8,C188,tailhalf40,yes,yes,T08,T02
C188_F191,0-2,C188,tailhalf40,yes,yes,T03,T13
C188_F192,1-1,C188,tailhalf40,yes,yes,T01,T12
C188_F196,2-3,C188,tailhalf40,yes,yes,T15,T12
C188_F197,3-0,C188,tailhalf40,yes,yes,T09,T17
C188_F206,1-1,C188,tailhalf40,yes,yes,T02,T11
C188_F208,1-1,C188,tailhalf40,yes,yes,T05,T07
C188_F209,1-1,C188,tailhalf40,yes,yes,T14,T12
C188_F211,1-2,C188,tailhalf40,yes,yes,T04,T13
C188_F212,0-0,C188,tailhalf40,yes,yes,T05,T06
C188_F213,1-1,C188,tailhalf40,yes,yes,T01,T09
C188_F214,2-1,C188,tailhalf40,yes,yes,T18,T14
C188_F215,1-1,C188,tailhalf40,yes,yes,T06,T02
C188_F216,0-1,C188,tailhalf40,yes,yes,T02,T13
C188_F219,0-2,C188,tailhalf40,yes,yes,T07,T17
C188_F220,0-2,C188,tailhalf40,yes,yes,T03,T11
C188_F222,2-2,C188,tailhalf40,yes,yes,T16,T17
C188_F225,3-0,C188,tailhalf40,yes,yes,T10,T07
C188_F228,2-1,C188,tailhalf40,yes,yes,T06,T04
C188_F229,1-2,C188,tailhalf40,yes,yes,T17,T10
C188_F232,2-1,C188,tailhalf40,yes,yes,T13,T08
C188_F234,2-2,C188,tailhalf40,yes,yes,T18,T03
C188_F237,1-0,C188,tailhalf40,yes,yes,T06,T07
C188_F239,3-0,C188,tailhalf40,yes,yes,T11,T13
C188_F240,1-1,C188,tailhalf40,yes,yes,T16,T05
C188_F243,3-2,C188,tailhalf40,yes,yes,T12,T06
C188_F244,3-0,C188,tailhalf40,yes,yes,T02,T09
C188_F245,0-1,C188,tailhalf40,yes,yes,T04,T08
C188_F246,0-2,C188,tailhalf40,yes,yes,T15,T05
C188_F254,1-3,C188,tailhalf40,yes,yes,T06,T10
C188_F265,1-4,C188,tailhalf40,yes,yes,T17,T04
C188_F266,3-0,C188,tailhalf40,yes,yes,T04,T11
C188_F268,1-2,C188,tailhalf40,yes,yes,T07,T01
C188_F270,1-2,C188,tailhalf40,yes,yes,T08,T05
C188_F271,1-1,C188,tailhalf40,yes,yes,T16,T15
C188_F272,0-1,C188,tailhalf40,yes,yes,T15,T11
C188_F274,1-1,C188,tailhalf40,yes,yes,T11,T07
C188_F276,1-1,C188,tailhalf40,yes,yes,T11,T12
C188_F277,1-0,C188,tailhalf40,yes,yes,T08,T18
C188_F278,4-1,C188,tailhalf40,yes,yes,T16,T01
C188_F279,1-0,C188,tailhalf40,yes,yes,T05,T02
C188_F282,2-1,C188,tailhalf40,yes,yes,T07,T08
C188_F283,1-0,C188,tailhalf40,yes,yes,T05,T14
C188_F285,1-2,C188,tailhalf40,yes,yes,T09,T11
C188_F286,2-2,C188,tailhalf40,yes,yes,T07,T09
C188_F287,0-4,C188,tailhalf40,yes,yes,T08,T06
C188_F294,5-0,C188,tailhalf40,yes,yes,T16,T02
C188_F296,0-2,C188,tailhalf40,yes,yes,T09,T14
C188_F299,2-2,C188,tailhalf40,yes,yes,T14,T17
C188_F300,4-1,C188,tailhalf40,yes,yes,T10,T15
C188_F302,1-1,C188,tailhalf40,yes,yes,T08,T03
C188_F303,2-0,C188,tailhalf40,yes,yes,T06,T11
C188_F304,2-3,C188,tailhalf40,yes,yes,T12,T18
C189_F006,0-0,C189,scatter40,no,no,T08,T19
C189_F007,1-0,C189,scatter40,no,no,T09,T11
C189_F008,1-1,C189,scatter40,no,no,T12,T21
C189_F009,1-0,C189,scatter40,no,no,T06,T03
C189_F010,1-1,C189,scatter40,no,no,T01,T03
C189_F011,3-0,C189,scatter40,no,no,T07,T11
C189_F013,1-1,C189,scatter40,no,no,T12,T09
C189_F015,0-0,C189,scatter40,no,no,T09,T13
C189_F022,2-2,C189,scatter40,no,no,T18,T04
C189_F023,1-0,C189,scatter40,no,no,T11,T19
C189_F024,0-2,C189,scatter40,no,no,T18,T22
C189_F025,1-0,C189,scatter40,no,no,T03,T12
C189_F026,4-1,C189,scatter40,no,no,T11,T12
C189_F027,2-2,C189,scatter40,no,no,T22,T01
C189_F028,2-2,C189,scatter40,no,no,T20,T08
C189_F030,1-1,C189,scatter40,no,no,T06,T11
C189_F033,3-0,C189,scatter40,no,no,T17,T12
C189_F036,1-3,C189,scatter40,no,no,T14,T10
C189_F040,1-0,C189,scatter40,no,no,T13,T15
C189_F042,0-0,C189,scatter40,no,no,T22,T09
C189_F043,2-3,C189,scatter40,no,no,T10,T09
C189_F044,2-0,C189,scatter40,no,no,T17,T02
C189_F045,0-2,C189,scatter40,no,no,T22,T17
C189_F046,0-1,C189,scatter40,no,no,T07,T17
C189_F050,0-0,C189,scatter40,no,no,T13,T23
C189_F051,1-1,C189,scatter40,no,no,T07,T03
C189_F052,1-2,C189,scatter40,no,no,T20,T24
C189_F054,1-2,C189,scatter40,no,no,T02,T16
C189_F056,1-0,C189,scatter40,no,no,T24,T22
C189_F059,2-1,C189,scatter40,no,no,T18,T21
C189_F061,5-1,C189,scatter40,no,no,T22,T15
C189_F063,0-1,C189,scatter40,no,no,T23,T14
C189_F064,1-2,C189,scatter40,no,no,T02,T24
C189_F066,3-0,C189,scatter40,no,no,T07,T06
C189_F067,1-0,C189,scatter40,no,no,T03,T11
C189_F068,0-0,C189,scatter40,no,no,T01,T09
C189_F074,1-1,C189,scatter40,no,no,T05,T11
C189_F076,2-2,C189,scatter40,no,no,T01,T11
C189_F077,2-0,C189,scatter40,no,no,T05,T17
C189_F078,1-1,C189,scatter40,no,no,T23,T17
C189_F079,0-2,C189,scatter40,no,no,T11,T01
C189_F081,2-3,C189,scatter40,no,no,T21,T07
C189_F082,1-2,C189,scatter40,no,no,T20,T13
C189_F090,1-2,C189,scatter40,no,no,T05,T03
C189_F097,4-0,C189,scatter40,no,no,T04,T13
C189_F100,4-1,C189,scatter40,no,no,T02,T13
C189_F102,1-2,C189,scatter40,no,no,T13,T09
C189_F104,4-0,C189,scatter40,no,no,T13,T16
C189_F106,1-1,C189,scatter40,no,no,T04,T11
C189_F108,1-1,C189,scatter40,no,no,T12,T19
C189_F109,2-2,C189,scatter40,no,no,T20,T15
C189_F110,2-1,C189,scatter40,no,no,T02,T19
C189_F111,1-0,C189,scatter40,no,no,T05,T16
C189_F118,0-0,C189,scatter40,no,no,T16,T13
C189_F120,2-1,C189,scatter40,no,no,T19,T21
C189_F121,0-2,C189,scatter40,no,no,T24,T21
C189_F122,1-0,C189,scatter40,no,no,T24,T14
C189_F123,3-2,C189,scatter40,no,no,T01,T18
C189_F124,0-1,C189,scatter40,no,no,T05,T23
C189_F130,1-3,C189,scatter40,no,no,T23,T13
C189_F131,2-0,C189,scatter40,no,no,T06,T01
C189_F133,2-2,C189,scatter40,no,no,T09,T24
C189_F134,1-0,C189,scatter40,no,no,T18,T17
C189_F137,1-1,C189,scatter40,no,no,T10,T22
C189_F138,2-2,C189,scatter40,no,no,T19,T14
C189_F139,2-0,C189,scatter40,no,no,T22,T23
C189_F143,3-1,C189,scatter40,no,no,T06,T16
C189_F146,2-2,C189,scatter40,no,no,T24,T05
C189_F156,2-1,C189,scatter40,no,no,T06,T02
C189_F159,0-1,C189,scatter40,no,no,T12,T15
C189_F166,2-2,C189,scatter40,no,no,T17,T21
C189_F168,3-1,C189,scatter40,no,no,T22,T13
C189_F174,1-1,C189,scatter40,no,no,T14,T02
C189_F175,1-0,C189,scatter40,no,no,T11,T13
C189_F176,1-2,C189,scatter40,no,no,T21,T01
C189_F180,2-3,C189,scatter40,no,no,T19,T02
C189_F181,0-1,C189,scatter40,no,no,T08,T04
C189_F184,0-1,C189,scatter40,no,no,T03,T21
C189_F188,1-1,C189,scatter40,no,no,T04,T15
C189_F189,2-2,C189,scatter40,no,no,T02,T22
C189_F192,0-1,C189,scatter40,no,no,T17,T09
C189_F193,1-2,C189,scatter40,no,no,T17,T15
C189_F194,2-1,C189,scatter40,no,no,T15,T21
C189_F203,0-0,C189,scatter40,no,no,T14,T16
C189_F209,2-0,C189,scatter40,no,no,T09,T10
C189_F210,1-2,C189,scatter40,no,no,T02,T04
C189_F214,1-1,C189,scatter40,no,no,T12,T07
C189_F217,2-0,C189,scatter40,no,no,T21,T11
C189_F219,1-2,C189,scatter40,no,no,T11,T07
C189_F221,3-2,C189,scatter40,no,no,T09,T22
C189_F222,2-1,C189,scatter40,no,no,T08,T22
C189_F226,1-1,C189,scatter40,no,no,T07,T05
C189_F227,1-1,C189,scatter40,no,no,T09,T21
C189_F229,0-0,C189,scatter40,no,no,T11,T06
C189_F232,1-3,C189,scatter40,no,no,T12,T17
C189_F233,4-0,C189,scatter40,no,no,T04,T12
C189_F234,3-0,C189,scatter40,no,no,T18,T12
C189_F236,1-0,C189,scatter40,no,no,T16,T22
C189_F238,2-1,C189,scatter40,no,no,T11,T23
C189_F241,2-3,C189,scatter40,no,no,T05,T24
C189_F242,1-2,C189,scatter40,no,no,T21,T06
C189_F246,4-1,C189,scatter40,no,no,T07,T12
C189_F247,2-2,C189,scatter40,no,no,T14,T20
C189_F249,1-0,C189,scatter40,no,no,T11,T10
C189_F250,1-1,C189,scatter40,no,no,T21,T12
C189_F253,0-0,C189,scatter40,no,no,T01,T22
C189_F257,2-1,C189,scatter40,no,no,T13,T21
C189_F258,2-1,C189,scatter40,no,no,T04,T24
C189_F263,4-4,C189,scatter40,no,no,T19,T16
C189_F271,1-1,C189,scatter40,no,no,T16,T12
C189_F273,0-0,C189,scatter40,no,no,T04,T14
C189_F275,2-2,C189,scatter40,no,no,T08,T15
C189_F276,0-2,C189,scatter40,no,no,T09,T17
C189_F281,1-1,C189,scatter40,no,no,T10,T01
C189_F283,2-0,C189,scatter40,no,no,T23,T22
C189_F285,2-1,C189,scatter40,no,no,T20,T16
C189_F292,1-0,C189,scatter40,no,no,T22,T24
C189_F295,1-1,C189,scatter40,no,no,T10,T07
C189_F296,1-2,C189,scatter40,no,no,T23,T08
C189_F297,1-0,C189,scatter40,no,no,T02,T15
C189_F299,0-2,C189,scatter40,no,no,T15,T05
C189_F300,0-1,C189,scatter40,no,no,T18,T23
C189_F301,1-1,C189,scatter40,no,no,T13,T17
C189_F303,2-3,C189,scatter40,no,no,T16,T19
C189_F304,4-0,C189,scatter40,no,no,T17,T04
C189_F307,3-0,C189,scatter40,no,no,T23,T19
C189_F312,2-3,C189,scatter40,no,no,T08,T10
C189_F313,1-0,C189,scatter40,no,no,T03,T23
C189_F317,0-0,C189,scatter40,no,no,T08,T12
C189_F319,0-1,C189,scatter40,no,no,T11,T16
C189_F320,2-0,C189,scatter40,no,no,T09,T23
C189_F322,2-1,C189,scatter40,no,no,T22,T16
C189_F324,0-3,C189,scatter40,no,no,T22,T18
C189_F325,2-1,C189,scatter40,no,no,T15,T17
C189_F329,3-0,C189,scatter40,no,no,T07,T04
C189_F330,1-0,C189,scatter40,no,no,T19,T12
C189_F338,1-0,C189,scatter40,no,no,T04,T19
C189_F340,2-2,C189,scatter40,no,no,T06,T10
C189_F343,0-1,C189,scatter40,no,no,T16,T24
C189_F344,2-0,C189,scatter40,no,no,T20,T14
C189_F345,3-2,C189,scatter40,no,no,T24,T06
C189_F348,1-1,C189,scatter40,no,no,T11,T02
C189_F352,1-0,C189,scatter40,no,no,T20,T03
C189_F353,2-1,C189,scatter40,no,no,T18,T13
C189_F359,3-1,C189,scatter40,no,no,T01,T05
C189_F360,2-2,C189,scatter40,no,no,T18,T02
C189_F362,3-0,C189,scatter40,no,no,T04,T08
C189_F364,1-2,C189,scatter40,no,no,T20,T19
C189_F365,3-4,C189,scatter40,no,no,T19,T09
C189_F367,1-2,C189,scatter40,no,no,T13,T19
C189_F369,0-1,C189,scatter40,no,no,T19,T13
C189_F370,0-2,C189,scatter40,no,no,T20,T05
C189_F373,2-0,C189,scatter40,no,no,T05,T12
C189_F376,1-5,C189,scatter40,no,no,T16,T07
C189_F378,2-1,C189,scatter40,no,no,T05,T19
C189_F380,2-1,C189,scatter40,no,no,T08,T14
C189_F381,2-1,C189,scatter40,no,no,T16,T14
C189_F382,1-0,C189,scatter40,no,no,T05,T02
C189_F386,2-1,C189,scatter40,no,no,T09,T15
C189_F388,2-1,C189,scatter40,no,no,T17,T23
C189_F390,0-2,C189,scatter40,no,no,T12,T03
C189_F395,1-1,C189,scatter40,no,no,T06,T21
C189_F397,3-1,C189,scatter40,no,no,T16,T02
C189_F399,3-0,C189,scatter40,no,no,T18,T15
C189_F400,0-0,C189,scatter40,no,no,T20,T21
C189_F402,4-0,C189,scatter40,no,no,T22,T08
C189_F403,3-0,C189,scatter40,no,no,T18,T09
C189_F406,2-0,C189,scatter40,no,no,T02,T05
C189_F407,6-1,C189,scatter40,no,no,T03,T20
C189_F408,2-1,C189,scatter40,no,no,T16,T04
C189_F411,0-0,C189,scatter40,no,no,T06,T17
C189_F412,1-1,C189,scatter40,no,no,T23,T03
C189_F414,0-0,C189,scatter40,no,no,T14,T05
C189_F415,0-1,C189,scatter40,no,no,T02,T01
C189_F417,2-0,C189,scatter40,no,no,T09,T01
C189_F418,2-3,C189,scatter40,no,no,T12,T13
C189_F420,2-1,C189,scatter40,no,no,T01,T12
C189_F425,1-0,C189,scatter40,no,no,T14,T19
C189_F427,1-2,C189,scatter40,no,no,T07,T09
C189_F429,1-1,C189,scatter40,no,no,T04,T05
C189_F430,1-3,C189,scatter40,no,no,T16,T21
C189_F435,2-3,C189,scatter40,no,no,T08,T16
C189_F437,2-3,C189,scatter40,no,no,T06,T19
C189_F440,3-2,C189,scatter40,no,no,T10,T15
C189_F441,2-2,C189,scatter40,no,no,T24,T12
C189_F442,3-2,C189,scatter40,no,no,T18,T10
C189_F444,2-0,C189,scatter40,no,no,T13,T12
C189_F449,1-2,C189,scatter40,no,no,T06,T15
C189_F455,1-0,C189,scatter40,no,no,T14,T03
C189_F457,1-1,C189,scatter40,no,no,T24,T11
C189_F458,0-0,C189,scatter40,no,no,T01,T13
C189_F464,0-2,C189,scatter40,no,no,T04,T16
C189_F467,0-2,C189,scatter40,no,no,T04,T06
C189_F468,1-1,C189,scatter40,no,no,T12,T20
C189_F469,0-3,C189,scatter40,no,no,T09,T18
C189_F471,0-4,C189,scatter40,no,no,T17,T07
C189_F477,1-0,C189,scatter40,no,no,T21,T24
C189_F478,1-1,C189,scatter40,no,no,T15,T03
C189_F481,2-0,C189,scatter40,no,no,T12,T10
C189_F486,2-0,C189,scatter40,no,no,T21,T23
C189_F487,1-1,C189,scatter40,no,no,T07,T18
C189_F494,4-1,C189,scatter40,no,no,T06,T05
C189_F496,3-1,C189,scatter40,no,no,T18,T20
C189_F497,2-2,C189,scatter40,no,no,T18,T03
C189_F501,3-1,C189,scatter40,no,no,T03,T10
C189_F502,1-0,C189,scatter40,no,no,T06,T08
C189_F503,4-0,C189,scatter40,no,no,T22,T20
C189_F507,0-1,C189,scatter40,no,no,T24,T18
C189_F508,2-0,C189,scatter40,no,no,T22,T19
C189_F510,3-1,C189,scatter40,no,no,T22,T14
C189_F512,1-2,C189,scatter40,no,no,T10,T20
C189_F515,2-0,C189,scatter40,no,no,T11,T24
C189_F518,0-0,C189,scatter40,no,no,T21,T05
C189_F521,0-3,C189,scatter40,no,no,T03,T09
C189_F529,0-1,C189,scatter40,no,no,T08,T06
C189_F531,2-0,C189,scatter40,no,no,T24,T20
C189_F536,3-2,C189,scatter40,no,no,T10,T11
C189_F538,1-2,C189,scatter40,no,no,T05,T06
C189_F541,1-1,C189,scatter40,no,no,T24,T17
C189_F545,3-2,C189,scatter40,no,no,T12,T05
C189_F550,0-4,C189,scatter40,no,no,T08,T05
