id,target,certain
C005_F001,1-0,0
C005_F003,1-0,0
C005_F004,1-0,0
C005_F005,1-0,0
C005_F007,1-0,0
C005_F008,1-0,0
C005_F009,1-0,0
C005_F010,1-0,0
C005_F011,1-0,0
C005_F012,1-0,0
C005_F013,1-0,0
C005_F016,1-0,0
C005_F017,1-0,0
C005_F018,1-0,0
C005_F019,1-0,0
C005_F021,1-0,0
C005_F022,1-0,0
C005_F024,1-0,0
C005_F025,1-0,0
C005_F027,1-0,0
C005_F029,1-0,0
C005_F030,1-0,0
C005_F033,1-0,0
C005_F034,1-0,0
C005_F035,1-0,0
C005_F036,1-0,0
C005_F037,1-0,0
C005_F038,1-0,0
C005_F041,1-0,0
C005_F044,1-0,0
C005_F045,1-0,0
C005_F046,1-0,0
C005_F047,1-0,0
C005_F048,1-0,0
C005_F049,1-0,0
C005_F052,1-0,0
C005_F057,1-0,0
C005_F058,1-0,0
C005_F059,1-0,0
C005_F063,1-0,0
C005_F064,1-0,0
C005_F069,1-0,0
C005_F070,1-0,0
C005_F071,1-0,0
C005_F073,1-0,0
C005_F077,1-0,0
C005_F078,1-0,0
C005_F079,1-0,0
C005_F080,1-0,0
C005_F081,1-0,0
C005_F082,1-0,0
C005_F084,1-0,0
C005_F085,1-0,0
C005_F086,1-0,0
C005_F087,1-0,0
C005_F089,1-0,0
C005_F090,1-0,0
C005_F092,1-0,0
C005_F093,1-0,0
C005_F097,1-0,0
C005_F098,1-0,0
C005_F101,1-0,0
C005_F103,1-0,0
C005_F104,1-0,0
C005_F106,1-0,0
C005_F109,1-0,0
C005_F110,1-0,0
C005_F112,1-0,0
C005_F113,1-0,0
C005_F115,1-0,0
C005_F116,1-0,0
C005_F118,1-0,0
C005_F120,1-0,0
C005_F123,1-0,0
C005_F124,1-0,0
C005_F126,1-0,0
C005_F128,1-0,0
C005_F129,1-0,0
C005_F131,1-0,0
C005_F132,1-0,0
C005_F135,1-0,0
C005_F136,1-0,0
C005_F139,1-0,0
C005_F141,1-0,0
C005_F142,1-0,0
C005_F143,1-0,0
C005_F144,1-0,0
C005_F149,1-0,0
C005_F150,1-0,0
C005_F151,1-0,0
C005_F152,1-0,0
C005_F153,1-0,0
C005_F154,1-0,0
C005_F155,1-0,0
C005_F156,1-0,0
C005_F159,1-0,0
C005_F160,1-0,0
C005_F161,1-0,0
C005_F162,1-0,0
C005_F165,1-0,0
C005_F167,1-0,0
C005_F170,1-0,0
C005_F171,1-0,0
C005_F172,1-0,0
C005_F173,1-0,0
C005_F175,1-0,0
C005_F178,1-0,0
C005_F179,1-0,0
C005_F180,1-0,0
C005_F181,1-0,0
C005_F183,1-0,0
C005_F185,1-0,0
C005_F189,1-0,0
C005_F193,1-0,0
C005_F194,1-0,0
C005_F195,1-0,0
C005_F196,1-0,0
C005_F197,1-0,0
C005_F199,1-0,0
C005_F200,1-0,0
C005_F201,1-0,0
C005_F205,1-0,0
C005_F206,1-0,0
C005_F207,1-0,0
C005_F208,1-0,0
C005_F210,1-0,0
C005_F212,1-0,0
C005_F213,1-0,0
C005_F214,1-0,0
C005_F215,1-0,0
C005_F217,1-0,0
C005_F222,1-0,0
C005_F223,1-0,0
C005_F224,1-0,0
C005_F229,1-0,0
C005_F231,1-0,0
C005_F232,1-0,0
C005_F234,1-0,0
C005_F235,1-0,0
C005_F236,1-0,0
C005_F237,1-0,0
C005_F238,1-0,0
C005_F239,1-0,0
C005_F240,1-0,0
C012_F002,1-0,0
C012_F004,1-0,0
C012_F006,1-0,0
C012_F008,1-0,0
C012_F011,1-0,0
C012_F012,1-0,0
C012_F015,1-0,0
C012_F017,1-0,0
C012_F021,1-0,0
C012_F022,1-0,0
C012_F023,1-0,0
C012_F024,1-0,0
C012_F025,1-0,0
C012_F026,1-0,0
C012_F028,1-0,0
C012_F029,1-0,0
C012_F032,1-0,0
C012_F033,1-0,0
C012_F034,1-0,0
C012_F035,1-0,0
C012_F036,1-0,0
C012_F037,1-0,0
C012_F038,1-0,0
C012_F040,1-0,0
C012_F042,1-0,0
C012_F043,1-0,0
C012_F047,1-0,0
C012_F048,1-0,0
C012_F049,1-0,0
C012_F050,1-0,0
C012_F051,1-0,0
C012_F052,1-0,0
C012_F053,1-0,0
C012_F054,1-0,0
C012_F056,1-0,0
C012_F057,1-0,0
C012_F059,1-0,0
C012_F061,1-0,0
C012_F062,1-0,0
C012_F063,1-0,0
C012_F065,1-0,0
C012_F066,1-0,0
C012_F068,1-0,0
C012_F070,1-0,0
C012_F071,1-0,0
C012_F072,1-0,0
C012_F075,1-0,0
C012_F076,1-0,0
C012_F077,1-0,0
C012_F081,1-0,0
C012_F082,1-0,0
C012_F083,1-0,0
C012_F084,1-0,0
C012_F085,1-0,0
C012_F086,1-0,0
C012_F087,1-0,0
C012_F089,1-0,0
C012_F090,1-0,0
C012_F091,1-0,0
C012_F094,1-0,0
C012_F096,1-0,0
C012_F097,1-0,0
C012_F098,1-0,0
C012_F099,1-0,0
C012_F103,1-0,0
C012_F104,1-0,0
C012_F106,1-0,0
C012_F108,1-0,0
C012_F113,1-0,0
C012_F117,1-0,0
C012_F118,1-0,0
C012_F120,1-0,0
C012_F121,1-0,0
C012_F122,1-0,0
C012_F124,1-0,0
C012_F125,1-0,0
C012_F126,1-0,0
C012_F128,1-0,0
C012_F129,1-0,0
C012_F133,1-0,0
C012_F134,1-0,0
C012_F135,1-0,0
C012_F136,1-0,0
C012_F138,1-0,0
C012_F139,1-0,0
C012_F144,1-0,0
C012_F145,1-0,0
C012_F146,1-0,0
C012_F147,1-0,0
C012_F148,1-0,0
C012_F149,1-0,0
C012_F151,1-0,0
C012_F152,1-0,0
C012_F153,1-0,0
C012_F154,1-0,0
C012_F156,1-0,0
C012_F160,1-0,0
C012_F161,1-0,0
C012_F163,1-0,0
C012_F164,1-0,0
C012_F168,1-0,0
C012_F169,1-0,0
C012_F170,1-0,0
C012_F172,1-0,0
C012_F175,1-0,0
C012_F177,1-0,0
C012_F179,1-0,0
C012_F180,1-0,0
C012_F182,1-0,0
C012_F184,1-0,0
C012_F185,1-0,0
C012_F186,1-0,0
C012_F187,1-0,0
C012_F188,1-0,0
C012_F190,1-0,0
C012_F191,1-0,0
C012_F193,1-0,0
C012_F195,1-0,0
C012_F197,1-0,0
C012_F198,1-0,0
C012_F199,1-0,0
C012_F202,1-0,0
C012_F204,1-0,0
C012_F205,1-0,0
C012_F207,1-0,0
C012_F209,1-0,0
C012_F210,1-0,0
C012_F211,1-0,0
C012_F212,1-0,0
C012_F213,1-0,0
C012_F216,1-0,0
C012_F219,1-0,0
C012_F220,1-0,0
C012_F222,1-0,0
C012_F223,1-0,0
C012_F226,1-0,0
C012_F229,1-0,0
C012_F230,1-0,0
C012_F232,1-0,0
C012_F233,1-0,0
C012_F237,1-0,0
C012_F239,1-0,0
C012_F241,1-0,0
C012_F243,1-0,0
C012_F245,1-0,0
C012_F246,1-0,0
C012_F247,1-0,0
C012_F250,1-0,0
C012_F251,1-0,0
C012_F252,1-0,0
C012_F254,1-0,0
C012_F255,1-0,0
C012_F257,1-0,0
C012_F258,1-0,0
C012_F260,1-0,0
C012_F263,1-0,0
C012_F266,1-0,0
C012_F268,1-0,0
C012_F269,1-0,0
C012_F274,1-0,0
C012_F276,1-0,0
C012_F280,1-0,0
C012_F281,1-0,0
C012_F283,1-0,0
C012_F284,1-0,0
C012_F285,1-0,0
C012_F286,1-0,0
C012_F287,1-0,0
C012_F288,1-0,0
C012_F293,1-0,0
C012_F294,1-0,0
C012_F295,1-0,0
C012_F296,1-0,0
C012_F297,1-0,0
C012_F298,1-0,0
C012_F299,1-0,0
C012_F301,1-0,0
C012_F302,1-0,0
C012_F305,1-0,0
C012_F306,1-0,0
C012_F307,1-0,0
C012_F308,1-0,0
C012_F309,1-0,0
C012_F310,1-0,0
C012_F312,1-0,0
C012_F313,1-0,0
C012_F317,1-0,0
C012_F318,1-0,0
C012_F319,1-0,0
C012_F320,1-0,0
C012_F322,1-0,0
C012_F323,1-0,0
C012_F324,1-0,0
C012_F325,1-0,0
C012_F328,1-0,0
C012_F330,1-0,0
C012_F331,1-0,0
C012_F332,1-0,0
C012_F335,1-0,0
C012_F339,1-0,0
C012_F340,1-0,0
C012_F341,1-0,0
C012_F342,1-0,0
C012_F343,1-0,0
C012_F344,1-0,0
C012_F345,1-0,0
C012_F346,1-0,0
C012_F347,1-0,0
C012_F348,1-0,0
C012_F349,1-0,0
C012_F350,1-0,0
C012_F354,1-0,0
C012_F355,1-0,0
C012_F356,1-0,0
C012_F357,1-0,0
C012_F358,1-0,0
C012_F360,1-0,0
C012_F362,1-0,0
C012_F363,1-0,0
C012_F364,1-0,0
C012_F365,1-0,0
C012_F366,1-0,0
C012_F367,1-0,0
C012_F370,1-0,0
C012_F374,1-0,0
C012_F377,1-0,0
C012_F379,1-0,0
C012_F380,1-0,0
C013_F001,1-0,0
C013_F002,1-0,0
C013_F003,1-0,0
C013_F006,1-0,0
C013_F007,1-0,0
C013_F013,1-0,0
C013_F016,1-0,0
C013_F020,1-0,0
C013_F029,1-0,0
C013_F030,1-0,0
C013_F031,1-0,0
C013_F033,1-0,0
C013_F035,1-0,0
C013_F036,1-0,0
C013_F040,1-0,0
C013_F041,1-0,0
C013_F042,1-0,0
C013_F048,1-0,0
C013_F049,1-0,0
C013_F051,1-0,0
C013_F054,1-0,0
C013_F056,1-0,0
C013_F057,1-0,0
C013_F059,1-0,0
C013_F060,1-0,0
C013_F061,1-0,0
C013_F062,1-0,0
C013_F063,1-0,0
C013_F066,1-0,0
C013_F067,1-0,0
C013_F068,1-0,0
C013_F071,1-0,0
C013_F072,1-0,0
C013_F074,1-0,0
C013_F075,1-0,0
C013_F076,1-0,0
C013_F077,1-0,0
C013_F078,1-0,0
C013_F085,1-0,0
C013_F092,1-0,0
C013_F095,1-0,0
C013_F099,1-0,0
C013_F100,1-0,0
C013_F101,1-0,0
C013_F102,1-0,0
C013_F103,1-0,0
C013_F106,1-0,0
C013_F107,1-0,0
C013_F108,1-0,0
C013_F112,1-0,0
C013_F114,1-0,0
C013_F115,1-0,0
C013_F116,1-0,0
C013_F119,1-0,0
C013_F122,1-0,0
C013_F123,1-0,0
C013_F124,1-0,0
C013_F125,1-0,0
C013_F126,1-0,0
C013_F127,1-0,0
C013_F130,1-0,0
C013_F132,1-0,0
C013_F133,1-0,0
C013_F135,1-0,0
C013_F138,1-0,0
C013_F139,1-0,0
C013_F141,1-0,0
C013_F143,1-0,0
C013_F145,1-0,0
C013_F146,1-0,0
C013_F147,1-0,0
C013_F148,1-0,0
C013_F149,1-0,0
C013_F151,1-0,0
C013_F153,1-0,0
C013_F154,1-0,0
C013_F156,1-0,0
C013_F157,1-0,0
C013_F158,1-0,0
C013_F160,1-0,0
C013_F165,1-0,0
C013_F167,1-0,0
C013_F168,1-0,0
C013_F169,1-0,0
C013_F173,1-0,0
C013_F174,1-0,0
C013_F175,1-0,0
C013_F177,1-0,0
C013_F178,1-0,0
C013_F179,1-0,0
C013_F180,1-0,0
C013_F181,1-0,0
C013_F190,1-0,0
C013_F193,1-0,0
C013_F194,1-0,0
C013_F195,1-0,0
C013_F196,1-0,0
C013_F197,1-0,0
C013_F199,1-0,0
C013_F201,1-0,0
C013_F203,1-0,0
C013_F205,1-0,0
C013_F206,1-0,0
C013_F208,1-0,0
C013_F209,1-0,0
C013_F212,1-0,0
C013_F215,1-0,0
C013_F216,1-0,0
C013_F220,1-0,0
C013_F221,1-0,0
C013_F223,1-0,0
C013_F224,1-0,0
C013_F226,1-0,0
C013_F228,1-0,0
C013_F230,1-0,0
C013_F233,1-0,0
C013_F234,1-0,0
C013_F236,1-0,0
C013_F237,1-0,0
C013_F241,1-0,0
C013_F246,1-0,0
C013_F247,1-0,0
C013_F249,1-0,0
C013_F252,1-0,0
C013_F253,1-0,0
C013_F255,1-0,0
C013_F256,1-0,0
C013_F260,1-0,0
C013_F261,1-0,0
C013_F262,1-0,0
C013_F263,1-0,0
C013_F264,1-0,0
C013_F266,1-0,0
C013_F267,1-0,0
C013_F269,1-0,0
C013_F270,1-0,0
C013_F271,1-0,0
C013_F272,1-0,0
C013_F274,1-0,0
C013_F275,1-0,0
C013_F277,1-0,0
C013_F279,1-0,0
C013_F281,1-0,0
C013_F283,1-0,0
C013_F285,1-0,0
C013_F286,1-0,0
C013_F288,1-0,0
C013_F291,1-0,0
C013_F293,1-0,0
C013_F295,1-0,0
C013_F296,1-0,0
C013_F297,1-0,0
C013_F299,1-0,0
C013_F301,1-0,0
C013_F304,1-0,0
C013_F306,1-0,0
C013_F309,1-0,0
C013_F310,1-0,0
C013_F311,1-0,0
C013_F312,1-0,0
C013_F314,1-0,0
C013_F316,1-0,0
C013_F317,1-0,0
C013_F318,1-0,0
C013_F319,1-0,0
C013_F322,1-0,0
C013_F323,1-0,0
C013_F325,1-0,0
C013_F332,1-0,0
C013_F333,1-0,0
C013_F334,1-0,0
C013_F336,1-0,0
C013_F339,1-0,0
C013_F340,1-0,0
C013_F341,1-0,0
C013_F344,1-0,0
C013_F346,1-0,0
C013_F349,1-0,0
C013_F350,1-0,0
C013_F351,1-0,0
C013_F353,1-0,0
C013_F355,1-0,0
C013_F357,1-0,0
C013_F360,1-0,0
C013_F363,1-0,0
C013_F364,1-0,0
C013_F365,1-0,0
C013_F368,1-0,0
C013_F369,1-0,0
C013_F370,1-0,0
C013_F371,1-0,0
C013_F372,1-0,0
C013_F373,1-0,0
C013_F374,1-0,0
C013_F377,1-0,0
C013_F378,1-0,0
C013_F379,1-0,0
C013_F380,1-0,0
C014_F006,1-0,0
C014_F010,1-0,0
C014_F013,1-0,0
C014_F015,1-0,0
C014_F016,1-0,0
C014_F019,1-0,0
C014_F021,1-0,0
C014_F025,1-0,0
C014_F027,1-0,0
C014_F031,1-0,0
C014_F032,1-0,0
C014_F033,1-0,0
C014_F034,1-0,0
C014_F036,1-0,0
C014_F039,1-0,0
C014_F040,1-0,0
C014_F041,1-0,0
C014_F043,1-0,0
C014_F051,1-0,0
C014_F052,1-0,0
C014_F053,1-0,0
C014_F054,1-0,0
C014_F055,1-0,0
C014_F056,1-0,0
C014_F057,1-0,0
C014_F058,1-0,0
C014_F059,1-0,0
C014_F060,1-0,0
C014_F066,1-0,0
C014_F068,1-0,0
C014_F069,1-0,0
C014_F071,1-0,0
C014_F073,1-0,0
C014_F074,1-0,0
C014_F075,1-0,0
C014_F077,1-0,0
C014_F079,1-0,0
C014_F084,1-0,0
C014_F085,1-0,0
C014_F087,1-0,0
C014_F088,1-0,0
C014_F089,1-0,0
C014_F092,1-0,0
C014_F093,1-0,0
C014_F097,1-0,0
C014_F099,1-0,0
C014_F104,1-0,0
C014_F105,1-0,0
C014_F106,1-0,0
C014_F107,1-0,0
C014_F108,1-0,0
C014_F113,1-0,0
C014_F114,1-0,0
C014_F118,1-0,0
C014_F122,1-0,0
C014_F124,1-0,0
C014_F129,1-0,0
C014_F130,1-0,0
C014_F133,1-0,0
C014_F134,1-0,0
C014_F139,1-0,0
C014_F141,1-0,0
C014_F145,1-0,0
C014_F147,1-0,0
C014_F148,1-0,0
C014_F153,1-0,0
C014_F156,1-0,0
C014_F157,1-0,0
C014_F158,1-0,0
C014_F161,1-0,0
C014_F164,1-0,0
C014_F165,1-0,0
C014_F166,1-0,0
C014_F167,1-0,0
C014_F168,1-0,0
C014_F169,1-0,0
C014_F170,1-0,0
C014_F171,1-0,0
C014_F174,1-0,0
C014_F178,1-0,0
C014_F180,1-0,0
C014_F181,1-0,0
C014_F184,1-0,0
C014_F187,1-0,0
C014_F188,1-0,0
C014_F192,1-0,0
C014_F194,1-0,0
C014_F195,1-0,0
C014_F199,1-0,0
C014_F200,1-0,0
C014_F201,1-0,0
C014_F202,1-0,0
C014_F209,1-0,0
C014_F223,1-0,0
C014_F226,1-0,0
C014_F228,1-0,0
C014_F230,1-0,0
C014_F231,1-0,0
C014_F233,1-0,0
C014_F235,1-0,0
C014_F237,1-0,0
C014_F239,1-0,0
C014_F241,1-0,0
C014_F242,1-0,0
C014_F243,1-0,0
C014_F244,1-0,0
C014_F247,1-0,0
C014_F248,1-0,0
C014_F249,1-0,0
C014_F250,1-0,0
C014_F251,1-0,0
C014_F253,1-0,0
C014_F257,1-0,0
C014_F260,1-0,0
C014_F262,1-0,0
C014_F263,1-0,0
C014_F266,1-0,0
C014_F268,1-0,0
C014_F269,1-0,0
C014_F272,1-0,0
C014_F274,1-0,0
C014_F276,1-0,0
C014_F279,1-0,0
C014_F282,1-0,0
C014_F284,1-0,0
C014_F285,1-0,0
C014_F286,1-0,0
C014_F290,1-0,0
C014_F300,1-0,0
C014_F303,1-0,0
C014_F310,1-0,0
C014_F318,1-0,0
C014_F320,1-0,0
C014_F327,1-0,0
C014_F331,1-0,0
C014_F334,1-0,0
C014_F336,1-0,0
C014_F338,1-0,0
C014_F341,1-0,0
C014_F342,1-0,0
C014_F343,1-0,0
C014_F345,1-0,0
C014_F352,1-0,0
C014_F354,1-0,0
C014_F356,1-0,0
C014_F357,1-0,0
C014_F361,1-0,0
C014_F365,1-0,0
C014_F366,1-0,0
C014_F371,1-0,0
C014_F373,1-0,0
C014_F374,1-0,0
C014_F375,1-0,0
C014_F381,1-0,0
C014_F385,1-0,0
C014_F387,1-0,0
C014_F388,1-0,0
C014_F390,1-0,0
C014_F392,1-0,0
C014_F395,1-0,0
C014_F399,1-0,0
C014_F400,1-0,0
C014_F404,1-0,0
C014_F407,1-0,0
C014_F408,1-0,0
C014_F411,1-0,0
C014_F413,1-0,0
C014_F418,1-0,0
C014_F420,1-0,0
C014_F423,1-0,0
C014_F424,1-0,0
C014_F425,1-0,0
C014_F426,1-0,0
C014_F427,1-0,0
C014_F428,1-0,0
C014_F429,1-0,0
C014_F433,1-0,0
C014_F439,1-0,0
C014_F440,1-0,0
C014_F442,1-0,0
C014_F446,1-0,0
C014_F450,1-0,0
C014_F451,1-0,0
C014_F453,1-0,0
C014_F455,1-0,0
C014_F456,1-0,0
C014_F458,1-0,0
C014_F460,1-0,0
C014_F463,1-0,0
C014_F465,1-0,0
C014_F468,1-0,0
C014_F469,1-0,0
C014_F470,1-0,0
C014_F472,1-0,0
C014_F474,1-0,0
C014_F485,1-0,0
C014_F489,1-0,0
C014_F490,1-0,0
C014_F494,1-0,0
C014_F496,1-0,0
C014_F502,1-0,0
C014_F503,1-0,0
C014_F506,1-0,0
C014_F510,1-0,0
C014_F512,1-0,0
C014_F513,1-0,0
C014_F515,1-0,0
C014_F517,1-0,0
C014_F518,1-0,0
C014_F522,1-0,0
C014_F524,1-0,0
C014_F526,1-0,0
C014_F527,1-0,0
C014_F532,1-0,0
C014_F534,1-0,0
C014_F537,1-0,0
C014_F541,1-0,0
C014_F545,1-0,0
C014_F546,1-0,0
C014_F547,1-0,0
C014_F551,1-0,0
C016_F001,1-0,0
C016_F002,1-0,0
C016_F003,1-0,0
C016_F004,1-0,0
C016_F005,1-0,0
C016_F006,1-0,0
C016_F007,1-0,0
C016_F008,1-0,0
C016_F009,1-0,0
C016_F010,1-0,0
C016_F011,1-0,0
C016_F012,1-0,0
C016_F013,1-0,0
C016_F014,1-0,0
C016_F015,1-0,0
C016_F016,1-0,0
C016_F017,1-0,0
C016_F018,1-0,0
C016_F019,1-0,0
C016_F020,1-0,0
C016_F021,1-0,0
C016_F022,1-0,0
C016_F023,1-0,0
C016_F024,1-0,0
C016_F025,1-0,0
C016_F026,1-0,0
C016_F027,1-0,0
C016_F028,1-0,0
C016_F029,1-0,0
C016_F030,1-0,0
C016_F031,1-0,0
C016_F032,1-0,0
C016_F033,1-0,0
C016_F034,1-0,0
C016_F035,1-0,0
C016_F036,1-0,0
C016_F037,1-0,0
C016_F038,1-0,0
C016_F039,1-0,0
C016_F040,1-0,0
C016_F041,1-0,0
C016_F042,1-0,0
C016_F043,1-0,0
C016_F044,1-0,0
C016_F045,1-0,0
C016_F046,1-0,0
C016_F047,1-0,0
C016_F048,1-0,0
C016_F049,1-0,0
C016_F050,1-0,0
C016_F051,1-0,0
C016_F052,1-0,0
C016_F053,1-0,0
C016_F054,1-0,0
C016_F055,1-0,0
C016_F056,1-0,0
C016_F057,1-0,0
C016_F058,1-0,0
C016_F059,1-0,0
C016_F060,1-0,0
C016_F061,1-0,0
C016_F062,1-0,0
C016_F063,1-0,0
C016_F064,1-0,0
C016_F065,1-0,0
C016_F066,1-0,0
C016_F067,1-0,0
C016_F068,1-0,0
C016_F069,1-0,0
C016_F070,1-0,0
C016_F071,1-0,0
C016_F072,1-0,0
C016_F073,1-0,0
C016_F074,1-0,0
C016_F075,1-0,0
C016_F076,1-0,0
C016_F077,1-0,0
C016_F078,1-0,0
C016_F079,1-0,0
C016_F080,1-0,0
C016_F081,1-0,0
C016_F082,1-0,0
C016_F083,1-0,0
C016_F084,1-0,0
C016_F085,1-0,0
C016_F086,1-0,0
C016_F087,1-0,0
C016_F088,1-0,0
C016_F089,1-0,0
C016_F090,1-0,0
C016_F091,1-0,0
C016_F092,1-0,0
C016_F093,1-0,0
C016_F094,1-0,0
C016_F095,1-0,0
C016_F096,1-0,0
C016_F097,1-0,0
C016_F098,1-0,0
C016_F099,1-0,0
C016_F100,1-0,0
C016_F101,1-0,0
C016_F102,1-0,0
C016_F103,1-0,0
C016_F104,1-0,0
C016_F105,1-0,0
C016_F106,1-0,0
C016_F107,1-0,0
C016_F108,1-0,0
C016_F109,1-0,0
C016_F110,1-0,0
C016_F111,1-0,0
C016_F112,1-0,0
C016_F113,1-0,0
C016_F114,1-0,0
C016_F115,1-0,0
C016_F116,1-0,0
C016_F117,1-0,0
C016_F118,1-0,0
C016_F119,1-0,0
C016_F120,1-0,0
C016_F121,1-0,0
C016_F122,1-0,0
C016_F123,1-0,0
C016_F124,1-0,0
C016_F125,1-0,0
C016_F126,1-0,0
C016_F127,1-0,0
C016_F128,1-0,0
C016_F129,1-0,0
C016_F130,1-0,0
C016_F131,1-0,0
C016_F132,1-0,0
C016_F133,1-0,0
C016_F134,1-0,0
C016_F135,1-0,0
C016_F136,1-0,0
C016_F137,1-0,0
C016_F138,1-0,0
C016_F139,1-0,0
C016_F140,1-0,0
C016_F141,1-0,0
C016_F142,1-0,0
C016_F143,1-0,0
C016_F144,1-0,0
C016_F145,1-0,0
C016_F146,1-0,0
C016_F147,1-0,0
C016_F148,1-0,0
C016_F149,1-0,0
C016_F150,1-0,0
C016_F151,1-0,0
C016_F152,1-0,0
C016_F153,1-0,0
C016_F154,1-0,0
C016_F155,1-0,0
C016_F156,1-0,0
C016_F157,1-0,0
C016_F158,1-0,0
C016_F159,1-0,0
C016_F160,1-0,0
C016_F161,1-0,0
C016_F162,1-0,0
C016_F163,1-0,0
C016_F164,1-0,0
C016_F165,1-0,0
C016_F166,1-0,0
C016_F167,1-0,0
C016_F168,1-0,0
C016_F169,1-0,0
C016_F170,1-0,0
C016_F171,1-0,0
C016_F172,1-0,0
C016_F173,1-0,0
C016_F174,1-0,0
C016_F175,1-0,0
C016_F176,1-0,0
C016_F177,1-0,0
C016_F178,1-0,0
C016_F179,1-0,0
C016_F180,1-0,0
C016_F181,1-0,0
C016_F182,1-0,0
C016_F183,1-0,0
C016_F184,1-0,0
C016_F185,1-0,0
C016_F186,1-0,0
C016_F187,1-0,0
C016_F188,1-0,0
C016_F189,1-0,0
C016_F190,1-0,0
C016_F191,1-0,0
C016_F192,1-0,0
C016_F193,1-0,0
C016_F194,1-0,0
C016_F195,1-0,0
C016_F196,1-0,0
C016_F197,1-0,0
C016_F198,1-0,0
C016_F199,1-0,0
C016_F200,1-0,0
C016_F201,1-0,0
C016_F202,1-0,0
C016_F203,1-0,0
C016_F204,1-0,0
C016_F205,1-0,0
C016_F206,1-0,0
C016_F207,1-0,0
C016_F208,1-0,0
C016_F209,1-0,0
C016_F210,1-0,0
C016_F211,1-0,0
C016_F212,1-0,0
C016_F213,1-0,0
C016_F214,1-0,0
C016_F215,1-0,0
C016_F216,1-0,0
C016_F217,1-0,0
C016_F218,1-0,0
C016_F219,1-0,0
C016_F220,1-0,0
C016_F221,1-0,0
C016_F222,1-0,0
C016_F223,1-0,0
C016_F224,1-0,0
C016_F225,1-0,0
C016_F226,1-0,0
C016_F227,1-0,0
C016_F228,1-0,0
C016_F229,1-0,0
C016_F230,1-0,0
C016_F231,1-0,0
C016_F232,1-0,0
C016_F233,1-0,0
C016_F234,1-0,0
C016_F235,1-0,0
C016_F236,1-0,0
C016_F237,1-0,0
C016_F238,1-0,0
C016_F239,1-0,0
C016_F240,1-0,0
C016_F241,1-0,0
C016_F242,1-0,0
C016_F243,1-0,0
C016_F244,1-0,0
C016_F245,1-0,0
C016_F246,1-0,0
C016_F247,1-0,0
C016_F248,1-0,0
C016_F249,1-0,0
C016_F250,1-0,0
C016_F251,1-0,0
C016_F252,1-0,0
C016_F253,1-0,0
C016_F254,1-0,0
C016_F255,1-0,0
C016_F256,1-0,0
C016_F257,1-0,0
C016_F258,1-0,0
C016_F259,1-0,0
C016_F260,1-0,0
C016_F261,1-0,0
C016_F262,1-0,0
C016_F263,1-0,0
C016_F264,1-0,0
C016_F265,1-0,0
C016_F266,1-0,0
C016_F267,1-0,0
C016_F268,1-0,0
C016_F269,1-0,0
C016_F270,1-0,0
C016_F271,1-0,0
C016_F272,1-0,0
C016_F273,1-0,0
C016_F274,1-0,0
C016_F275,1-0,0
C016_F276,1-0,0
C016_F277,1-0,0
C016_F278,1-0,0
C016_F279,1-0,0
C016_F280,1-0,0
C016_F281,1-0,0
C016_F282,1-0,0
C016_F283,1-0,0
C016_F284,1-0,0
C016_F285,1-0,0
C016_F286,1-0,0
C016_F287,1-0,0
C016_F288,1-0,0
C016_F289,1-0,0
C016_F290,1-0,0
C016_F291,1-0,0
C016_F292,1-0,0
C016_F293,1-0,0
C016_F294,1-0,0
C016_F295,1-0,0
C016_F296,1-0,0
C016_F297,1-0,0
C016_F298,1-0,0
C016_F299,1-0,0
C016_F300,1-0,0
C016_F301,1-0,0
C016_F302,1-0,0
C016_F303,1-0,0
C016_F304,1-0,0
C016_F305,1-0,0
C016_F306,1-0,0
C016_F307,1-0,0
C016_F308,1-0,0
C016_F309,1-0,0
C016_F310,1-0,0
C016_F311,1-0,0
C016_F312,1-0,0
C016_F313,1-0,0
C016_F314,1-0,0
C016_F315,1-0,0
C016_F316,1-0,0
C016_F317,1-0,0
C016_F318,1-0,0
C016_F319,1-0,0
C016_F320,1-0,0
C016_F321,1-0,0
C016_F322,1-0,0
C016_F323,1-0,0
C016_F324,1-0,0
C016_F325,1-0,0
C016_F326,1-0,0
C016_F327,1-0,0
C016_F328,1-0,0
C016_F329,1-0,0
C016_F330,1-0,0
C016_F331,1-0,0
C016_F332,1-0,0
C016_F333,1-0,0
C016_F334,1-0,0
C016_F335,1-0,0
C016_F336,1-0,0
C016_F337,1-0,0
C016_F338,1-0,0
C016_F339,1-0,0
C016_F340,1-0,0
C016_F341,1-0,0
C016_F342,1-0,0
C016_F343,1-0,0
C016_F344,1-0,0
C016_F345,1-0,0
C016_F346,1-0,0
C016_F347,1-0,0
C016_F348,1-0,0
C016_F349,1-0,0
C016_F350,1-0,0
C016_F351,1-0,0
C016_F352,1-0,0
C016_F353,1-0,0
C016_F354,1-0,0
C016_F355,1-0,0
C016_F356,1-0,0
C016_F357,1-0,0
C016_F358,1-0,0
C016_F359,1-0,0
C016_F360,1-0,0
C016_F361,1-0,0
C016_F362,1-0,0
C016_F363,1-0,0
C016_F364,1-0,0
C016_F365,1-0,0
C016_F366,1-0,0
C016_F367,1-0,0
C016_F368,1-0,0
C016_F369,1-0,0
C016_F370,1-0,0
C016_F371,1-0,0
C016_F372,1-0,0
C016_F373,1-0,0
C016_F374,1-0,0
C016_F375,1-0,0
C016_F376,1-0,0
C016_F377,1-0,0
C016_F378,1-0,0
C016_F379,1-0,0
C016_F380,1-0,0
C016_F381,1-0,0
C016_F382,1-0,0
C016_F383,1-0,0
C016_F384,1-0,0
C016_F385,1-0,0
C016_F386,1-0,0
C016_F387,1-0,0
C016_F388,1-0,0
C016_F389,1-0,0
C016_F390,1-0,0
C016_F391,1-0,0
C016_F392,1-0,0
C016_F393,1-0,0
C016_F394,1-0,0
C016_F395,1-0,0
C016_F396,1-0,0
C016_F397,1-0,0
C016_F398,1-0,0
C016_F399,1-0,0
C016_F400,1-0,0
C016_F401,1-0,0
C016_F402,1-0,0
C016_F403,1-0,0
C016_F404,1-0,0
C016_F405,1-0,0
C016_F406,1-0,0
C016_F407,1-0,0
C016_F408,1-0,0
C016_F409,1-0,0
C016_F410,1-0,0
C016_F411,1-0,0
C016_F412,1-0,0
C016_F413,1-0,0
C016_F414,1-0,0
C016_F415,1-0,0
C016_F416,1-0,0
C016_F417,1-0,0
C016_F418,1-0,0
C016_F419,1-0,0
C016_F420,1-0,0
C016_F421,1-0,0
C016_F422,1-0,0
C016_F423,1-0,0
C016_F424,1-0,0
C016_F425,1-0,0
C016_F426,1-0,0
C016_F427,1-0,0
C016_F428,1-0,0
C016_F429,1-0,0
C016_F430,1-0,0
C016_F431,1-0,0
C016_F432,1-0,0
C016_F433,1-0,0
C016_F434,1-0,0
C016_F435,1-0,0
C016_F436,1-0,0
C016_F437,1-0,0
C016_F438,1-0,0
C016_F439,1-0,0
C016_F440,1-0,0
C016_F441,1-0,0
C016_F442,1-0,0
C016_F443,1-0,0
C016_F444,1-0,0
C016_F445,1-0,0
C016_F446,1-0,0
C016_F447,1-0,0
C016_F448,1-0,0
C016_F449,1-0,0
C016_F450,1-0,0
C016_F451,1-0,0
C016_F452,1-0,0
C016_F453,1-0,0
C016_F454,1-0,0
C016_F455,1-0,0
C016_F456,1-0,0
C016_F457,1-0,0
C016_F458,1-0,0
C016_F459,1-0,0
C016_F460,1-0,0
C016_F461,1-0,0
C016_F462,1-0,0
C017_F001,1-0,0
C017_F003,1-0,0
C017_F004,1-0,0
C017_F007,1-0,0
C017_F009,1-0,0
C017_F011,1-0,0
C017_F015,1-0,0
C017_F017,1-0,0
C017_F018,1-0,0
C017_F025,1-0,0
C017_F026,1-0,0
C017_F027,1-0,0
C017_F028,1-0,0
C017_F029,1-0,0
C017_F031,1-0,0
C017_F032,1-0,0
C017_F033,1-0,0
C017_F034,1-0,0
C017_F035,1-0,0
C017_F036,1-0,0
C017_F037,1-0,0
C017_F038,1-0,0
C017_F041,1-0,0
C017_F042,1-0,0
C017_F043,1-0,0
C017_F044,1-0,0
C017_F045,1-0,0
C017_F046,1-0,0
C017_F047,1-0,0
C017_F049,1-0,0
C017_F050,1-0,0
C017_F051,1-0,0
C017_F054,1-0,0
C017_F056,1-0,0
C017_F057,1-0,0
C017_F060,1-0,0
C017_F061,1-0,0
C017_F062,1-0,0
C017_F063,1-0,0
C017_F064,1-0,0
C017_F065,1-0,0
C017_F066,1-0,0
C017_F069,1-0,0
C017_F070,1-0,0
C017_F071,1-0,0
C017_F072,1-0,0
C017_F073,1-0,0
C017_F075,1-0,0
C017_F077,1-0,0
C017_F079,1-0,0
C017_F080,1-0,0
C017_F084,1-0,0
C017_F085,1-0,0
C017_F088,1-0,0
C017_F089,1-0,0
C017_F090,1-0,0
C017_F093,1-0,0
C017_F095,1-0,0
C017_F096,1-0,0
C017_F097,1-0,0
C017_F100,1-0,0
C017_F101,1-0,0
C017_F103,1-0,0
C017_F104,1-0,0
C017_F106,1-0,0
C017_F107,1-0,0
C017_F109,1-0,0
C017_F110,1-0,0
C017_F111,1-0,0
C017_F112,1-0,0
C017_F114,1-0,0
C017_F115,1-0,0
C017_F120,1-0,0
C017_F121,1-0,0
C017_F123,1-0,0
C017_F124,1-0,0
C017_F126,1-0,0
C017_F129,1-0,0
C017_F130,1-0,0
C017_F131,1-0,0
C017_F133,1-0,0
C017_F134,1-0,0
C017_F136,1-0,0
C017_F137,1-0,0
C017_F138,1-0,0
C017_F140,1-0,0
C017_F141,1-0,0
C017_F142,1-0,0
C017_F143,1-0,0
C017_F145,1-0,0
C017_F147,1-0,0
C017_F148,1-0,0
C017_F150,1-0,0
C017_F152,1-0,0
C017_F153,1-0,0
C017_F157,1-0,0
C017_F159,1-0,0
C017_F160,1-0,0
C017_F161,1-0,0
C017_F164,1-0,0
C017_F165,1-0,0
C017_F170,1-0,0
C017_F173,1-0,0
C017_F174,1-0,0
C017_F175,1-0,0
C017_F176,1-0,0
C017_F178,1-0,0
C017_F179,1-0,0
C017_F180,1-0,0
C017_F181,1-0,0
C017_F183,1-0,0
C017_F184,1-0,0
C017_F185,1-0,0
C017_F187,1-0,0
C017_F191,1-0,0
C017_F192,1-0,0
C017_F194,1-0,0
C017_F195,1-0,0
C017_F198,1-0,0
C017_F200,1-0,0
C017_F202,1-0,0
C017_F203,1-0,0
C017_F204,1-0,0
C017_F205,1-0,0
C017_F206,1-0,0
C017_F207,1-0,0
C017_F208,1-0,0
C017_F210,1-0,0
C017_F211,1-0,0
C017_F213,1-0,0
C017_F220,1-0,0
C017_F222,1-0,0
C017_F223,1-0,0
C017_F227,1-0,0
C017_F228,1-0,0
C017_F229,1-0,0
C017_F230,1-0,0
C017_F231,1-0,0
C017_F233,1-0,0
C017_F234,1-0,0
C017_F236,1-0,0
C017_F238,1-0,0
C017_F240,1-0,0
C017_F242,1-0,0
C017_F245,1-0,0
C017_F246,1-0,0
C017_F248,1-0,0
C017_F249,1-0,0
C017_F250,1-0,0
C017_F251,1-0,0
C017_F252,1-0,0
C017_F254,1-0,0
C017_F255,1-0,0
C017_F257,1-0,0
C017_F258,1-0,0
C017_F259,1-0,0
C017_F261,1-0,0
C017_F262,1-0,0
C017_F263,1-0,0
C017_F264,1-0,0
C017_F269,1-0,0
C017_F270,1-0,0
C017_F271,1-0,0
C017_F272,1-0,0
C017_F273,1-0,0
C017_F274,1-0,0
C017_F275,1-0,0
C017_F276,1-0,0
C017_F277,1-0,0
C017_F281,1-0,0
C017_F282,1-0,0
C017_F283,1-0,0
C017_F284,1-0,0
C017_F286,1-0,0
C017_F288,1-0,0
C017_F289,1-0,0
C017_F290,1-0,0
C017_F291,1-0,0
C017_F294,1-0,0
C017_F295,1-0,0
C017_F296,1-0,0
C017_F298,1-0,0
C017_F299,1-0,0
C017_F300,1-0,0
C017_F301,1-0,0
C017_F304,1-0,0
C017_F307,1-0,0
C017_F309,1-0,0
C017_F310,1-0,0
C017_F314,1-0,0
C017_F315,1-0,0
C017_F316,1-0,0
C017_F317,1-0,0
C017_F318,1-0,0
C017_F319,1-0,0
C017_F322,1-0,0
C017_F324,1-0,0
C017_F326,1-0,0
C017_F328,1-0,0
C017_F329,1-0,0
C017_F330,1-0,0
C017_F333,1-0,0
C017_F334,1-0,0
C017_F336,1-0,0
C017_F337,1-0,0
C017_F338,1-0,0
C017_F340,1-0,0
C017_F342,1-0,0
C017_F345,1-0,0
C017_F346,1-0,0
C017_F347,1-0,0
C017_F348,1-0,0
C017_F349,1-0,0
C017_F350,1-0,0
C017_F354,1-0,0
C017_F355,1-0,0
C017_F358,1-0,0
C017_F362,1-0,0
C017_F363,1-0,0
C017_F364,1-0,0
C017_F366,1-0,0
C017_F367,1-0,0
C017_F368,1-0,0
C017_F369,1-0,0
C017_F370,1-0,0
C017_F376,1-0,0
C017_F377,1-0,0
C017_F379,1-0,0
C019_F001,1-0,0
C019_F002,1-0,0
C019_F004,1-0,0
C019_F005,1-0,0
C019_F007,1-0,0
C019_F013,1-0,0
C019_F017,1-0,0
C019_F019,1-0,0
C019_F022,1-0,0
C019_F023,1-0,0
C019_F028,1-0,0
C019_F029,1-0,0
C019_F030,1-0,0
C019_F032,1-0,0
C019_F034,1-0,0
C019_F035,1-0,0
C019_F036,1-0,0
C019_F037,1-0,0
C019_F040,1-0,0
C019_F042,1-0,0
C019_F044,1-0,0
C019_F045,1-0,0
C019_F046,1-0,0
C019_F047,1-0,0
C019_F048,1-0,0
C019_F049,1-0,0
C019_F050,1-0,0
C019_F051,1-0,0
C019_F055,1-0,0
C019_F056,1-0,0
C019_F057,1-0,0
C019_F058,1-0,0
C019_F059,1-0,0
C019_F062,1-0,0
C019_F065,1-0,0
C019_F066,1-0,0
C019_F067,1-0,0
C019_F068,1-0,0
C019_F069,1-0,0
C019_F071,1-0,0
C019_F072,1-0,0
C019_F073,1-0,0
C019_F075,1-0,0
C019_F077,1-0,0
C019_F078,1-0,0
C019_F079,1-0,0
C019_F080,1-0,0
C019_F083,1-0,0
C019_F084,1-0,0
C019_F085,1-0,0
C019_F086,1-0,0
C019_F087,1-0,0
C019_F088,1-0,0
C019_F089,1-0,0
C019_F090,1-0,0
C019_F091,1-0,0
C019_F092,1-0,0
C019_F093,1-0,0
C019_F095,1-0,0
C019_F096,1-0,0
C019_F098,1-0,0
C019_F099,1-0,0
C019_F100,1-0,0
C019_F101,1-0,0
C019_F103,1-0,0
C019_F104,1-0,0
C019_F105,1-0,0
C019_F106,1-0,0
C019_F107,1-0,0
C019_F109,1-0,0
C019_F111,1-0,0
C019_F112,1-0,0
C019_F113,1-0,0
C019_F115,1-0,0
C019_F116,1-0,0
C019_F117,1-0,0
C019_F119,1-0,0
C019_F120,1-0,0
C019_F121,1-0,0
C019_F122,1-0,0
C019_F123,1-0,0
C019_F124,1-0,0
C019_F128,1-0,0
C019_F130,1-0,0
C019_F132,1-0,0
C019_F133,1-0,0
C019_F134,1-0,0
C019_F135,1-0,0
C019_F136,1-0,0
C019_F137,1-0,0
C019_F138,1-0,0
C019_F139,1-0,0
C019_F140,1-0,0
C019_F141,1-0,0
C019_F143,1-0,0
C019_F145,1-0,0
C019_F146,1-0,0
C019_F147,1-0,0
C019_F150,1-0,0
C019_F151,1-0,0
C019_F153,1-0,0
C019_F155,1-0,0
C019_F157,1-0,0
C019_F158,1-0,0
C019_F159,1-0,0
C019_F165,1-0,0
C019_F167,1-0,0
C019_F168,1-0,0
C019_F170,1-0,0
C019_F171,1-0,0
C019_F172,1-0,0
C019_F175,1-0,0
C019_F176,1-0,0
C019_F177,1-0,0
C019_F179,1-0,0
C019_F184,1-0,0
C019_F186,1-0,0
C019_F187,1-0,0
C019_F188,1-0,0
C019_F190,1-0,0
C019_F193,1-0,0
C019_F194,1-0,0
C019_F195,1-0,0
C019_F196,1-0,0
C019_F197,1-0,0
C019_F199,1-0,0
C019_F202,1-0,0
C019_F203,1-0,0
C019_F204,1-0,0
C019_F205,1-0,0
C019_F207,1-0,0
C019_F208,1-0,0
C019_F210,1-0,0
C019_F211,1-0,0
C019_F213,1-0,0
C019_F214,1-0,0
C019_F216,1-0,0
C019_F218,1-0,0
C019_F219,1-0,0
C019_F225,1-0,0
C019_F226,1-0,0
C019_F227,1-0,0
C019_F229,1-0,0
C019_F232,1-0,0
C019_F233,1-0,0
C019_F235,1-0,0
C019_F240,1-0,0
C019_F241,1-0,0
C019_F244,1-0,0
C019_F245,1-0,0
C019_F247,1-0,0
C019_F248,1-0,0
C019_F250,1-0,0
C019_F251,1-0,0
C019_F253,1-0,0
C019_F254,1-0,0
C019_F255,1-0,0
C019_F256,1-0,0
C019_F257,1-0,0
C019_F260,1-0,0
C019_F261,1-0,0
C019_F262,1-0,0
C019_F264,1-0,0
C019_F267,1-0,0
C019_F268,1-0,0
C019_F269,1-0,0
C019_F273,1-0,0
C019_F275,1-0,0
C019_F278,1-0,0
C019_F279,1-0,0
C019_F280,1-0,0
C019_F281,1-0,0
C019_F283,1-0,0
C019_F284,1-0,0
C019_F286,1-0,0
C019_F288,1-0,0
C019_F289,1-0,0
C019_F292,1-0,0
C019_F293,1-0,0
C019_F295,1-0,0
C019_F301,1-0,0
C019_F304,1-0,0
C019_F305,1-0,0
C019_F306,1-0,0
C025_F001,1-0,0
C025_F003,1-0,0
C025_F004,1-0,0
C025_F005,1-0,0
C025_F008,1-0,0
C025_F010,1-0,0
C025_F011,1-0,0
C025_F012,1-0,0
C025_F013,1-0,0
C025_F014,1-0,0
C025_F016,1-0,0
C025_F017,1-0,0
C025_F018,1-0,0
C025_F019,1-0,0
C025_F022,1-0,0
C025_F024,1-0,0
C025_F025,1-0,0
C025_F026,1-0,0
C025_F027,1-0,0
C025_F028,1-0,0
C025_F030,1-0,0
C025_F031,1-0,0
C025_F034,1-0,0
C025_F036,1-0,0
C025_F037,1-0,0
C025_F038,1-0,0
C025_F039,1-0,0
C025_F040,1-0,0
C025_F041,1-0,0
C025_F042,1-0,0
C025_F044,1-0,0
C025_F046,1-0,0
C025_F047,1-0,0
C025_F050,1-0,0
C025_F052,1-0,0
C025_F054,1-0,0
C025_F056,1-0,0
C025_F057,1-0,0
C025_F059,1-0,0
C025_F060,1-0,0
C025_F063,1-0,0
C025_F064,1-0,0
C025_F067,1-0,0
C025_F070,1-0,0
C025_F077,1-0,0
C025_F078,1-0,0
C025_F080,1-0,0
C025_F082,1-0,0
C025_F083,1-0,0
C025_F084,1-0,0
C025_F085,1-0,0
C025_F087,1-0,0
C025_F090,1-0,0
C025_F091,1-0,0
C025_F092,1-0,0
C025_F093,1-0,0
C025_F094,1-0,0
C025_F095,1-0,0
C025_F096,1-0,0
C025_F098,1-0,0
C025_F100,1-0,0
C025_F101,1-0,0
C025_F102,1-0,0
C025_F103,1-0,0
C025_F104,1-0,0
C025_F108,1-0,0
C025_F109,1-0,0
C025_F111,1-0,0
C025_F113,1-0,0
C025_F114,1-0,0
C025_F116,1-0,0
C025_F117,1-0,0
C025_F119,1-0,0
C025_F121,1-0,0
C025_F122,1-0,0
C025_F123,1-0,0
C025_F124,1-0,0
C025_F125,1-0,0
C025_F126,1-0,0
C025_F127,1-0,0
C025_F128,1-0,0
C025_F131,1-0,0
C025_F132,1-0,0
C025_F133,1-0,0
C025_F135,1-0,0
C025_F136,1-0,0
C025_F137,1-0,0
C025_F138,1-0,0
C025_F140,1-0,0
C025_F142,1-0,0
C025_F143,1-0,0
C025_F146,1-0,0
C025_F147,1-0,0
C025_F151,1-0,0
C025_F152,1-0,0
C025_F156,1-0,0
C025_F158,1-0,0
C025_F159,1-0,0
C025_F161,1-0,0
C025_F163,1-0,0
C025_F164,1-0,0
C025_F166,1-0,0
C025_F168,1-0,0
C025_F170,1-0,0
C025_F172,1-0,0
C025_F175,1-0,0
C025_F176,1-0,0
C025_F177,1-0,0
C025_F178,1-0,0
C025_F179,1-0,0
C025_F180,1-0,0
C025_F183,1-0,0
C025_F186,1-0,0
C025_F188,1-0,0
C025_F189,1-0,0
C025_F196,1-0,0
C025_F198,1-0,0
C025_F200,1-0,0
C025_F201,1-0,0
C025_F202,1-0,0
C025_F204,1-0,0
C025_F205,1-0,0
C025_F206,1-0,0
C025_F211,1-0,0
C025_F212,1-0,0
C025_F213,1-0,0
C025_F214,1-0,0
C025_F215,1-0,0
C025_F217,1-0,0
C025_F218,1-0,0
C025_F220,1-0,0
C025_F222,1-0,0
C025_F223,1-0,0
C025_F224,1-0,0
C025_F225,1-0,0
C025_F226,1-0,0
C025_F229,1-0,0
C025_F231,1-0,0
C025_F234,1-0,0
C025_F235,1-0,0
C025_F236,1-0,0
C025_F237,1-0,0
C025_F238,1-0,0
C025_F239,1-0,0
C025_F240,1-0,0
C025_F241,1-0,0
C025_F242,1-0,0
C025_F243,1-0,0
C025_F244,1-0,0
C025_F245,1-0,0
C025_F246,1-0,0
C025_F247,1-0,0
C025_F248,1-0,0
C025_F250,1-0,0
C025_F252,1-0,0
C025_F253,1-0,0
C025_F254,1-0,0
C025_F256,1-0,0
C025_F257,1-0,0
C025_F259,1-0,0
C025_F260,1-0,0
C025_F264,1-0,0
C025_F266,1-0,0
C025_F269,1-0,0
C025_F270,1-0,0
C025_F273,1-0,0
C025_F275,1-0,0
C025_F276,1-0,0
C025_F277,1-0,0
C025_F279,1-0,0
C025_F280,1-0,0
C025_F281,1-0,0
C025_F284,1-0,0
C025_F285,1-0,0
C025_F287,1-0,0
C025_F288,1-0,0
C025_F291,1-0,0
C025_F292,1-0,0
C025_F293,1-0,0
C025_F294,1-0,0
C025_F296,1-0,0
C025_F297,1-0,0
C025_F298,1-0,0
C025_F299,1-0,0
C025_F300,1-0,0
C025_F301,1-0,0
C025_F303,1-0,0
C025_F306,1-0,0
C025_F308,1-0,0
C025_F310,1-0,0
C025_F311,1-0,0
C025_F313,1-0,0
C025_F314,1-0,0
C025_F316,1-0,0
C025_F317,1-0,0
C025_F318,1-0,0
C025_F319,1-0,0
C025_F322,1-0,0
C025_F323,1-0,0
C025_F324,1-0,0
C025_F327,1-0,0
C025_F330,1-0,0
C025_F333,1-0,0
C025_F336,1-0,0
C025_F337,1-0,0
C025_F338,1-0,0
C025_F339,1-0,0
C025_F342,1-0,0
C025_F344,1-0,0
C025_F345,1-0,0
C025_F347,1-0,0
C025_F348,1-0,0
C025_F349,1-0,0
C025_F350,1-0,0
C025_F353,1-0,0
C025_F354,1-0,0
C025_F355,1-0,0
C025_F356,1-0,0
C025_F357,1-0,0
C025_F358,1-0,0
C025_F361,1-0,0
C025_F363,1-0,0
C025_F364,1-0,0
C025_F366,1-0,0
C025_F367,1-0,0
C025_F369,1-0,0
C025_F370,1-0,0
C025_F372,1-0,0
C025_F376,1-0,0
C025_F380,1-0,0
C025_F382,1-0,0
C025_F383,1-0,0
C025_F384,1-0,0
C025_F387,1-0,0
C025_F390,1-0,0
C025_F391,1-0,0
C025_F395,1-0,0
C025_F397,1-0,0
C025_F400,1-0,0
C025_F401,1-0,0
C025_F404,1-0,0
C025_F405,1-0,0
C025_F409,1-0,0
C025_F410,1-0,0
C025_F411,1-0,0
C025_F412,1-0,0
C025_F413,1-0,0
C025_F414,1-0,0
C025_F415,1-0,0
C025_F416,1-0,0
C025_F417,1-0,0
C025_F419,1-0,0
C027_F001,1-0,0
C027_F003,1-0,0
C027_F006,1-0,0
C027_F008,1-0,0
C027_F010,1-0,0
C027_F014,1-0,0
C027_F015,1-0,0
C027_F016,1-0,0
C027_F017,1-0,0
C027_F020,1-0,0
C027_F022,1-0,0
C027_F025,1-0,0
C027_F027,1-0,0
C027_F030,1-0,0
C027_F034,1-0,0
C027_F035,1-0,0
C027_F036,1-0,0
C027_F044,1-0,0
C027_F045,1-0,0
C027_F046,1-0,0
C027_F048,1-0,0
C027_F049,1-0,0
C027_F050,1-0,0
C027_F052,1-0,0
C027_F053,1-0,0
C027_F055,1-0,0
C027_F059,1-0,0
C027_F064,1-0,0
C027_F065,1-0,0
C027_F066,1-0,0
C027_F068,1-0,0
C027_F069,1-0,0
C027_F070,1-0,0
C027_F071,1-0,0
C027_F073,1-0,0
C027_F074,1-0,0
C027_F075,1-0,0
C027_F076,1-0,0
C027_F077,1-0,0
C027_F080,1-0,0
C027_F083,1-0,0
C027_F084,1-0,0
C027_F094,1-0,0
C027_F096,1-0,0
C027_F097,1-0,0
C027_F098,1-0,0
C027_F099,1-0,0
C027_F100,1-0,0
C027_F101,1-0,0
C027_F102,1-0,0
C027_F103,1-0,0
C027_F106,1-0,0
C027_F111,1-0,0
C027_F112,1-0,0
C027_F113,1-0,0
C027_F114,1-0,0
C027_F116,1-0,0
C027_F117,1-0,0
C027_F118,1-0,0
C027_F121,1-0,0
C027_F122,1-0,0
C027_F123,1-0,0
C027_F127,1-0,0
C027_F128,1-0,0
C027_F129,1-0,0
C027_F130,1-0,0
C027_F131,1-0,0
C027_F132,1-0,0
C027_F138,1-0,0
C027_F139,1-0,0
C027_F141,1-0,0
C027_F142,1-0,0
C027_F143,1-0,0
C027_F146,1-0,0
C027_F147,1-0,0
C027_F148,1-0,0
C027_F150,1-0,0
C027_F151,1-0,0
C027_F152,1-0,0
C027_F154,1-0,0
C027_F156,1-0,0
C027_F157,1-0,0
C027_F159,1-0,0
C027_F161,1-0,0
C027_F163,1-0,0
C027_F165,1-0,0
C027_F167,1-0,0
C027_F169,1-0,0
C027_F171,1-0,0
C027_F172,1-0,0
C027_F173,1-0,0
C027_F175,1-0,0
C027_F176,1-0,0
C027_F177,1-0,0
C027_F180,1-0,0
C027_F182,1-0,0
C027_F183,1-0,0
C027_F186,1-0,0
C027_F188,1-0,0
C027_F189,1-0,0
C027_F191,1-0,0
C027_F192,1-0,0
C027_F193,1-0,0
C027_F197,1-0,0
C027_F201,1-0,0
C027_F204,1-0,0
C027_F205,1-0,0
C027_F207,1-0,0
C027_F209,1-0,0
C027_F210,1-0,0
C027_F212,1-0,0
C027_F213,1-0,0
C027_F214,1-0,0
C027_F215,1-0,0
C027_F216,1-0,0
C027_F221,1-0,0
C027_F223,1-0,0
C027_F224,1-0,0
C027_F227,1-0,0
C027_F229,1-0,0
C027_F231,1-0,0
C027_F234,1-0,0
C027_F236,1-0,0
C027_F238,1-0,0
C027_F240,1-0,0
C027_F245,1-0,0
C027_F252,1-0,0
C027_F255,1-0,0
C027_F256,1-0,0
C027_F258,1-0,0
C027_F259,1-0,0
C027_F262,1-0,0
C027_F264,1-0,0
C027_F265,1-0,0
C027_F267,1-0,0
C027_F268,1-0,0
C027_F269,1-0,0
C027_F271,1-0,0
C027_F273,1-0,0
C027_F275,1-0,0
C027_F278,1-0,0
C027_F279,1-0,0
C027_F283,1-0,0
C027_F286,1-0,0
C027_F288,1-0,0
C027_F295,1-0,0
C027_F297,1-0,0
C027_F298,1-0,0
C027_F302,1-0,0
C027_F305,1-0,0
C029_F002,1-0,0
C029_F005,1-0,0
C029_F006,1-0,0
C029_F007,1-0,0
C029_F010,1-0,0
C029_F012,1-0,0
C029_F015,1-0,0
C029_F017,1-0,0
C029_F019,1-0,0
C029_F021,1-0,0
C029_F025,1-0,0
C029_F026,1-0,0
C029_F031,1-0,0
C029_F032,1-0,0
C029_F033,1-0,0
C029_F040,1-0,0
C029_F042,1-0,0
C029_F045,1-0,0
C029_F046,1-0,0
C029_F052,1-0,0
C029_F055,1-0,0
C029_F058,1-0,0
C029_F060,1-0,0
C029_F062,1-0,0
C029_F063,1-0,0
C029_F065,1-0,0
C029_F066,1-0,0
C029_F075,1-0,0
C029_F079,1-0,0
C029_F081,1-0,0
C029_F084,1-0,0
C029_F085,1-0,0
C029_F086,1-0,0
C029_F088,1-0,0
C029_F089,1-0,0
C029_F090,1-0,0
C029_F091,1-0,0
C029_F094,1-0,0
C029_F095,1-0,0
C029_F096,1-0,0
C029_F097,1-0,0
C029_F099,1-0,0
C029_F100,1-0,0
C029_F102,1-0,0
C029_F104,1-0,0
C029_F108,1-0,0
C029_F110,1-0,0
C029_F112,1-0,0
C029_F115,1-0,0
C029_F117,1-0,0
C029_F118,1-0,0
C029_F119,1-0,0
C029_F121,1-0,0
C029_F123,1-0,0
C029_F129,1-0,0
C029_F130,1-0,0
C029_F131,1-0,0
C029_F132,1-0,0
C029_F133,1-0,0
C029_F135,1-0,0
C029_F137,1-0,0
C029_F138,1-0,0
C029_F142,1-0,0
C029_F146,1-0,0
C029_F148,1-0,0
C029_F149,1-0,0
C029_F151,1-0,0
C029_F153,1-0,0
C029_F156,1-0,0
C029_F159,1-0,0
C029_F160,1-0,0
C029_F161,1-0,0
C029_F163,1-0,0
C029_F164,1-0,0
C029_F167,1-0,0
C029_F171,1-0,0
C029_F173,1-0,0
C029_F176,1-0,0
C029_F179,1-0,0
C029_F184,1-0,0
C029_F186,1-0,0
C029_F187,1-0,0
C029_F189,1-0,0
C029_F192,1-0,0
C029_F197,1-0,0
C029_F199,1-0,0
C029_F201,1-0,0
C029_F202,1-0,0
C029_F204,1-0,0
C029_F206,1-0,0
C029_F209,1-0,0
C029_F211,1-0,0
C029_F212,1-0,0
C029_F214,1-0,0
C029_F219,1-0,0
C029_F220,1-0,0
C029_F221,1-0,0
C029_F222,1-0,0
C029_F226,1-0,0
C029_F228,1-0,0
C029_F230,1-0,0
C029_F231,1-0,0
C029_F232,1-0,0
C029_F234,1-0,0
C029_F235,1-0,0
C029_F237,1-0,0
C029_F239,1-0,0
C029_F241,1-0,0
C029_F245,1-0,0
C029_F246,1-0,0
C029_F247,1-0,0
C029_F252,1-0,0
C029_F259,1-0,0
C029_F261,1-0,0
C029_F263,1-0,0
C029_F264,1-0,0
C029_F266,1-0,0
C029_F268,1-0,0
C029_F273,1-0,0
C029_F274,1-0,0
C029_F275,1-0,0
C029_F281,1-0,0
C029_F287,1-0,0
C029_F289,1-0,0
C029_F291,1-0,0
C029_F292,1-0,0
C029_F293,1-0,0
C029_F295,1-0,0
C029_F296,1-0,0
C029_F302,1-0,0
C029_F303,1-0,0
C029_F304,1-0,0
C029_F308,1-0,0
C029_F313,1-0,0
C029_F315,1-0,0
C029_F316,1-0,0
C029_F317,1-0,0
C029_F321,1-0,0
C029_F322,1-0,0
C029_F325,1-0,0
C029_F329,1-0,0
C029_F330,1-0,0
C029_F332,1-0,0
C029_F334,1-0,0
C029_F339,1-0,0
C029_F343,1-0,0
C029_F344,1-0,0
C029_F347,1-0,0
C029_F351,1-0,0
C029_F353,1-0,0
C029_F354,1-0,0
C029_F356,1-0,0
C029_F359,1-0,0
C029_F360,1-0,0
C029_F363,1-0,0
C029_F364,1-0,0
C029_F365,1-0,0
C029_F367,1-0,0
C029_F370,1-0,0
C029_F371,1-0,0
C029_F378,1-0,0
C029_F380,1-0,0
C029_F383,1-0,0
C029_F385,1-0,0
C029_F389,1-0,0
C029_F391,1-0,0
C029_F393,1-0,0
C029_F395,1-0,0
C029_F396,1-0,0
C029_F404,1-0,0
C029_F406,1-0,0
C029_F407,1-0,0
C029_F413,1-0,0
C029_F414,1-0,0
C029_F415,1-0,0
C029_F416,1-0,0
C029_F418,1-0,0
C029_F419,1-0,0
C029_F421,1-0,0
C029_F423,1-0,0
C029_F425,1-0,0
C029_F428,1-0,0
C029_F430,1-0,0
C029_F432,1-0,0
C029_F433,1-0,0
C029_F439,1-0,0
C029_F441,1-0,0
C029_F442,1-0,0
C029_F448,1-0,0
C029_F452,1-0,0
C029_F453,1-0,0
C029_F454,1-0,0
C029_F455,1-0,0
C029_F457,1-0,0
C029_F458,1-0,0
C029_F465,1-0,0
C029_F468,1-0,0
C029_F470,1-0,0
C029_F474,1-0,0
C029_F475,1-0,0
C029_F477,1-0,0
C029_F479,1-0,0
C029_F480,1-0,0
C029_F481,1-0,0
C029_F482,1-0,0
C029_F484,1-0,0
C029_F485,1-0,0
C029_F487,1-0,0
C029_F489,1-0,0
C029_F493,1-0,0
C029_F496,1-0,0
C029_F497,1-0,0
C029_F498,1-0,0
C029_F499,1-0,0
C029_F504,1-0,0
C029_F506,1-0,0
C029_F509,1-0,0
C029_F510,1-0,0
C029_F515,1-0,0
C029_F517,1-0,0
C029_F524,1-0,0
C029_F527,1-0,0
C029_F543,1-0,0
C029_F544,1-0,0
C029_F546,1-0,0
C029_F548,1-0,0
C029_F550,1-0,0
C029_F552,1-0,0
C030_F001,1-0,0
C030_F002,1-0,0
C030_F003,1-0,0
C030_F004,1-0,0
C030_F005,1-0,0
C030_F006,1-0,0
C030_F007,1-0,0
C030_F008,1-0,0
C030_F009,1-0,0
C030_F010,1-0,0
C030_F011,1-0,0
C030_F012,1-0,0
C030_F013,1-0,0
C030_F014,1-0,0
C030_F015,1-0,0
C030_F016,1-0,0
C030_F017,1-0,0
C030_F018,1-0,0
C030_F019,1-0,0
C030_F020,1-0,0
C030_F021,1-0,0
C030_F022,1-0,0
C030_F023,1-0,0
C030_F024,1-0,0
C030_F025,1-0,0
C030_F026,1-0,0
C030_F027,1-0,0
C030_F028,1-0,0
C030_F029,1-0,0
C030_F030,1-0,0
C030_F031,1-0,0
C030_F032,1-0,0
C030_F033,1-0,0
C030_F034,1-0,0
C030_F035,1-0,0
C030_F036,1-0,0
C030_F037,1-0,0
C030_F038,1-0,0
C030_F039,1-0,0
C030_F040,1-0,0
C030_F041,1-0,0
C030_F042,1-0,0
C030_F043,1-0,0
C030_F044,1-0,0
C030_F045,1-0,0
C030_F046,1-0,0
C030_F047,1-0,0
C030_F048,1-0,0
C030_F049,1-0,0
C030_F050,1-0,0
C030_F051,1-0,0
C030_F052,1-0,0
C030_F053,1-0,0
C030_F054,1-0,0
C030_F055,1-0,0
C030_F056,1-0,0
C030_F057,1-0,0
C030_F058,1-0,0
C030_F059,1-0,0
C030_F060,1-0,0
C030_F061,1-0,0
C030_F062,1-0,0
C030_F063,1-0,0
C030_F064,1-0,0
C030_F065,1-0,0
C030_F066,1-0,0
C030_F067,1-0,0
C030_F068,1-0,0
C030_F069,1-0,0
C030_F070,1-0,0
C030_F071,1-0,0
C030_F072,1-0,0
C030_F073,1-0,0
C030_F074,1-0,0
C030_F075,1-0,0
C030_F076,1-0,0
C030_F077,1-0,0
C030_F078,1-0,0
C030_F079,1-0,0
C030_F080,1-0,0
C030_F081,1-0,0
C030_F082,1-0,0
C030_F083,1-0,0
C030_F084,1-0,0
C030_F085,1-0,0
C030_F086,1-0,0
C030_F087,1-0,0
C030_F088,1-0,0
C030_F089,1-0,0
C030_F090,1-0,0
C030_F091,1-0,0
C030_F092,1-0,0
C030_F093,1-0,0
C030_F094,1-0,0
C030_F095,1-0,0
C030_F096,1-0,0
C030_F097,1-0,0
C030_F098,1-0,0
C030_F099,1-0,0
C030_F100,1-0,0
C030_F101,1-0,0
C030_F102,1-0,0
C030_F103,1-0,0
C030_F104,1-0,0
C030_F105,1-0,0
C030_F106,1-0,0
C030_F107,1-0,0
C030_F108,1-0,0
C030_F109,1-0,0
C030_F110,1-0,0
C030_F111,1-0,0
C030_F112,1-0,0
C030_F113,1-0,0
C030_F114,1-0,0
C030_F115,1-0,0
C030_F116,1-0,0
C030_F117,1-0,0
C030_F118,1-0,0
C030_F119,1-0,0
C030_F120,1-0,0
C030_F121,1-0,0
C030_F122,1-0,0
C030_F123,1-0,0
C030_F124,1-0,0
C030_F125,1-0,0
C030_F126,1-0,0
C030_F127,1-0,0
C030_F128,1-0,0
C030_F129,1-0,0
C030_F130,1-0,0
C030_F131,1-0,0
C030_F132,1-0,0
C030_F133,1-0,0
C030_F134,1-0,0
C030_F135,1-0,0
C030_F136,1-0,0
C030_F137,1-0,0
C030_F138,1-0,0
C030_F139,1-0,0
C030_F140,1-0,0
C030_F141,1-0,0
C030_F142,1-0,0
C030_F143,1-0,0
C030_F144,1-0,0
C030_F145,1-0,0
C030_F146,1-0,0
C030_F147,1-0,0
C030_F148,1-0,0
C030_F149,1-0,0
C030_F150,1-0,0
C030_F151,1-0,0
C030_F152,1-0,0
C030_F153,1-0,0
C030_F154,1-0,0
C030_F155,1-0,0
C030_F156,1-0,0
C030_F157,1-0,0
C030_F158,1-0,0
C030_F159,1-0,0
C030_F160,1-0,0
C030_F161,1-0,0
C030_F162,1-0,0
C030_F163,1-0,0
C030_F164,1-0,0
C030_F165,1-0,0
C030_F166,1-0,0
C030_F167,1-0,0
C030_F168,1-0,0
C030_F169,1-0,0
C030_F170,1-0,0
C030_F171,1-0,0
C030_F172,1-0,0
C030_F173,1-0,0
C030_F174,1-0,0
C030_F175,1-0,0
C030_F176,1-0,0
C030_F177,1-0,0
C030_F178,1-0,0
C030_F179,1-0,0
C030_F180,1-0,0
C030_F181,1-0,0
C030_F182,1-0,0
C030_F183,1-0,0
C030_F184,1-0,0
C030_F185,1-0,0
C030_F186,1-0,0
C030_F187,1-0,0
C030_F188,1-0,0
C030_F189,1-0,0
C030_F190,1-0,0
C030_F191,1-0,0
C030_F192,1-0,0
C030_F193,1-0,0
C030_F194,1-0,0
C030_F195,1-0,0
C030_F196,1-0,0
C030_F197,1-0,0
C030_F198,1-0,0
C030_F199,1-0,0
C030_F200,1-0,0
C030_F201,1-0,0
C030_F202,1-0,0
C030_F203,1-0,0
C030_F204,1-0,0
C030_F205,1-0,0
C030_F206,1-0,0
C030_F207,1-0,0
C030_F208,1-0,0
C030_F209,1-0,0
C030_F210,1-0,0
C030_F211,1-0,0
C030_F212,1-0,0
C030_F213,1-0,0
C030_F214,1-0,0
C030_F215,1-0,0
C030_F216,1-0,0
C030_F217,1-0,0
C030_F218,1-0,0
C030_F219,1-0,0
C030_F220,1-0,0
C030_F221,1-0,0
C030_F222,1-0,0
C030_F223,1-0,0
C030_F224,1-0,0
C030_F225,1-0,0
C030_F226,1-0,0
C030_F227,1-0,0
C030_F228,1-0,0
C030_F229,1-0,0
C030_F230,1-0,0
C030_F231,1-0,0
C030_F232,1-0,0
C030_F233,1-0,0
C030_F234,1-0,0
C030_F235,1-0,0
C030_F236,1-0,0
C030_F237,1-0,0
C030_F238,1-0,0
C030_F239,1-0,0
C030_F240,1-0,0
C030_F241,1-0,0
C030_F242,1-0,0
C030_F243,1-0,0
C030_F244,1-0,0
C030_F245,1-0,0
C030_F246,1-0,0
C030_F247,1-0,0
C030_F248,1-0,0
C030_F249,1-0,0
C030_F250,1-0,0
C030_F251,1-0,0
C030_F252,1-0,0
C030_F253,1-0,0
C030_F254,1-0,0
C030_F255,1-0,0
C030_F256,1-0,0
C030_F257,1-0,0
C030_F258,1-0,0
C030_F259,1-0,0
C030_F260,1-0,0
C030_F261,1-0,0
C030_F262,1-0,0
C030_F263,1-0,0
C030_F264,1-0,0
C030_F265,1-0,0
C030_F266,1-0,0
C030_F267,1-0,0
C030_F268,1-0,0
C030_F269,1-0,0
C030_F270,1-0,0
C030_F271,1-0,0
C030_F272,1-0,0
C030_F273,1-0,0
C030_F274,1-0,0
C030_F275,1-0,0
C030_F276,1-0,0
C030_F277,1-0,0
C030_F278,1-0,0
C030_F279,1-0,0
C030_F280,1-0,0
C030_F281,1-0,0
C030_F282,1-0,0
C030_F283,1-0,0
C030_F284,1-0,0
C030_F285,1-0,0
C030_F286,1-0,0
C030_F287,1-0,0
C030_F288,1-0,0
C030_F289,1-0,0
C030_F290,1-0,0
C030_F291,1-0,0
C030_F292,1-0,0
C030_F293,1-0,0
C030_F294,1-0,0
C030_F295,1-0,0
C030_F296,1-0,0
C030_F297,1-0,0
C030_F298,1-0,0
C030_F299,1-0,0
C030_F300,1-0,0
C030_F301,1-0,0
C030_F302,1-0,0
C030_F303,1-0,0
C030_F304,1-0,0
C030_F305,1-0,0
C030_F306,1-0,0
C032_F001,1-0,0
C032_F002,1-0,0
C032_F003,1-0,0
C032_F004,1-0,0
C032_F005,1-0,0
C032_F006,1-0,0
C032_F007,1-0,0
C032_F008,1-0,0
C032_F009,1-0,0
C032_F010,1-0,0
C032_F011,1-0,0
C032_F012,1-0,0
C032_F013,1-0,0
C032_F014,1-0,0
C032_F015,1-0,0
C032_F016,1-0,0
C032_F017,1-0,0
C032_F018,1-0,0
C032_F019,1-0,0
C032_F020,1-0,0
C032_F021,1-0,0
C032_F022,1-0,0
C032_F023,1-0,0
C032_F024,1-0,0
C032_F025,1-0,0
C032_F026,1-0,0
C032_F027,1-0,0
C032_F028,1-0,0
C032_F029,1-0,0
C032_F030,1-0,0
C032_F031,1-0,0
C032_F032,1-0,0
C032_F033,1-0,0
C032_F034,1-0,0
C032_F035,1-0,0
C032_F036,1-0,0
C032_F037,1-0,0
C032_F038,1-0,0
C032_F039,1-0,0
C032_F040,1-0,0
C032_F041,1-0,0
C032_F042,1-0,0
C032_F043,1-0,0
C032_F044,1-0,0
C032_F045,1-0,0
C032_F046,1-0,0
C032_F047,1-0,0
C032_F048,1-0,0
C032_F049,1-0,0
C032_F050,1-0,0
C032_F051,1-0,0
C032_F052,1-0,0
C032_F053,1-0,0
C032_F054,1-0,0
C032_F055,1-0,0
C032_F056,1-0,0
C032_F057,1-0,0
C032_F058,1-0,0
C032_F059,1-0,0
C032_F060,1-0,0
C032_F061,1-0,0
C032_F062,1-0,0
C032_F063,1-0,0
C032_F064,1-0,0
C032_F065,1-0,0
C032_F066,1-0,0
C032_F067,1-0,0
C032_F068,1-0,0
C032_F069,1-0,0
C032_F070,1-0,0
C032_F071,1-0,0
C032_F072,1-0,0
C032_F073,1-0,0
C032_F074,1-0,0
C032_F075,1-0,0
C032_F076,1-0,0
C032_F077,1-0,0
C032_F078,1-0,0
C032_F079,1-0,0
C032_F080,1-0,0
C032_F081,1-0,0
C032_F082,1-0,0
C032_F083,1-0,0
C032_F084,1-0,0
C032_F085,1-0,0
C032_F086,1-0,0
C032_F087,1-0,0
C032_F088,1-0,0
C032_F089,1-0,0
C032_F090,1-0,0
C032_F091,1-0,0
C032_F092,1-0,0
C032_F093,1-0,0
C032_F094,1-0,0
C032_F095,1-0,0
C032_F096,1-0,0
C032_F097,1-0,0
C032_F098,1-0,0
C032_F099,1-0,0
C032_F100,1-0,0
C032_F101,1-0,0
C032_F102,1-0,0
C032_F103,1-0,0
C032_F104,1-0,0
C032_F105,1-0,0
C032_F106,1-0,0
C032_F107,1-0,0
C032_F108,1-0,0
C032_F109,1-0,0
C032_F110,1-0,0
C032_F111,1-0,0
C032_F112,1-0,0
C032_F113,1-0,0
C032_F114,1-0,0
C032_F115,1-0,0
C032_F116,1-0,0
C032_F117,1-0,0
C032_F118,1-0,0
C032_F119,1-0,0
C032_F120,1-0,0
C032_F121,1-0,0
C032_F122,1-0,0
C032_F123,1-0,0
C032_F124,1-0,0
C032_F125,1-0,0
C032_F126,1-0,0
C032_F127,1-0,0
C032_F128,1-0,0
C032_F129,1-0,0
C032_F130,1-0,0
C032_F131,1-0,0
C032_F132,1-0,0
C032_F133,1-0,0
C032_F134,1-0,0
C032_F135,1-0,0
C032_F136,1-0,0
C032_F137,1-0,0
C032_F138,1-0,0
C032_F139,1-0,0
C032_F140,1-0,0
C032_F141,1-0,0
C032_F142,1-0,0
C032_F143,1-0,0
C032_F144,1-0,0
C032_F145,1-0,0
C032_F146,1-0,0
C032_F147,1-0,0
C032_F148,1-0,0
C032_F149,1-0,0
C032_F150,1-0,0
C032_F151,1-0,0
C032_F152,1-0,0
C032_F153,1-0,0
C032_F154,1-0,0
C032_F155,1-0,0
C032_F156,1-0,0
C032_F157,1-0,0
C032_F158,1-0,0
C032_F159,1-0,0
C032_F160,1-0,0
C032_F161,1-0,0
C032_F162,1-0,0
C032_F163,1-0,0
C032_F164,1-0,0
C032_F165,1-0,0
C032_F166,1-0,0
C032_F167,1-0,0
C032_F168,1-0,0
C032_F169,1-0,0
C032_F170,1-0,0
C032_F171,1-0,0
C032_F172,1-0,0
C032_F173,1-0,0
C032_F174,1-0,0
C032_F175,1-0,0
C032_F176,1-0,0
C032_F177,1-0,0
C032_F178,1-0,0
C032_F179,1-0,0
C032_F180,1-0,0
C032_F181,1-0,0
C032_F182,1-0,0
C032_F183,1-0,0
C032_F184,1-0,0
C032_F185,1-0,0
C032_F186,1-0,0
C032_F187,1-0,0
C032_F188,1-0,0
C032_F189,1-0,0
C032_F190,1-0,0
C032_F191,1-0,0
C032_F192,1-0,0
C032_F193,1-0,0
C032_F194,1-0,0
C032_F195,1-0,0
C032_F196,1-0,0
C032_F197,1-0,0
C032_F198,1-0,0
C032_F199,1-0,0
C032_F200,1-0,0
C032_F201,1-0,0
C032_F202,1-0,0
C032_F203,1-0,0
C032_F204,1-0,0
C032_F205,1-0,0
C032_F206,1-0,0
C032_F207,1-0,0
C032_F208,1-0,0
C032_F209,1-0,0
C032_F210,1-0,0
C032_F211,1-0,0
C032_F212,1-0,0
C032_F213,1-0,0
C032_F214,1-0,0
C032_F215,1-0,0
C032_F216,1-0,0
C032_F217,1-0,0
C032_F218,1-0,0
C032_F219,1-0,0
C032_F220,1-0,0
C032_F221,1-0,0
C032_F222,1-0,0
C032_F223,1-0,0
C032_F224,1-0,0
C032_F225,1-0,0
C032_F226,1-0,0
C032_F227,1-0,0
C032_F228,1-0,0
C032_F229,1-0,0
C032_F230,1-0,0
C032_F231,1-0,0
C032_F232,1-0,0
C032_F233,1-0,0
C032_F234,1-0,0
C032_F235,1-0,0
C032_F236,1-0,0
C032_F237,1-0,0
C032_F238,1-0,0
C032_F239,1-0,0
C032_F240,1-0,0
C032_F241,1-0,0
C032_F242,1-0,0
C032_F243,1-0,0
C032_F244,1-0,0
C032_F245,1-0,0
C032_F246,1-0,0
C032_F247,1-0,0
C032_F248,1-0,0
C032_F249,1-0,0
C032_F250,1-0,0
C032_F251,1-0,0
C032_F252,1-0,0
C032_F253,1-0,0
C032_F254,1-0,0
C032_F255,1-0,0
C032_F256,1-0,0
C032_F257,1-0,0
C032_F258,1-0,0
C032_F259,1-0,0
C032_F260,1-0,0
C032_F261,1-0,0
C032_F262,1-0,0
C032_F263,1-0,0
C032_F264,1-0,0
C032_F265,1-0,0
C032_F266,1-0,0
C032_F267,1-0,0
C032_F268,1-0,0
C032_F269,1-0,0
C032_F270,1-0,0
C032_F271,1-0,0
C032_F272,1-0,0
C032_F273,1-0,0
C032_F274,1-0,0
C032_F275,1-0,0
C032_F276,1-0,0
C032_F277,1-0,0
C032_F278,1-0,0
C032_F279,1-0,0
C032_F280,1-0,0
C032_F281,1-0,0
C032_F282,1-0,0
C032_F283,1-0,0
C032_F284,1-0,0
C032_F285,1-0,0
C032_F286,1-0,0
C032_F287,1-0,0
C032_F288,1-0,0
C032_F289,1-0,0
C032_F290,1-0,0
C032_F291,1-0,0
C032_F292,1-0,0
C032_F293,1-0,0
C032_F294,1-0,0
C032_F295,1-0,0
C032_F296,1-0,0
C032_F297,1-0,0
C032_F298,1-0,0
C032_F299,1-0,0
C032_F300,1-0,0
C032_F301,1-0,0
C032_F302,1-0,0
C032_F303,1-0,0
C032_F304,1-0,0
C032_F305,1-0,0
C032_F306,1-0,0
C033_F001,1-0,0
C033_F002,1-0,0
C033_F003,1-0,0
C033_F007,1-0,0
C033_F008,1-0,0
C033_F009,1-0,0
C033_F010,1-0,0
C033_F014,1-0,0
C033_F018,1-0,0
C033_F019,1-0,0
C033_F022,1-0,0
C033_F023,1-0,0
C033_F024,1-0,0
C033_F025,1-0,0
C033_F028,1-0,0
C033_F029,1-0,0
C033_F030,1-0,0
C033_F031,1-0,0
C033_F032,1-0,0
C033_F036,1-0,0
C033_F037,1-0,0
C033_F038,1-0,0
C033_F039,1-0,0
C033_F043,1-0,0
C033_F045,1-0,0
C033_F046,1-0,0
C033_F049,1-0,0
C033_F050,1-0,0
C033_F051,1-0,0
C033_F052,1-0,0
C033_F055,1-0,0
C033_F058,1-0,0
C033_F059,1-0,0
C033_F069,1-0,0
C033_F070,1-0,0
C033_F071,1-0,0
C033_F072,1-0,0
C033_F073,1-0,0
C033_F074,1-0,0
C033_F075,1-0,0
C033_F076,1-0,0
C033_F078,1-0,0
C033_F081,1-0,0
C033_F086,1-0,0
C033_F088,1-0,0
C033_F089,1-0,0
C033_F091,1-0,0
C033_F092,1-0,0
C033_F094,1-0,0
C033_F095,1-0,0
C033_F096,1-0,0
C033_F097,1-0,0
C033_F099,1-0,0
C033_F102,1-0,0
C033_F103,1-0,0
C033_F105,1-0,0
C033_F108,1-0,0
C033_F111,1-0,0
C033_F112,1-0,0
C033_F113,1-0,0
C033_F114,1-0,0
C033_F116,1-0,0
C033_F117,1-0,0
C033_F120,1-0,0
C033_F122,1-0,0
C033_F125,1-0,0
C033_F127,1-0,0
C033_F128,1-0,0
C033_F133,1-0,0
C033_F134,1-0,0
C033_F135,1-0,0
C033_F136,1-0,0
C033_F139,1-0,0
C033_F143,1-0,0
C033_F146,1-0,0
C033_F147,1-0,0
C033_F148,1-0,0
C033_F150,1-0,0
C033_F154,1-0,0
C033_F155,1-0,0
C033_F156,1-0,0
C033_F158,1-0,0
C033_F159,1-0,0
C033_F161,1-0,0
C033_F163,1-0,0
C033_F168,1-0,0
C033_F170,1-0,0
C033_F172,1-0,0
C033_F174,1-0,0
C033_F177,1-0,0
C033_F178,1-0,0
C033_F181,1-0,0
C033_F182,1-0,0
C033_F184,1-0,0
C033_F185,1-0,0
C033_F186,1-0,0
C033_F189,1-0,0
C033_F194,1-0,0
C033_F199,1-0,0
C033_F200,1-0,0
C033_F202,1-0,0
C033_F205,1-0,0
C033_F207,1-0,0
C033_F208,1-0,0
C033_F209,1-0,0
C033_F210,1-0,0
C033_F211,1-0,0
C033_F214,1-0,0
C033_F215,1-0,0
C033_F216,1-0,0
C033_F217,1-0,0
C033_F218,1-0,0
C033_F219,1-0,0
C033_F221,1-0,0
C033_F222,1-0,0
C033_F225,1-0,0
C033_F226,1-0,0
C033_F227,1-0,0
C033_F228,1-0,0
C033_F229,1-0,0
C033_F231,1-0,0
C033_F232,1-0,0
C033_F234,1-0,0
C033_F235,1-0,0
C033_F237,1-0,0
C033_F238,1-0,0
C033_F239,1-0,0
C033_F241,1-0,0
C033_F242,1-0,0
C033_F243,1-0,0
C033_F244,1-0,0
C033_F248,1-0,0
C033_F249,1-0,0
C033_F250,1-0,0
C033_F252,1-0,0
C033_F253,1-0,0
C033_F255,1-0,0
C033_F257,1-0,0
C033_F258,1-0,0
C033_F259,1-0,0
C033_F261,1-0,0
C033_F262,1-0,0
C033_F263,1-0,0
C033_F264,1-0,0
C033_F265,1-0,0
C033_F266,1-0,0
C033_F267,1-0,0
C033_F268,1-0,0
C033_F269,1-0,0
C033_F274,1-0,0
C033_F275,1-0,0
C033_F276,1-0,0
C033_F278,1-0,0
C033_F279,1-0,0
C033_F282,1-0,0
C033_F284,1-0,0
C033_F286,1-0,0
C033_F290,1-0,0
C033_F292,1-0,0
C033_F293,1-0,0
C033_F294,1-0,0
C033_F295,1-0,0
C033_F296,1-0,0
C033_F297,1-0,0
C033_F299,1-0,0
C033_F300,1-0,0
C033_F301,1-0,0
C033_F302,1-0,0
C033_F305,1-0,0
C033_F307,1-0,0
C033_F308,1-0,0
C033_F312,1-0,0
C033_F315,1-0,0
C033_F316,1-0,0
C033_F317,1-0,0
C033_F318,1-0,0
C033_F321,1-0,0
C033_F322,1-0,0
C033_F328,1-0,0
C033_F332,1-0,0
C033_F337,1-0,0
C033_F338,1-0,0
C033_F341,1-0,0
C033_F343,1-0,0
C033_F344,1-0,0
C033_F346,1-0,0
C033_F348,1-0,0
C033_F349,1-0,0
C033_F350,1-0,0
C033_F351,1-0,0
C033_F353,1-0,0
C033_F356,1-0,0
C033_F359,1-0,0
C033_F361,1-0,0
C033_F363,1-0,0
C033_F364,1-0,0
C033_F365,1-0,0
C033_F368,1-0,0
C033_F369,1-0,0
C033_F370,1-0,0
C033_F374,1-0,0
C033_F376,1-0,0
C033_F378,1-0,0
C033_F380,1-0,0
C033_F381,1-0,0
C033_F382,1-0,0
C033_F383,1-0,0
C033_F385,1-0,0
C033_F387,1-0,0
C033_F391,1-0,0
C033_F393,1-0,0
C033_F395,1-0,0
C033_F396,1-0,0
C033_F397,1-0,0
C033_F398,1-0,0
C033_F399,1-0,0
C033_F401,1-0,0
C033_F402,1-0,0
C033_F403,1-0,0
C033_F405,1-0,0
C033_F406,1-0,0
C033_F408,1-0,0
C033_F409,1-0,0
C033_F410,1-0,0
C033_F411,1-0,0
C033_F416,1-0,0
C033_F417,1-0,0
C033_F419,1-0,0
C033_F421,1-0,0
C033_F423,1-0,0
C033_F424,1-0,0
C033_F425,1-0,0
C033_F427,1-0,0
C033_F428,1-0,0
C033_F430,1-0,0
C033_F431,1-0,0
C033_F434,1-0,0
C033_F435,1-0,0
C033_F436,1-0,0
C033_F437,1-0,0
C033_F438,1-0,0
C033_F442,1-0,0
C033_F444,1-0,0
C033_F446,1-0,0
C033_F448,1-0,0
C033_F449,1-0,0
C033_F453,1-0,0
C033_F454,1-0,0
C033_F455,1-0,0
C033_F457,1-0,0
C033_F458,1-0,0
C033_F461,1-0,0
C035_F001,1-0,0
C035_F002,1-0,0
C035_F003,1-0,0
C035_F004,1-0,0
C035_F005,1-0,0
C035_F006,1-0,0
C035_F007,1-0,0
C035_F008,1-0,0
C035_F009,1-0,0
C035_F010,1-0,0
C035_F011,1-0,0
C035_F012,1-0,0
C035_F013,1-0,0
C035_F014,1-0,0
C035_F015,1-0,0
C035_F016,1-0,0
C035_F017,1-0,0
C035_F018,1-0,0
C035_F019,1-0,0
C035_F020,1-0,0
C035_F021,1-0,0
C035_F022,1-0,0
C035_F023,1-0,0
C035_F024,1-0,0
C035_F025,1-0,0
C035_F026,1-0,0
C035_F027,1-0,0
C035_F028,1-0,0
C035_F029,1-0,0
C035_F030,1-0,0
C035_F031,1-0,0
C035_F032,1-0,0
C035_F033,1-0,0
C035_F034,1-0,0
C035_F035,1-0,0
C035_F036,1-0,0
C035_F037,1-0,0
C035_F038,1-0,0
C035_F039,1-0,0
C035_F040,1-0,0
C035_F041,1-0,0
C035_F042,1-0,0
C035_F043,1-0,0
C035_F044,1-0,0
C035_F045,1-0,0
C035_F046,1-0,0
C035_F047,1-0,0
C035_F048,1-0,0
C035_F049,1-0,0
C035_F050,1-0,0
C035_F051,1-0,0
C035_F052,1-0,0
C035_F053,1-0,0
C035_F054,1-0,0
C035_F055,1-0,0
C035_F056,1-0,0
C035_F057,1-0,0
C035_F058,1-0,0
C035_F059,1-0,0
C035_F060,1-0,0
C035_F061,1-0,0
C035_F062,1-0,0
C035_F063,1-0,0
C035_F064,1-0,0
C035_F065,1-0,0
C035_F066,1-0,0
C035_F067,1-0,0
C035_F068,1-0,0
C035_F069,1-0,0
C035_F070,1-0,0
C035_F071,1-0,0
C035_F072,1-0,0
C035_F073,1-0,0
C035_F074,1-0,0
C035_F075,1-0,0
C035_F076,1-0,0
C035_F077,1-0,0
C035_F078,1-0,0
C035_F079,1-0,0
C035_F080,1-0,0
C035_F081,1-0,0
C035_F082,1-0,0
C035_F083,1-0,0
C035_F084,1-0,0
C035_F085,1-0,0
C035_F086,1-0,0
C035_F087,1-0,0
C035_F088,1-0,0
C035_F089,1-0,0
C035_F090,1-0,0
C035_F091,1-0,0
C035_F092,1-0,0
C035_F093,1-0,0
C035_F094,1-0,0
C035_F095,1-0,0
C035_F096,1-0,0
C035_F097,1-0,0
C035_F098,1-0,0
C035_F099,1-0,0
C035_F100,1-0,0
C035_F101,1-0,0
C035_F102,1-0,0
C035_F103,1-0,0
C035_F104,1-0,0
C035_F105,1-0,0
C035_F106,1-0,0
C035_F107,1-0,0
C035_F108,1-0,0
C035_F109,1-0,0
C035_F110,1-0,0
C035_F111,1-0,0
C035_F112,1-0,0
C035_F113,1-0,0
C035_F114,1-0,0
C035_F115,1-0,0
C035_F116,1-0,0
C035_F117,1-0,0
C035_F118,1-0,0
C035_F119,1-0,0
C035_F120,1-0,0
C035_F121,1-0,0
C035_F122,1-0,0
C035_F123,1-0,0
C035_F124,1-0,0
C035_F125,1-0,0
C035_F126,1-0,0
C035_F127,1-0,0
C035_F128,1-0,0
C035_F129,1-0,0
C035_F130,1-0,0
C035_F131,1-0,0
C035_F132,1-0,0
C035_F133,1-0,0
C035_F134,1-0,0
C035_F135,1-0,0
C035_F136,1-0,0
C035_F137,1-0,0
C035_F138,1-0,0
C035_F139,1-0,0
C035_F140,1-0,0
C035_F141,1-0,0
C035_F142,1-0,0
C035_F143,1-0,0
C035_F144,1-0,0
C035_F145,1-0,0
C035_F146,1-0,0
C035_F147,1-0,0
C035_F148,1-0,0
C035_F149,1-0,0
C035_F150,1-0,0
C035_F151,1-0,0
C035_F152,1-0,0
C035_F153,1-0,0
C035_F154,1-0,0
C035_F155,1-0,0
C035_F156,1-0,0
C035_F157,1-0,0
C035_F158,1-0,0
C035_F159,1-0,0
C035_F160,1-0,0
C035_F161,1-0,0
C035_F162,1-0,0
C035_F163,1-0,0
C035_F164,1-0,0
C035_F165,1-0,0
C035_F166,1-0,0
C035_F167,1-0,0
C035_F168,1-0,0
C035_F169,1-0,0
C035_F170,1-0,0
C035_F171,1-0,0
C035_F172,1-0,0
C035_F173,1-0,0
C035_F174,1-0,0
C035_F175,1-0,0
C035_F176,1-0,0
C035_F177,1-0,0
C035_F178,1-0,0
C035_F179,1-0,0
C035_F180,1-0,0
C035_F181,1-0,0
C035_F182,1-0,0
C035_F183,1-0,0
C035_F184,1-0,0
C035_F185,1-0,0
C035_F186,1-0,0
C035_F187,1-0,0
C035_F188,1-0,0
C035_F189,1-0,0
C035_F190,1-0,0
C035_F191,1-0,0
C035_F192,1-0,0
C035_F193,1-0,0
C035_F194,1-0,0
C035_F195,1-0,0
C035_F196,1-0,0
C035_F197,1-0,0
C035_F198,1-0,0
C035_F199,1-0,0
C035_F200,1-0,0
C035_F201,1-0,0
C035_F202,1-0,0
C035_F203,1-0,0
C035_F204,1-0,0
C035_F205,1-0,0
C035_F206,1-0,0
C035_F207,1-0,0
C035_F208,1-0,0
C035_F209,1-0,0
C035_F210,1-0,0
C035_F211,1-0,0
C035_F212,1-0,0
C035_F213,1-0,0
C035_F214,1-0,0
C035_F215,1-0,0
C035_F216,1-0,0
C035_F217,1-0,0
C035_F218,1-0,0
C035_F219,1-0,0
C035_F220,1-0,0
C035_F221,1-0,0
C035_F222,1-0,0
C035_F223,1-0,0
C035_F224,1-0,0
C035_F225,1-0,0
C035_F226,1-0,0
C035_F227,1-0,0
C035_F228,1-0,0
C035_F229,1-0,0
C035_F230,1-0,0
C035_F231,1-0,0
C035_F232,1-0,0
C035_F233,1-0,0
C035_F234,1-0,0
C035_F235,1-0,0
C035_F236,1-0,0
C035_F237,1-0,0
C035_F238,1-0,0
C035_F239,1-0,0
C035_F240,1-0,0
C035_F241,1-0,0
C035_F242,1-0,0
C035_F243,1-0,0
C035_F244,1-0,0
C035_F245,1-0,0
C035_F246,1-0,0
C035_F247,1-0,0
C035_F248,1-0,0
C035_F249,1-0,0
C035_F250,1-0,0
C035_F251,1-0,0
C035_F252,1-0,0
C035_F253,1-0,0
C035_F254,1-0,0
C035_F255,1-0,0
C035_F256,1-0,0
C035_F257,1-0,0
C035_F258,1-0,0
C035_F259,1-0,0
C035_F260,1-0,0
C035_F261,1-0,0
C035_F262,1-0,0
C035_F263,1-0,0
C035_F264,1-0,0
C035_F265,1-0,0
C035_F266,1-0,0
C035_F267,1-0,0
C035_F268,1-0,0
C035_F269,1-0,0
C035_F270,1-0,0
C035_F271,1-0,0
C035_F272,1-0,0
C035_F273,1-0,0
C035_F274,1-0,0
C035_F275,1-0,0
C035_F276,1-0,0
C035_F277,1-0,0
C035_F278,1-0,0
C035_F279,1-0,0
C035_F280,1-0,0
C035_F281,1-0,0
C035_F282,1-0,0
C035_F283,1-0,0
C035_F284,1-0,0
C035_F285,1-0,0
C035_F286,1-0,0
C035_F287,1-0,0
C035_F288,1-0,0
C035_F289,1-0,0
C035_F290,1-0,0
C035_F291,1-0,0
C035_F292,1-0,0
C035_F293,1-0,0
C035_F294,1-0,0
C035_F295,1-0,0
C035_F296,1-0,0
C035_F297,1-0,0
C035_F298,1-0,0
C035_F299,1-0,0
C035_F300,1-0,0
C035_F301,1-0,0
C035_F302,1-0,0
C035_F303,1-0,0
C035_F304,1-0,0
C035_F305,1-0,0
C035_F306,1-0,0
C035_F307,1-0,0
C035_F308,1-0,0
C035_F309,1-0,0
C035_F310,1-0,0
C035_F311,1-0,0
C035_F312,1-0,0
C035_F313,1-0,0
C035_F314,1-0,0
C035_F315,1-0,0
C035_F316,1-0,0
C035_F317,1-0,0
C035_F318,1-0,0
C035_F319,1-0,0
C035_F320,1-0,0
C035_F321,1-0,0
C035_F322,1-0,0
C035_F323,1-0,0
C035_F324,1-0,0
C035_F325,1-0,0
C035_F326,1-0,0
C035_F327,1-0,0
C035_F328,1-0,0
C035_F329,1-0,0
C035_F330,1-0,0
C035_F331,1-0,0
C035_F332,1-0,0
C035_F333,1-0,0
C035_F334,1-0,0
C035_F335,1-0,0
C035_F336,1-0,0
C035_F337,1-0,0
C035_F338,1-0,0
C035_F339,1-0,0
C035_F340,1-0,0
C035_F341,1-0,0
C035_F342,1-0,0
C035_F343,1-0,0
C035_F344,1-0,0
C035_F345,1-0,0
C035_F346,1-0,0
C035_F347,1-0,0
C035_F348,1-0,0
C035_F349,1-0,0
C035_F350,1-0,0
C035_F351,1-0,0
C035_F352,1-0,0
C035_F353,1-0,0
C035_F354,1-0,0
C035_F355,1-0,0
C035_F356,1-0,0
C035_F357,1-0,0
C035_F358,1-0,0
C035_F359,1-0,0
C035_F360,1-0,0
C035_F361,1-0,0
C035_F362,1-0,0
C035_F363,1-0,0
C035_F364,1-0,0
C035_F365,1-0,0
C035_F366,1-0,0
C035_F367,1-0,0
C035_F368,1-0,0
C035_F369,1-0,0
C035_F370,1-0,0
C035_F371,1-0,0
C035_F372,1-0,0
C035_F373,1-0,0
C035_F374,1-0,0
C035_F375,1-0,0
C035_F376,1-0,0
C035_F377,1-0,0
C035_F378,1-0,0
C035_F379,1-0,0
C035_F380,1-0,0
C035_F381,1-0,0
C035_F382,1-0,0
C035_F383,1-0,0
C035_F384,1-0,0
C035_F385,1-0,0
C035_F386,1-0,0
C035_F387,1-0,0
C035_F388,1-0,0
C035_F389,1-0,0
C035_F390,1-0,0
C035_F391,1-0,0
C035_F392,1-0,0
C035_F393,1-0,0
C035_F394,1-0,0
C035_F395,1-0,0
C035_F396,1-0,0
C035_F397,1-0,0
C035_F398,1-0,0
C035_F399,1-0,0
C035_F400,1-0,0
C035_F401,1-0,0
C035_F402,1-0,0
C035_F403,1-0,0
C035_F404,1-0,0
C035_F405,1-0,0
C035_F406,1-0,0
C035_F407,1-0,0
C035_F408,1-0,0
C035_F409,1-0,0
C035_F410,1-0,0
C035_F411,1-0,0
C035_F412,1-0,0
C035_F413,1-0,0
C035_F414,1-0,0
C035_F415,1-0,0
C035_F416,1-0,0
C035_F417,1-0,0
C035_F418,1-0,0
C035_F419,1-0,0
C035_F420,1-0,0
C035_F421,1-0,0
C035_F422,1-0,0
C035_F423,1-0,0
C035_F424,1-0,0
C035_F425,1-0,0
C035_F426,1-0,0
C035_F427,1-0,0
C035_F428,1-0,0
C035_F429,1-0,0
C035_F430,1-0,0
C035_F431,1-0,0
C035_F432,1-0,0
C035_F433,1-0,0
C035_F434,1-0,0
C035_F435,1-0,0
C035_F436,1-0,0
C035_F437,1-0,0
C035_F438,1-0,0
C035_F439,1-0,0
C035_F440,1-0,0
C035_F441,1-0,0
C035_F442,1-0,0
C035_F443,1-0,0
C035_F444,1-0,0
C035_F445,1-0,0
C035_F446,1-0,0
C035_F447,1-0,0
C035_F448,1-0,0
C035_F449,1-0,0
C035_F450,1-0,0
C035_F451,1-0,0
C035_F452,1-0,0
C035_F453,1-0,0
C035_F454,1-0,0
C035_F455,1-0,0
C035_F456,1-0,0
C035_F457,1-0,0
C035_F458,1-0,0
C035_F459,1-0,0
C035_F460,1-0,0
C035_F461,1-0,0
C035_F462,1-0,0
C039_F001,1-0,0
C039_F002,1-0,0
C039_F003,1-0,0
C039_F004,1-0,0
C039_F005,1-0,0
C039_F006,1-0,0
C039_F007,1-0,0
C039_F008,1-0,0
C039_F009,1-0,0
C039_F010,1-0,0
C039_F011,1-0,0
C039_F012,1-0,0
C039_F013,1-0,0
C039_F014,1-0,0
C039_F015,1-0,0
C039_F016,1-0,0
C039_F017,1-0,0
C039_F018,1-0,0
C039_F019,1-0,0
C039_F020,1-0,0
C039_F021,1-0,0
C039_F022,1-0,0
C039_F023,1-0,0
C039_F024,1-0,0
C039_F025,1-0,0
C039_F026,1-0,0
C039_F027,1-0,0
C039_F028,1-0,0
C039_F029,1-0,0
C039_F030,1-0,0
C039_F031,1-0,0
C039_F032,1-0,0
C039_F033,1-0,0
C039_F034,1-0,0
C039_F035,1-0,0
C039_F036,1-0,0
C039_F037,1-0,0
C039_F038,1-0,0
C039_F039,1-0,0
C039_F040,1-0,0
C039_F041,1-0,0
C039_F042,1-0,0
C039_F043,1-0,0
C039_F044,1-0,0
C039_F045,1-0,0
C039_F046,1-0,0
C039_F047,1-0,0
C039_F048,1-0,0
C039_F049,1-0,0
C039_F050,1-0,0
C039_F051,1-0,0
C039_F052,1-0,0
C039_F053,1-0,0
C039_F054,1-0,0
C039_F055,1-0,0
C039_F056,1-0,0
C039_F057,1-0,0
C039_F058,1-0,0
C039_F059,1-0,0
C039_F060,1-0,0
C039_F061,1-0,0
C039_F062,1-0,0
C039_F063,1-0,0
C039_F064,1-0,0
C039_F065,1-0,0
C039_F066,1-0,0
C039_F067,1-0,0
C039_F068,1-0,0
C039_F069,1-0,0
C039_F070,1-0,0
C039_F071,1-0,0
C039_F072,1-0,0
C039_F073,1-0,0
C039_F074,1-0,0
C039_F075,1-0,0
C039_F076,1-0,0
C039_F077,1-0,0
C039_F078,1-0,0
C039_F079,1-0,0
C039_F080,1-0,0
C039_F081,1-0,0
C039_F082,1-0,0
C039_F083,1-0,0
C039_F084,1-0,0
C039_F085,1-0,0
C039_F086,1-0,0
C039_F087,1-0,0
C039_F088,1-0,0
C039_F089,1-0,0
C039_F090,1-0,0
C039_F091,1-0,0
C039_F092,1-0,0
C039_F093,1-0,0
C039_F094,1-0,0
C039_F095,1-0,0
C039_F096,1-0,0
C039_F097,1-0,0
C039_F098,1-0,0
C039_F099,1-0,0
C039_F100,1-0,0
C039_F101,1-0,0
C039_F102,1-0,0
C039_F103,1-0,0
C039_F104,1-0,0
C039_F105,1-0,0
C039_F106,1-0,0
C039_F107,1-0,0
C039_F108,1-0,0
C039_F109,1-0,0
C039_F110,1-0,0
C039_F111,1-0,0
C039_F112,1-0,0
C039_F113,1-0,0
C039_F114,1-0,0
C039_F115,1-0,0
C039_F116,1-0,0
C039_F117,1-0,0
C039_F118,1-0,0
C039_F119,1-0,0
C039_F120,1-0,0
C039_F121,1-0,0
C039_F122,1-0,0
C039_F123,1-0,0
C039_F124,1-0,0
C039_F125,1-0,0
C039_F126,1-0,0
C039_F127,1-0,0
C039_F128,1-0,0
C039_F129,1-0,0
C039_F130,1-0,0
C039_F131,1-0,0
C039_F132,1-0,0
C039_F133,1-0,0
C039_F134,1-0,0
C039_F135,1-0,0
C039_F136,1-0,0
C039_F137,1-0,0
C039_F138,1-0,0
C039_F139,1-0,0
C039_F140,1-0,0
C039_F141,1-0,0
C039_F142,1-0,0
C039_F143,1-0,0
C039_F144,1-0,0
C039_F145,1-0,0
C039_F146,1-0,0
C039_F147,1-0,0
C039_F148,1-0,0
C039_F149,1-0,0
C039_F150,1-0,0
C039_F151,1-0,0
C039_F152,1-0,0
C039_F153,1-0,0
C039_F154,1-0,0
C039_F155,1-0,0
C039_F156,1-0,0
C039_F157,1-0,0
C039_F158,1-0,0
C039_F159,1-0,0
C039_F160,1-0,0
C039_F161,1-0,0
C039_F162,1-0,0
C039_F163,1-0,0
C039_F164,1-0,0
C039_F165,1-0,0
C039_F166,1-0,0
C039_F167,1-0,0
C039_F168,1-0,0
C039_F169,1-0,0
C039_F170,1-0,0
C039_F171,1-0,0
C039_F172,1-0,0
C039_F173,1-0,0
C039_F174,1-0,0
C039_F175,1-0,0
C039_F176,1-0,0
C039_F177,1-0,0
C039_F178,1-0,0
C039_F179,1-0,0
C039_F180,1-0,0
C039_F181,1-0,0
C039_F182,1-0,0
C039_F183,1-0,0
C039_F184,1-0,0
C039_F185,1-0,0
C039_F186,1-0,0
C039_F187,1-0,0
C039_F188,1-0,0
C039_F189,1-0,0
C039_F190,1-0,0
C039_F191,1-0,0
C039_F192,1-0,0
C039_F193,1-0,0
C039_F194,1-0,0
C039_F195,1-0,0
C039_F196,1-0,0
C039_F197,1-0,0
C039_F198,1-0,0
C039_F199,1-0,0
C039_F200,1-0,0
C039_F201,1-0,0
C039_F202,1-0,0
C039_F203,1-0,0
C039_F204,1-0,0
C039_F205,1-0,0
C039_F206,1-0,0
C039_F207,1-0,0
C039_F208,1-0,0
C039_F209,1-0,0
C039_F210,1-0,0
C039_F211,1-0,0
C039_F212,1-0,0
C039_F213,1-0,0
C039_F214,1-0,0
C039_F215,1-0,0
C039_F216,1-0,0
C039_F217,1-0,0
C039_F218,1-0,0
C039_F219,1-0,0
C039_F220,1-0,0
C039_F221,1-0,0
C039_F222,1-0,0
C039_F223,1-0,0
C039_F224,1-0,0
C039_F225,1-0,0
C039_F226,1-0,0
C039_F227,1-0,0
C039_F228,1-0,0
C039_F229,1-0,0
C039_F230,1-0,0
C039_F231,1-0,0
C039_F232,1-0,0
C039_F233,1-0,0
C039_F234,1-0,0
C039_F235,1-0,0
C039_F236,1-0,0
C039_F237,1-0,0
C039_F238,1-0,0
C039_F239,1-0,0
C039_F240,1-0,0
C039_F241,1-0,0
C039_F242,1-0,0
C039_F243,1-0,0
C039_F244,1-0,0
C039_F245,1-0,0
C039_F246,1-0,0
C039_F247,1-0,0
C039_F248,1-0,0
C039_F249,1-0,0
C039_F250,1-0,0
C039_F251,1-0,0
C039_F252,1-0,0
C039_F253,1-0,0
C039_F254,1-0,0
C039_F255,1-0,0
C039_F256,1-0,0
C039_F257,1-0,0
C039_F258,1-0,0
C039_F259,1-0,0
C039_F260,1-0,0
C039_F261,1-0,0
C039_F262,1-0,0
C039_F263,1-0,0
C039_F264,1-0,0
C039_F265,1-0,0
C039_F266,1-0,0
C039_F267,1-0,0
C039_F268,1-0,0
C039_F269,1-0,0
C039_F270,1-0,0
C039_F271,1-0,0
C039_F272,1-0,0
C039_F273,1-0,0
C039_F274,1-0,0
C039_F275,1-0,0
C039_F276,1-0,0
C039_F277,1-0,0
C039_F278,1-0,0
C039_F279,1-0,0
C039_F280,1-0,0
C039_F281,1-0,0
C039_F282,1-0,0
C039_F283,1-0,0
C039_F284,1-0,0
C039_F285,1-0,0
C039_F286,1-0,0
C039_F287,1-0,0
C039_F288,1-0,0
C039_F289,1-0,0
C039_F290,1-0,0
C039_F291,1-0,0
C039_F292,1-0,0
C039_F293,1-0,0
C039_F294,1-0,0
C039_F295,1-0,0
C039_F296,1-0,0
C039_F297,1-0,0
C039_F298,1-0,0
C039_F299,1-0,0
C039_F300,1-0,0
C039_F301,1-0,0
C039_F302,1-0,0
C039_F303,1-0,0
C039_F304,1-0,0
C039_F305,1-0,0
C039_F306,1-0,0
C039_F307,1-0,0
C039_F308,1-0,0
C039_F309,1-0,0
C039_F310,1-0,0
C039_F311,1-0,0
C039_F312,1-0,0
C039_F313,1-0,0
C039_F314,1-0,0
C039_F315,1-0,0
C039_F316,1-0,0
C039_F317,1-0,0
C039_F318,1-0,0
C039_F319,1-0,0
C039_F320,1-0,0
C039_F321,1-0,0
C039_F322,1-0,0
C039_F323,1-0,0
C039_F324,1-0,0
C039_F325,1-0,0
C039_F326,1-0,0
C039_F327,1-0,0
C039_F328,1-0,0
C039_F329,1-0,0
C039_F330,1-0,0
C039_F331,1-0,0
C039_F332,1-0,0
C039_F333,1-0,0
C039_F334,1-0,0
C039_F335,1-0,0
C039_F336,1-0,0
C039_F337,1-0,0
C039_F338,1-0,0
C039_F339,1-0,0
C039_F340,1-0,0
C039_F341,1-0,0
C039_F342,1-0,0
C039_F343,1-0,0
C039_F344,1-0,0
C039_F345,1-0,0
C039_F346,1-0,0
C039_F347,1-0,0
C039_F348,1-0,0
C039_F349,1-0,0
C039_F350,1-0,0
C039_F351,1-0,0
C039_F352,1-0,0
C039_F353,1-0,0
C039_F354,1-0,0
C039_F355,1-0,0
C039_F356,1-0,0
C039_F357,1-0,0
C039_F358,1-0,0
C039_F359,1-0,0
C039_F360,1-0,0
C039_F361,1-0,0
C039_F362,1-0,0
C039_F363,1-0,0
C039_F364,1-0,0
C039_F365,1-0,0
C039_F366,1-0,0
C039_F367,1-0,0
C039_F368,1-0,0
C039_F369,1-0,0
C039_F370,1-0,0
C039_F371,1-0,0
C039_F372,1-0,0
C039_F373,1-0,0
C039_F374,1-0,0
C039_F375,1-0,0
C039_F376,1-0,0
C039_F377,1-0,0
C039_F378,1-0,0
C039_F379,1-0,0
C039_F380,1-0,0
C040_F005,1-0,0
C040_F009,1-0,0
C040_F012,1-0,0
C040_F016,1-0,0
C040_F017,1-0,0
C040_F019,1-0,0
C040_F020,1-0,0
C040_F021,1-0,0
C040_F022,1-0,0
C040_F028,1-0,0
C040_F029,1-0,0
C040_F031,1-0,0
C040_F032,1-0,0
C040_F033,1-0,0
C040_F034,1-0,0
C040_F035,1-0,0
C040_F038,1-0,0
C040_F043,1-0,0
C040_F045,1-0,0
C040_F049,1-0,0
C040_F052,1-0,0
C040_F053,1-0,0
C040_F054,1-0,0
C040_F057,1-0,0
C040_F062,1-0,0
C040_F069,1-0,0
C040_F072,1-0,0
C040_F075,1-0,0
C040_F076,1-0,0
C040_F077,1-0,0
C040_F078,1-0,0
C040_F084,1-0,0
C040_F086,1-0,0
C040_F089,1-0,0
C040_F090,1-0,0
C040_F091,1-0,0
C040_F093,1-0,0
C040_F094,1-0,0
C040_F095,1-0,0
C040_F097,1-0,0
C040_F098,1-0,0
C040_F100,1-0,0
C040_F103,1-0,0
C040_F109,1-0,0
C040_F116,1-0,0
C040_F117,1-0,0
C040_F119,1-0,0
C040_F122,1-0,0
C040_F123,1-0,0
C040_F124,1-0,0
C040_F125,1-0,0
C040_F126,1-0,0
C040_F130,1-0,0
C040_F135,1-0,0
C040_F136,1-0,0
C040_F137,1-0,0
C040_F141,1-0,0
C040_F142,1-0,0
C040_F143,1-0,0
C040_F148,1-0,0
C040_F151,1-0,0
C040_F152,1-0,0
C040_F154,1-0,0
C040_F155,1-0,0
C040_F158,1-0,0
C040_F159,1-0,0
C040_F160,1-0,0
C040_F162,1-0,0
C040_F163,1-0,0
C040_F167,1-0,0
C040_F170,1-0,0
C040_F176,1-0,0
C040_F178,1-0,0
C040_F181,1-0,0
C040_F182,1-0,0
C040_F184,1-0,0
C040_F185,1-0,0
C040_F188,1-0,0
C040_F190,1-0,0
C040_F191,1-0,0
C040_F193,1-0,0
C040_F195,1-0,0
C040_F196,1-0,0
C040_F197,1-0,0
C040_F203,1-0,0
C040_F210,1-0,0
C040_F211,1-0,0
C040_F213,1-0,0
C040_F215,1-0,0
C040_F217,1-0,0
C040_F218,1-0,0
C040_F219,1-0,0
C040_F220,1-0,0
C040_F222,1-0,0
C040_F224,1-0,0
C040_F227,1-0,0
C040_F231,1-0,0
C040_F234,1-0,0
C040_F242,1-0,0
C040_F243,1-0,0
C040_F245,1-0,0
C040_F252,1-0,0
C040_F254,1-0,0
C040_F257,1-0,0
C040_F263,1-0,0
C040_F267,1-0,0
C040_F272,1-0,0
C040_F274,1-0,0
C040_F277,1-0,0
C040_F279,1-0,0
C040_F280,1-0,0
C040_F281,1-0,0
C040_F282,1-0,0
C040_F287,1-0,0
C040_F292,1-0,0
C040_F294,1-0,0
C040_F295,1-0,0
C040_F297,1-0,0
C040_F299,1-0,0
C040_F302,1-0,0
C040_F303,1-0,0
C040_F306,1-0,0
C041_F003,1-0,0
C041_F004,1-0,0
C041_F006,1-0,0
C041_F008,1-0,0
C041_F009,1-0,0
C041_F010,1-0,0
C041_F013,1-0,0
C041_F014,1-0,0
C041_F016,1-0,0
C041_F017,1-0,0
C041_F018,1-0,0
C041_F019,1-0,0
C041_F020,1-0,0
C041_F022,1-0,0
C041_F023,1-0,0
C041_F027,1-0,0
C041_F028,1-0,0
C041_F029,1-0,0
C041_F030,1-0,0
C041_F031,1-0,0
C041_F034,1-0,0
C041_F035,1-0,0
C041_F036,1-0,0
C041_F039,1-0,0
C041_F040,1-0,0
C041_F041,1-0,0
C041_F042,1-0,0
C041_F043,1-0,0
C041_F044,1-0,0
C041_F045,1-0,0
C041_F046,1-0,0
C041_F050,1-0,0
C041_F051,1-0,0
C041_F052,1-0,0
C041_F054,1-0,0
C041_F056,1-0,0
C041_F057,1-0,0
C041_F059,1-0,0
C041_F060,1-0,0
C041_F061,1-0,0
C041_F063,1-0,0
C041_F065,1-0,0
C041_F067,1-0,0
C041_F068,1-0,0
C041_F069,1-0,0
C041_F070,1-0,0
C041_F071,1-0,0
C041_F072,1-0,0
C041_F073,1-0,0
C041_F074,1-0,0
C041_F076,1-0,0
C041_F078,1-0,0
C041_F083,1-0,0
C041_F084,1-0,0
C041_F085,1-0,0
C041_F086,1-0,0
C041_F087,1-0,0
C041_F089,1-0,0
C041_F090,1-0,0
C041_F091,1-0,0
C041_F094,1-0,0
C041_F095,1-0,0
C041_F096,1-0,0
C041_F097,1-0,0
C041_F099,1-0,0
C041_F101,1-0,0
C041_F102,1-0,0
C041_F103,1-0,0
C041_F104,1-0,0
C041_F105,1-0,0
C041_F106,1-0,0
C041_F107,1-0,0
C041_F108,1-0,0
C041_F112,1-0,0
C041_F114,1-0,0
C041_F116,1-0,0
C041_F117,1-0,0
C041_F121,1-0,0
C041_F125,1-0,0
C041_F129,1-0,0
C041_F131,1-0,0
C041_F132,1-0,0
C041_F134,1-0,0
C041_F135,1-0,0
C041_F136,1-0,0
C041_F137,1-0,0
C041_F141,1-0,0
C041_F142,1-0,0
C041_F143,1-0,0
C041_F144,1-0,0
C041_F145,1-0,0
C041_F146,1-0,0
C041_F147,1-0,0
C041_F148,1-0,0
C041_F152,1-0,0
C041_F153,1-0,0
C041_F157,1-0,0
C041_F158,1-0,0
C041_F159,1-0,0
C041_F161,1-0,0
C041_F164,1-0,0
C041_F170,1-0,0
C041_F173,1-0,0
C041_F175,1-0,0
C041_F176,1-0,0
C041_F179,1-0,0
C041_F181,1-0,0
C041_F182,1-0,0
C041_F184,1-0,0
C041_F186,1-0,0
C041_F188,1-0,0
C041_F189,1-0,0
C041_F190,1-0,0
C041_F191,1-0,0
C041_F192,1-0,0
C041_F193,1-0,0
C041_F194,1-0,0
C041_F195,1-0,0
C041_F196,1-0,0
C041_F198,1-0,0
C041_F200,1-0,0
C041_F201,1-0,0
C041_F202,1-0,0
C041_F204,1-0,0
C041_F206,1-0,0
C041_F208,1-0,0
C041_F209,1-0,0
C041_F210,1-0,0
C041_F212,1-0,0
C041_F213,1-0,0
C041_F214,1-0,0
C041_F215,1-0,0
C041_F216,1-0,0
C041_F218,1-0,0
C041_F219,1-0,0
C041_F220,1-0,0
C041_F221,1-0,0
C041_F222,1-0,0
C041_F223,1-0,0
C041_F225,1-0,0
C041_F228,1-0,0
C041_F229,1-0,0
C041_F230,1-0,0
C041_F232,1-0,0
C041_F235,1-0,0
C041_F236,1-0,0
C041_F238,1-0,0
C041_F239,1-0,0
C041_F241,1-0,0
C041_F242,1-0,0
C041_F246,1-0,0
C041_F248,1-0,0
C041_F251,1-0,0
C041_F253,1-0,0
C041_F254,1-0,0
C041_F255,1-0,0
C041_F257,1-0,0
C041_F258,1-0,0
C041_F259,1-0,0
C041_F260,1-0,0
C041_F261,1-0,0
C041_F262,1-0,0
C041_F265,1-0,0
C041_F266,1-0,0
C041_F268,1-0,0
C041_F269,1-0,0
C041_F270,1-0,0
C041_F271,1-0,0
C041_F272,1-0,0
C041_F273,1-0,0
C041_F275,1-0,0
C041_F278,1-0,0
C041_F280,1-0,0
C041_F281,1-0,0
C041_F285,1-0,0
C041_F286,1-0,0
C041_F287,1-0,0
C041_F288,1-0,0
C041_F289,1-0,0
C041_F291,1-0,0
C041_F293,1-0,0
C041_F295,1-0,0
C041_F296,1-0,0
C041_F304,1-0,0
C041_F306,1-0,0
C041_F307,1-0,0
C041_F308,1-0,0
C041_F309,1-0,0
C041_F311,1-0,0
C041_F312,1-0,0
C041_F314,1-0,0
C041_F316,1-0,0
C041_F317,1-0,0
C041_F319,1-0,0
C041_F320,1-0,0
C041_F321,1-0,0
C041_F323,1-0,0
C041_F326,1-0,0
C041_F329,1-0,0
C041_F330,1-0,0
C041_F332,1-0,0
C041_F333,1-0,0
C041_F334,1-0,0
C041_F335,1-0,0
C041_F336,1-0,0
C041_F338,1-0,0
C041_F340,1-0,0
C041_F343,1-0,0
C041_F346,1-0,0
C041_F347,1-0,0
C041_F350,1-0,0
C041_F351,1-0,0
C041_F352,1-0,0
C041_F354,1-0,0
C041_F355,1-0,0
C041_F357,1-0,0
C041_F359,1-0,0
C041_F360,1-0,0
C041_F361,1-0,0
C041_F363,1-0,0
C041_F364,1-0,0
C041_F365,1-0,0
C041_F367,1-0,0
C041_F369,1-0,0
C041_F370,1-0,0
C041_F372,1-0,0
C041_F374,1-0,0
C041_F380,1-0,0
C041_F381,1-0,0
C041_F382,1-0,0
C041_F383,1-0,0
C041_F384,1-0,0
C041_F385,1-0,0
C041_F386,1-0,0
C041_F389,1-0,0
C041_F393,1-0,0
C041_F395,1-0,0
C041_F396,1-0,0
C041_F397,1-0,0
C041_F398,1-0,0
C041_F399,1-0,0
C041_F402,1-0,0
C041_F403,1-0,0
C041_F404,1-0,0
C041_F406,1-0,0
C041_F407,1-0,0
C041_F408,1-0,0
C041_F409,1-0,0
C041_F410,1-0,0
C041_F411,1-0,0
C041_F412,1-0,0
C041_F414,1-0,0
C041_F415,1-0,0
C041_F417,1-0,0
C041_F419,1-0,0
C041_F421,1-0,0
C041_F425,1-0,0
C041_F426,1-0,0
C041_F429,1-0,0
C041_F430,1-0,0
C041_F431,1-0,0
C041_F433,1-0,0
C041_F437,1-0,0
C041_F440,1-0,0
C041_F441,1-0,0
C041_F443,1-0,0
C041_F444,1-0,0
C041_F445,1-0,0
C041_F446,1-0,0
C041_F447,1-0,0
C041_F448,1-0,0
C041_F449,1-0,0
C041_F450,1-0,0
C041_F453,1-0,0
C041_F457,1-0,0
C041_F460,1-0,0
C041_F461,1-0,0
C046_F004,1-0,0
C046_F008,1-0,0
C046_F010,1-0,0
C046_F011,1-0,0
C046_F013,1-0,0
C046_F015,1-0,0
C046_F019,1-0,0
C046_F021,1-0,0
C046_F023,1-0,0
C046_F024,1-0,0
C046_F025,1-0,0
C046_F027,1-0,0
C046_F028,1-0,0
C046_F034,1-0,0
C046_F037,1-0,0
C046_F039,1-0,0
C046_F040,1-0,0
C046_F041,1-0,0
C046_F042,1-0,0
C046_F045,1-0,0
C046_F047,1-0,0
C046_F050,1-0,0
C046_F051,1-0,0
C046_F052,1-0,0
C046_F055,1-0,0
C046_F056,1-0,0
C046_F058,1-0,0
C046_F059,1-0,0
C046_F060,1-0,0
C046_F061,1-0,0
C046_F062,1-0,0
C046_F069,1-0,0
C046_F071,1-0,0
C046_F075,1-0,0
C046_F076,1-0,0
C046_F080,1-0,0
C046_F083,1-0,0
C046_F085,1-0,0
C046_F086,1-0,0
C046_F088,1-0,0
C046_F091,1-0,0
C046_F093,1-0,0
C046_F094,1-0,0
C046_F095,1-0,0
C046_F100,1-0,0
C046_F104,1-0,0
C046_F112,1-0,0
C046_F114,1-0,0
C046_F117,1-0,0
C046_F120,1-0,0
C046_F121,1-0,0
C046_F122,1-0,0
C046_F125,1-0,0
C046_F127,1-0,0
C046_F129,1-0,0
C046_F132,1-0,0
C046_F134,1-0,0
C046_F137,1-0,0
C046_F138,1-0,0
C046_F140,1-0,0
C046_F141,1-0,0
C046_F142,1-0,0
C046_F148,1-0,0
C046_F149,1-0,0
C046_F150,1-0,0
C046_F154,1-0,0
C046_F159,1-0,0
C046_F160,1-0,0
C046_F161,1-0,0
C046_F165,1-0,0
C046_F167,1-0,0
C046_F171,1-0,0
C046_F172,1-0,0
C046_F182,1-0,0
C046_F183,1-0,0
C046_F187,1-0,0
C046_F188,1-0,0
C046_F189,1-0,0
C046_F190,1-0,0
C046_F191,1-0,0
C046_F192,1-0,0
C046_F199,1-0,0
C046_F200,1-0,0
C046_F202,1-0,0
C046_F205,1-0,0
C046_F207,1-0,0
C046_F208,1-0,0
C046_F211,1-0,0
C046_F212,1-0,0
C046_F216,1-0,0
C046_F220,1-0,0
C046_F221,1-0,0
C046_F225,1-0,0
C046_F226,1-0,0
C046_F227,1-0,0
C046_F230,1-0,0
C046_F231,1-0,0
C046_F232,1-0,0
C046_F233,1-0,0
C046_F236,1-0,0
C046_F238,1-0,0
C046_F242,1-0,0
C046_F243,1-0,0
C046_F244,1-0,0
C046_F249,1-0,0
C046_F251,1-0,0
C046_F257,1-0,0
C046_F258,1-0,0
C046_F262,1-0,0
C046_F264,1-0,0
C046_F269,1-0,0
C046_F270,1-0,0
C046_F272,1-0,0
C046_F274,1-0,0
C046_F278,1-0,0
C046_F280,1-0,0
C046_F281,1-0,0
C046_F282,1-0,0
C046_F284,1-0,0
C046_F286,1-0,0
C046_F287,1-0,0
C046_F288,1-0,0
C046_F290,1-0,0
C046_F291,1-0,0
C046_F293,1-0,0
C046_F294,1-0,0
C046_F295,1-0,0
C046_F297,1-0,0
C046_F306,1-0,0
C046_F307,1-0,0
C046_F309,1-0,0
C046_F310,1-0,0
C046_F311,1-0,0
C046_F313,1-0,0
C046_F316,1-0,0
C046_F318,1-0,0
C046_F321,1-0,0
C046_F322,1-0,0
C046_F323,1-0,0
C046_F326,1-0,0
C046_F329,1-0,0
C046_F333,1-0,0
C046_F335,1-0,0
C046_F337,1-0,0
C046_F339,1-0,0
C046_F346,1-0,0
C046_F351,1-0,0
C046_F357,1-0,0
C046_F359,1-0,0
C046_F360,1-0,0
C046_F361,1-0,0
C046_F366,1-0,0
C046_F367,1-0,0
C046_F370,1-0,0
C046_F371,1-0,0
C046_F372,1-0,0
C046_F374,1-0,0
C046_F376,1-0,0
C046_F377,1-0,0
C046_F380,1-0,0
C046_F382,1-0,0
C046_F383,1-0,0
C046_F384,1-0,0
C046_F386,1-0,0
C046_F389,1-0,0
C046_F397,1-0,0
C046_F403,1-0,0
C046_F409,1-0,0
C046_F416,1-0,0
C046_F417,1-0,0
C046_F421,1-0,0
C046_F422,1-0,0
C046_F424,1-0,0
C046_F425,1-0,0
C046_F430,1-0,0
C046_F440,1-0,0
C046_F443,1-0,0
C046_F444,1-0,0
C046_F445,1-0,0
C046_F447,1-0,0
C046_F449,1-0,0
C046_F453,1-0,0
C046_F456,1-0,0
C046_F458,1-0,0
C046_F464,1-0,0
C046_F465,1-0,0
C046_F467,1-0,0
C046_F468,1-0,0
C046_F471,1-0,0
C046_F480,1-0,0
C046_F481,1-0,0
C046_F485,1-0,0
C046_F487,1-0,0
C046_F488,1-0,0
C046_F492,1-0,0
C046_F494,1-0,0
C046_F499,1-0,0
C046_F500,1-0,0
C046_F501,1-0,0
C046_F502,1-0,0
C046_F506,1-0,0
C046_F510,1-0,0
C046_F511,1-0,0
C046_F514,1-0,0
C046_F515,1-0,0
C046_F518,1-0,0
C046_F521,1-0,0
C046_F524,1-0,0
C046_F526,1-0,0
C046_F527,1-0,0
C046_F528,1-0,0
C046_F531,1-0,0
C046_F533,1-0,0
C046_F534,1-0,0
C046_F536,1-0,0
C046_F541,1-0,0
C046_F542,1-0,0
C046_F547,1-0,0
C046_F548,1-0,0
C046_F550,1-0,0
C046_F551,1-0,0
C047_F002,1-0,0
C047_F004,1-0,0
C047_F005,1-0,0
C047_F007,1-0,0
C047_F009,1-0,0
C047_F010,1-0,0
C047_F011,1-0,0
C047_F014,1-0,0
C047_F016,1-0,0
C047_F017,1-0,0
C047_F019,1-0,0
C047_F020,1-0,0
C047_F021,1-0,0
C047_F023,1-0,0
C047_F024,1-0,0
C047_F028,1-0,0
C047_F030,1-0,0
C047_F031,1-0,0
C047_F032,1-0,0
C047_F035,1-0,0
C047_F036,1-0,0
C047_F037,1-0,0
C047_F038,1-0,0
C047_F040,1-0,0
C047_F041,1-0,0
C047_F043,1-0,0
C047_F045,1-0,0
C047_F046,1-0,0
C047_F048,1-0,0
C047_F049,1-0,0
C047_F051,1-0,0
C047_F052,1-0,0
C047_F053,1-0,0
C047_F055,1-0,0
C047_F056,1-0,0
C047_F058,1-0,0
C047_F063,1-0,0
C047_F065,1-0,0
C047_F069,1-0,0
C047_F070,1-0,0
C047_F071,1-0,0
C047_F072,1-0,0
C047_F074,1-0,0
C047_F075,1-0,0
C047_F076,1-0,0
C047_F077,1-0,0
C047_F078,1-0,0
C047_F079,1-0,0
C047_F080,1-0,0
C047_F084,1-0,0
C047_F087,1-0,0
C047_F089,1-0,0
C047_F093,1-0,0
C047_F095,1-0,0
C047_F097,1-0,0
C047_F098,1-0,0
C047_F100,1-0,0
C047_F101,1-0,0
C047_F102,1-0,0
C047_F103,1-0,0
C047_F105,1-0,0
C047_F107,1-0,0
C047_F108,1-0,0
C047_F110,1-0,0
C047_F112,1-0,0
C047_F113,1-0,0
C047_F114,1-0,0
C047_F115,1-0,0
C047_F116,1-0,0
C047_F119,1-0,0
C047_F120,1-0,0
C047_F121,1-0,0
C047_F122,1-0,0
C047_F123,1-0,0
C047_F124,1-0,0
C047_F125,1-0,0
C047_F129,1-0,0
C047_F130,1-0,0
C047_F131,1-0,0
C047_F132,1-0,0
C047_F133,1-0,0
C047_F135,1-0,0
C047_F138,1-0,0
C047_F139,1-0,0
C047_F143,1-0,0
C047_F146,1-0,0
C047_F148,1-0,0
C047_F149,1-0,0
C047_F151,1-0,0
C047_F152,1-0,0
C047_F153,1-0,0
C047_F154,1-0,0
C047_F155,1-0,0
C047_F157,1-0,0
C047_F158,1-0,0
C047_F159,1-0,0
C047_F161,1-0,0
C047_F163,1-0,0
C047_F164,1-0,0
C047_F166,1-0,0
C047_F167,1-0,0
C047_F169,1-0,0
C047_F170,1-0,0
C047_F171,1-0,0
C047_F172,1-0,0
C047_F173,1-0,0
C047_F175,1-0,0
C047_F177,1-0,0
C047_F178,1-0,0
C047_F179,1-0,0
C047_F180,1-0,0
C047_F184,1-0,0
C047_F186,1-0,0
C047_F189,1-0,0
C047_F190,1-0,0
C047_F194,1-0,0
C047_F195,1-0,0
C047_F197,1-0,0
C047_F198,1-0,0
C047_F199,1-0,0
C047_F200,1-0,0
C047_F201,1-0,0
C047_F203,1-0,0
C047_F204,1-0,0
C047_F208,1-0,0
C047_F209,1-0,0
C047_F211,1-0,0
C047_F212,1-0,0
C047_F215,1-0,0
C047_F220,1-0,0
C047_F221,1-0,0
C047_F222,1-0,0
C047_F224,1-0,0
C047_F225,1-0,0
C047_F227,1-0,0
C047_F228,1-0,0
C047_F229,1-0,0
C047_F230,1-0,0
C047_F231,1-0,0
C047_F232,1-0,0
C047_F235,1-0,0
C047_F236,1-0,0
C047_F237,1-0,0
C047_F238,1-0,0
C052_F005,1-0,0
C052_F007,1-0,0
C052_F008,1-0,0
C052_F022,1-0,0
C052_F023,1-0,0
C052_F024,1-0,0
C052_F025,1-0,0
C052_F027,1-0,0
C052_F031,1-0,0
C052_F036,1-0,0
C052_F038,1-0,0
C052_F042,1-0,0
C052_F046,1-0,0
C052_F047,1-0,0
C052_F052,1-0,0
C052_F054,1-0,0
C052_F056,1-0,0
C052_F058,1-0,0
C052_F060,1-0,0
C052_F062,1-0,0
C052_F067,1-0,0
C052_F068,1-0,0
C052_F070,1-0,0
C052_F071,1-0,0
C052_F075,1-0,0
C052_F077,1-0,0
C052_F081,1-0,0
C052_F082,1-0,0
C052_F088,1-0,0
C052_F089,1-0,0
C052_F090,1-0,0
C052_F092,1-0,0
C052_F093,1-0,0
C052_F096,1-0,0
C052_F097,1-0,0
C052_F100,1-0,0
C052_F101,1-0,0
C052_F111,1-0,0
C052_F118,1-0,0
C052_F120,1-0,0
C052_F124,1-0,0
C052_F126,1-0,0
C052_F130,1-0,0
C052_F138,1-0,0
C052_F140,1-0,0
C052_F142,1-0,0
C052_F144,1-0,0
C052_F147,1-0,0
C052_F148,1-0,0
C052_F149,1-0,0
C052_F150,1-0,0
C052_F156,1-0,0
C052_F159,1-0,0
C052_F160,1-0,0
C052_F161,1-0,0
C052_F165,1-0,0
C052_F166,1-0,0
C052_F167,1-0,0
C052_F170,1-0,0
C052_F171,1-0,0
C052_F172,1-0,0
C052_F173,1-0,0
C052_F175,1-0,0
C052_F177,1-0,0
C052_F180,1-0,0
C052_F182,1-0,0
C052_F183,1-0,0
C052_F184,1-0,0
C052_F186,1-0,0
C052_F188,1-0,0
C052_F189,1-0,0
C052_F191,1-0,0
C052_F193,1-0,0
C052_F195,1-0,0
C052_F196,1-0,0
C052_F197,1-0,0
C052_F199,1-0,0
C052_F200,1-0,0
C052_F202,1-0,0
C052_F206,1-0,0
C052_F209,1-0,0
C052_F214,1-0,0
C052_F215,1-0,0
C052_F218,1-0,0
C052_F219,1-0,0
C052_F223,1-0,0
C052_F225,1-0,0
C052_F226,1-0,0
C052_F235,1-0,0
C052_F237,1-0,0
C052_F238,1-0,0
C052_F240,1-0,0
C052_F242,1-0,0
C052_F249,1-0,0
C052_F251,1-0,0
C052_F254,1-0,0
C052_F257,1-0,0
C052_F259,1-0,0
C052_F267,1-0,0
C052_F269,1-0,0
C052_F270,1-0,0
C052_F273,1-0,0
C052_F276,1-0,0
C052_F278,1-0,0
C052_F284,1-0,0
C052_F285,1-0,0
C052_F286,1-0,0
C052_F290,1-0,0
C052_F292,1-0,0
C052_F293,1-0,0
C052_F294,1-0,0
C052_F296,1-0,0
C052_F299,1-0,0
C052_F303,1-0,0
C052_F304,1-0,0
C052_F305,1-0,0
C052_F306,1-0,0
C052_F309,1-0,0
C052_F312,1-0,0
C052_F317,1-0,0
C052_F318,1-0,0
C052_F319,1-0,0
C052_F324,1-0,0
C052_F326,1-0,0
C052_F333,1-0,0
C052_F337,1-0,0
C052_F338,1-0,0
C052_F341,1-0,0
C052_F342,1-0,0
C052_F346,1-0,0
C052_F351,1-0,0
C052_F353,1-0,0
C052_F357,1-0,0
C052_F364,1-0,0
C052_F365,1-0,0
C052_F367,1-0,0
C052_F369,1-0,0
C052_F370,1-0,0
C052_F377,1-0,0
C052_F379,1-0,0
C058_F001,1-0,0
C058_F003,1-0,0
C058_F004,1-0,0
C058_F006,1-0,0
C058_F007,1-0,0
C058_F008,1-0,0
C058_F010,1-0,0
C058_F012,1-0,0
C058_F015,1-0,0
C058_F018,1-0,0
C058_F020,1-0,0
C058_F022,1-0,0
C058_F023,1-0,0
C058_F026,1-0,0
C058_F027,1-0,0
C058_F031,1-0,0
C058_F033,1-0,0
C058_F034,1-0,0
C058_F035,1-0,0
C058_F043,1-0,0
C058_F048,1-0,0
C058_F049,1-0,0
C058_F050,1-0,0
C058_F051,1-0,0
C058_F057,1-0,0
C058_F058,1-0,0
C058_F059,1-0,0
C058_F065,1-0,0
C058_F070,1-0,0
C058_F071,1-0,0
C058_F072,1-0,0
C058_F073,1-0,0
C058_F078,1-0,0
C058_F080,1-0,0
C058_F081,1-0,0
C058_F082,1-0,0
C058_F086,1-0,0
C058_F088,1-0,0
C058_F089,1-0,0
C058_F090,1-0,0
C058_F093,1-0,0
C058_F098,1-0,0
C058_F100,1-0,0
C058_F101,1-0,0
C058_F102,1-0,0
C058_F103,1-0,0
C058_F104,1-0,0
C058_F109,1-0,0
C058_F112,1-0,0
C058_F113,1-0,0
C058_F114,1-0,0
C058_F120,1-0,0
C058_F125,1-0,0
C058_F126,1-0,0
C058_F130,1-0,0
C058_F136,1-0,0
C058_F137,1-0,0
C058_F138,1-0,0
C058_F141,1-0,0
C058_F143,1-0,0
C058_F145,1-0,0
C058_F146,1-0,0
C058_F147,1-0,0
C058_F151,1-0,0
C058_F154,1-0,0
C058_F156,1-0,0
C058_F157,1-0,0
C058_F158,1-0,0
C058_F161,1-0,0
C058_F167,1-0,0
C058_F168,1-0,0
C058_F176,1-0,0
C058_F179,1-0,0
C058_F180,1-0,0
C058_F184,1-0,0
C058_F185,1-0,0
C058_F186,1-0,0
C058_F187,1-0,0
C058_F188,1-0,0
C058_F196,1-0,0
C058_F197,1-0,0
C058_F199,1-0,0
C058_F202,1-0,0
C058_F204,1-0,0
C058_F205,1-0,0
C058_F208,1-0,0
C058_F210,1-0,0
C058_F214,1-0,0
C058_F217,1-0,0
C058_F220,1-0,0
C058_F225,1-0,0
C058_F227,1-0,0
C058_F231,1-0,0
C058_F232,1-0,0
C058_F233,1-0,0
C058_F234,1-0,0
C058_F235,1-0,0
C058_F236,1-0,0
C058_F238,1-0,0
C058_F240,1-0,0
C058_F243,1-0,0
C058_F244,1-0,0
C058_F245,1-0,0
C058_F246,1-0,0
C058_F247,1-0,0
C058_F249,1-0,0
C058_F251,1-0,0
C058_F254,1-0,0
C058_F255,1-0,0
C058_F258,1-0,0
C058_F259,1-0,0
C058_F265,1-0,0
C058_F267,1-0,0
C058_F270,1-0,0
C058_F272,1-0,0
C058_F273,1-0,0
C058_F274,1-0,0
C058_F275,1-0,0
C058_F276,1-0,0
C058_F277,1-0,0
C058_F278,1-0,0
C058_F284,1-0,0
C058_F296,1-0,0
C058_F298,1-0,0
C058_F299,1-0,0
C058_F300,1-0,0
C058_F301,1-0,0
C058_F302,1-0,0
C058_F305,1-0,0
C058_F306,1-0,0
C058_F308,1-0,0
C058_F309,1-0,0
C058_F310,1-0,0
C058_F311,1-0,0
C058_F314,1-0,0
C058_F317,1-0,0
C058_F318,1-0,0
C058_F320,1-0,0
C058_F324,1-0,0
C058_F325,1-0,0
C058_F326,1-0,0
C058_F330,1-0,0
C058_F334,1-0,0
C058_F341,1-0,0
C058_F345,1-0,0
C058_F346,1-0,0
C058_F347,1-0,0
C058_F349,1-0,0
C058_F350,1-0,0
C058_F356,1-0,0
C058_F358,1-0,0
C058_F361,1-0,0
C058_F362,1-0,0
C058_F363,1-0,0
C058_F366,1-0,0
C058_F371,1-0,0
C058_F372,1-0,0
C058_F373,1-0,0
C058_F376,1-0,0
C058_F377,1-0,0
C060_F001,1-0,0
C060_F005,1-0,0
C060_F006,1-0,0
C060_F007,1-0,0
C060_F008,1-0,0
C060_F009,1-0,0
C060_F010,1-0,0
C060_F011,1-0,0
C060_F015,1-0,0
C060_F017,1-0,0
C060_F020,1-0,0
C060_F021,1-0,0
C060_F028,1-0,0
C060_F032,1-0,0
C060_F035,1-0,0
C060_F040,1-0,0
C060_F042,1-0,0
C060_F043,1-0,0
C060_F044,1-0,0
C060_F049,1-0,0
C060_F051,1-0,0
C060_F054,1-0,0
C060_F056,1-0,0
C060_F057,1-0,0
C060_F059,1-0,0
C060_F063,1-0,0
C060_F065,1-0,0
C060_F066,1-0,0
C060_F070,1-0,0
C060_F073,1-0,0
C060_F076,1-0,0
C060_F078,1-0,0
C060_F081,1-0,0
C060_F082,1-0,0
C060_F085,1-0,0
C060_F087,1-0,0
C060_F088,1-0,0
C060_F090,1-0,0
C060_F091,1-0,0
C060_F092,1-0,0
C060_F093,1-0,0
C060_F096,1-0,0
C060_F101,1-0,0
C060_F103,1-0,0
C060_F104,1-0,0
C060_F108,1-0,0
C060_F109,1-0,0
C060_F110,1-0,0
C060_F111,1-0,0
C060_F114,1-0,0
C060_F115,1-0,0
C060_F116,1-0,0
C060_F118,1-0,0
C060_F119,1-0,0
C060_F121,1-0,0
C060_F124,1-0,0
C060_F125,1-0,0
C060_F126,1-0,0
C060_F132,1-0,0
C060_F137,1-0,0
C060_F138,1-0,0
C060_F139,1-0,0
C060_F140,1-0,0
C060_F154,1-0,0
C060_F157,1-0,0
C060_F159,1-0,0
C060_F161,1-0,0
C060_F162,1-0,0
C060_F166,1-0,0
C060_F173,1-0,0
C060_F174,1-0,0
C060_F177,1-0,0
C060_F182,1-0,0
C060_F185,1-0,0
C060_F186,1-0,0
C060_F191,1-0,0
C060_F192,1-0,0
C060_F194,1-0,0
C060_F198,1-0,0
C060_F204,1-0,0
C060_F208,1-0,0
C060_F209,1-0,0
C060_F212,1-0,0
C060_F215,1-0,0
C060_F216,1-0,0
C060_F218,1-0,0
C060_F221,1-0,0
C060_F222,1-0,0
C060_F224,1-0,0
C060_F225,1-0,0
C060_F227,1-0,0
C060_F228,1-0,0
C060_F229,1-0,0
C060_F232,1-0,0
C060_F235,1-0,0
C060_F236,1-0,0
C060_F240,1-0,0
C060_F242,1-0,0
C060_F243,1-0,0
C060_F246,1-0,0
C060_F248,1-0,0
C060_F250,1-0,0
C060_F253,1-0,0
C060_F255,1-0,0
C060_F256,1-0,0
C060_F257,1-0,0
C060_F261,1-0,0
C060_F264,1-0,0
C060_F265,1-0,0
C060_F268,1-0,0
C060_F270,1-0,0
C060_F275,1-0,0
C060_F278,1-0,0
C060_F279,1-0,0
C060_F284,1-0,0
C060_F289,1-0,0
C060_F291,1-0,0
C060_F292,1-0,0
C060_F296,1-0,0
C060_F297,1-0,0
C060_F298,1-0,0
C060_F300,1-0,0
C060_F302,1-0,0
C060_F303,1-0,0
C064_F001,1-0,0
C064_F002,1-0,0
C064_F004,1-0,0
C064_F006,1-0,0
C064_F007,1-0,0
C064_F012,1-0,0
C064_F013,1-0,0
C064_F016,1-0,0
C064_F021,1-0,0
C064_F029,1-0,0
C064_F030,1-0,0
C064_F035,1-0,0
C064_F036,1-0,0
C064_F038,1-0,0
C064_F043,1-0,0
C064_F044,1-0,0
C064_F048,1-0,0
C064_F053,1-0,0
C064_F054,1-0,0
C064_F058,1-0,0
C064_F059,1-0,0
C064_F060,1-0,0
C064_F066,1-0,0
C064_F067,1-0,0
C064_F070,1-0,0
C064_F071,1-0,0
C064_F077,1-0,0
C064_F080,1-0,0
C064_F081,1-0,0
C064_F084,1-0,0
C064_F085,1-0,0
C064_F086,1-0,0
C064_F087,1-0,0
C064_F088,1-0,0
C064_F091,1-0,0
C064_F093,1-0,0
C064_F094,1-0,0
C064_F095,1-0,0
C064_F097,1-0,0
C064_F099,1-0,0
C064_F103,1-0,0
C064_F106,1-0,0
C064_F108,1-0,0
C064_F115,1-0,0
C064_F116,1-0,0
C064_F117,1-0,0
C064_F121,1-0,0
C064_F122,1-0,0
C064_F128,1-0,0
C064_F138,1-0,0
C064_F139,1-0,0
C064_F144,1-0,0
C064_F146,1-0,0
C064_F147,1-0,0
C064_F150,1-0,0
C064_F152,1-0,0
C064_F153,1-0,0
C064_F157,1-0,0
C064_F158,1-0,0
C064_F166,1-0,0
C064_F169,1-0,0
C064_F171,1-0,0
C064_F172,1-0,0
C064_F174,1-0,0
C064_F176,1-0,0
C064_F183,1-0,0
C064_F185,1-0,0
C064_F186,1-0,0
C064_F187,1-0,0
C064_F190,1-0,0
C064_F192,1-0,0
C064_F198,1-0,0
C064_F199,1-0,0
C064_F200,1-0,0
C064_F201,1-0,0
C064_F202,1-0,0
C064_F203,1-0,0
C064_F206,1-0,0
C064_F209,1-0,0
C064_F210,1-0,0
C064_F211,1-0,0
C064_F212,1-0,0
C064_F215,1-0,0
C064_F218,1-0,0
C064_F220,1-0,0
C064_F221,1-0,0
C064_F223,1-0,0
C064_F224,1-0,0
C064_F225,1-0,0
C064_F226,1-0,0
C064_F227,1-0,0
C064_F228,1-0,0
C064_F232,1-0,0
C064_F233,1-0,0
C064_F234,1-0,0
C064_F239,1-0,0
C064_F240,1-0,0
C064_F242,1-0,0
C064_F243,1-0,0
C064_F251,1-0,0
C064_F253,1-0,0
C064_F255,1-0,0
C064_F257,1-0,0
C064_F259,1-0,0
C064_F260,1-0,0
C064_F262,1-0,0
C064_F264,1-0,0
C064_F265,1-0,0
C064_F267,1-0,0
C064_F268,1-0,0
C064_F269,1-0,0
C064_F270,1-0,0
C064_F271,1-0,0
C064_F273,1-0,0
C064_F275,1-0,0
C064_F276,1-0,0
C064_F278,1-0,0
C064_F281,1-0,0
C064_F282,1-0,0
C064_F283,1-0,0
C064_F285,1-0,0
C064_F290,1-0,0
C064_F298,1-0,0
C064_F301,1-0,0
C064_F302,1-0,0
C064_F303,1-0,0
C066_F002,1-0,0
C066_F004,1-0,0
C066_F006,1-0,0
C066_F007,1-0,0
C066_F008,1-0,0
C066_F009,1-0,0
C066_F011,1-0,0
C066_F012,1-0,0
C066_F014,1-0,0
C066_F015,1-0,0
C066_F016,1-0,0
C066_F018,1-0,0
C066_F019,1-0,0
C066_F023,1-0,0
C066_F024,1-0,0
C066_F025,1-0,0
C066_F026,1-0,0
C066_F027,1-0,0
C066_F028,1-0,0
C066_F029,1-0,0
C066_F030,1-0,0
C066_F032,1-0,0
C066_F033,1-0,0
C066_F034,1-0,0
C066_F035,1-0,0
C066_F036,1-0,0
C066_F037,1-0,0
C066_F039,1-0,0
C066_F040,1-0,0
C066_F041,1-0,0
C066_F042,1-0,0
C066_F044,1-0,0
C066_F046,1-0,0
C066_F047,1-0,0
C066_F048,1-0,0
C066_F049,1-0,0
C066_F051,1-0,0
C066_F052,1-0,0
C066_F053,1-0,0
C066_F055,1-0,0
C066_F056,1-0,0
C066_F057,1-0,0
C066_F059,1-0,0
C066_F061,1-0,0
C066_F063,1-0,0
C066_F064,1-0,0
C066_F065,1-0,0
C066_F068,1-0,0
C066_F069,1-0,0
C066_F072,1-0,0
C066_F076,1-0,0
C066_F077,1-0,0
C066_F081,1-0,0
C066_F082,1-0,0
C066_F084,1-0,0
C066_F089,1-0,0
C066_F093,1-0,0
C066_F094,1-0,0
C066_F095,1-0,0
C066_F098,1-0,0
C066_F099,1-0,0
C066_F100,1-0,0
C066_F101,1-0,0
C066_F103,1-0,0
C066_F104,1-0,0
C066_F105,1-0,0
C066_F106,1-0,0
C066_F107,1-0,0
C066_F108,1-0,0
C066_F109,1-0,0
C066_F115,1-0,0
C066_F116,1-0,0
C066_F118,1-0,0
C066_F119,1-0,0
C066_F120,1-0,0
C066_F121,1-0,0
C066_F122,1-0,0
C066_F123,1-0,0
C066_F124,1-0,0
C066_F125,1-0,0
C066_F128,1-0,0
C066_F131,1-0,0
C066_F132,1-0,0
C066_F133,1-0,0
C066_F134,1-0,0
C066_F135,1-0,0
C066_F137,1-0,0
C066_F140,1-0,0
C066_F141,1-0,0
C066_F143,1-0,0
C066_F144,1-0,0
C066_F145,1-0,0
C066_F150,1-0,0
C066_F152,1-0,0
C066_F153,1-0,0
C066_F158,1-0,0
C066_F159,1-0,0
C066_F163,1-0,0
C066_F165,1-0,0
C066_F167,1-0,0
C066_F169,1-0,0
C066_F170,1-0,0
C066_F172,1-0,0
C066_F173,1-0,0
C066_F176,1-0,0
C066_F177,1-0,0
C066_F179,1-0,0
C066_F180,1-0,0
C074_F009,1-0,0
C074_F013,1-0,0
C074_F015,1-0,0
C074_F016,1-0,0
C074_F017,1-0,0
C074_F019,1-0,0
C074_F023,1-0,0
C074_F031,1-0,0
C074_F032,1-0,0
C074_F036,1-0,0
C074_F039,1-0,0
C074_F040,1-0,0
C074_F042,1-0,0
C074_F043,1-0,0
C074_F044,1-0,0
C074_F046,1-0,0
C074_F047,1-0,0
C074_F048,1-0,0
C074_F049,1-0,0
C074_F061,1-0,0
C074_F062,1-0,0
C074_F065,1-0,0
C074_F066,1-0,0
C074_F069,1-0,0
C074_F074,1-0,0
C074_F076,1-0,0
C074_F077,1-0,0
C074_F078,1-0,0
C074_F084,1-0,0
C074_F085,1-0,0
C074_F089,1-0,0
C074_F095,1-0,0
C074_F098,1-0,0
C074_F099,1-0,0
C074_F100,1-0,0
C074_F106,1-0,0
C074_F107,1-0,0
C074_F108,1-0,0
C074_F110,1-0,0
C074_F111,1-0,0
C074_F114,1-0,0
C074_F115,1-0,0
C074_F120,1-0,0
C074_F121,1-0,0
C074_F122,1-0,0
C074_F123,1-0,0
C074_F128,1-0,0
C074_F133,1-0,0
C074_F135,1-0,0
C074_F136,1-0,0
C074_F137,1-0,0
C074_F139,1-0,0
C074_F145,1-0,0
C074_F147,1-0,0
C074_F148,1-0,0
C074_F151,1-0,0
C074_F156,1-0,0
C074_F159,1-0,0
C074_F160,1-0,0
C074_F163,1-0,0
C074_F165,1-0,0
C074_F166,1-0,0
C074_F168,1-0,0
C074_F169,1-0,0
C074_F170,1-0,0
C074_F172,1-0,0
C074_F174,1-0,0
C074_F178,1-0,0
C074_F180,1-0,0
C074_F182,1-0,0
C074_F183,1-0,0
C074_F185,1-0,0
C074_F187,1-0,0
C074_F188,1-0,0
C074_F191,1-0,0
C074_F192,1-0,0
C074_F194,1-0,0
C074_F195,1-0,0
C074_F201,1-0,0
C074_F204,1-0,0
C074_F211,1-0,0
C074_F214,1-0,0
C074_F216,1-0,0
C074_F221,1-0,0
C074_F223,1-0,0
C074_F225,1-0,0
C074_F227,1-0,0
C074_F231,1-0,0
C074_F240,1-0,0
C074_F248,1-0,0
C074_F250,1-0,0
C074_F251,1-0,0
C074_F252,1-0,0
C074_F258,1-0,0
C074_F264,1-0,0
C074_F269,1-0,0
C074_F270,1-0,0
C074_F272,1-0,0
C074_F275,1-0,0
C074_F277,1-0,0
C074_F281,1-0,0
C074_F287,1-0,0
C074_F289,1-0,0
C074_F290,1-0,0
C074_F291,1-0,0
C074_F293,1-0,0
C074_F295,1-0,0
C074_F297,1-0,0
C074_F298,1-0,0
C074_F299,1-0,0
C074_F304,1-0,0
C074_F310,1-0,0
C074_F312,1-0,0
C074_F317,1-0,0
C074_F318,1-0,0
C074_F320,1-0,0
C074_F321,1-0,0
C074_F324,1-0,0
C074_F327,1-0,0
C074_F329,1-0,0
C074_F332,1-0,0
C074_F333,1-0,0
C074_F335,1-0,0
C074_F338,1-0,0
C074_F339,1-0,0
C074_F341,1-0,0
C074_F344,1-0,0
C074_F345,1-0,0
C074_F348,1-0,0
C074_F352,1-0,0
C074_F354,1-0,0
C074_F355,1-0,0
C074_F356,1-0,0
C074_F357,1-0,0
C074_F359,1-0,0
C074_F364,1-0,0
C074_F371,1-0,0
C074_F374,1-0,0
C074_F377,1-0,0
C074_F380,1-0,0
C080_F001,1-0,0
C080_F002,1-0,0
C080_F003,1-0,0
C080_F004,1-0,0
C080_F005,1-0,0
C080_F006,1-0,0
C080_F007,1-0,0
C080_F008,1-0,0
C080_F009,1-0,0
C080_F010,1-0,0
C080_F011,1-0,0
C080_F012,1-0,0
C080_F013,1-0,0
C080_F014,1-0,0
C080_F015,1-0,0
C080_F016,1-0,0
C080_F017,1-0,0
C080_F018,1-0,0
C080_F019,1-0,0
C080_F020,1-0,0
C080_F021,1-0,0
C080_F022,1-0,0
C080_F023,1-0,0
C080_F024,1-0,0
C080_F025,1-0,0
C080_F026,1-0,0
C080_F027,1-0,0
C080_F028,1-0,0
C080_F029,1-0,0
C080_F030,1-0,0
C080_F031,1-0,0
C080_F032,1-0,0
C080_F033,1-0,0
C080_F034,1-0,0
C080_F035,1-0,0
C080_F036,1-0,0
C080_F037,1-0,0
C080_F038,1-0,0
C080_F039,1-0,0
C080_F040,1-0,0
C080_F041,1-0,0
C080_F042,1-0,0
C080_F043,1-0,0
C080_F044,1-0,0
C080_F045,1-0,0
C080_F046,1-0,0
C080_F047,1-0,0
C080_F048,1-0,0
C080_F049,1-0,0
C080_F050,1-0,0
C080_F051,1-0,0
C080_F052,1-0,0
C080_F053,1-0,0
C080_F054,1-0,0
C080_F055,1-0,0
C080_F056,1-0,0
C080_F057,1-0,0
C080_F058,1-0,0
C080_F059,1-0,0
C080_F060,1-0,0
C080_F061,1-0,0
C080_F062,1-0,0
C080_F063,1-0,0
C080_F064,1-0,0
C080_F065,1-0,0
C080_F066,1-0,0
C080_F067,1-0,0
C080_F068,1-0,0
C080_F069,1-0,0
C080_F070,1-0,0
C080_F071,1-0,0
C080_F072,1-0,0
C080_F073,1-0,0
C080_F074,1-0,0
C080_F075,1-0,0
C080_F076,1-0,0
C080_F077,1-0,0
C080_F078,1-0,0
C080_F079,1-0,0
C080_F080,1-0,0
C080_F081,1-0,0
C080_F082,1-0,0
C080_F083,1-0,0
C080_F084,1-0,0
C080_F085,1-0,0
C080_F086,1-0,0
C080_F087,1-0,0
C080_F088,1-0,0
C080_F089,1-0,0
C080_F090,1-0,0
C080_F091,1-0,0
C080_F092,1-0,0
C080_F093,1-0,0
C080_F094,1-0,0
C080_F095,1-0,0
C080_F096,1-0,0
C080_F097,1-0,0
C080_F098,1-0,0
C080_F099,1-0,0
C080_F100,1-0,0
C080_F101,1-0,0
C080_F102,1-0,0
C080_F103,1-0,0
C080_F104,1-0,0
C080_F105,1-0,0
C080_F106,1-0,0
C080_F107,1-0,0
C080_F108,1-0,0
C080_F109,1-0,0
C080_F110,1-0,0
C080_F111,1-0,0
C080_F112,1-0,0
C080_F113,1-0,0
C080_F114,1-0,0
C080_F115,1-0,0
C080_F116,1-0,0
C080_F117,1-0,0
C080_F118,1-0,0
C080_F119,1-0,0
C080_F120,1-0,0
C080_F121,1-0,0
C080_F122,1-0,0
C080_F123,1-0,0
C080_F124,1-0,0
C080_F125,1-0,0
C080_F126,1-0,0
C080_F127,1-0,0
C080_F128,1-0,0
C080_F129,1-0,0
C080_F130,1-0,0
C080_F131,1-0,0
C080_F132,1-0,0
C080_F133,1-0,0
C080_F134,1-0,0
C080_F135,1-0,0
C080_F136,1-0,0
C080_F137,1-0,0
C080_F138,1-0,0
C080_F139,1-0,0
C080_F140,1-0,0
C080_F141,1-0,0
C080_F142,1-0,0
C080_F143,1-0,0
C080_F144,1-0,0
C080_F145,1-0,0
C080_F146,1-0,0
C080_F147,1-0,0
C080_F148,1-0,0
C080_F149,1-0,0
C080_F150,1-0,0
C080_F151,1-0,0
C080_F152,1-0,0
C080_F153,1-0,0
C080_F154,1-0,0
C080_F155,1-0,0
C080_F156,1-0,0
C080_F157,1-0,0
C080_F158,1-0,0
C080_F159,1-0,0
C080_F160,1-0,0
C080_F161,1-0,0
C080_F162,1-0,0
C080_F163,1-0,0
C080_F164,1-0,0
C080_F165,1-0,0
C080_F166,1-0,0
C080_F167,1-0,0
C080_F168,1-0,0
C080_F169,1-0,0
C080_F170,1-0,0
C080_F171,1-0,0
C080_F172,1-0,0
C080_F173,1-0,0
C080_F174,1-0,0
C080_F175,1-0,0
C080_F176,1-0,0
C080_F177,1-0,0
C080_F178,1-0,0
C080_F179,1-0,0
C080_F180,1-0,0
C080_F181,1-0,0
C080_F182,1-0,0
C080_F183,1-0,0
C080_F184,1-0,0
C080_F185,1-0,0
C080_F186,1-0,0
C080_F187,1-0,0
C080_F188,1-0,0
C080_F189,1-0,0
C080_F190,1-0,0
C080_F191,1-0,0
C080_F192,1-0,0
C080_F193,1-0,0
C080_F194,1-0,0
C080_F195,1-0,0
C080_F196,1-0,0
C080_F197,1-0,0
C080_F198,1-0,0
C080_F199,1-0,0
C080_F200,1-0,0
C080_F201,1-0,0
C080_F202,1-0,0
C080_F203,1-0,0
C080_F204,1-0,0
C080_F205,1-0,0
C080_F206,1-0,0
C080_F207,1-0,0
C080_F208,1-0,0
C080_F209,1-0,0
C080_F210,1-0,0
C080_F211,1-0,0
C080_F212,1-0,0
C080_F213,1-0,0
C080_F214,1-0,0
C080_F215,1-0,0
C080_F216,1-0,0
C080_F217,1-0,0
C080_F218,1-0,0
C080_F219,1-0,0
C080_F220,1-0,0
C080_F221,1-0,0
C080_F222,1-0,0
C080_F223,1-0,0
C080_F224,1-0,0
C080_F225,1-0,0
C080_F226,1-0,0
C080_F227,1-0,0
C080_F228,1-0,0
C080_F229,1-0,0
C080_F230,1-0,0
C080_F231,1-0,0
C080_F232,1-0,0
C080_F233,1-0,0
C080_F234,1-0,0
C080_F235,1-0,0
C080_F236,1-0,0
C080_F237,1-0,0
C080_F238,1-0,0
C080_F239,1-0,0
C080_F240,1-0,0
C082_F002,1-0,0
C082_F003,1-0,0
C082_F005,1-0,0
C082_F012,1-0,0
C082_F013,1-0,0
C082_F014,1-0,0
C082_F015,1-0,0
C082_F021,1-0,0
C082_F023,1-0,0
C082_F024,1-0,0
C082_F026,1-0,0
C082_F027,1-0,0
C082_F028,1-0,0
C082_F029,1-0,0
C082_F030,1-0,0
C082_F031,1-0,0
C082_F033,1-0,0
C082_F035,1-0,0
C082_F036,1-0,0
C082_F037,1-0,0
C082_F041,1-0,0
C082_F044,1-0,0
C082_F045,1-0,0
C082_F055,1-0,0
C082_F056,1-0,0
C082_F058,1-0,0
C082_F061,1-0,0
C082_F062,1-0,0
C082_F063,1-0,0
C082_F065,1-0,0
C082_F066,1-0,0
C082_F069,1-0,0
C082_F070,1-0,0
C082_F074,1-0,0
C082_F078,1-0,0
C082_F080,1-0,0
C082_F082,1-0,0
C082_F087,1-0,0
C082_F090,1-0,0
C082_F096,1-0,0
C082_F101,1-0,0
C082_F104,1-0,0
C082_F107,1-0,0
C082_F108,1-0,0
C082_F109,1-0,0
C082_F110,1-0,0
C082_F115,1-0,0
C082_F116,1-0,0
C082_F117,1-0,0
C082_F118,1-0,0
C082_F121,1-0,0
C082_F123,1-0,0
C082_F125,1-0,0
C082_F127,1-0,0
C082_F129,1-0,0
C082_F132,1-0,0
C082_F134,1-0,0
C082_F135,1-0,0
C082_F138,1-0,0
C082_F141,1-0,0
C082_F145,1-0,0
C082_F147,1-0,0
C082_F148,1-0,0
C082_F150,1-0,0
C082_F160,1-0,0
C082_F162,1-0,0
C082_F163,1-0,0
C082_F166,1-0,0
C082_F168,1-0,0
C082_F169,1-0,0
C082_F170,1-0,0
C082_F173,1-0,0
C082_F177,1-0,0
C082_F179,1-0,0
C082_F180,1-0,0
C084_F001,1-0,0
C084_F003,1-0,0
C084_F004,1-0,0
C084_F005,1-0,0
C084_F006,1-0,0
C084_F007,1-0,0
C084_F008,1-0,0
C084_F009,1-0,0
C084_F010,1-0,0
C084_F012,1-0,0
C084_F013,1-0,0
C084_F015,1-0,0
C084_F016,1-0,0
C084_F017,1-0,0
C084_F018,1-0,0
C084_F021,1-0,0
C084_F024,1-0,0
C084_F025,1-0,0
C084_F026,1-0,0
C084_F027,1-0,0
C084_F028,1-0,0
C084_F029,1-0,0
C084_F030,1-0,0
C084_F033,1-0,0
C084_F036,1-0,0
C084_F037,1-0,0
C084_F038,1-0,0
C084_F039,1-0,0
C084_F040,1-0,0
C084_F041,1-0,0
C084_F042,1-0,0
C084_F044,1-0,0
C084_F045,1-0,0
C084_F047,1-0,0
C084_F049,1-0,0
C084_F050,1-0,0
C084_F051,1-0,0
C084_F052,1-0,0
C084_F053,1-0,0
C084_F057,1-0,0
C084_F058,1-0,0
C084_F060,1-0,0
C084_F063,1-0,0
C084_F064,1-0,0
C084_F065,1-0,0
C084_F069,1-0,0
C084_F072,1-0,0
C084_F073,1-0,0
C084_F074,1-0,0
C084_F075,1-0,0
C084_F076,1-0,0
C084_F078,1-0,0
C084_F079,1-0,0
C084_F082,1-0,0
C084_F083,1-0,0
C084_F084,1-0,0
C084_F085,1-0,0
C084_F086,1-0,0
C084_F087,1-0,0
C084_F089,1-0,0
C084_F090,1-0,0
C084_F094,1-0,0
C084_F099,1-0,0
C084_F100,1-0,0
C084_F103,1-0,0
C084_F104,1-0,0
C084_F105,1-0,0
C084_F106,1-0,0
C084_F107,1-0,0
C084_F108,1-0,0
C084_F109,1-0,0
C084_F110,1-0,0
C084_F111,1-0,0
C084_F112,1-0,0
C084_F113,1-0,0
C084_F115,1-0,0
C084_F117,1-0,0
C084_F119,1-0,0
C084_F121,1-0,0
C084_F122,1-0,0
C084_F124,1-0,0
C084_F126,1-0,0
C084_F128,1-0,0
C084_F129,1-0,0
C084_F130,1-0,0
C084_F131,1-0,0
C084_F132,1-0,0
C084_F134,1-0,0
C084_F135,1-0,0
C084_F142,1-0,0
C084_F144,1-0,0
C084_F146,1-0,0
C084_F148,1-0,0
C084_F149,1-0,0
C084_F150,1-0,0
C084_F151,1-0,0
C084_F153,1-0,0
C084_F154,1-0,0
C084_F156,1-0,0
C084_F158,1-0,0
C084_F159,1-0,0
C084_F160,1-0,0
C084_F162,1-0,0
C084_F163,1-0,0
C084_F165,1-0,0
C084_F166,1-0,0
C084_F170,1-0,0
C084_F172,1-0,0
C084_F173,1-0,0
C084_F174,1-0,0
C084_F175,1-0,0
C084_F176,1-0,0
C084_F180,1-0,0
C084_F181,1-0,0
C084_F183,1-0,0
C084_F184,1-0,0
C084_F185,1-0,0
C084_F187,1-0,0
C084_F188,1-0,0
C084_F189,1-0,0
C084_F190,1-0,0
C084_F192,1-0,0
C084_F194,1-0,0
C084_F195,1-0,0
C084_F196,1-0,0
C084_F197,1-0,0
C084_F198,1-0,0
C084_F199,1-0,0
C084_F201,1-0,0
C084_F202,1-0,0
C084_F203,1-0,0
C084_F204,1-0,0
C084_F205,1-0,0
C084_F206,1-0,0
C084_F209,1-0,0
C084_F211,1-0,0
C084_F212,1-0,0
C084_F214,1-0,0
C084_F217,1-0,0
C084_F218,1-0,0
C084_F219,1-0,0
C084_F220,1-0,0
C084_F221,1-0,0
C084_F222,1-0,0
C084_F225,1-0,0
C084_F226,1-0,0
C084_F227,1-0,0
C084_F228,1-0,0
C084_F230,1-0,0
C084_F234,1-0,0
C084_F237,1-0,0
C084_F242,1-0,0
C084_F243,1-0,0
C084_F247,1-0,0
C084_F252,1-0,0
C084_F255,1-0,0
C084_F256,1-0,0
C084_F258,1-0,0
C084_F259,1-0,0
C084_F263,1-0,0
C084_F266,1-0,0
C084_F267,1-0,0
C084_F269,1-0,0
C084_F270,1-0,0
C084_F271,1-0,0
C084_F274,1-0,0
C084_F276,1-0,0
C084_F277,1-0,0
C084_F279,1-0,0
C084_F280,1-0,0
C084_F281,1-0,0
C084_F285,1-0,0
C084_F286,1-0,0
C084_F287,1-0,0
C084_F289,1-0,0
C084_F290,1-0,0
C084_F293,1-0,0
C084_F294,1-0,0
C084_F295,1-0,0
C084_F300,1-0,0
C084_F301,1-0,0
C084_F302,1-0,0
C084_F303,1-0,0
C084_F306,1-0,0
C094_F005,1-0,0
C094_F009,1-0,0
C094_F011,1-0,0
C094_F015,1-0,0
C094_F017,1-0,0
C094_F018,1-0,0
C094_F019,1-0,0
C094_F020,1-0,0
C094_F021,1-0,0
C094_F022,1-0,0
C094_F024,1-0,0
C094_F025,1-0,0
C094_F026,1-0,0
C094_F027,1-0,0
C094_F028,1-0,0
C094_F031,1-0,0
C094_F036,1-0,0
C094_F037,1-0,0
C094_F040,1-0,0
C094_F043,1-0,0
C094_F044,1-0,0
C094_F045,1-0,0
C094_F047,1-0,0
C094_F048,1-0,0
C094_F049,1-0,0
C094_F050,1-0,0
C094_F055,1-0,0
C094_F057,1-0,0
C094_F059,1-0,0
C094_F060,1-0,0
C094_F061,1-0,0
C094_F063,1-0,0
C094_F064,1-0,0
C094_F067,1-0,0
C094_F068,1-0,0
C094_F072,1-0,0
C094_F082,1-0,0
C094_F084,1-0,0
C094_F085,1-0,0
C094_F086,1-0,0
C094_F088,1-0,0
C094_F091,1-0,0
C094_F092,1-0,0
C094_F094,1-0,0
C094_F095,1-0,0
C094_F098,1-0,0
C094_F107,1-0,0
C094_F108,1-0,0
C094_F111,1-0,0
C094_F113,1-0,0
C094_F114,1-0,0
C094_F115,1-0,0
C094_F117,1-0,0
C094_F119,1-0,0
C094_F120,1-0,0
C094_F123,1-0,0
C094_F125,1-0,0
C094_F128,1-0,0
C094_F131,1-0,0
C094_F132,1-0,0
C094_F135,1-0,0
C094_F137,1-0,0
C094_F138,1-0,0
C094_F139,1-0,0
C094_F141,1-0,0
C094_F144,1-0,0
C094_F146,1-0,0
C094_F147,1-0,0
C094_F149,1-0,0
C094_F150,1-0,0
C094_F152,1-0,0
C094_F154,1-0,0
C094_F155,1-0,0
C094_F156,1-0,0
C094_F157,1-0,0
C094_F158,1-0,0
C094_F160,1-0,0
C094_F165,1-0,0
C094_F169,1-0,0
C094_F172,1-0,0
C094_F173,1-0,0
C094_F174,1-0,0
C094_F175,1-0,0
C094_F178,1-0,0
C094_F179,1-0,0
C094_F180,1-0,0
C094_F181,1-0,0
C094_F182,1-0,0
C094_F183,1-0,0
C094_F185,1-0,0
C094_F187,1-0,0
C094_F188,1-0,0
C094_F189,1-0,0
C094_F191,1-0,0
C094_F193,1-0,0
C094_F194,1-0,0
C094_F195,1-0,0
C094_F196,1-0,0
C094_F197,1-0,0
C094_F198,1-0,0
C094_F199,1-0,0
C094_F200,1-0,0
C094_F201,1-0,0
C094_F203,1-0,0
C094_F204,1-0,0
C094_F207,1-0,0
C094_F212,1-0,0
C094_F213,1-0,0
C094_F214,1-0,0
C094_F216,1-0,0
C094_F218,1-0,0
C094_F222,1-0,0
C094_F224,1-0,0
C094_F225,1-0,0
C094_F226,1-0,0
C094_F227,1-0,0
C094_F228,1-0,0
C094_F231,1-0,0
C094_F232,1-0,0
C094_F233,1-0,0
C094_F234,1-0,0
C094_F236,1-0,0
C094_F238,1-0,0
C094_F239,1-0,0
C094_F240,1-0,0
C094_F241,1-0,0
C094_F243,1-0,0
C094_F244,1-0,0
C094_F245,1-0,0
C094_F246,1-0,0
C094_F247,1-0,0
C094_F251,1-0,0
C094_F254,1-0,0
C094_F258,1-0,0
C094_F259,1-0,0
C094_F264,1-0,0
C094_F266,1-0,0
C094_F267,1-0,0
C094_F269,1-0,0
C094_F270,1-0,0
C094_F271,1-0,0
C094_F274,1-0,0
C094_F275,1-0,0
C094_F278,1-0,0
C094_F280,1-0,0
C094_F282,1-0,0
C094_F283,1-0,0
C094_F284,1-0,0
C094_F288,1-0,0
C094_F290,1-0,0
C094_F291,1-0,0
C094_F292,1-0,0
C094_F299,1-0,0
C094_F303,1-0,0
C094_F304,1-0,0
C094_F306,1-0,0
C094_F310,1-0,0
C094_F312,1-0,0
C094_F315,1-0,0
C094_F318,1-0,0
C094_F320,1-0,0
C094_F321,1-0,0
C094_F322,1-0,0
C094_F323,1-0,0
C094_F324,1-0,0
C094_F325,1-0,0
C094_F329,1-0,0
C094_F332,1-0,0
C094_F333,1-0,0
C094_F334,1-0,0
C094_F335,1-0,0
C094_F338,1-0,0
C094_F339,1-0,0
C094_F340,1-0,0
C094_F342,1-0,0
C094_F346,1-0,0
C094_F349,1-0,0
C094_F350,1-0,0
C094_F352,1-0,0
C094_F353,1-0,0
C094_F354,1-0,0
C094_F356,1-0,0
C094_F361,1-0,0
C094_F362,1-0,0
C094_F364,1-0,0
C094_F365,1-0,0
C094_F366,1-0,0
C094_F367,1-0,0
C094_F368,1-0,0
C094_F371,1-0,0
C094_F372,1-0,0
C094_F373,1-0,0
C094_F374,1-0,0
C094_F375,1-0,0
C094_F378,1-0,0
C094_F379,1-0,0
C094_F381,1-0,0
C094_F382,1-0,0
C094_F383,1-0,0
C094_F384,1-0,0
C094_F385,1-0,0
C094_F387,1-0,0
C094_F388,1-0,0
C094_F389,1-0,0
C094_F390,1-0,0
C094_F392,1-0,0
C094_F394,1-0,0
C094_F395,1-0,0
C094_F396,1-0,0
C094_F398,1-0,0
C094_F401,1-0,0
C094_F402,1-0,0
C094_F403,1-0,0
C094_F404,1-0,0
C094_F406,1-0,0
C094_F408,1-0,0
C094_F409,1-0,0
C094_F418,1-0,0
C094_F419,1-0,0
C094_F420,1-0,0
C094_F422,1-0,0
C094_F423,1-0,0
C094_F424,1-0,0
C094_F425,1-0,0
C094_F426,1-0,0
C094_F427,1-0,0
C094_F430,1-0,0
C094_F431,1-0,0
C094_F442,1-0,0
C094_F443,1-0,0
C094_F445,1-0,0
C094_F446,1-0,0
C094_F448,1-0,0
C094_F450,1-0,0
C094_F451,1-0,0
C094_F452,1-0,0
C094_F453,1-0,0
C094_F454,1-0,0
C094_F455,1-0,0
C094_F456,1-0,0
C094_F457,1-0,0
C094_F458,1-0,0
C094_F462,1-0,0
C094_F465,1-0,0
C094_F466,1-0,0
C094_F468,1-0,0
C094_F470,1-0,0
C094_F471,1-0,0
C094_F473,1-0,0
C094_F475,1-0,0
C094_F477,1-0,0
C094_F478,1-0,0
C094_F479,1-0,0
C094_F481,1-0,0
C094_F488,1-0,0
C094_F489,1-0,0
C094_F490,1-0,0
C094_F491,1-0,0
C094_F492,1-0,0
C094_F495,1-0,0
C094_F497,1-0,0
C094_F504,1-0,0
C094_F505,1-0,0
C094_F507,1-0,0
C094_F511,1-0,0
C094_F521,1-0,0
C094_F522,1-0,0
C094_F523,1-0,0
C094_F524,1-0,0
C094_F530,1-0,0
C094_F531,1-0,0
C094_F533,1-0,0
C094_F534,1-0,0
C094_F537,1-0,0
C094_F538,1-0,0
C094_F545,1-0,0
C094_F546,1-0,0
C094_F547,1-0,0
C094_F549,1-0,0
C094_F551,1-0,0
C097_F005,1-0,0
C097_F006,1-0,0
C097_F007,1-0,0
C097_F008,1-0,0
C097_F013,1-0,0
C097_F018,1-0,0
C097_F021,1-0,0
C097_F022,1-0,0
C097_F024,1-0,0
C097_F025,1-0,0
C097_F026,1-0,0
C097_F027,1-0,0
C097_F030,1-0,0
C097_F033,1-0,0
C097_F035,1-0,0
C097_F041,1-0,0
C097_F043,1-0,0
C097_F045,1-0,0
C097_F050,1-0,0
C097_F052,1-0,0
C097_F054,1-0,0
C097_F055,1-0,0
C097_F057,1-0,0
C097_F059,1-0,0
C097_F061,1-0,0
C097_F062,1-0,0
C097_F063,1-0,0
C097_F064,1-0,0
C097_F067,1-0,0
C097_F069,1-0,0
C097_F072,1-0,0
C097_F073,1-0,0
C097_F074,1-0,0
C097_F078,1-0,0
C097_F079,1-0,0
C097_F081,1-0,0
C097_F082,1-0,0
C097_F086,1-0,0
C097_F088,1-0,0
C097_F089,1-0,0
C097_F090,1-0,0
C097_F091,1-0,0
C097_F096,1-0,0
C097_F107,1-0,0
C097_F108,1-0,0
C097_F113,1-0,0
C097_F114,1-0,0
C097_F116,1-0,0
C097_F119,1-0,0
C097_F122,1-0,0
C097_F123,1-0,0
C097_F130,1-0,0
C097_F132,1-0,0
C097_F134,1-0,0
C097_F135,1-0,0
C097_F137,1-0,0
C097_F140,1-0,0
C097_F142,1-0,0
C097_F143,1-0,0
C097_F145,1-0,0
C097_F146,1-0,0
C097_F149,1-0,0
C097_F162,1-0,0
C097_F170,1-0,0
C097_F172,1-0,0
C097_F173,1-0,0
C097_F175,1-0,0
C097_F177,1-0,0
C097_F178,1-0,0
C097_F179,1-0,0
C097_F180,1-0,0
C097_F181,1-0,0
C097_F182,1-0,0
C097_F183,1-0,0
C097_F184,1-0,0
C097_F188,1-0,0
C097_F189,1-0,0
C097_F191,1-0,0
C097_F192,1-0,0
C097_F195,1-0,0
C097_F196,1-0,0
C097_F198,1-0,0
C097_F202,1-0,0
C097_F204,1-0,0
C097_F205,1-0,0
C097_F207,1-0,0
C097_F208,1-0,0
C097_F210,1-0,0
C097_F211,1-0,0
C097_F214,1-0,0
C097_F216,1-0,0
C097_F217,1-0,0
C097_F218,1-0,0
C097_F223,1-0,0
C097_F224,1-0,0
C097_F232,1-0,0
C097_F238,1-0,0
C097_F240,1-0,0
C097_F241,1-0,0
C097_F244,1-0,0
C097_F245,1-0,0
C097_F246,1-0,0
C097_F250,1-0,0
C097_F251,1-0,0
C097_F252,1-0,0
C097_F253,1-0,0
C097_F257,1-0,0
C097_F259,1-0,0
C097_F262,1-0,0
C097_F265,1-0,0
C097_F270,1-0,0
C097_F271,1-0,0
C097_F273,1-0,0
C097_F275,1-0,0
C097_F277,1-0,0
C097_F278,1-0,0
C097_F282,1-0,0
C097_F292,1-0,0
C097_F293,1-0,0
C097_F294,1-0,0
C097_F296,1-0,0
C097_F297,1-0,0
C097_F298,1-0,0
C097_F300,1-0,0
C097_F303,1-0,0
C097_F304,1-0,0
C097_F306,1-0,0
C097_F309,1-0,0
C097_F315,1-0,0
C097_F316,1-0,0
C097_F320,1-0,0
C097_F323,1-0,0
C097_F327,1-0,0
C097_F328,1-0,0
C097_F329,1-0,0
C097_F333,1-0,0
C097_F336,1-0,0
C097_F339,1-0,0
C097_F340,1-0,0
C097_F341,1-0,0
C097_F346,1-0,0
C097_F347,1-0,0
C097_F348,1-0,0
C097_F353,1-0,0
C097_F356,1-0,0
C097_F357,1-0,0
C097_F360,1-0,0
C097_F361,1-0,0
C097_F362,1-0,0
C097_F364,1-0,0
C097_F366,1-0,0
C097_F370,1-0,0
C097_F371,1-0,0
C097_F372,1-0,0
C097_F374,1-0,0
C097_F379,1-0,0
C097_F381,1-0,0
C097_F384,1-0,0
C097_F385,1-0,0
C097_F387,1-0,0
C097_F388,1-0,0
C097_F390,1-0,0
C097_F391,1-0,0
C097_F394,1-0,0
C097_F395,1-0,0
C097_F396,1-0,0
C097_F397,1-0,0
C097_F399,1-0,0
C097_F402,1-0,0
C097_F403,1-0,0
C097_F405,1-0,0
C097_F406,1-0,0
C097_F411,1-0,0
C097_F412,1-0,0
C097_F413,1-0,0
C097_F415,1-0,0
C097_F418,1-0,0
C097_F421,1-0,0
C097_F427,1-0,0
C097_F430,1-0,0
C097_F433,1-0,0
C097_F434,1-0,0
C097_F435,1-0,0
C097_F437,1-0,0
C097_F439,1-0,0
C097_F440,1-0,0
C097_F445,1-0,0
C097_F447,1-0,0
C097_F449,1-0,0
C097_F450,1-0,0
C097_F452,1-0,0
C097_F453,1-0,0
C097_F454,1-0,0
C097_F455,1-0,0
C097_F456,1-0,0
C097_F460,1-0,0
C097_F463,1-0,0
C097_F465,1-0,0
C097_F467,1-0,0
C097_F468,1-0,0
C097_F474,1-0,0
C097_F476,1-0,0
C097_F477,1-0,0
C097_F484,1-0,0
C097_F485,1-0,0
C097_F490,1-0,0
C097_F491,1-0,0
C097_F500,1-0,0
C097_F502,1-0,0
C097_F505,1-0,0
C097_F507,1-0,0
C097_F510,1-0,0
C097_F514,1-0,0
C097_F516,1-0,0
C097_F518,1-0,0
C097_F519,1-0,0
C097_F520,1-0,0
C097_F524,1-0,0
C097_F527,1-0,0
C097_F532,1-0,0
C097_F534,1-0,0
C097_F535,1-0,0
C097_F536,1-0,0
C097_F538,1-0,0
C097_F540,1-0,0
C097_F541,1-0,0
C097_F543,1-0,0
C097_F552,1-0,0
C103_F001,1-0,0
C103_F002,1-0,0
C103_F003,1-0,0
C103_F004,1-0,0
C103_F005,1-0,0
C103_F006,1-0,0
C103_F007,1-0,0
C103_F008,1-0,0
C103_F009,1-0,0
C103_F010,1-0,0
C103_F011,1-0,0
C103_F012,1-0,0
C103_F013,1-0,0
C103_F014,1-0,0
C103_F015,1-0,0
C103_F016,1-0,0
C103_F017,1-0,0
C103_F018,1-0,0
C103_F019,1-0,0
C103_F020,1-0,0
C103_F021,1-0,0
C103_F022,1-0,0
C103_F023,1-0,0
C103_F024,1-0,0
C103_F025,1-0,0
C103_F026,1-0,0
C103_F027,1-0,0
C103_F028,1-0,0
C103_F029,1-0,0
C103_F030,1-0,0
C103_F031,1-0,0
C103_F032,1-0,0
C103_F033,1-0,0
C103_F034,1-0,0
C103_F035,1-0,0
C103_F036,1-0,0
C103_F037,1-0,0
C103_F038,1-0,0
C103_F039,1-0,0
C103_F040,1-0,0
C103_F041,1-0,0
C103_F042,1-0,0
C103_F043,1-0,0
C103_F044,1-0,0
C103_F045,1-0,0
C103_F046,1-0,0
C103_F047,1-0,0
C103_F048,1-0,0
C103_F049,1-0,0
C103_F050,1-0,0
C103_F051,1-0,0
C103_F052,1-0,0
C103_F053,1-0,0
C103_F054,1-0,0
C103_F055,1-0,0
C103_F056,1-0,0
C103_F057,1-0,0
C103_F058,1-0,0
C103_F059,1-0,0
C103_F060,1-0,0
C103_F061,1-0,0
C103_F062,1-0,0
C103_F063,1-0,0
C103_F064,1-0,0
C103_F065,1-0,0
C103_F066,1-0,0
C103_F067,1-0,0
C103_F068,1-0,0
C103_F069,1-0,0
C103_F070,1-0,0
C103_F071,1-0,0
C103_F072,1-0,0
C103_F073,1-0,0
C103_F074,1-0,0
C103_F075,1-0,0
C103_F076,1-0,0
C103_F077,1-0,0
C103_F078,1-0,0
C103_F079,1-0,0
C103_F080,1-0,0
C103_F081,1-0,0
C103_F082,1-0,0
C103_F083,1-0,0
C103_F084,1-0,0
C103_F085,1-0,0
C103_F086,1-0,0
C103_F087,1-0,0
C103_F088,1-0,0
C103_F089,1-0,0
C103_F090,1-0,0
C103_F091,1-0,0
C103_F092,1-0,0
C103_F093,1-0,0
C103_F094,1-0,0
C103_F095,1-0,0
C103_F096,1-0,0
C103_F097,1-0,0
C103_F098,1-0,0
C103_F099,1-0,0
C103_F100,1-0,0
C103_F101,1-0,0
C103_F102,1-0,0
C103_F103,1-0,0
C103_F104,1-0,0
C103_F105,1-0,0
C103_F106,1-0,0
C103_F107,1-0,0
C103_F108,1-0,0
C103_F109,1-0,0
C103_F110,1-0,0
C103_F111,1-0,0
C103_F112,1-0,0
C103_F113,1-0,0
C103_F114,1-0,0
C103_F115,1-0,0
C103_F116,1-0,0
C103_F117,1-0,0
C103_F118,1-0,0
C103_F119,1-0,0
C103_F120,1-0,0
C103_F121,1-0,0
C103_F122,1-0,0
C103_F123,1-0,0
C103_F124,1-0,0
C103_F125,1-0,0
C103_F126,1-0,0
C103_F127,1-0,0
C103_F128,1-0,0
C103_F129,1-0,0
C103_F130,1-0,0
C103_F131,1-0,0
C103_F132,1-0,0
C103_F133,1-0,0
C103_F134,1-0,0
C103_F135,1-0,0
C103_F136,1-0,0
C103_F137,1-0,0
C103_F138,1-0,0
C103_F139,1-0,0
C103_F140,1-0,0
C103_F141,1-0,0
C103_F142,1-0,0
C103_F143,1-0,0
C103_F144,1-0,0
C103_F145,1-0,0
C103_F146,1-0,0
C103_F147,1-0,0
C103_F148,1-0,0
C103_F149,1-0,0
C103_F150,1-0,0
C103_F151,1-0,0
C103_F152,1-0,0
C103_F153,1-0,0
C103_F154,1-0,0
C103_F155,1-0,0
C103_F156,1-0,0
C103_F157,1-0,0
C103_F158,1-0,0
C103_F159,1-0,0
C103_F160,1-0,0
C103_F161,1-0,0
C103_F162,1-0,0
C103_F163,1-0,0
C103_F164,1-0,0
C103_F165,1-0,0
C103_F166,1-0,0
C103_F167,1-0,0
C103_F168,1-0,0
C103_F169,1-0,0
C103_F170,1-0,0
C103_F171,1-0,0
C103_F172,1-0,0
C103_F173,1-0,0
C103_F174,1-0,0
C103_F175,1-0,0
C103_F176,1-0,0
C103_F177,1-0,0
C103_F178,1-0,0
C103_F179,1-0,0
C103_F180,1-0,0
C103_F181,1-0,0
C103_F182,1-0,0
C103_F183,1-0,0
C103_F184,1-0,0
C103_F185,1-0,0
C103_F186,1-0,0
C103_F187,1-0,0
C103_F188,1-0,0
C103_F189,1-0,0
C103_F190,1-0,0
C103_F191,1-0,0
C103_F192,1-0,0
C103_F193,1-0,0
C103_F194,1-0,0
C103_F195,1-0,0
C103_F196,1-0,0
C103_F197,1-0,0
C103_F198,1-0,0
C103_F199,1-0,0
C103_F200,1-0,0
C103_F201,1-0,0
C103_F202,1-0,0
C103_F203,1-0,0
C103_F204,1-0,0
C103_F205,1-0,0
C103_F206,1-0,0
C103_F207,1-0,0
C103_F208,1-0,0
C103_F209,1-0,0
C103_F210,1-0,0
C103_F211,1-0,0
C103_F212,1-0,0
C103_F213,1-0,0
C103_F214,1-0,0
C103_F215,1-0,0
C103_F216,1-0,0
C103_F217,1-0,0
C103_F218,1-0,0
C103_F219,1-0,0
C103_F220,1-0,0
C103_F221,1-0,0
C103_F222,1-0,0
C103_F223,1-0,0
C103_F224,1-0,0
C103_F225,1-0,0
C103_F226,1-0,0
C103_F227,1-0,0
C103_F228,1-0,0
C103_F229,1-0,0
C103_F230,1-0,0
C103_F231,1-0,0
C103_F232,1-0,0
C103_F233,1-0,0
C103_F234,1-0,0
C103_F235,1-0,0
C103_F236,1-0,0
C103_F237,1-0,0
C103_F238,1-0,0
C103_F239,1-0,0
C103_F240,1-0,0
C103_F241,1-0,0
C103_F242,1-0,0
C103_F243,1-0,0
C103_F244,1-0,0
C103_F245,1-0,0
C103_F246,1-0,0
C103_F247,1-0,0
C103_F248,1-0,0
C103_F249,1-0,0
C103_F250,1-0,0
C103_F251,1-0,0
C103_F252,1-0,0
C103_F253,1-0,0
C103_F254,1-0,0
C103_F255,1-0,0
C103_F256,1-0,0
C103_F257,1-0,0
C103_F258,1-0,0
C103_F259,1-0,0
C103_F260,1-0,0
C103_F261,1-0,0
C103_F262,1-0,0
C103_F263,1-0,0
C103_F264,1-0,0
C103_F265,1-0,0
C103_F266,1-0,0
C103_F267,1-0,0
C103_F268,1-0,0
C103_F269,1-0,0
C103_F270,1-0,0
C103_F271,1-0,0
C103_F272,1-0,0
C103_F273,1-0,0
C103_F274,1-0,0
C103_F275,1-0,0
C103_F276,1-0,0
C103_F277,1-0,0
C103_F278,1-0,0
C103_F279,1-0,0
C103_F280,1-0,0
C103_F281,1-0,0
C103_F282,1-0,0
C103_F283,1-0,0
C103_F284,1-0,0
C103_F285,1-0,0
C103_F286,1-0,0
C103_F287,1-0,0
C103_F288,1-0,0
C103_F289,1-0,0
C103_F290,1-0,0
C103_F291,1-0,0
C103_F292,1-0,0
C103_F293,1-0,0
C103_F294,1-0,0
C103_F295,1-0,0
C103_F296,1-0,0
C103_F297,1-0,0
C103_F298,1-0,0
C103_F299,1-0,0
C103_F300,1-0,0
C103_F301,1-0,0
C103_F302,1-0,0
C103_F303,1-0,0
C103_F304,1-0,0
C103_F305,1-0,0
C103_F306,1-0,0
C103_F307,1-0,0
C103_F308,1-0,0
C103_F309,1-0,0
C103_F310,1-0,0
C103_F311,1-0,0
C103_F312,1-0,0
C103_F313,1-0,0
C103_F314,1-0,0
C103_F315,1-0,0
C103_F316,1-0,0
C103_F317,1-0,0
C103_F318,1-0,0
C103_F319,1-0,0
C103_F320,1-0,0
C103_F321,1-0,0
C103_F322,1-0,0
C103_F323,1-0,0
C103_F324,1-0,0
C103_F325,1-0,0
C103_F326,1-0,0
C103_F327,1-0,0
C103_F328,1-0,0
C103_F329,1-0,0
C103_F330,1-0,0
C103_F331,1-0,0
C103_F332,1-0,0
C103_F333,1-0,0
C103_F334,1-0,0
C103_F335,1-0,0
C103_F336,1-0,0
C103_F337,1-0,0
C103_F338,1-0,0
C103_F339,1-0,0
C103_F340,1-0,0
C103_F341,1-0,0
C103_F342,1-0,0
C103_F343,1-0,0
C103_F344,1-0,0
C103_F345,1-0,0
C103_F346,1-0,0
C103_F347,1-0,0
C103_F348,1-0,0
C103_F349,1-0,0
C103_F350,1-0,0
C103_F351,1-0,0
C103_F352,1-0,0
C103_F353,1-0,0
C103_F354,1-0,0
C103_F355,1-0,0
C103_F356,1-0,0
C103_F357,1-0,0
C103_F358,1-0,0
C103_F359,1-0,0
C103_F360,1-0,0
C103_F361,1-0,0
C103_F362,1-0,0
C103_F363,1-0,0
C103_F364,1-0,0
C103_F365,1-0,0
C103_F366,1-0,0
C103_F367,1-0,0
C103_F368,1-0,0
C103_F369,1-0,0
C103_F370,1-0,0
C103_F371,1-0,0
C103_F372,1-0,0
C103_F373,1-0,0
C103_F374,1-0,0
C103_F375,1-0,0
C103_F376,1-0,0
C103_F377,1-0,0
C103_F378,1-0,0
C103_F379,1-0,0
C103_F380,1-0,0
C103_F381,1-0,0
C103_F382,1-0,0
C103_F383,1-0,0
C103_F384,1-0,0
C103_F385,1-0,0
C103_F386,1-0,0
C103_F387,1-0,0
C103_F388,1-0,0
C103_F389,1-0,0
C103_F390,1-0,0
C103_F391,1-0,0
C103_F392,1-0,0
C103_F393,1-0,0
C103_F394,1-0,0
C103_F395,1-0,0
C103_F396,1-0,0
C103_F397,1-0,0
C103_F398,1-0,0
C103_F399,1-0,0
C103_F400,1-0,0
C103_F401,1-0,0
C103_F402,1-0,0
C103_F403,1-0,0
C103_F404,1-0,0
C103_F405,1-0,0
C103_F406,1-0,0
C103_F407,1-0,0
C103_F408,1-0,0
C103_F409,1-0,0
C103_F410,1-0,0
C103_F411,1-0,0
C103_F412,1-0,0
C103_F413,1-0,0
C103_F414,1-0,0
C103_F415,1-0,0
C103_F416,1-0,0
C103_F417,1-0,0
C103_F418,1-0,0
C103_F419,1-0,0
C103_F420,1-0,0
C103_F421,1-0,0
C103_F422,1-0,0
C103_F423,1-0,0
C103_F424,1-0,0
C103_F425,1-0,0
C103_F426,1-0,0
C103_F427,1-0,0
C103_F428,1-0,0
C103_F429,1-0,0
C103_F430,1-0,0
C103_F431,1-0,0
C103_F432,1-0,0
C103_F433,1-0,0
C103_F434,1-0,0
C103_F435,1-0,0
C103_F436,1-0,0
C103_F437,1-0,0
C103_F438,1-0,0
C103_F439,1-0,0
C103_F440,1-0,0
C103_F441,1-0,0
C103_F442,1-0,0
C103_F443,1-0,0
C103_F444,1-0,0
C103_F445,1-0,0
C103_F446,1-0,0
C103_F447,1-0,0
C103_F448,1-0,0
C103_F449,1-0,0
C103_F450,1-0,0
C103_F451,1-0,0
C103_F452,1-0,0
C103_F453,1-0,0
C103_F454,1-0,0
C103_F455,1-0,0
C103_F456,1-0,0
C103_F457,1-0,0
C103_F458,1-0,0
C103_F459,1-0,0
C103_F460,1-0,0
C103_F461,1-0,0
C103_F462,1-0,0
C104_F001,1-0,0
C104_F003,1-0,0
C104_F005,1-0,0
C104_F006,1-0,0
C104_F007,1-0,0
C104_F008,1-0,0
C104_F009,1-0,0
C104_F010,1-0,0
C104_F011,1-0,0
C104_F013,1-0,0
C104_F014,1-0,0
C104_F015,1-0,0
C104_F019,1-0,0
C104_F020,1-0,0
C104_F021,1-0,0
C104_F024,1-0,0
C104_F025,1-0,0
C104_F027,1-0,0
C104_F028,1-0,0
C104_F031,1-0,0
C104_F032,1-0,0
C104_F034,1-0,0
C104_F036,1-0,0
C104_F037,1-0,0
C104_F038,1-0,0
C104_F039,1-0,0
C104_F040,1-0,0
C104_F041,1-0,0
C104_F042,1-0,0
C104_F043,1-0,0
C104_F045,1-0,0
C104_F047,1-0,0
C104_F050,1-0,0
C104_F051,1-0,0
C104_F052,1-0,0
C104_F055,1-0,0
C104_F057,1-0,0
C104_F059,1-0,0
C104_F060,1-0,0
C104_F061,1-0,0
C104_F063,1-0,0
C104_F066,1-0,0
C104_F067,1-0,0
C104_F068,1-0,0
C104_F069,1-0,0
C104_F070,1-0,0
C104_F073,1-0,0
C104_F074,1-0,0
C104_F075,1-0,0
C104_F076,1-0,0
C104_F078,1-0,0
C104_F079,1-0,0
C104_F080,1-0,0
C104_F081,1-0,0
C104_F083,1-0,0
C104_F084,1-0,0
C104_F085,1-0,0
C104_F087,1-0,0
C104_F088,1-0,0
C104_F089,1-0,0
C104_F090,1-0,0
C104_F092,1-0,0
C104_F093,1-0,0
C104_F094,1-0,0
C104_F095,1-0,0
C104_F096,1-0,0
C104_F098,1-0,0
C104_F099,1-0,0
C104_F102,1-0,0
C104_F103,1-0,0
C104_F104,1-0,0
C104_F107,1-0,0
C104_F108,1-0,0
C104_F110,1-0,0
C104_F111,1-0,0
C104_F112,1-0,0
C104_F114,1-0,0
C104_F116,1-0,0
C104_F117,1-0,0
C104_F118,1-0,0
C104_F119,1-0,0
C104_F120,1-0,0
C104_F121,1-0,0
C104_F122,1-0,0
C104_F124,1-0,0
C104_F128,1-0,0
C104_F129,1-0,0
C104_F130,1-0,0
C104_F132,1-0,0
C104_F133,1-0,0
C104_F135,1-0,0
C104_F136,1-0,0
C104_F137,1-0,0
C104_F142,1-0,0
C104_F143,1-0,0
C104_F144,1-0,0
C104_F145,1-0,0
C104_F148,1-0,0
C104_F151,1-0,0
C104_F155,1-0,0
C104_F156,1-0,0
C104_F157,1-0,0
C104_F158,1-0,0
C104_F159,1-0,0
C104_F160,1-0,0
C104_F161,1-0,0
C104_F163,1-0,0
C104_F164,1-0,0
C104_F165,1-0,0
C104_F168,1-0,0
C104_F169,1-0,0
C104_F170,1-0,0
C104_F176,1-0,0
C104_F177,1-0,0
C104_F178,1-0,0
C104_F179,1-0,0
C104_F180,1-0,0
C104_F182,1-0,0
C104_F184,1-0,0
C104_F186,1-0,0
C104_F187,1-0,0
C104_F189,1-0,0
C104_F190,1-0,0
C104_F201,1-0,0
C104_F202,1-0,0
C104_F204,1-0,0
C104_F205,1-0,0
C104_F208,1-0,0
C104_F209,1-0,0
C104_F210,1-0,0
C104_F211,1-0,0
C104_F212,1-0,0
C104_F213,1-0,0
C104_F216,1-0,0
C104_F217,1-0,0
C104_F218,1-0,0
C104_F219,1-0,0
C104_F220,1-0,0
C104_F221,1-0,0
C104_F222,1-0,0
C104_F223,1-0,0
C104_F225,1-0,0
C104_F226,1-0,0
C104_F228,1-0,0
C104_F229,1-0,0
C104_F232,1-0,0
C104_F233,1-0,0
C104_F236,1-0,0
C104_F237,1-0,0
C104_F239,1-0,0
C104_F241,1-0,0
C104_F244,1-0,0
C104_F245,1-0,0
C104_F247,1-0,0
C104_F248,1-0,0
C104_F250,1-0,0
C104_F251,1-0,0
C104_F252,1-0,0
C104_F253,1-0,0
C104_F254,1-0,0
C104_F255,1-0,0
C104_F256,1-0,0
C104_F257,1-0,0
C104_F260,1-0,0
C104_F262,1-0,0
C104_F264,1-0,0
C104_F265,1-0,0
C104_F267,1-0,0
C104_F269,1-0,0
C104_F271,1-0,0
C104_F272,1-0,0
C104_F273,1-0,0
C104_F274,1-0,0
C104_F276,1-0,0
C104_F277,1-0,0
C104_F278,1-0,0
C104_F279,1-0,0
C104_F282,1-0,0
C104_F283,1-0,0
C104_F284,1-0,0
C104_F285,1-0,0
C104_F286,1-0,0
C104_F289,1-0,0
C104_F290,1-0,0
C104_F291,1-0,0
C104_F292,1-0,0
C104_F293,1-0,0
C104_F295,1-0,0
C104_F297,1-0,0
C104_F298,1-0,0
C104_F301,1-0,0
C104_F307,1-0,0
C104_F308,1-0,0
C104_F310,1-0,0
C104_F313,1-0,0
C104_F315,1-0,0
C104_F316,1-0,0
C104_F317,1-0,0
C104_F319,1-0,0
C104_F320,1-0,0
C104_F325,1-0,0
C104_F326,1-0,0
C104_F327,1-0,0
C104_F328,1-0,0
C104_F333,1-0,0
C104_F334,1-0,0
C104_F336,1-0,0
C104_F339,1-0,0
C104_F341,1-0,0
C104_F343,1-0,0
C104_F344,1-0,0
C104_F345,1-0,0
C104_F346,1-0,0
C104_F347,1-0,0
C104_F350,1-0,0
C104_F352,1-0,0
C104_F356,1-0,0
C104_F357,1-0,0
C104_F361,1-0,0
C104_F362,1-0,0
C104_F363,1-0,0
C104_F366,1-0,0
C104_F367,1-0,0
C104_F368,1-0,0
C104_F369,1-0,0
C104_F370,1-0,0
C104_F372,1-0,0
C104_F373,1-0,0
C104_F374,1-0,0
C104_F375,1-0,0
C104_F379,1-0,0
C104_F382,1-0,0
C104_F383,1-0,0
C104_F384,1-0,0
C104_F385,1-0,0
C104_F388,1-0,0
C104_F389,1-0,0
C104_F390,1-0,0
C104_F395,1-0,0
C104_F397,1-0,0
C104_F398,1-0,0
C104_F400,1-0,0
C104_F403,1-0,0
C104_F404,1-0,0
C104_F405,1-0,0
C104_F406,1-0,0
C104_F408,1-0,0
C104_F410,1-0,0
C104_F412,1-0,0
C104_F416,1-0,0
C104_F420,1-0,0
C104_F423,1-0,0
C104_F424,1-0,0
C104_F426,1-0,0
C104_F427,1-0,0
C104_F428,1-0,0
C104_F429,1-0,0
C104_F431,1-0,0
C104_F435,1-0,0
C104_F436,1-0,0
C104_F437,1-0,0
C104_F438,1-0,0
C104_F439,1-0,0
C104_F440,1-0,0
C104_F442,1-0,0
C104_F443,1-0,0
C104_F445,1-0,0
C104_F448,1-0,0
C104_F451,1-0,0
C104_F453,1-0,0
C104_F454,1-0,0
C104_F455,1-0,0
C104_F457,1-0,0
C104_F458,1-0,0
C104_F460,1-0,0
C104_F461,1-0,0
C104_F462,1-0,0
C107_F002,1-0,0
C107_F007,1-0,0
C107_F008,1-0,0
C107_F009,1-0,0
C107_F010,1-0,0
C107_F012,1-0,0
C107_F013,1-0,0
C107_F014,1-0,0
C107_F016,1-0,0
C107_F020,1-0,0
C107_F022,1-0,0
C107_F033,1-0,0
C107_F038,1-0,0
C107_F040,1-0,0
C107_F045,1-0,0
C107_F051,1-0,0
C107_F054,1-0,0
C107_F055,1-0,0
C107_F057,1-0,0
C107_F058,1-0,0
C107_F059,1-0,0
C107_F065,1-0,0
C107_F066,1-0,0
C107_F069,1-0,0
C107_F070,1-0,0
C107_F076,1-0,0
C107_F077,1-0,0
C107_F086,1-0,0
C107_F088,1-0,0
C107_F090,1-0,0
C107_F094,1-0,0
C107_F095,1-0,0
C107_F096,1-0,0
C107_F097,1-0,0
C107_F101,1-0,0
C107_F102,1-0,0
C107_F103,1-0,0
C107_F107,1-0,0
C107_F108,1-0,0
C107_F110,1-0,0
C107_F111,1-0,0
C107_F113,1-0,0
C107_F114,1-0,0
C107_F119,1-0,0
C107_F120,1-0,0
C107_F122,1-0,0
C107_F123,1-0,0
C107_F124,1-0,0
C107_F125,1-0,0
C107_F127,1-0,0
C107_F128,1-0,0
C107_F130,1-0,0
C107_F134,1-0,0
C107_F135,1-0,0
C107_F136,1-0,0
C107_F138,1-0,0
C107_F140,1-0,0
C107_F141,1-0,0
C107_F142,1-0,0
C107_F144,1-0,0
C107_F148,1-0,0
C107_F149,1-0,0
C107_F157,1-0,0
C107_F160,1-0,0
C107_F161,1-0,0
C107_F163,1-0,0
C107_F166,1-0,0
C107_F171,1-0,0
C107_F177,1-0,0
C107_F179,1-0,0
C107_F180,1-0,0
C107_F185,1-0,0
C107_F187,1-0,0
C107_F190,1-0,0
C107_F192,1-0,0
C107_F194,1-0,0
C107_F201,1-0,0
C107_F204,1-0,0
C107_F206,1-0,0
C107_F207,1-0,0
C107_F209,1-0,0
C107_F214,1-0,0
C107_F218,1-0,0
C107_F219,1-0,0
C107_F220,1-0,0
C107_F222,1-0,0
C107_F225,1-0,0
C107_F226,1-0,0
C107_F227,1-0,0
C107_F229,1-0,0
C107_F231,1-0,0
C107_F234,1-0,0
C107_F235,1-0,0
C107_F238,1-0,0
C107_F241,1-0,0
C107_F242,1-0,0
C107_F243,1-0,0
C107_F247,1-0,0
C107_F249,1-0,0
C107_F250,1-0,0
C107_F251,1-0,0
C107_F252,1-0,0
C107_F254,1-0,0
C107_F256,1-0,0
C107_F257,1-0,0
C107_F261,1-0,0
C107_F267,1-0,0
C107_F273,1-0,0
C107_F275,1-0,0
C107_F278,1-0,0
C107_F279,1-0,0
C107_F284,1-0,0
C107_F288,1-0,0
C107_F291,1-0,0
C107_F293,1-0,0
C107_F294,1-0,0
C107_F295,1-0,0
C107_F297,1-0,0
C107_F301,1-0,0
C107_F304,1-0,0
C107_F305,1-0,0
C107_F307,1-0,0
C107_F308,1-0,0
C107_F312,1-0,0
C107_F314,1-0,0
C107_F317,1-0,0
C107_F318,1-0,0
C107_F319,1-0,0
C107_F321,1-0,0
C107_F322,1-0,0
C107_F324,1-0,0
C107_F325,1-0,0
C107_F332,1-0,0
C107_F334,1-0,0
C107_F338,1-0,0
C107_F341,1-0,0
C107_F342,1-0,0
C107_F345,1-0,0
C107_F348,1-0,0
C107_F352,1-0,0
C107_F356,1-0,0
C107_F357,1-0,0
C107_F358,1-0,0
C107_F359,1-0,0
C107_F360,1-0,0
C107_F361,1-0,0
C107_F364,1-0,0
C107_F368,1-0,0
C107_F372,1-0,0
C107_F375,1-0,0
C107_F376,1-0,0
C107_F378,1-0,0
C110_F001,1-0,0
C110_F002,1-0,0
C110_F004,1-0,0
C110_F005,1-0,0
C110_F006,1-0,0
C110_F008,1-0,0
C110_F009,1-0,0
C110_F010,1-0,0
C110_F013,1-0,0
C110_F014,1-0,0
C110_F016,1-0,0
C110_F018,1-0,0
C110_F019,1-0,0
C110_F021,1-0,0
C110_F025,1-0,0
C110_F026,1-0,0
C110_F029,1-0,0
C110_F032,1-0,0
C110_F035,1-0,0
C110_F038,1-0,0
C110_F039,1-0,0
C110_F040,1-0,0
C110_F041,1-0,0
C110_F042,1-0,0
C110_F044,1-0,0
C110_F045,1-0,0
C110_F051,1-0,0
C110_F054,1-0,0
C110_F059,1-0,0
C110_F060,1-0,0
C110_F061,1-0,0
C110_F064,1-0,0
C110_F065,1-0,0
C110_F068,1-0,0
C110_F071,1-0,0
C110_F075,1-0,0
C110_F080,1-0,0
C110_F082,1-0,0
C110_F084,1-0,0
C110_F088,1-0,0
C110_F096,1-0,0
C110_F097,1-0,0
C110_F102,1-0,0
C110_F104,1-0,0
C110_F109,1-0,0
C110_F112,1-0,0
C110_F113,1-0,0
C110_F117,1-0,0
C110_F118,1-0,0
C110_F124,1-0,0
C110_F125,1-0,0
C110_F127,1-0,0
C110_F128,1-0,0
C110_F133,1-0,0
C110_F140,1-0,0
C110_F141,1-0,0
C110_F143,1-0,0
C110_F144,1-0,0
C110_F145,1-0,0
C110_F151,1-0,0
C110_F153,1-0,0
C110_F154,1-0,0
C110_F159,1-0,0
C110_F161,1-0,0
C110_F164,1-0,0
C110_F168,1-0,0
C110_F171,1-0,0
C110_F173,1-0,0
C115_F001,1-0,0
C115_F002,1-0,0
C115_F003,1-0,0
C115_F004,1-0,0
C115_F005,1-0,0
C115_F006,1-0,0
C115_F009,1-0,0
C115_F016,1-0,0
C115_F017,1-0,0
C115_F018,1-0,0
C115_F019,1-0,0
C115_F022,1-0,0
C115_F027,1-0,0
C115_F029,1-0,0
C115_F031,1-0,0
C115_F035,1-0,0
C115_F036,1-0,0
C115_F038,1-0,0
C115_F040,1-0,0
C115_F042,1-0,0
C115_F045,1-0,0
C115_F048,1-0,0
C115_F050,1-0,0
C115_F053,1-0,0
C115_F055,1-0,0
C115_F060,1-0,0
C115_F064,1-0,0
C115_F065,1-0,0
C115_F066,1-0,0
C115_F068,1-0,0
C115_F069,1-0,0
C115_F070,1-0,0
C115_F076,1-0,0
C115_F079,1-0,0
C115_F081,1-0,0
C115_F082,1-0,0
C115_F084,1-0,0
C115_F087,1-0,0
C115_F088,1-0,0
C115_F090,1-0,0
C115_F092,1-0,0
C115_F097,1-0,0
C115_F099,1-0,0
C115_F102,1-0,0
C115_F105,1-0,0
C115_F106,1-0,0
C115_F107,1-0,0
C115_F109,1-0,0
C115_F115,1-0,0
C115_F116,1-0,0
C115_F117,1-0,0
C115_F120,1-0,0
C115_F121,1-0,0
C115_F122,1-0,0
C115_F123,1-0,0
C115_F128,1-0,0
C115_F129,1-0,0
C115_F131,1-0,0
C115_F132,1-0,0
C115_F133,1-0,0
C115_F134,1-0,0
C115_F138,1-0,0
C115_F139,1-0,0
C115_F142,1-0,0
C115_F144,1-0,0
C115_F145,1-0,0
C115_F149,1-0,0
C115_F150,1-0,0
C115_F151,1-0,0
C115_F155,1-0,0
C115_F158,1-0,0
C115_F159,1-0,0
C115_F160,1-0,0
C115_F162,1-0,0
C115_F163,1-0,0
C115_F164,1-0,0
C115_F167,1-0,0
C115_F169,1-0,0
C115_F171,1-0,0
C115_F172,1-0,0
C115_F178,1-0,0
C115_F179,1-0,0
C115_F181,1-0,0
C115_F185,1-0,0
C115_F187,1-0,0
C115_F188,1-0,0
C115_F189,1-0,0
C115_F192,1-0,0
C115_F193,1-0,0
C115_F194,1-0,0
C115_F195,1-0,0
C115_F198,1-0,0
C115_F201,1-0,0
C115_F202,1-0,0
C115_F205,1-0,0
C115_F206,1-0,0
C115_F215,1-0,0
C115_F217,1-0,0
C115_F218,1-0,0
C115_F223,1-0,0
C115_F225,1-0,0
C115_F226,1-0,0
C115_F230,1-0,0
C115_F234,1-0,0
C115_F237,1-0,0
C115_F238,1-0,0
C115_F240,1-0,0
C115_F241,1-0,0
C115_F243,1-0,0
C115_F259,1-0,0
C115_F264,1-0,0
C115_F266,1-0,0
C115_F269,1-0,0
C115_F273,1-0,0
C115_F275,1-0,0
C115_F278,1-0,0
C115_F280,1-0,0
C115_F283,1-0,0
C115_F284,1-0,0
C115_F285,1-0,0
C115_F289,1-0,0
C115_F293,1-0,0
C115_F294,1-0,0
C115_F296,1-0,0
C115_F305,1-0,0
C115_F307,1-0,0
C115_F309,1-0,0
C115_F310,1-0,0
C115_F312,1-0,0
C115_F313,1-0,0
C115_F319,1-0,0
C115_F321,1-0,0
C115_F324,1-0,0
C115_F326,1-0,0
C115_F328,1-0,0
C115_F329,1-0,0
C115_F331,1-0,0
C115_F335,1-0,0
C115_F336,1-0,0
C115_F340,1-0,0
C115_F341,1-0,0
C115_F344,1-0,0
C115_F345,1-0,0
C115_F350,1-0,0
C115_F351,1-0,0
C115_F353,1-0,0
C115_F355,1-0,0
C115_F356,1-0,0
C115_F357,1-0,0
C115_F360,1-0,0
C115_F361,1-0,0
C115_F365,1-0,0
C115_F366,1-0,0
C115_F367,1-0,0
C115_F369,1-0,0
C115_F370,1-0,0
C115_F373,1-0,0
C115_F374,1-0,0
C115_F375,1-0,0
C115_F379,1-0,0
C119_F001,1-0,0
C119_F002,1-0,0
C119_F004,1-0,0
C119_F005,1-0,0
C119_F007,1-0,0
C119_F008,1-0,0
C119_F010,1-0,0
C119_F011,1-0,0
C119_F012,1-0,0
C119_F014,1-0,0
C119_F015,1-0,0
C119_F016,1-0,0
C119_F017,1-0,0
C119_F019,1-0,0
C119_F020,1-0,0
C119_F021,1-0,0
C119_F022,1-0,0
C119_F027,1-0,0
C119_F029,1-0,0
C119_F032,1-0,0
C119_F035,1-0,0
C119_F039,1-0,0
C119_F040,1-0,0
C119_F041,1-0,0
C119_F042,1-0,0
C119_F043,1-0,0
C119_F048,1-0,0
C119_F051,1-0,0
C119_F060,1-0,0
C119_F061,1-0,0
C119_F062,1-0,0
C119_F070,1-0,0
C119_F072,1-0,0
C119_F073,1-0,0
C119_F074,1-0,0
C119_F081,1-0,0
C119_F084,1-0,0
C119_F085,1-0,0
C119_F086,1-0,0
C119_F087,1-0,0
C119_F088,1-0,0
C119_F090,1-0,0
C119_F091,1-0,0
C119_F092,1-0,0
C119_F101,1-0,0
C119_F105,1-0,0
C119_F107,1-0,0
C119_F112,1-0,0
C119_F113,1-0,0
C119_F114,1-0,0
C119_F115,1-0,0
C119_F116,1-0,0
C119_F117,1-0,0
C119_F119,1-0,0
C119_F120,1-0,0
C119_F121,1-0,0
C119_F122,1-0,0
C119_F127,1-0,0
C119_F128,1-0,0
C119_F131,1-0,0
C119_F134,1-0,0
C119_F135,1-0,0
C119_F136,1-0,0
C119_F138,1-0,0
C119_F139,1-0,0
C119_F141,1-0,0
C119_F147,1-0,0
C119_F151,1-0,0
C119_F152,1-0,0
C119_F153,1-0,0
C119_F155,1-0,0
C119_F157,1-0,0
C119_F160,1-0,0
C119_F167,1-0,0
C119_F168,1-0,0
C119_F172,1-0,0
C119_F175,1-0,0
C119_F176,1-0,0
C119_F178,1-0,0
C119_F183,1-0,0
C119_F186,1-0,0
C119_F191,1-0,0
C119_F192,1-0,0
C119_F198,1-0,0
C119_F200,1-0,0
C119_F201,1-0,0
C119_F202,1-0,0
C119_F204,1-0,0
C119_F205,1-0,0
C119_F210,1-0,0
C119_F211,1-0,0
C119_F213,1-0,0
C119_F216,1-0,0
C119_F221,1-0,0
C119_F222,1-0,0
C119_F223,1-0,0
C119_F227,1-0,0
C119_F228,1-0,0
C119_F229,1-0,0
C119_F231,1-0,0
C119_F235,1-0,0
C119_F237,1-0,0
C119_F240,1-0,0
C119_F242,1-0,0
C119_F243,1-0,0
C119_F246,1-0,0
C119_F247,1-0,0
C119_F248,1-0,0
C119_F252,1-0,0
C119_F255,1-0,0
C119_F261,1-0,0
C119_F263,1-0,0
C119_F264,1-0,0
C119_F267,1-0,0
C119_F274,1-0,0
C119_F275,1-0,0
C119_F276,1-0,0
C119_F280,1-0,0
C119_F282,1-0,0
C119_F285,1-0,0
C119_F289,1-0,0
C119_F292,1-0,0
C119_F295,1-0,0
C119_F297,1-0,0
C119_F299,1-0,0
C119_F300,1-0,0
C119_F301,1-0,0
C119_F306,1-0,0
C119_F308,1-0,0
C119_F310,1-0,0
C119_F311,1-0,0
C119_F312,1-0,0
C119_F313,1-0,0
C119_F314,1-0,0
C119_F316,1-0,0
C119_F317,1-0,0
C119_F320,1-0,0
C119_F322,1-0,0
C119_F324,1-0,0
C119_F325,1-0,0
C119_F326,1-0,0
C119_F327,1-0,0
C119_F329,1-0,0
C119_F330,1-0,0
C119_F333,1-0,0
C119_F334,1-0,0
C119_F335,1-0,0
C119_F338,1-0,0
C119_F342,1-0,0
C119_F345,1-0,0
C119_F346,1-0,0
C119_F356,1-0,0
C119_F363,1-0,0
C119_F364,1-0,0
C119_F365,1-0,0
C119_F366,1-0,0
C119_F369,1-0,0
C119_F371,1-0,0
C119_F373,1-0,0
C119_F379,1-0,0
C120_F009,1-0,0
C120_F012,1-0,0
C120_F015,1-0,0
C120_F020,1-0,0
C120_F021,1-0,0
C120_F024,1-0,0
C120_F025,1-0,0
C120_F026,1-0,0
C120_F027,1-0,0
C120_F034,1-0,0
C120_F036,1-0,0
C120_F039,1-0,0
C120_F043,1-0,0
C120_F054,1-0,0
C120_F055,1-0,0
C120_F058,1-0,0
C120_F059,1-0,0
C120_F062,1-0,0
C120_F064,1-0,0
C120_F069,1-0,0
C120_F074,1-0,0
C120_F076,1-0,0
C120_F079,1-0,0
C120_F085,1-0,0
C120_F087,1-0,0
C120_F097,1-0,0
C120_F098,1-0,0
C120_F100,1-0,0
C120_F104,1-0,0
C120_F108,1-0,0
C120_F115,1-0,0
C120_F118,1-0,0
C120_F119,1-0,0
C120_F120,1-0,0
C120_F122,1-0,0
C120_F134,1-0,0
C120_F135,1-0,0
C120_F136,1-0,0
C120_F138,1-0,0
C120_F141,1-0,0
C120_F142,1-0,0
C120_F144,1-0,0
C120_F147,1-0,0
C120_F152,1-0,0
C120_F154,1-0,0
C120_F156,1-0,0
C120_F158,1-0,0
C120_F160,1-0,0
C120_F162,1-0,0
C120_F163,1-0,0
C120_F164,1-0,0
C120_F167,1-0,0
C120_F169,1-0,0
C120_F170,1-0,0
C120_F172,1-0,0
C120_F174,1-0,0
C120_F176,1-0,0
C120_F181,1-0,0
C120_F182,1-0,0
C120_F183,1-0,0
C120_F184,1-0,0
C120_F188,1-0,0
C120_F189,1-0,0
C120_F190,1-0,0
C120_F193,1-0,0
C120_F197,1-0,0
C120_F198,1-0,0
C120_F205,1-0,0
C120_F207,1-0,0
C120_F208,1-0,0
C120_F212,1-0,0
C120_F213,1-0,0
C120_F216,1-0,0
C120_F217,1-0,0
C120_F221,1-0,0
C120_F223,1-0,0
C120_F224,1-0,0
C120_F228,1-0,0
C120_F230,1-0,0
C120_F233,1-0,0
C120_F234,1-0,0
C120_F236,1-0,0
C120_F237,1-0,0
C120_F238,1-0,0
C121_F001,1-0,0
C121_F002,1-0,0
C121_F003,1-0,0
C121_F004,1-0,0
C121_F010,1-0,0
C121_F011,1-0,0
C121_F013,1-0,0
C121_F017,1-0,0
C121_F018,1-0,0
C121_F020,1-0,0
C121_F022,1-0,0
C121_F023,1-0,0
C121_F025,1-0,0
C121_F028,1-0,0
C121_F029,1-0,0
C121_F030,1-0,0
C121_F031,1-0,0
C121_F032,1-0,0
C121_F035,1-0,0
C121_F036,1-0,0
C121_F038,1-0,0
C121_F040,1-0,0
C121_F047,1-0,0
C121_F049,1-0,0
C121_F051,1-0,0
C121_F052,1-0,0
C121_F053,1-0,0
C121_F060,1-0,0
C121_F063,1-0,0
C121_F067,1-0,0
C121_F068,1-0,0
C121_F069,1-0,0
C121_F075,1-0,0
C121_F076,1-0,0
C121_F077,1-0,0
C121_F078,1-0,0
C121_F081,1-0,0
C121_F082,1-0,0
C121_F083,1-0,0
C121_F090,1-0,0
C121_F092,1-0,0
C121_F095,1-0,0
C121_F097,1-0,0
C121_F098,1-0,0
C121_F104,1-0,0
C121_F107,1-0,0
C121_F113,1-0,0
C121_F115,1-0,0
C121_F116,1-0,0
C121_F117,1-0,0
C121_F119,1-0,0
C121_F120,1-0,0
C121_F125,1-0,0
C121_F127,1-0,0
C121_F130,1-0,0
C121_F136,1-0,0
C121_F137,1-0,0
C121_F139,1-0,0
C121_F140,1-0,0
C121_F141,1-0,0
C121_F143,1-0,0
C121_F147,1-0,0
C121_F150,1-0,0
C121_F154,1-0,0
C121_F156,1-0,0
C121_F157,1-0,0
C121_F158,1-0,0
C121_F160,1-0,0
C121_F162,1-0,0
C121_F165,1-0,0
C121_F170,1-0,0
C121_F172,1-0,0
C121_F179,1-0,0
C121_F183,1-0,0
C121_F184,1-0,0
C121_F186,1-0,0
C121_F187,1-0,0
C121_F191,1-0,0
C121_F192,1-0,0
C121_F193,1-0,0
C121_F201,1-0,0
C121_F205,1-0,0
C121_F206,1-0,0
C121_F209,1-0,0
C121_F210,1-0,0
C121_F213,1-0,0
C121_F215,1-0,0
C121_F216,1-0,0
C121_F217,1-0,0
C121_F218,1-0,0
C121_F221,1-0,0
C121_F226,1-0,0
C121_F227,1-0,0
C121_F232,1-0,0
C121_F233,1-0,0
C121_F234,1-0,0
C121_F240,1-0,0
C121_F241,1-0,0
C121_F245,1-0,0
C121_F248,1-0,0
C121_F250,1-0,0
C121_F251,1-0,0
C121_F252,1-0,0
C121_F254,1-0,0
C121_F260,1-0,0
C121_F261,1-0,0
C121_F262,1-0,0
C121_F263,1-0,0
C121_F265,1-0,0
C121_F268,1-0,0
C121_F270,1-0,0
C121_F271,1-0,0
C121_F275,1-0,0
C121_F277,1-0,0
C121_F279,1-0,0
C121_F280,1-0,0
C121_F282,1-0,0
C121_F284,1-0,0
C121_F285,1-0,0
C121_F292,1-0,0
C121_F293,1-0,0
C121_F296,1-0,0
C121_F298,1-0,0
C121_F299,1-0,0
C121_F305,1-0,0
C121_F309,1-0,0
C121_F311,1-0,0
C121_F313,1-0,0
C121_F314,1-0,0
C121_F315,1-0,0
C121_F316,1-0,0
C121_F320,1-0,0
C121_F324,1-0,0
C121_F325,1-0,0
C121_F332,1-0,0
C121_F338,1-0,0
C121_F339,1-0,0
C121_F340,1-0,0
C121_F342,1-0,0
C121_F347,1-0,0
C121_F348,1-0,0
C121_F354,1-0,0
C121_F356,1-0,0
C121_F357,1-0,0
C121_F358,1-0,0
C121_F364,1-0,0
C121_F367,1-0,0
C121_F368,1-0,0
C121_F370,1-0,0
C121_F374,1-0,0
C121_F375,1-0,0
C121_F376,1-0,0
C124_F003,1-0,0
C124_F004,1-0,0
C124_F006,1-0,0
C124_F007,1-0,0
C124_F009,1-0,0
C124_F010,1-0,0
C124_F013,1-0,0
C124_F014,1-0,0
C124_F016,1-0,0
C124_F018,1-0,0
C124_F019,1-0,0
C124_F020,1-0,0
C124_F022,1-0,0
C124_F023,1-0,0
C124_F026,1-0,0
C124_F027,1-0,0
C124_F033,1-0,0
C124_F034,1-0,0
C124_F035,1-0,0
C124_F036,1-0,0
C124_F038,1-0,0
C124_F040,1-0,0
C124_F041,1-0,0
C124_F042,1-0,0
C124_F044,1-0,0
C124_F048,1-0,0
C124_F049,1-0,0
C124_F055,1-0,0
C124_F056,1-0,0
C124_F057,1-0,0
C124_F058,1-0,0
C124_F059,1-0,0
C124_F061,1-0,0
C124_F062,1-0,0
C124_F063,1-0,0
C124_F064,1-0,0
C124_F066,1-0,0
C124_F067,1-0,0
C124_F070,1-0,0
C124_F072,1-0,0
C124_F073,1-0,0
C124_F074,1-0,0
C124_F076,1-0,0
C124_F077,1-0,0
C124_F080,1-0,0
C124_F082,1-0,0
C124_F083,1-0,0
C124_F086,1-0,0
C124_F088,1-0,0
C124_F089,1-0,0
C124_F090,1-0,0
C124_F093,1-0,0
C124_F094,1-0,0
C124_F096,1-0,0
C124_F097,1-0,0
C124_F100,1-0,0
C124_F101,1-0,0
C124_F109,1-0,0
C124_F110,1-0,0
C124_F115,1-0,0
C124_F117,1-0,0
C124_F120,1-0,0
C124_F121,1-0,0
C124_F125,1-0,0
C124_F126,1-0,0
C124_F127,1-0,0
C124_F129,1-0,0
C124_F130,1-0,0
C124_F131,1-0,0
C124_F134,1-0,0
C124_F135,1-0,0
C124_F136,1-0,0
C124_F137,1-0,0
C124_F139,1-0,0
C124_F144,1-0,0
C124_F146,1-0,0
C124_F149,1-0,0
C124_F152,1-0,0
C124_F153,1-0,0
C124_F157,1-0,0
C124_F158,1-0,0
C124_F160,1-0,0
C124_F161,1-0,0
C124_F162,1-0,0
C124_F163,1-0,0
C124_F164,1-0,0
C124_F165,1-0,0
C124_F167,1-0,0
C124_F168,1-0,0
C124_F169,1-0,0
C124_F170,1-0,0
C124_F172,1-0,0
C124_F178,1-0,0
C124_F179,1-0,0
C124_F180,1-0,0
C124_F181,1-0,0
C124_F183,1-0,0
C124_F184,1-0,0
C124_F189,1-0,0
C124_F191,1-0,0
C124_F192,1-0,0
C124_F194,1-0,0
C124_F196,1-0,0
C124_F199,1-0,0
C124_F200,1-0,0
C124_F202,1-0,0
C124_F203,1-0,0
C124_F204,1-0,0
C124_F205,1-0,0
C124_F207,1-0,0
C124_F208,1-0,0
C124_F209,1-0,0
C124_F210,1-0,0
C124_F211,1-0,0
C124_F213,1-0,0
C124_F215,1-0,0
C124_F218,1-0,0
C124_F220,1-0,0
C124_F222,1-0,0
C124_F225,1-0,0
C124_F229,1-0,0
C124_F230,1-0,0
C124_F231,1-0,0
C124_F232,1-0,0
C124_F233,1-0,0
C124_F234,1-0,0
C124_F236,1-0,0
C124_F238,1-0,0
C124_F239,1-0,0
C124_F240,1-0,0
C131_F001,1-0,0
C131_F002,1-0,0
C131_F008,1-0,0
C131_F010,1-0,0
C131_F012,1-0,0
C131_F013,1-0,0
C131_F014,1-0,0
C131_F016,1-0,0
C131_F018,1-0,0
C131_F019,1-0,0
C131_F021,1-0,0
C131_F023,1-0,0
C131_F025,1-0,0
C131_F027,1-0,0
C131_F028,1-0,0
C131_F029,1-0,0
C131_F030,1-0,0
C131_F033,1-0,0
C131_F034,1-0,0
C131_F035,1-0,0
C131_F036,1-0,0
C131_F037,1-0,0
C131_F041,1-0,0
C131_F043,1-0,0
C131_F044,1-0,0
C131_F046,1-0,0
C131_F047,1-0,0
C131_F048,1-0,0
C131_F050,1-0,0
C131_F051,1-0,0
C131_F052,1-0,0
C131_F057,1-0,0
C131_F059,1-0,0
C131_F061,1-0,0
C131_F062,1-0,0
C131_F064,1-0,0
C131_F065,1-0,0
C131_F066,1-0,0
C131_F069,1-0,0
C131_F072,1-0,0
C131_F073,1-0,0
C131_F076,1-0,0
C131_F077,1-0,0
C131_F078,1-0,0
C131_F079,1-0,0
C131_F081,1-0,0
C131_F082,1-0,0
C131_F083,1-0,0
C131_F084,1-0,0
C131_F085,1-0,0
C131_F086,1-0,0
C131_F089,1-0,0
C131_F090,1-0,0
C131_F091,1-0,0
C131_F092,1-0,0
C131_F094,1-0,0
C131_F095,1-0,0
C131_F097,1-0,0
C131_F099,1-0,0
C131_F100,1-0,0
C131_F101,1-0,0
C131_F105,1-0,0
C131_F106,1-0,0
C131_F107,1-0,0
C131_F108,1-0,0
C131_F110,1-0,0
C131_F111,1-0,0
C131_F112,1-0,0
C131_F117,1-0,0
C131_F118,1-0,0
C131_F119,1-0,0
C131_F121,1-0,0
C131_F122,1-0,0
C131_F123,1-0,0
C131_F125,1-0,0
C131_F126,1-0,0
C131_F128,1-0,0
C131_F131,1-0,0
C131_F132,1-0,0
C132_F001,1-0,0
C132_F002,1-0,0
C132_F003,1-0,0
C132_F005,1-0,0
C132_F007,1-0,0
C132_F009,1-0,0
C132_F011,1-0,0
C132_F014,1-0,0
C132_F016,1-0,0
C132_F017,1-0,0
C132_F019,1-0,0
C132_F021,1-0,0
C132_F022,1-0,0
C132_F023,1-0,0
C132_F024,1-0,0
C132_F025,1-0,0
C132_F027,1-0,0
C132_F028,1-0,0
C132_F030,1-0,0
C132_F032,1-0,0
C132_F037,1-0,0
C132_F038,1-0,0
C132_F039,1-0,0
C132_F040,1-0,0
C132_F041,1-0,0
C132_F042,1-0,0
C132_F043,1-0,0
C132_F049,1-0,0
C132_F051,1-0,0
C132_F052,1-0,0
C132_F054,1-0,0
C132_F058,1-0,0
C132_F061,1-0,0
C132_F062,1-0,0
C132_F065,1-0,0
C132_F066,1-0,0
C132_F067,1-0,0
C132_F072,1-0,0
C132_F074,1-0,0
C132_F076,1-0,0
C132_F078,1-0,0
C132_F079,1-0,0
C132_F081,1-0,0
C132_F082,1-0,0
C132_F083,1-0,0
C132_F084,1-0,0
C132_F086,1-0,0
C132_F087,1-0,0
C132_F088,1-0,0
C132_F089,1-0,0
C132_F092,1-0,0
C132_F094,1-0,0
C132_F097,1-0,0
C132_F098,1-0,0
C132_F099,1-0,0
C132_F100,1-0,0
C132_F101,1-0,0
C132_F102,1-0,0
C132_F105,1-0,0
C132_F106,1-0,0
C132_F108,1-0,0
C132_F110,1-0,0
C132_F111,1-0,0
C132_F112,1-0,0
C132_F113,1-0,0
C132_F114,1-0,0
C132_F117,1-0,0
C132_F119,1-0,0
C132_F120,1-0,0
C132_F121,1-0,0
C132_F122,1-0,0
C132_F123,1-0,0
C132_F125,1-0,0
C132_F127,1-0,0
C132_F128,1-0,0
C132_F130,1-0,0
C132_F131,1-0,0
C132_F132,1-0,0
C132_F133,1-0,0
C132_F134,1-0,0
C132_F135,1-0,0
C132_F136,1-0,0
C132_F139,1-0,0
C132_F143,1-0,0
C132_F146,1-0,0
C132_F147,1-0,0
C132_F148,1-0,0
C132_F149,1-0,0
C132_F150,1-0,0
C132_F151,1-0,0
C132_F152,1-0,0
C132_F154,1-0,0
C132_F156,1-0,0
C132_F157,1-0,0
C132_F158,1-0,0
C132_F160,1-0,0
C132_F161,1-0,0
C132_F162,1-0,0
C132_F166,1-0,0
C132_F167,1-0,0
C132_F169,1-0,0
C132_F172,1-0,0
C132_F173,1-0,0
C132_F175,1-0,0
C132_F176,1-0,0
C132_F177,1-0,0
C132_F178,1-0,0
C132_F179,1-0,0
C138_F002,1-0,0
C138_F004,1-0,0
C138_F005,1-0,0
C138_F006,1-0,0
C138_F010,1-0,0
C138_F011,1-0,0
C138_F012,1-0,0
C138_F013,1-0,0
C138_F014,1-0,0
C138_F015,1-0,0
C138_F016,1-0,0
C138_F017,1-0,0
C138_F018,1-0,0
C138_F022,1-0,0
C138_F025,1-0,0
C138_F026,1-0,0
C138_F027,1-0,0
C138_F028,1-0,0
C138_F029,1-0,0
C138_F032,1-0,0
C138_F033,1-0,0
C138_F034,1-0,0
C138_F038,1-0,0
C138_F041,1-0,0
C138_F042,1-0,0
C138_F043,1-0,0
C138_F044,1-0,0
C138_F045,1-0,0
C138_F046,1-0,0
C138_F050,1-0,0
C138_F052,1-0,0
C138_F053,1-0,0
C138_F055,1-0,0
C138_F057,1-0,0
C138_F059,1-0,0
C138_F060,1-0,0
C138_F062,1-0,0
C138_F063,1-0,0
C138_F064,1-0,0
C138_F065,1-0,0
C138_F067,1-0,0
C138_F068,1-0,0
C138_F069,1-0,0
C138_F070,1-0,0
C138_F071,1-0,0
C138_F073,1-0,0
C138_F074,1-0,0
C138_F076,1-0,0
C138_F078,1-0,0
C138_F081,1-0,0
C138_F083,1-0,0
C138_F084,1-0,0
C138_F087,1-0,0
C138_F089,1-0,0
C138_F091,1-0,0
C138_F094,1-0,0
C138_F095,1-0,0
C138_F096,1-0,0
C138_F097,1-0,0
C138_F098,1-0,0
C138_F099,1-0,0
C138_F101,1-0,0
C138_F102,1-0,0
C138_F103,1-0,0
C138_F107,1-0,0
C138_F108,1-0,0
C138_F109,1-0,0
C138_F110,1-0,0
C138_F111,1-0,0
C138_F113,1-0,0
C138_F114,1-0,0
C138_F116,1-0,0
C138_F117,1-0,0
C138_F118,1-0,0
C138_F119,1-0,0
C138_F120,1-0,0
C138_F122,1-0,0
C138_F123,1-0,0
C138_F124,1-0,0
C138_F125,1-0,0
C138_F128,1-0,0
C138_F130,1-0,0
C138_F134,1-0,0
C138_F135,1-0,0
C138_F136,1-0,0
C138_F139,1-0,0
C138_F140,1-0,0
C138_F141,1-0,0
C138_F142,1-0,0
C138_F143,1-0,0
C138_F146,1-0,0
C138_F148,1-0,0
C138_F150,1-0,0
C138_F152,1-0,0
C138_F153,1-0,0
C138_F154,1-0,0
C138_F157,1-0,0
C138_F158,1-0,0
C138_F159,1-0,0
C138_F162,1-0,0
C138_F163,1-0,0
C138_F164,1-0,0
C138_F165,1-0,0
C138_F166,1-0,0
C138_F170,1-0,0
C138_F175,1-0,0
C138_F176,1-0,0
C138_F179,1-0,0
C138_F180,1-0,0
C138_F181,1-0,0
C138_F182,1-0,0
C138_F184,1-0,0
C138_F185,1-0,0
C138_F187,1-0,0
C138_F193,1-0,0
C138_F194,1-0,0
C138_F195,1-0,0
C138_F198,1-0,0
C138_F202,1-0,0
C138_F204,1-0,0
C138_F205,1-0,0
C138_F207,1-0,0
C138_F208,1-0,0
C138_F209,1-0,0
C138_F210,1-0,0
C138_F211,1-0,0
C138_F212,1-0,0
C138_F215,1-0,0
C138_F216,1-0,0
C138_F217,1-0,0
C138_F218,1-0,0
C138_F222,1-0,0
C138_F225,1-0,0
C138_F231,1-0,0
C138_F232,1-0,0
C138_F233,1-0,0
C138_F234,1-0,0
C138_F235,1-0,0
C138_F238,1-0,0
C138_F240,1-0,0
C138_F241,1-0,0
C138_F242,1-0,0
C138_F243,1-0,0
C138_F244,1-0,0
C138_F245,1-0,0
C138_F246,1-0,0
C138_F250,1-0,0
C138_F251,1-0,0
C138_F252,1-0,0
C138_F253,1-0,0
C138_F254,1-0,0
C138_F255,1-0,0
C138_F258,1-0,0
C138_F259,1-0,0
C138_F260,1-0,0
C138_F263,1-0,0
C138_F265,1-0,0
C138_F266,1-0,0
C138_F269,1-0,0
C138_F270,1-0,0
C138_F271,1-0,0
C138_F274,1-0,0
C138_F276,1-0,0
C138_F280,1-0,0
C138_F281,1-0,0
C138_F284,1-0,0
C138_F285,1-0,0
C138_F286,1-0,0
C138_F287,1-0,0
C138_F288,1-0,0
C138_F289,1-0,0
C138_F291,1-0,0
C138_F296,1-0,0
C138_F297,1-0,0
C138_F301,1-0,0
C138_F302,1-0,0
C138_F306,1-0,0
C138_F308,1-0,0
C138_F312,1-0,0
C138_F314,1-0,0
C138_F318,1-0,0
C138_F319,1-0,0
C138_F320,1-0,0
C138_F325,1-0,0
C138_F326,1-0,0
C138_F327,1-0,0
C138_F331,1-0,0
C138_F332,1-0,0
C138_F334,1-0,0
C138_F336,1-0,0
C138_F337,1-0,0
C138_F340,1-0,0
C138_F341,1-0,0
C138_F342,1-0,0
C138_F343,1-0,0
C138_F344,1-0,0
C138_F345,1-0,0
C138_F348,1-0,0
C138_F351,1-0,0
C138_F352,1-0,0
C138_F354,1-0,0
C138_F357,1-0,0
C138_F358,1-0,0
C138_F361,1-0,0
C138_F362,1-0,0
C138_F363,1-0,0
C138_F365,1-0,0
C138_F367,1-0,0
C138_F369,1-0,0
C138_F371,1-0,0
C138_F372,1-0,0
C138_F373,1-0,0
C138_F375,1-0,0
C138_F378,1-0,0
C138_F379,1-0,0
C138_F386,1-0,0
C138_F389,1-0,0
C138_F390,1-0,0
C138_F398,1-0,0
C138_F399,1-0,0
C138_F401,1-0,0
C138_F402,1-0,0
C138_F403,1-0,0
C138_F404,1-0,0
C138_F405,1-0,0
C138_F408,1-0,0
C138_F409,1-0,0
C138_F410,1-0,0
C138_F411,1-0,0
C138_F413,1-0,0
C138_F417,1-0,0
C138_F418,1-0,0
C138_F420,1-0,0
C138_F421,1-0,0
C138_F422,1-0,0
C138_F423,1-0,0
C138_F425,1-0,0
C138_F427,1-0,0
C138_F429,1-0,0
C138_F430,1-0,0
C138_F433,1-0,0
C138_F436,1-0,0
C138_F437,1-0,0
C138_F438,1-0,0
C138_F445,1-0,0
C138_F447,1-0,0
C138_F448,1-0,0
C138_F451,1-0,0
C138_F456,1-0,0
C138_F457,1-0,0
C138_F460,1-0,0
C138_F462,1-0,0
C139_F001,1-0,0
C139_F002,1-0,0
C139_F003,1-0,0
C139_F004,1-0,0
C139_F005,1-0,0
C139_F006,1-0,0
C139_F007,1-0,0
C139_F008,1-0,0
C139_F009,1-0,0
C139_F010,1-0,0
C139_F011,1-0,0
C139_F012,1-0,0
C139_F013,1-0,0
C139_F014,1-0,0
C139_F015,1-0,0
C139_F016,1-0,0
C139_F017,1-0,0
C139_F018,1-0,0
C139_F019,1-0,0
C139_F020,1-0,0
C139_F021,1-0,0
C139_F022,1-0,0
C139_F023,1-0,0
C139_F024,1-0,0
C139_F025,1-0,0
C139_F026,1-0,0
C139_F027,1-0,0
C139_F028,1-0,0
C139_F029,1-0,0
C139_F030,1-0,0
C139_F031,1-0,0
C139_F032,1-0,0
C139_F033,1-0,0
C139_F034,1-0,0
C139_F035,1-0,0
C139_F036,1-0,0
C139_F037,1-0,0
C139_F038,1-0,0
C139_F039,1-0,0
C139_F040,1-0,0
C139_F041,1-0,0
C139_F042,1-0,0
C139_F043,1-0,0
C139_F044,1-0,0
C139_F045,1-0,0
C139_F046,1-0,0
C139_F047,1-0,0
C139_F048,1-0,0
C139_F049,1-0,0
C139_F050,1-0,0
C139_F051,1-0,0
C139_F052,1-0,0
C139_F053,1-0,0
C139_F054,1-0,0
C139_F055,1-0,0
C139_F056,1-0,0
C139_F057,1-0,0
C139_F058,1-0,0
C139_F059,1-0,0
C139_F060,1-0,0
C139_F061,1-0,0
C139_F062,1-0,0
C139_F063,1-0,0
C139_F064,1-0,0
C139_F065,1-0,0
C139_F066,1-0,0
C139_F067,1-0,0
C139_F068,1-0,0
C139_F069,1-0,0
C139_F070,1-0,0
C139_F071,1-0,0
C139_F072,1-0,0
C139_F073,1-0,0
C139_F074,1-0,0
C139_F075,1-0,0
C139_F076,1-0,0
C139_F077,1-0,0
C139_F078,1-0,0
C139_F079,1-0,0
C139_F080,1-0,0
C139_F081,1-0,0
C139_F082,1-0,0
C139_F083,1-0,0
C139_F084,1-0,0
C139_F085,1-0,0
C139_F086,1-0,0
C139_F087,1-0,0
C139_F088,1-0,0
C139_F089,1-0,0
C139_F090,1-0,0
C139_F091,1-0,0
C139_F092,1-0,0
C139_F093,1-0,0
C139_F094,1-0,0
C139_F095,1-0,0
C139_F096,1-0,0
C139_F097,1-0,0
C139_F098,1-0,0
C139_F099,1-0,0
C139_F100,1-0,0
C139_F101,1-0,0
C139_F102,1-0,0
C139_F103,1-0,0
C139_F104,1-0,0
C139_F105,1-0,0
C139_F106,1-0,0
C139_F107,1-0,0
C139_F108,1-0,0
C139_F109,1-0,0
C139_F110,1-0,0
C139_F111,1-0,0
C139_F112,1-0,0
C139_F113,1-0,0
C139_F114,1-0,0
C139_F115,1-0,0
C139_F116,1-0,0
C139_F117,1-0,0
C139_F118,1-0,0
C139_F119,1-0,0
C139_F120,1-0,0
C139_F121,1-0,0
C139_F122,1-0,0
C139_F123,1-0,0
C139_F124,1-0,0
C139_F125,1-0,0
C139_F126,1-0,0
C139_F127,1-0,0
C139_F128,1-0,0
C139_F129,1-0,0
C139_F130,1-0,0
C139_F131,1-0,0
C139_F132,1-0,0
C139_F133,1-0,0
C139_F134,1-0,0
C139_F135,1-0,0
C139_F136,1-0,0
C139_F137,1-0,0
C139_F138,1-0,0
C139_F139,1-0,0
C139_F140,1-0,0
C139_F141,1-0,0
C139_F142,1-0,0
C139_F143,1-0,0
C139_F144,1-0,0
C139_F145,1-0,0
C139_F146,1-0,0
C139_F147,1-0,0
C139_F148,1-0,0
C139_F149,1-0,0
C139_F150,1-0,0
C139_F151,1-0,0
C139_F152,1-0,0
C139_F153,1-0,0
C139_F154,1-0,0
C139_F155,1-0,0
C139_F156,1-0,0
C139_F157,1-0,0
C139_F158,1-0,0
C139_F159,1-0,0
C139_F160,1-0,0
C139_F161,1-0,0
C139_F162,1-0,0
C139_F163,1-0,0
C139_F164,1-0,0
C139_F165,1-0,0
C139_F166,1-0,0
C139_F167,1-0,0
C139_F168,1-0,0
C139_F169,1-0,0
C139_F170,1-0,0
C139_F171,1-0,0
C139_F172,1-0,0
C139_F173,1-0,0
C139_F174,1-0,0
C139_F175,1-0,0
C139_F176,1-0,0
C139_F177,1-0,0
C139_F178,1-0,0
C139_F179,1-0,0
C139_F180,1-0,0
C139_F181,1-0,0
C139_F182,1-0,0
C139_F183,1-0,0
C139_F184,1-0,0
C139_F185,1-0,0
C139_F186,1-0,0
C139_F187,1-0,0
C139_F188,1-0,0
C139_F189,1-0,0
C139_F190,1-0,0
C139_F191,1-0,0
C139_F192,1-0,0
C139_F193,1-0,0
C139_F194,1-0,0
C139_F195,1-0,0
C139_F196,1-0,0
C139_F197,1-0,0
C139_F198,1-0,0
C139_F199,1-0,0
C139_F200,1-0,0
C139_F201,1-0,0
C139_F202,1-0,0
C139_F203,1-0,0
C139_F204,1-0,0
C139_F205,1-0,0
C139_F206,1-0,0
C139_F207,1-0,0
C139_F208,1-0,0
C139_F209,1-0,0
C139_F210,1-0,0
C139_F211,1-0,0
C139_F212,1-0,0
C139_F213,1-0,0
C139_F214,1-0,0
C139_F215,1-0,0
C139_F216,1-0,0
C139_F217,1-0,0
C139_F218,1-0,0
C139_F219,1-0,0
C139_F220,1-0,0
C139_F221,1-0,0
C139_F222,1-0,0
C139_F223,1-0,0
C139_F224,1-0,0
C139_F225,1-0,0
C139_F226,1-0,0
C139_F227,1-0,0
C139_F228,1-0,0
C139_F229,1-0,0
C139_F230,1-0,0
C139_F231,1-0,0
C139_F232,1-0,0
C139_F233,1-0,0
C139_F234,1-0,0
C139_F235,1-0,0
C139_F236,1-0,0
C139_F237,1-0,0
C139_F238,1-0,0
C139_F239,1-0,0
C139_F240,1-0,0
C139_F241,1-0,0
C139_F242,1-0,0
C139_F243,1-0,0
C139_F244,1-0,0
C139_F245,1-0,0
C139_F246,1-0,0
C139_F247,1-0,0
C139_F248,1-0,0
C139_F249,1-0,0
C139_F250,1-0,0
C139_F251,1-0,0
C139_F252,1-0,0
C139_F253,1-0,0
C139_F254,1-0,0
C139_F255,1-0,0
C139_F256,1-0,0
C139_F257,1-0,0
C139_F258,1-0,0
C139_F259,1-0,0
C139_F260,1-0,0
C139_F261,1-0,0
C139_F262,1-0,0
C139_F263,1-0,0
C139_F264,1-0,0
C139_F265,1-0,0
C139_F266,1-0,0
C139_F267,1-0,0
C139_F268,1-0,0
C139_F269,1-0,0
C139_F270,1-0,0
C139_F271,1-0,0
C139_F272,1-0,0
C139_F273,1-0,0
C139_F274,1-0,0
C139_F275,1-0,0
C139_F276,1-0,0
C139_F277,1-0,0
C139_F278,1-0,0
C139_F279,1-0,0
C139_F280,1-0,0
C139_F281,1-0,0
C139_F282,1-0,0
C139_F283,1-0,0
C139_F284,1-0,0
C139_F285,1-0,0
C139_F286,1-0,0
C139_F287,1-0,0
C139_F288,1-0,0
C139_F289,1-0,0
C139_F290,1-0,0
C139_F291,1-0,0
C139_F292,1-0,0
C139_F293,1-0,0
C139_F294,1-0,0
C139_F295,1-0,0
C139_F296,1-0,0
C139_F297,1-0,0
C139_F298,1-0,0
C139_F299,1-0,0
C139_F300,1-0,0
C139_F301,1-0,0
C139_F302,1-0,0
C139_F303,1-0,0
C139_F304,1-0,0
C139_F305,1-0,0
C139_F306,1-0,0
C139_F307,1-0,0
C139_F308,1-0,0
C139_F309,1-0,0
C139_F310,1-0,0
C139_F311,1-0,0
C139_F312,1-0,0
C139_F313,1-0,0
C139_F314,1-0,0
C139_F315,1-0,0
C139_F316,1-0,0
C139_F317,1-0,0
C139_F318,1-0,0
C139_F319,1-0,0
C139_F320,1-0,0
C139_F321,1-0,0
C139_F322,1-0,0
C139_F323,1-0,0
C139_F324,1-0,0
C139_F325,1-0,0
C139_F326,1-0,0
C139_F327,1-0,0
C139_F328,1-0,0
C139_F329,1-0,0
C139_F330,1-0,0
C139_F331,1-0,0
C139_F332,1-0,0
C139_F333,1-0,0
C139_F334,1-0,0
C139_F335,1-0,0
C139_F336,1-0,0
C139_F337,1-0,0
C139_F338,1-0,0
C139_F339,1-0,0
C139_F340,1-0,0
C139_F341,1-0,0
C139_F342,1-0,0
C139_F343,1-0,0
C139_F344,1-0,0
C139_F345,1-0,0
C139_F346,1-0,0
C139_F347,1-0,0
C139_F348,1-0,0
C139_F349,1-0,0
C139_F350,1-0,0
C139_F351,1-0,0
C139_F352,1-0,0
C139_F353,1-0,0
C139_F354,1-0,0
C139_F355,1-0,0
C139_F356,1-0,0
C139_F357,1-0,0
C139_F358,1-0,0
C139_F359,1-0,0
C139_F360,1-0,0
C139_F361,1-0,0
C139_F362,1-0,0
C139_F363,1-0,0
C139_F364,1-0,0
C139_F365,1-0,0
C139_F366,1-0,0
C139_F367,1-0,0
C139_F368,1-0,0
C139_F369,1-0,0
C139_F370,1-0,0
C139_F371,1-0,0
C139_F372,1-0,0
C139_F373,1-0,0
C139_F374,1-0,0
C139_F375,1-0,0
C139_F376,1-0,0
C139_F377,1-0,0
C139_F378,1-0,0
C139_F379,1-0,0
C139_F380,1-0,0
C139_F381,1-0,0
C139_F382,1-0,0
C139_F383,1-0,0
C139_F384,1-0,0
C139_F385,1-0,0
C139_F386,1-0,0
C139_F387,1-0,0
C139_F388,1-0,0
C139_F389,1-0,0
C139_F390,1-0,0
C139_F391,1-0,0
C139_F392,1-0,0
C139_F393,1-0,0
C139_F394,1-0,0
C139_F395,1-0,0
C139_F396,1-0,0
C139_F397,1-0,0
C139_F398,1-0,0
C139_F399,1-0,0
C139_F400,1-0,0
C139_F401,1-0,0
C139_F402,1-0,0
C139_F403,1-0,0
C139_F404,1-0,0
C139_F405,1-0,0
C139_F406,1-0,0
C139_F407,1-0,0
C139_F408,1-0,0
C139_F409,1-0,0
C139_F410,1-0,0
C139_F411,1-0,0
C139_F412,1-0,0
C139_F413,1-0,0
C139_F414,1-0,0
C139_F415,1-0,0
C139_F416,1-0,0
C139_F417,1-0,0
C139_F418,1-0,0
C139_F419,1-0,0
C139_F420,1-0,0
C139_F421,1-0,0
C139_F422,1-0,0
C139_F423,1-0,0
C139_F424,1-0,0
C139_F425,1-0,0
C139_F426,1-0,0
C139_F427,1-0,0
C139_F428,1-0,0
C139_F429,1-0,0
C139_F430,1-0,0
C139_F431,1-0,0
C139_F432,1-0,0
C139_F433,1-0,0
C139_F434,1-0,0
C139_F435,1-0,0
C139_F436,1-0,0
C139_F437,1-0,0
C139_F438,1-0,0
C139_F439,1-0,0
C139_F440,1-0,0
C139_F441,1-0,0
C139_F442,1-0,0
C139_F443,1-0,0
C139_F444,1-0,0
C139_F445,1-0,0
C139_F446,1-0,0
C139_F447,1-0,0
C139_F448,1-0,0
C139_F449,1-0,0
C139_F450,1-0,0
C139_F451,1-0,0
C139_F452,1-0,0
C139_F453,1-0,0
C139_F454,1-0,0
C139_F455,1-0,0
C139_F456,1-0,0
C139_F457,1-0,0
C139_F458,1-0,0
C139_F459,1-0,0
C139_F460,1-0,0
C139_F461,1-0,0
C139_F462,1-0,0
C153_F001,1-0,0
C153_F002,1-0,0
C153_F003,1-0,0
C153_F006,1-0,0
C153_F007,1-0,0
C153_F008,1-0,0
C153_F009,1-0,0
C153_F010,1-0,0
C153_F011,1-0,0
C153_F013,1-0,0
C153_F015,1-0,0
C153_F016,1-0,0
C153_F017,1-0,0
C153_F021,1-0,0
C153_F022,1-0,0
C153_F023,1-0,0
C153_F024,1-0,0
C153_F026,1-0,0
C153_F034,1-0,0
C153_F036,1-0,0
C153_F037,1-0,0
C153_F038,1-0,0
C153_F040,1-0,0
C153_F041,1-0,0
C153_F044,1-0,0
C153_F047,1-0,0
C153_F048,1-0,0
C153_F050,1-0,0
C153_F052,1-0,0
C153_F053,1-0,0
C153_F055,1-0,0
C153_F057,1-0,0
C153_F058,1-0,0
C153_F059,1-0,0
C153_F062,1-0,0
C153_F065,1-0,0
C153_F066,1-0,0
C153_F067,1-0,0
C153_F068,1-0,0
C153_F069,1-0,0
C153_F071,1-0,0
C153_F073,1-0,0
C153_F074,1-0,0
C153_F075,1-0,0
C153_F079,1-0,0
C153_F080,1-0,0
C153_F081,1-0,0
C153_F082,1-0,0
C153_F084,1-0,0
C153_F085,1-0,0
C153_F089,1-0,0
C153_F090,1-0,0
C153_F091,1-0,0
C153_F092,1-0,0
C153_F093,1-0,0
C153_F094,1-0,0
C153_F096,1-0,0
C153_F099,1-0,0
C153_F100,1-0,0
C153_F101,1-0,0
C153_F102,1-0,0
C153_F103,1-0,0
C153_F104,1-0,0
C153_F105,1-0,0
C153_F106,1-0,0
C153_F109,1-0,0
C153_F112,1-0,0
C153_F113,1-0,0
C153_F115,1-0,0
C153_F123,1-0,0
C153_F124,1-0,0
C153_F125,1-0,0
C153_F128,1-0,0
C153_F132,1-0,0
C153_F134,1-0,0
C153_F136,1-0,0
C153_F140,1-0,0
C153_F142,1-0,0
C153_F144,1-0,0
C153_F145,1-0,0
C153_F146,1-0,0
C153_F147,1-0,0
C153_F148,1-0,0
C153_F149,1-0,0
C153_F150,1-0,0
C153_F151,1-0,0
C153_F153,1-0,0
C153_F154,1-0,0
C153_F155,1-0,0
C153_F156,1-0,0
C153_F157,1-0,0
C153_F158,1-0,0
C153_F160,1-0,0
C153_F161,1-0,0
C153_F162,1-0,0
C153_F163,1-0,0
C153_F164,1-0,0
C153_F167,1-0,0
C153_F170,1-0,0
C153_F171,1-0,0
C153_F172,1-0,0
C153_F173,1-0,0
C153_F175,1-0,0
C153_F178,1-0,0
C153_F179,1-0,0
C153_F180,1-0,0
C153_F181,1-0,0
C153_F184,1-0,0
C153_F185,1-0,0
C153_F187,1-0,0
C153_F189,1-0,0
C153_F191,1-0,0
C153_F194,1-0,0
C153_F195,1-0,0
C153_F198,1-0,0
C153_F199,1-0,0
C153_F204,1-0,0
C153_F205,1-0,0
C153_F208,1-0,0
C153_F211,1-0,0
C153_F214,1-0,0
C153_F216,1-0,0
C153_F217,1-0,0
C153_F218,1-0,0
C153_F219,1-0,0
C153_F221,1-0,0
C153_F222,1-0,0
C153_F223,1-0,0
C153_F229,1-0,0
C153_F231,1-0,0
C153_F233,1-0,0
C153_F234,1-0,0
C153_F235,1-0,0
C153_F240,1-0,0
C153_F241,1-0,0
C153_F242,1-0,0
C153_F244,1-0,0
C153_F245,1-0,0
C153_F246,1-0,0
C153_F251,1-0,0
C153_F252,1-0,0
C153_F254,1-0,0
C153_F257,1-0,0
C153_F258,1-0,0
C153_F259,1-0,0
C153_F260,1-0,0
C153_F262,1-0,0
C153_F263,1-0,0
C153_F264,1-0,0
C153_F265,1-0,0
C153_F266,1-0,0
C153_F267,1-0,0
C153_F268,1-0,0
C153_F270,1-0,0
C153_F271,1-0,0
C153_F273,1-0,0
C153_F274,1-0,0
C153_F275,1-0,0
C153_F276,1-0,0
C153_F277,1-0,0
C153_F278,1-0,0
C153_F279,1-0,0
C153_F282,1-0,0
C153_F283,1-0,0
C153_F284,1-0,0
C153_F285,1-0,0
C153_F287,1-0,0
C153_F288,1-0,0
C153_F289,1-0,0
C153_F290,1-0,0
C153_F292,1-0,0
C153_F293,1-0,0
C153_F294,1-0,0
C153_F295,1-0,0
C153_F297,1-0,0
C153_F300,1-0,0
C153_F301,1-0,0
C153_F302,1-0,0
C153_F304,1-0,0
C153_F306,1-0,0
C153_F309,1-0,0
C153_F310,1-0,0
C153_F311,1-0,0
C153_F312,1-0,0
C153_F313,1-0,0
C153_F315,1-0,0
C153_F316,1-0,0
C153_F319,1-0,0
C153_F323,1-0,0
C153_F324,1-0,0
C153_F325,1-0,0
C153_F328,1-0,0
C153_F329,1-0,0
C153_F331,1-0,0
C153_F333,1-0,0
C153_F334,1-0,0
C153_F335,1-0,0
C153_F336,1-0,0
C153_F337,1-0,0
C153_F339,1-0,0
C153_F341,1-0,0
C153_F344,1-0,0
C153_F346,1-0,0
C153_F348,1-0,0
C153_F351,1-0,0
C153_F352,1-0,0
C153_F354,1-0,0
C153_F355,1-0,0
C153_F357,1-0,0
C153_F358,1-0,0
C153_F359,1-0,0
C153_F360,1-0,0
C153_F362,1-0,0
C153_F363,1-0,0
C153_F364,1-0,0
C153_F365,1-0,0
C153_F367,1-0,0
C153_F369,1-0,0
C153_F370,1-0,0
C153_F371,1-0,0
C153_F372,1-0,0
C153_F373,1-0,0
C153_F374,1-0,0
C153_F375,1-0,0
C153_F376,1-0,0
C153_F377,1-0,0
C153_F378,1-0,0
C153_F379,1-0,0
C156_F002,1-0,0
C156_F003,1-0,0
C156_F004,1-0,0
C156_F005,1-0,0
C156_F008,1-0,0
C156_F009,1-0,0
C156_F011,1-0,0
C156_F012,1-0,0
C156_F014,1-0,0
C156_F018,1-0,0
C156_F020,1-0,0
C156_F021,1-0,0
C156_F022,1-0,0
C156_F023,1-0,0
C156_F024,1-0,0
C156_F027,1-0,0
C156_F029,1-0,0
C156_F033,1-0,0
C156_F036,1-0,0
C156_F037,1-0,0
C156_F038,1-0,0
C156_F039,1-0,0
C156_F043,1-0,0
C156_F044,1-0,0
C156_F047,1-0,0
C156_F048,1-0,0
C156_F049,1-0,0
C156_F051,1-0,0
C156_F053,1-0,0
C156_F054,1-0,0
C156_F056,1-0,0
C156_F057,1-0,0
C156_F058,1-0,0
C156_F059,1-0,0
C156_F060,1-0,0
C156_F062,1-0,0
C156_F063,1-0,0
C156_F064,1-0,0
C156_F065,1-0,0
C156_F066,1-0,0
C156_F069,1-0,0
C156_F071,1-0,0
C156_F073,1-0,0
C156_F074,1-0,0
C156_F077,1-0,0
C156_F078,1-0,0
C156_F079,1-0,0
C156_F080,1-0,0
C156_F082,1-0,0
C156_F083,1-0,0
C156_F084,1-0,0
C156_F090,1-0,0
C156_F092,1-0,0
C156_F093,1-0,0
C156_F094,1-0,0
C156_F095,1-0,0
C156_F098,1-0,0
C156_F099,1-0,0
C156_F100,1-0,0
C156_F101,1-0,0
C156_F103,1-0,0
C156_F105,1-0,0
C156_F106,1-0,0
C156_F108,1-0,0
C156_F109,1-0,0
C156_F110,1-0,0
C156_F112,1-0,0
C156_F113,1-0,0
C156_F115,1-0,0
C156_F117,1-0,0
C156_F118,1-0,0
C156_F119,1-0,0
C156_F120,1-0,0
C156_F121,1-0,0
C156_F122,1-0,0
C156_F123,1-0,0
C156_F124,1-0,0
C156_F126,1-0,0
C156_F129,1-0,0
C159_F002,1-0,0
C159_F003,1-0,0
C159_F004,1-0,0
C159_F012,1-0,0
C159_F017,1-0,0
C159_F019,1-0,0
C159_F020,1-0,0
C159_F021,1-0,0
C159_F022,1-0,0
C159_F023,1-0,0
C159_F024,1-0,0
C159_F030,1-0,0
C159_F031,1-0,0
C159_F032,1-0,0
C159_F033,1-0,0
C159_F034,1-0,0
C159_F035,1-0,0
C159_F038,1-0,0
C159_F040,1-0,0
C159_F052,1-0,0
C159_F055,1-0,0
C159_F056,1-0,0
C159_F058,1-0,0
C159_F059,1-0,0
C159_F061,1-0,0
C159_F062,1-0,0
C159_F064,1-0,0
C159_F066,1-0,0
C159_F068,1-0,0
C159_F074,1-0,0
C159_F078,1-0,0
C159_F079,1-0,0
C159_F081,1-0,0
C159_F083,1-0,0
C159_F085,1-0,0
C159_F088,1-0,0
C159_F092,1-0,0
C159_F096,1-0,0
C159_F097,1-0,0
C159_F098,1-0,0
C159_F101,1-0,0
C159_F103,1-0,0
C159_F108,1-0,0
C159_F109,1-0,0
C159_F110,1-0,0
C159_F113,1-0,0
C159_F119,1-0,0
C159_F120,1-0,0
C159_F124,1-0,0
C159_F126,1-0,0
C159_F131,1-0,0
C159_F135,1-0,0
C159_F136,1-0,0
C159_F137,1-0,0
C159_F138,1-0,0
C159_F143,1-0,0
C159_F144,1-0,0
C159_F149,1-0,0
C159_F150,1-0,0
C159_F155,1-0,0
C159_F157,1-0,0
C159_F158,1-0,0
C159_F161,1-0,0
C159_F164,1-0,0
C159_F165,1-0,0
C159_F166,1-0,0
C159_F167,1-0,0
C159_F168,1-0,0
C159_F169,1-0,0
C159_F170,1-0,0
C159_F174,1-0,0
C159_F177,1-0,0
C170_F002,1-0,0
C170_F004,1-0,0
C170_F005,1-0,0
C170_F009,1-0,0
C170_F010,1-0,0
C170_F011,1-0,0
C170_F013,1-0,0
C170_F014,1-0,0
C170_F016,1-0,0
C170_F018,1-0,0
C170_F020,1-0,0
C170_F021,1-0,0
C170_F022,1-0,0
C170_F023,1-0,0
C170_F025,1-0,0
C170_F029,1-0,0
C170_F030,1-0,0
C170_F033,1-0,0
C170_F034,1-0,0
C170_F036,1-0,0
C170_F038,1-0,0
C170_F040,1-0,0
C170_F044,1-0,0
C170_F045,1-0,0
C170_F049,1-0,0
C170_F050,1-0,0
C170_F051,1-0,0
C170_F052,1-0,0
C170_F053,1-0,0
C170_F054,1-0,0
C170_F056,1-0,0
C170_F057,1-0,0
C170_F058,1-0,0
C170_F059,1-0,0
C170_F061,1-0,0
C170_F062,1-0,0
C170_F063,1-0,0
C170_F065,1-0,0
C170_F066,1-0,0
C170_F068,1-0,0
C170_F070,1-0,0
C170_F072,1-0,0
C170_F073,1-0,0
C170_F074,1-0,0
C170_F075,1-0,0
C170_F076,1-0,0
C170_F078,1-0,0
C170_F079,1-0,0
C170_F080,1-0,0
C170_F081,1-0,0
C170_F082,1-0,0
C170_F083,1-0,0
C170_F087,1-0,0
C170_F088,1-0,0
C170_F089,1-0,0
C170_F090,1-0,0
C170_F091,1-0,0
C170_F093,1-0,0
C170_F095,1-0,0
C170_F096,1-0,0
C170_F097,1-0,0
C170_F099,1-0,0
C170_F100,1-0,0
C170_F101,1-0,0
C170_F102,1-0,0
C170_F103,1-0,0
C170_F104,1-0,0
C170_F105,1-0,0
C170_F107,1-0,0
C170_F110,1-0,0
C170_F112,1-0,0
C170_F113,1-0,0
C170_F114,1-0,0
C170_F115,1-0,0
C170_F116,1-0,0
C170_F118,1-0,0
C170_F119,1-0,0
C170_F124,1-0,0
C170_F125,1-0,0
C170_F128,1-0,0
C170_F129,1-0,0
C170_F131,1-0,0
C170_F132,1-0,0
C170_F133,1-0,0
C170_F134,1-0,0
C170_F135,1-0,0
C170_F138,1-0,0
C170_F140,1-0,0
C170_F142,1-0,0
C170_F144,1-0,0
C170_F145,1-0,0
C170_F150,1-0,0
C170_F152,1-0,0
C170_F154,1-0,0
C170_F157,1-0,0
C170_F158,1-0,0
C170_F160,1-0,0
C170_F162,1-0,0
C170_F164,1-0,0
C170_F169,1-0,0
C170_F170,1-0,0
C170_F172,1-0,0
C170_F173,1-0,0
C170_F174,1-0,0
C170_F175,1-0,0
C170_F176,1-0,0
C170_F178,1-0,0
C170_F179,1-0,0
C171_F001,1-0,0
C171_F005,1-0,0
C171_F007,1-0,0
C171_F012,1-0,0
C171_F015,1-0,0
C171_F020,1-0,0
C171_F022,1-0,0
C171_F026,1-0,0
C171_F027,1-0,0
C171_F028,1-0,0
C171_F029,1-0,0
C171_F033,1-0,0
C171_F034,1-0,0
C171_F038,1-0,0
C171_F039,1-0,0
C171_F040,1-0,0
C171_F041,1-0,0
C171_F043,1-0,0
C171_F044,1-0,0
C171_F045,1-0,0
C171_F046,1-0,0
C171_F047,1-0,0
C171_F049,1-0,0
C171_F052,1-0,0
C171_F058,1-0,0
C171_F060,1-0,0
C171_F064,1-0,0
C171_F069,1-0,0
C171_F071,1-0,0
C171_F075,1-0,0
C171_F079,1-0,0
C171_F085,1-0,0
C171_F086,1-0,0
C171_F089,1-0,0
C171_F090,1-0,0
C171_F091,1-0,0
C171_F093,1-0,0
C171_F094,1-0,0
C171_F096,1-0,0
C171_F099,1-0,0
C171_F100,1-0,0
C171_F103,1-0,0
C171_F105,1-0,0
C171_F107,1-0,0
C171_F109,1-0,0
C171_F111,1-0,0
C171_F114,1-0,0
C171_F115,1-0,0
C171_F116,1-0,0
C171_F117,1-0,0
C171_F118,1-0,0
C171_F120,1-0,0
C171_F125,1-0,0
C171_F126,1-0,0
C171_F127,1-0,0
C171_F128,1-0,0
C171_F131,1-0,0
C171_F136,1-0,0
C171_F144,1-0,0
C171_F145,1-0,0
C171_F153,1-0,0
C171_F155,1-0,0
C171_F158,1-0,0
C171_F160,1-0,0
C171_F161,1-0,0
C171_F162,1-0,0
C171_F164,1-0,0
C171_F165,1-0,0
C171_F167,1-0,0
C171_F168,1-0,0
C171_F170,1-0,0
C171_F173,1-0,0
C171_F175,1-0,0
C171_F177,1-0,0
C171_F179,1-0,0
C171_F181,1-0,0
C171_F183,1-0,0
C171_F189,1-0,0
C171_F190,1-0,0
C171_F191,1-0,0
C171_F192,1-0,0
C171_F194,1-0,0
C171_F196,1-0,0
C171_F206,1-0,0
C171_F207,1-0,0
C171_F208,1-0,0
C171_F213,1-0,0
C171_F215,1-0,0
C171_F219,1-0,0
C171_F220,1-0,0
C171_F225,1-0,0
C171_F231,1-0,0
C171_F232,1-0,0
C171_F234,1-0,0
C171_F235,1-0,0
C171_F240,1-0,0
C175_F001,1-0,0
C175_F002,1-0,0
C175_F003,1-0,0
C175_F004,1-0,0
C175_F005,1-0,0
C175_F006,1-0,0
C175_F007,1-0,0
C175_F008,1-0,0
C175_F009,1-0,0
C175_F010,1-0,0
C175_F011,1-0,0
C175_F012,1-0,0
C175_F013,1-0,0
C175_F014,1-0,0
C175_F015,1-0,0
C175_F016,1-0,0
C175_F017,1-0,0
C175_F018,1-0,0
C175_F019,1-0,0
C175_F020,1-0,0
C175_F021,1-0,0
C175_F022,1-0,0
C175_F023,1-0,0
C175_F024,1-0,0
C175_F025,1-0,0
C175_F026,1-0,0
C175_F027,1-0,0
C175_F028,1-0,0
C175_F029,1-0,0
C175_F030,1-0,0
C175_F031,1-0,0
C175_F032,1-0,0
C175_F033,1-0,0
C175_F034,1-0,0
C175_F035,1-0,0
C175_F036,1-0,0
C175_F037,1-0,0
C175_F038,1-0,0
C175_F039,1-0,0
C175_F040,1-0,0
C175_F041,1-0,0
C175_F042,1-0,0
C175_F043,1-0,0
C175_F044,1-0,0
C175_F045,1-0,0
C175_F046,1-0,0
C175_F047,1-0,0
C175_F048,1-0,0
C175_F049,1-0,0
C175_F050,1-0,0
C175_F051,1-0,0
C175_F052,1-0,0
C175_F053,1-0,0
C175_F054,1-0,0
C175_F055,1-0,0
C175_F056,1-0,0
C175_F057,1-0,0
C175_F058,1-0,0
C175_F059,1-0,0
C175_F060,1-0,0
C175_F061,1-0,0
C175_F062,1-0,0
C175_F063,1-0,0
C175_F064,1-0,0
C175_F065,1-0,0
C175_F066,1-0,0
C175_F067,1-0,0
C175_F068,1-0,0
C175_F069,1-0,0
C175_F070,1-0,0
C175_F071,1-0,0
C175_F072,1-0,0
C175_F073,1-0,0
C175_F074,1-0,0
C175_F075,1-0,0
C175_F076,1-0,0
C175_F077,1-0,0
C175_F078,1-0,0
C175_F079,1-0,0
C175_F080,1-0,0
C175_F081,1-0,0
C175_F082,1-0,0
C175_F083,1-0,0
C175_F084,1-0,0
C175_F085,1-0,0
C175_F086,1-0,0
C175_F087,1-0,0
C175_F088,1-0,0
C175_F089,1-0,0
C175_F090,1-0,0
C175_F091,1-0,0
C175_F092,1-0,0
C175_F093,1-0,0
C175_F094,1-0,0
C175_F095,1-0,0
C175_F096,1-0,0
C175_F097,1-0,0
C175_F098,1-0,0
C175_F099,1-0,0
C175_F100,1-0,0
C175_F101,1-0,0
C175_F102,1-0,0
C175_F103,1-0,0
C175_F104,1-0,0
C175_F105,1-0,0
C175_F106,1-0,0
C175_F107,1-0,0
C175_F108,1-0,0
C175_F109,1-0,0
C175_F110,1-0,0
C175_F111,1-0,0
C175_F112,1-0,0
C175_F113,1-0,0
C175_F114,1-0,0
C175_F115,1-0,0
C175_F116,1-0,0
C175_F117,1-0,0
C175_F118,1-0,0
C175_F119,1-0,0
C175_F120,1-0,0
C175_F121,1-0,0
C175_F122,1-0,0
C175_F123,1-0,0
C175_F124,1-0,0
C175_F125,1-0,0
C175_F126,1-0,0
C175_F127,1-0,0
C175_F128,1-0,0
C175_F129,1-0,0
C175_F130,1-0,0
C175_F131,1-0,0
C175_F132,1-0,0
C175_F133,1-0,0
C175_F134,1-0,0
C175_F135,1-0,0
C175_F136,1-0,0
C175_F137,1-0,0
C175_F138,1-0,0
C175_F139,1-0,0
C175_F140,1-0,0
C175_F141,1-0,0
C175_F142,1-0,0
C175_F143,1-0,0
C175_F144,1-0,0
C175_F145,1-0,0
C175_F146,1-0,0
C175_F147,1-0,0
C175_F148,1-0,0
C175_F149,1-0,0
C175_F150,1-0,0
C175_F151,1-0,0
C175_F152,1-0,0
C175_F153,1-0,0
C175_F154,1-0,0
C175_F155,1-0,0
C175_F156,1-0,0
C175_F157,1-0,0
C175_F158,1-0,0
C175_F159,1-0,0
C175_F160,1-0,0
C175_F161,1-0,0
C175_F162,1-0,0
C175_F163,1-0,0
C175_F164,1-0,0
C175_F165,1-0,0
C175_F166,1-0,0
C175_F167,1-0,0
C175_F168,1-0,0
C175_F169,1-0,0
C175_F170,1-0,0
C175_F171,1-0,0
C175_F172,1-0,0
C175_F173,1-0,0
C175_F174,1-0,0
C175_F175,1-0,0
C175_F176,1-0,0
C175_F177,1-0,0
C175_F178,1-0,0
C175_F179,1-0,0
C175_F180,1-0,0
C175_F181,1-0,0
C175_F182,1-0,0
C175_F183,1-0,0
C175_F184,1-0,0
C175_F185,1-0,0
C175_F186,1-0,0
C175_F187,1-0,0
C175_F188,1-0,0
C175_F189,1-0,0
C175_F190,1-0,0
C175_F191,1-0,0
C175_F192,1-0,0
C175_F193,1-0,0
C175_F194,1-0,0
C175_F195,1-0,0
C175_F196,1-0,0
C175_F197,1-0,0
C175_F198,1-0,0
C175_F199,1-0,0
C175_F200,1-0,0
C175_F201,1-0,0
C175_F202,1-0,0
C175_F203,1-0,0
C175_F204,1-0,0
C175_F205,1-0,0
C175_F206,1-0,0
C175_F207,1-0,0
C175_F208,1-0,0
C175_F209,1-0,0
C175_F210,1-0,0
C175_F211,1-0,0
C175_F212,1-0,0
C175_F213,1-0,0
C175_F214,1-0,0
C175_F215,1-0,0
C175_F216,1-0,0
C175_F217,1-0,0
C175_F218,1-0,0
C175_F219,1-0,0
C175_F220,1-0,0
C175_F221,1-0,0
C175_F222,1-0,0
C175_F223,1-0,0
C175_F224,1-0,0
C175_F225,1-0,0
C175_F226,1-0,0
C175_F227,1-0,0
C175_F228,1-0,0
C175_F229,1-0,0
C175_F230,1-0,0
C175_F231,1-0,0
C175_F232,1-0,0
C175_F233,1-0,0
C175_F234,1-0,0
C175_F235,1-0,0
C175_F236,1-0,0
C175_F237,1-0,0
C175_F238,1-0,0
C175_F239,1-0,0
C175_F240,1-0,0
C175_F241,1-0,0
C175_F242,1-0,0
C175_F243,1-0,0
C175_F244,1-0,0
C175_F245,1-0,0
C175_F246,1-0,0
C175_F247,1-0,0
C175_F248,1-0,0
C175_F249,1-0,0
C175_F250,1-0,0
C175_F251,1-0,0
C175_F252,1-0,0
C175_F253,1-0,0
C175_F254,1-0,0
C175_F255,1-0,0
C175_F256,1-0,0
C175_F257,1-0,0
C175_F258,1-0,0
C175_F259,1-0,0
C175_F260,1-0,0
C175_F261,1-0,0
C175_F262,1-0,0
C175_F263,1-0,0
C175_F264,1-0,0
C175_F265,1-0,0
C175_F266,1-0,0
C175_F267,1-0,0
C175_F268,1-0,0
C175_F269,1-0,0
C175_F270,1-0,0
C175_F271,1-0,0
C175_F272,1-0,0
C175_F273,1-0,0
C175_F274,1-0,0
C175_F275,1-0,0
C175_F276,1-0,0
C175_F277,1-0,0
C175_F278,1-0,0
C175_F279,1-0,0
C175_F280,1-0,0
C175_F281,1-0,0
C175_F282,1-0,0
C175_F283,1-0,0
C175_F284,1-0,0
C175_F285,1-0,0
C175_F286,1-0,0
C175_F287,1-0,0
C175_F288,1-0,0
C175_F289,1-0,0
C175_F290,1-0,0
C175_F291,1-0,0
C175_F292,1-0,0
C175_F293,1-0,0
C175_F294,1-0,0
C175_F295,1-0,0
C175_F296,1-0,0
C175_F297,1-0,0
C175_F298,1-0,0
C175_F299,1-0,0
C175_F300,1-0,0
C175_F301,1-0,0
C175_F302,1-0,0
C175_F303,1-0,0
C175_F304,1-0,0
C175_F305,1-0,0
C175_F306,1-0,0
C175_F307,1-0,0
C175_F308,1-0,0
C175_F309,1-0,0
C175_F310,1-0,0
C175_F311,1-0,0
C175_F312,1-0,0
C175_F313,1-0,0
C175_F314,1-0,0
C175_F315,1-0,0
C175_F316,1-0,0
C175_F317,1-0,0
C175_F318,1-0,0
C175_F319,1-0,0
C175_F320,1-0,0
C175_F321,1-0,0
C175_F322,1-0,0
C175_F323,1-0,0
C175_F324,1-0,0
C175_F325,1-0,0
C175_F326,1-0,0
C175_F327,1-0,0
C175_F328,1-0,0
C175_F329,1-0,0
C175_F330,1-0,0
C175_F331,1-0,0
C175_F332,1-0,0
C175_F333,1-0,0
C175_F334,1-0,0
C175_F335,1-0,0
C175_F336,1-0,0
C175_F337,1-0,0
C175_F338,1-0,0
C175_F339,1-0,0
C175_F340,1-0,0
C175_F341,1-0,0
C175_F342,1-0,0
C175_F343,1-0,0
C175_F344,1-0,0
C175_F345,1-0,0
C175_F346,1-0,0
C175_F347,1-0,0
C175_F348,1-0,0
C175_F349,1-0,0
C175_F350,1-0,0
C175_F351,1-0,0
C175_F352,1-0,0
C175_F353,1-0,0
C175_F354,1-0,0
C175_F355,1-0,0
C175_F356,1-0,0
C175_F357,1-0,0
C175_F358,1-0,0
C175_F359,1-0,0
C175_F360,1-0,0
C175_F361,1-0,0
C175_F362,1-0,0
C175_F363,1-0,0
C175_F364,1-0,0
C175_F365,1-0,0
C175_F366,1-0,0
C175_F367,1-0,0
C175_F368,1-0,0
C175_F369,1-0,0
C175_F370,1-0,0
C175_F371,1-0,0
C175_F372,1-0,0
C175_F373,1-0,0
C175_F374,1-0,0
C175_F375,1-0,0
C175_F376,1-0,0
C175_F377,1-0,0
C175_F378,1-0,0
C175_F379,1-0,0
C175_F380,1-0,0
C177_F001,1-0,0
C177_F002,1-0,0
C177_F003,1-0,0
C177_F004,1-0,0
C177_F005,1-0,0
C177_F006,1-0,0
C177_F007,1-0,0
C177_F008,1-0,0
C177_F009,1-0,0
C177_F010,1-0,0
C177_F011,1-0,0
C177_F012,1-0,0
C177_F013,1-0,0
C177_F014,1-0,0
C177_F015,1-0,0
C177_F016,1-0,0
C177_F017,1-0,0
C177_F018,1-0,0
C177_F019,1-0,0
C177_F020,1-0,0
C177_F021,1-0,0
C177_F022,1-0,0
C177_F023,1-0,0
C177_F024,1-0,0
C177_F025,1-0,0
C177_F026,1-0,0
C177_F027,1-0,0
C177_F028,1-0,0
C177_F029,1-0,0
C177_F030,1-0,0
C177_F031,1-0,0
C177_F032,1-0,0
C177_F033,1-0,0
C177_F034,1-0,0
C177_F035,1-0,0
C177_F036,1-0,0
C177_F037,1-0,0
C177_F038,1-0,0
C177_F039,1-0,0
C177_F040,1-0,0
C177_F041,1-0,0
C177_F042,1-0,0
C177_F043,1-0,0
C177_F044,1-0,0
C177_F045,1-0,0
C177_F046,1-0,0
C177_F047,1-0,0
C177_F048,1-0,0
C177_F049,1-0,0
C177_F050,1-0,0
C177_F051,1-0,0
C177_F052,1-0,0
C177_F053,1-0,0
C177_F054,1-0,0
C177_F055,1-0,0
C177_F056,1-0,0
C177_F057,1-0,0
C177_F058,1-0,0
C177_F059,1-0,0
C177_F060,1-0,0
C177_F061,1-0,0
C177_F062,1-0,0
C177_F063,1-0,0
C177_F064,1-0,0
C177_F065,1-0,0
C177_F066,1-0,0
C177_F067,1-0,0
C177_F068,1-0,0
C177_F069,1-0,0
C177_F070,1-0,0
C177_F071,1-0,0
C177_F072,1-0,0
C177_F073,1-0,0
C177_F074,1-0,0
C177_F075,1-0,0
C177_F076,1-0,0
C177_F077,1-0,0
C177_F078,1-0,0
C177_F079,1-0,0
C177_F080,1-0,0
C177_F081,1-0,0
C177_F082,1-0,0
C177_F083,1-0,0
C177_F084,1-0,0
C177_F085,1-0,0
C177_F086,1-0,0
C177_F087,1-0,0
C177_F088,1-0,0
C177_F089,1-0,0
C177_F090,1-0,0
C177_F091,1-0,0
C177_F092,1-0,0
C177_F093,1-0,0
C177_F094,1-0,0
C177_F095,1-0,0
C177_F096,1-0,0
C177_F097,1-0,0
C177_F098,1-0,0
C177_F099,1-0,0
C177_F100,1-0,0
C177_F101,1-0,0
C177_F102,1-0,0
C177_F103,1-0,0
C177_F104,1-0,0
C177_F105,1-0,0
C177_F106,1-0,0
C177_F107,1-0,0
C177_F108,1-0,0
C177_F109,1-0,0
C177_F110,1-0,0
C177_F111,1-0,0
C177_F112,1-0,0
C177_F113,1-0,0
C177_F114,1-0,0
C177_F115,1-0,0
C177_F116,1-0,0
C177_F117,1-0,0
C177_F118,1-0,0
C177_F119,1-0,0
C177_F120,1-0,0
C177_F121,1-0,0
C177_F122,1-0,0
C177_F123,1-0,0
C177_F124,1-0,0
C177_F125,1-0,0
C177_F126,1-0,0
C177_F127,1-0,0
C177_F128,1-0,0
C177_F129,1-0,0
C177_F130,1-0,0
C177_F131,1-0,0
C177_F132,1-0,0
C177_F133,1-0,0
C177_F134,1-0,0
C177_F135,1-0,0
C177_F136,1-0,0
C177_F137,1-0,0
C177_F138,1-0,0
C177_F139,1-0,0
C177_F140,1-0,0
C177_F141,1-0,0
C177_F142,1-0,0
C177_F143,1-0,0
C177_F144,1-0,0
C177_F145,1-0,0
C177_F146,1-0,0
C177_F147,1-0,0
C177_F148,1-0,0
C177_F149,1-0,0
C177_F150,1-0,0
C177_F151,1-0,0
C177_F152,1-0,0
C177_F153,1-0,0
C177_F154,1-0,0
C177_F155,1-0,0
C177_F156,1-0,0
C177_F157,1-0,0
C177_F158,1-0,0
C177_F159,1-0,0
C177_F160,1-0,0
C177_F161,1-0,0
C177_F162,1-0,0
C177_F163,1-0,0
C177_F164,1-0,0
C177_F165,1-0,0
C177_F166,1-0,0
C177_F167,1-0,0
C177_F168,1-0,0
C177_F169,1-0,0
C177_F170,1-0,0
C177_F171,1-0,0
C177_F172,1-0,0
C177_F173,1-0,0
C177_F174,1-0,0
C177_F175,1-0,0
C177_F176,1-0,0
C177_F177,1-0,0
C177_F178,1-0,0
C177_F179,1-0,0
C177_F180,1-0,0
C178_F001,1-0,0
C178_F002,1-0,0
C178_F003,1-0,0
C178_F004,1-0,0
C178_F005,1-0,0
C178_F006,1-0,0
C178_F007,1-0,0
C178_F008,1-0,0
C178_F009,1-0,0
C178_F010,1-0,0
C178_F011,1-0,0
C178_F012,1-0,0
C178_F013,1-0,0
C178_F014,1-0,0
C178_F015,1-0,0
C178_F016,1-0,0
C178_F017,1-0,0
C178_F018,1-0,0
C178_F019,1-0,0
C178_F020,1-0,0
C178_F021,1-0,0
C178_F022,1-0,0
C178_F023,1-0,0
C178_F024,1-0,0
C178_F025,1-0,0
C178_F026,1-0,0
C178_F027,1-0,0
C178_F028,1-0,0
C178_F029,1-0,0
C178_F030,1-0,0
C178_F031,1-0,0
C178_F032,1-0,0
C178_F033,1-0,0
C178_F034,1-0,0
C178_F035,1-0,0
C178_F036,1-0,0
C178_F037,1-0,0
C178_F038,1-0,0
C178_F039,1-0,0
C178_F040,1-0,0
C178_F041,1-0,0
C178_F042,1-0,0
C178_F043,1-0,0
C178_F044,1-0,0
C178_F045,1-0,0
C178_F046,1-0,0
C178_F047,1-0,0
C178_F048,1-0,0
C178_F049,1-0,0
C178_F050,1-0,0
C178_F051,1-0,0
C178_F052,1-0,0
C178_F053,1-0,0
C178_F054,1-0,0
C178_F055,1-0,0
C178_F056,1-0,0
C178_F057,1-0,0
C178_F058,1-0,0
C178_F059,1-0,0
C178_F060,1-0,0
C178_F061,1-0,0
C178_F062,1-0,0
C178_F063,1-0,0
C178_F064,1-0,0
C178_F065,1-0,0
C178_F066,1-0,0
C178_F067,1-0,0
C178_F068,1-0,0
C178_F069,1-0,0
C178_F070,1-0,0
C178_F071,1-0,0
C178_F072,1-0,0
C178_F073,1-0,0
C178_F074,1-0,0
C178_F075,1-0,0
C178_F076,1-0,0
C178_F077,1-0,0
C178_F078,1-0,0
C178_F079,1-0,0
C178_F080,1-0,0
C178_F081,1-0,0
C178_F082,1-0,0
C178_F083,1-0,0
C178_F084,1-0,0
C178_F085,1-0,0
C178_F086,1-0,0
C178_F087,1-0,0
C178_F088,1-0,0
C178_F089,1-0,0
C178_F090,1-0,0
C178_F091,1-0,0
C178_F092,1-0,0
C178_F093,1-0,0
C178_F094,1-0,0
C178_F095,1-0,0
C178_F096,1-0,0
C178_F097,1-0,0
C178_F098,1-0,0
C178_F099,1-0,0
C178_F100,1-0,0
C178_F101,1-0,0
C178_F102,1-0,0
C178_F103,1-0,0
C178_F104,1-0,0
C178_F105,1-0,0
C178_F106,1-0,0
C178_F107,1-0,0
C178_F108,1-0,0
C178_F109,1-0,0
C178_F110,1-0,0
C178_F111,1-0,0
C178_F112,1-0,0
C178_F113,1-0,0
C178_F114,1-0,0
C178_F115,1-0,0
C178_F116,1-0,0
C178_F117,1-0,0
C178_F118,1-0,0
C178_F119,1-0,0
C178_F120,1-0,0
C178_F121,1-0,0
C178_F122,1-0,0
C178_F123,1-0,0
C178_F124,1-0,0
C178_F125,1-0,0
C178_F126,1-0,0
C178_F127,1-0,0
C178_F128,1-0,0
C178_F129,1-0,0
C178_F130,1-0,0
C178_F131,1-0,0
C178_F132,1-0,0
C178_F133,1-0,0
C178_F134,1-0,0
C178_F135,1-0,0
C178_F136,1-0,0
C178_F137,1-0,0
C178_F138,1-0,0
C178_F139,1-0,0
C178_F140,1-0,0
C178_F141,1-0,0
C178_F142,1-0,0
C178_F143,1-0,0
C178_F144,1-0,0
C178_F145,1-0,0
C178_F146,1-0,0
C178_F147,1-0,0
C178_F148,1-0,0
C178_F149,1-0,0
C178_F150,1-0,0
C178_F151,1-0,0
C178_F152,1-0,0
C178_F153,1-0,0
C178_F154,1-0,0
C178_F155,1-0,0
C178_F156,1-0,0
C178_F157,1-0,0
C178_F158,1-0,0
C178_F159,1-0,0
C178_F160,1-0,0
C178_F161,1-0,0
C178_F162,1-0,0
C178_F163,1-0,0
C178_F164,1-0,0
C178_F165,1-0,0
C178_F166,1-0,0
C178_F167,1-0,0
C178_F168,1-0,0
C178_F169,1-0,0
C178_F170,1-0,0
C178_F171,1-0,0
C178_F172,1-0,0
C178_F173,1-0,0
C178_F174,1-0,0
C178_F175,1-0,0
C178_F176,1-0,0
C178_F177,1-0,0
C178_F178,1-0,0
C178_F179,1-0,0
C178_F180,1-0,0
C178_F181,1-0,0
C178_F182,1-0,0
C178_F183,1-0,0
C178_F184,1-0,0
C178_F185,1-0,0
C178_F186,1-0,0
C178_F187,1-0,0
C178_F188,1-0,0
C178_F189,1-0,0
C178_F190,1-0,0
C178_F191,1-0,0
C178_F192,1-0,0
C178_F193,1-0,0
C178_F194,1-0,0
C178_F195,1-0,0
C178_F196,1-0,0
C178_F197,1-0,0
C178_F198,1-0,0
C178_F199,1-0,0
C178_F200,1-0,0
C178_F201,1-0,0
C178_F202,1-0,0
C178_F203,1-0,0
C178_F204,1-0,0
C178_F205,1-0,0
C178_F206,1-0,0
C178_F207,1-0,0
C178_F208,1-0,0
C178_F209,1-0,0
C178_F210,1-0,0
C178_F211,1-0,0
C178_F212,1-0,0
C178_F213,1-0,0
C178_F214,1-0,0
C178_F215,1-0,0
C178_F216,1-0,0
C178_F217,1-0,0
C178_F218,1-0,0
C178_F219,1-0,0
C178_F220,1-0,0
C178_F221,1-0,0
C178_F222,1-0,0
C178_F223,1-0,0
C178_F224,1-0,0
C178_F225,1-0,0
C178_F226,1-0,0
C178_F227,1-0,0
C178_F228,1-0,0
C178_F229,1-0,0
C178_F230,1-0,0
C178_F231,1-0,0
C178_F232,1-0,0
C178_F233,1-0,0
C178_F234,1-0,0
C178_F235,1-0,0
C178_F236,1-0,0
C178_F237,1-0,0
C178_F238,1-0,0
C178_F239,1-0,0
C178_F240,1-0,0
C178_F241,1-0,0
C178_F242,1-0,0
C178_F243,1-0,0
C178_F244,1-0,0
C178_F245,1-0,0
C178_F246,1-0,0
C178_F247,1-0,0
C178_F248,1-0,0
C178_F249,1-0,0
C178_F250,1-0,0
C178_F251,1-0,0
C178_F252,1-0,0
C178_F253,1-0,0
C178_F254,1-0,0
C178_F255,1-0,0
C178_F256,1-0,0
C178_F257,1-0,0
C178_F258,1-0,0
C178_F259,1-0,0
C178_F260,1-0,0
C178_F261,1-0,0
C178_F262,1-0,0
C178_F263,1-0,0
C178_F264,1-0,0
C178_F265,1-0,0
C178_F266,1-0,0
C178_F267,1-0,0
C178_F268,1-0,0
C178_F269,1-0,0
C178_F270,1-0,0
C178_F271,1-0,0
C178_F272,1-0,0
C178_F273,1-0,0
C178_F274,1-0,0
C178_F275,1-0,0
C178_F276,1-0,0
C178_F277,1-0,0
C178_F278,1-0,0
C178_F279,1-0,0
C178_F280,1-0,0
C178_F281,1-0,0
C178_F282,1-0,0
C178_F283,1-0,0
C178_F284,1-0,0
C178_F285,1-0,0
C178_F286,1-0,0
C178_F287,1-0,0
C178_F288,1-0,0
C178_F289,1-0,0
C178_F290,1-0,0
C178_F291,1-0,0
C178_F292,1-0,0
C178_F293,1-0,0
C178_F294,1-0,0
C178_F295,1-0,0
C178_F296,1-0,0
C178_F297,1-0,0
C178_F298,1-0,0
C178_F299,1-0,0
C178_F300,1-0,0
C178_F301,1-0,0
C178_F302,1-0,0
C178_F303,1-0,0
C178_F304,1-0,0
C178_F305,1-0,0
C178_F306,1-0,0
C181_F003,1-0,0
C181_F004,1-0,0
C181_F005,1-0,0
C181_F007,1-0,0
C181_F010,1-0,0
C181_F013,1-0,0
C181_F014,1-0,0
C181_F016,1-0,0
C181_F018,1-0,0
C181_F020,1-0,0
C181_F021,1-0,0
C181_F023,1-0,0
C181_F024,1-0,0
C181_F027,1-0,0
C181_F029,1-0,0
C181_F030,1-0,0
C181_F035,1-0,0
C181_F036,1-0,0
C181_F037,1-0,0
C181_F038,1-0,0
C181_F042,1-0,0
C181_F043,1-0,0
C181_F044,1-0,0
C181_F046,1-0,0
C181_F049,1-0,0
C181_F050,1-0,0
C181_F052,1-0,0
C181_F053,1-0,0
C181_F055,1-0,0
C181_F056,1-0,0
C181_F057,1-0,0
C181_F058,1-0,0
C181_F059,1-0,0
C181_F061,1-0,0
C181_F062,1-0,0
C181_F064,1-0,0
C181_F065,1-0,0
C181_F067,1-0,0
C181_F070,1-0,0
C181_F071,1-0,0
C181_F072,1-0,0
C181_F073,1-0,0
C181_F074,1-0,0
C181_F076,1-0,0
C181_F078,1-0,0
C181_F081,1-0,0
C181_F083,1-0,0
C181_F085,1-0,0
C181_F086,1-0,0
C181_F091,1-0,0
C181_F092,1-0,0
C181_F093,1-0,0
C181_F095,1-0,0
C181_F096,1-0,0
C181_F099,1-0,0
C181_F100,1-0,0
C181_F102,1-0,0
C181_F103,1-0,0
C181_F105,1-0,0
C181_F108,1-0,0
C181_F109,1-0,0
C181_F110,1-0,0
C181_F112,1-0,0
C181_F113,1-0,0
C181_F116,1-0,0
C181_F117,1-0,0
C181_F119,1-0,0
C181_F120,1-0,0
C181_F121,1-0,0
C181_F122,1-0,0
C181_F123,1-0,0
C181_F124,1-0,0
C181_F127,1-0,0
C181_F128,1-0,0
C181_F132,1-0,0
C181_F133,1-0,0
C181_F135,1-0,0
C181_F137,1-0,0
C181_F138,1-0,0
C181_F139,1-0,0
C181_F140,1-0,0
C181_F141,1-0,0
C181_F142,1-0,0
C181_F145,1-0,0
C181_F146,1-0,0
C181_F147,1-0,0
C181_F149,1-0,0
C181_F150,1-0,0
C181_F153,1-0,0
C181_F154,1-0,0
C181_F156,1-0,0
C181_F157,1-0,0
C181_F159,1-0,0
C181_F160,1-0,0
C181_F161,1-0,0
C181_F165,1-0,0
C181_F167,1-0,0
C181_F171,1-0,0
C181_F172,1-0,0
C181_F173,1-0,0
C181_F174,1-0,0
C181_F175,1-0,0
C181_F176,1-0,0
C181_F178,1-0,0
C181_F179,1-0,0
C181_F180,1-0,0
C181_F183,1-0,0
C181_F184,1-0,0
C181_F187,1-0,0
C181_F188,1-0,0
C181_F190,1-0,0
C181_F192,1-0,0
C181_F193,1-0,0
C181_F194,1-0,0
C181_F195,1-0,0
C181_F196,1-0,0
C181_F198,1-0,0
C181_F199,1-0,0
C181_F201,1-0,0
C181_F205,1-0,0
C181_F208,1-0,0
C181_F209,1-0,0
C181_F215,1-0,0
C181_F216,1-0,0
C181_F217,1-0,0
C181_F218,1-0,0
C181_F219,1-0,0
C181_F221,1-0,0
C181_F223,1-0,0
C181_F224,1-0,0
C181_F226,1-0,0
C181_F228,1-0,0
C181_F230,1-0,0
C181_F231,1-0,0
C181_F232,1-0,0
C181_F233,1-0,0
C181_F234,1-0,0
C181_F236,1-0,0
C181_F238,1-0,0
C181_F241,1-0,0
C181_F242,1-0,0
C181_F244,1-0,0
C181_F246,1-0,0
C181_F247,1-0,0
C181_F249,1-0,0
C181_F250,1-0,0
C181_F252,1-0,0
C181_F253,1-0,0
C181_F257,1-0,0
C181_F260,1-0,0
C181_F261,1-0,0
C181_F262,1-0,0
C181_F263,1-0,0
C181_F264,1-0,0
C181_F266,1-0,0
C181_F267,1-0,0
C181_F268,1-0,0
C181_F269,1-0,0
C181_F270,1-0,0
C181_F272,1-0,0
C181_F273,1-0,0
C181_F274,1-0,0
C181_F276,1-0,0
C181_F278,1-0,0
C181_F279,1-0,0
C181_F280,1-0,0
C181_F281,1-0,0
C181_F283,1-0,0
C181_F284,1-0,0
C181_F285,1-0,0
C181_F286,1-0,0
C181_F287,1-0,0
C181_F288,1-0,0
C181_F290,1-0,0
C181_F293,1-0,0
C181_F294,1-0,0
C181_F295,1-0,0
C181_F296,1-0,0
C181_F298,1-0,0
C181_F299,1-0,0
C181_F300,1-0,0
C181_F301,1-0,0
C181_F303,1-0,0
C181_F306,1-0,0
C182_F001,1-0,0
C182_F002,1-0,0
C182_F003,1-0,0
C182_F004,1-0,0
C182_F005,1-0,0
C182_F006,1-0,0
C182_F007,1-0,0
C182_F008,1-0,0
C182_F009,1-0,0
C182_F010,1-0,0
C182_F011,1-0,0
C182_F012,1-0,0
C182_F013,1-0,0
C182_F014,1-0,0
C182_F015,1-0,0
C182_F016,1-0,0
C182_F017,1-0,0
C182_F018,1-0,0
C182_F019,1-0,0
C182_F020,1-0,0
C182_F021,1-0,0
C182_F022,1-0,0
C182_F023,1-0,0
C182_F024,1-0,0
C182_F025,1-0,0
C182_F026,1-0,0
C182_F027,1-0,0
C182_F028,1-0,0
C182_F029,1-0,0
C182_F030,1-0,0
C182_F031,1-0,0
C182_F032,1-0,0
C182_F033,1-0,0
C182_F034,1-0,0
C182_F035,1-0,0
C182_F036,1-0,0
C182_F037,1-0,0
C182_F038,1-0,0
C182_F039,1-0,0
C182_F040,1-0,0
C182_F041,1-0,0
C182_F042,1-0,0
C182_F043,1-0,0
C182_F044,1-0,0
C182_F045,1-0,0
C182_F046,1-0,0
C182_F047,1-0,0
C182_F048,1-0,0
C182_F049,1-0,0
C182_F050,1-0,0
C182_F051,1-0,0
C182_F052,1-0,0
C182_F053,1-0,0
C182_F054,1-0,0
C182_F055,1-0,0
C182_F056,1-0,0
C182_F057,1-0,0
C182_F058,1-0,0
C182_F059,1-0,0
C182_F060,1-0,0
C182_F061,1-0,0
C182_F062,1-0,0
C182_F063,1-0,0
C182_F064,1-0,0
C182_F065,1-0,0
C182_F066,1-0,0
C182_F067,1-0,0
C182_F068,1-0,0
C182_F069,1-0,0
C182_F070,1-0,0
C182_F071,1-0,0
C182_F072,1-0,0
C182_F073,1-0,0
C182_F074,1-0,0
C182_F075,1-0,0
C182_F076,1-0,0
C182_F077,1-0,0
C182_F078,1-0,0
C182_F079,1-0,0
C182_F080,1-0,0
C182_F081,1-0,0
C182_F082,1-0,0
C182_F083,1-0,0
C182_F084,1-0,0
C182_F085,1-0,0
C182_F086,1-0,0
C182_F087,1-0,0
C182_F088,1-0,0
C182_F089,1-0,0
C182_F090,1-0,0
C182_F091,1-0,0
C182_F092,1-0,0
C182_F093,1-0,0
C182_F094,1-0,0
C182_F095,1-0,0
C182_F096,1-0,0
C182_F097,1-0,0
C182_F098,1-0,0
C182_F099,1-0,0
C182_F100,1-0,0
C182_F101,1-0,0
C182_F102,1-0,0
C182_F103,1-0,0
C182_F104,1-0,0
C182_F105,1-0,0
C182_F106,1-0,0
C182_F107,1-0,0
C182_F108,1-0,0
C182_F109,1-0,0
C182_F110,1-0,0
C182_F111,1-0,0
C182_F112,1-0,0
C182_F113,1-0,0
C182_F114,1-0,0
C182_F115,1-0,0
C182_F116,1-0,0
C182_F117,1-0,0
C182_F118,1-0,0
C182_F119,1-0,0
C182_F120,1-0,0
C182_F121,1-0,0
C182_F122,1-0,0
C182_F123,1-0,0
C182_F124,1-0,0
C182_F125,1-0,0
C182_F126,1-0,0
C182_F127,1-0,0
C182_F128,1-0,0
C182_F129,1-0,0
C182_F130,1-0,0
C182_F131,1-0,0
C182_F132,1-0,0
C182_F133,1-0,0
C182_F134,1-0,0
C182_F135,1-0,0
C182_F136,1-0,0
C182_F137,1-0,0
C182_F138,1-0,0
C182_F139,1-0,0
C182_F140,1-0,0
C182_F141,1-0,0
C182_F142,1-0,0
C182_F143,1-0,0
C182_F144,1-0,0
C182_F145,1-0,0
C182_F146,1-0,0
C182_F147,1-0,0
C182_F148,1-0,0
C182_F149,1-0,0
C182_F150,1-0,0
C182_F151,1-0,0
C182_F152,1-0,0
C182_F153,1-0,0
C182_F154,1-0,0
C182_F155,1-0,0
C182_F156,1-0,0
C182_F157,1-0,0
C182_F158,1-0,0
C182_F159,1-0,0
C182_F160,1-0,0
C182_F161,1-0,0
C182_F162,1-0,0
C182_F163,1-0,0
C182_F164,1-0,0
C182_F165,1-0,0
C182_F166,1-0,0
C182_F167,1-0,0
C182_F168,1-0,0
C182_F169,1-0,0
C182_F170,1-0,0
C182_F171,1-0,0
C182_F172,1-0,0
C182_F173,1-0,0
C182_F174,1-0,0
C182_F175,1-0,0
C182_F176,1-0,0
C182_F177,1-0,0
C182_F178,1-0,0
C182_F179,1-0,0
C182_F180,1-0,0
C182_F181,1-0,0
C182_F182,1-0,0
C182_F183,1-0,0
C182_F184,1-0,0
C182_F185,1-0,0
C182_F186,1-0,0
C182_F187,1-0,0
C182_F188,1-0,0
C182_F189,1-0,0
C182_F190,1-0,0
C182_F191,1-0,0
C182_F192,1-0,0
C182_F193,1-0,0
C182_F194,1-0,0
C182_F195,1-0,0
C182_F196,1-0,0
C182_F197,1-0,0
C182_F198,1-0,0
C182_F199,1-0,0
C182_F200,1-0,0
C182_F201,1-0,0
C182_F202,1-0,0
C182_F203,1-0,0
C182_F204,1-0,0
C182_F205,1-0,0
C182_F206,1-0,0
C182_F207,1-0,0
C182_F208,1-0,0
C182_F209,1-0,0
C182_F210,1-0,0
C182_F211,1-0,0
C182_F212,1-0,0
C182_F213,1-0,0
C182_F214,1-0,0
C182_F215,1-0,0
C182_F216,1-0,0
C182_F217,1-0,0
C182_F218,1-0,0
C182_F219,1-0,0
C182_F220,1-0,0
C182_F221,1-0,0
C182_F222,1-0,0
C182_F223,1-0,0
C182_F224,1-0,0
C182_F225,1-0,0
C182_F226,1-0,0
C182_F227,1-0,0
C182_F228,1-0,0
C182_F229,1-0,0
C182_F230,1-0,0
C182_F231,1-0,0
C182_F232,1-0,0
C182_F233,1-0,0
C182_F234,1-0,0
C182_F235,1-0,0
C182_F236,1-0,0
C182_F237,1-0,0
C182_F238,1-0,0
C182_F239,1-0,0
C182_F240,1-0,0
C182_F241,1-0,0
C182_F242,1-0,0
C182_F243,1-0,0
C182_F244,1-0,0
C182_F245,1-0,0
C182_F246,1-0,0
C182_F247,1-0,0
C182_F248,1-0,0
C182_F249,1-0,0
C182_F250,1-0,0
C182_F251,1-0,0
C182_F252,1-0,0
C182_F253,1-0,0
C182_F254,1-0,0
C182_F255,1-0,0
C182_F256,1-0,0
C182_F257,1-0,0
C182_F258,1-0,0
C182_F259,1-0,0
C182_F260,1-0,0
C182_F261,1-0,0
C182_F262,1-0,0
C182_F263,1-0,0
C182_F264,1-0,0
C182_F265,1-0,0
C182_F266,1-0,0
C182_F267,1-0,0
C182_F268,1-0,0
C182_F269,1-0,0
C182_F270,1-0,0
C182_F271,1-0,0
C182_F272,1-0,0
C182_F273,1-0,0
C182_F274,1-0,0
C182_F275,1-0,0
C182_F276,1-0,0
C182_F277,1-0,0
C182_F278,1-0,0
C182_F279,1-0,0
C182_F280,1-0,0
C182_F281,1-0,0
C182_F282,1-0,0
C182_F283,1-0,0
C182_F284,1-0,0
C182_F285,1-0,0
C182_F286,1-0,0
C182_F287,1-0,0
C182_F288,1-0,0
C182_F289,1-0,0
C182_F290,1-0,0
C182_F291,1-0,0
C182_F292,1-0,0
C182_F293,1-0,0
C182_F294,1-0,0
C182_F295,1-0,0
C182_F296,1-0,0
C182_F297,1-0,0
C182_F298,1-0,0
C182_F299,1-0,0
C182_F300,1-0,0
C182_F301,1-0,0
C182_F302,1-0,0
C182_F303,1-0,0
C182_F304,1-0,0
C182_F305,1-0,0
C182_F306,1-0,0
C182_F307,1-0,0
C182_F308,1-0,0
C182_F309,1-0,0
C182_F310,1-0,0
C182_F311,1-0,0
C182_F312,1-0,0
C182_F313,1-0,0
C182_F314,1-0,0
C182_F315,1-0,0
C182_F316,1-0,0
C182_F317,1-0,0
C182_F318,1-0,0
C182_F319,1-0,0
C182_F320,1-0,0
C182_F321,1-0,0
C182_F322,1-0,0
C182_F323,1-0,0
C182_F324,1-0,0
C182_F325,1-0,0
C182_F326,1-0,0
C182_F327,1-0,0
C182_F328,1-0,0
C182_F329,1-0,0
C182_F330,1-0,0
C182_F331,1-0,0
C182_F332,1-0,0
C182_F333,1-0,0
C182_F334,1-0,0
C182_F335,1-0,0
C182_F336,1-0,0
C182_F337,1-0,0
C182_F338,1-0,0
C182_F339,1-0,0
C182_F340,1-0,0
C182_F341,1-0,0
C182_F342,1-0,0
C182_F343,1-0,0
C182_F344,1-0,0
C182_F345,1-0,0
C182_F346,1-0,0
C182_F347,1-0,0
C182_F348,1-0,0
C182_F349,1-0,0
C182_F350,1-0,0
C182_F351,1-0,0
C182_F352,1-0,0
C182_F353,1-0,0
C182_F354,1-0,0
C182_F355,1-0,0
C182_F356,1-0,0
C182_F357,1-0,0
C182_F358,1-0,0
C182_F359,1-0,0
C182_F360,1-0,0
C182_F361,1-0,0
C182_F362,1-0,0
C182_F363,1-0,0
C182_F364,1-0,0
C182_F365,1-0,0
C182_F366,1-0,0
C182_F367,1-0,0
C182_F368,1-0,0
C182_F369,1-0,0
C182_F370,1-0,0
C182_F371,1-0,0
C182_F372,1-0,0
C182_F373,1-0,0
C182_F374,1-0,0
C182_F375,1-0,0
C182_F376,1-0,0
C182_F377,1-0,0
C182_F378,1-0,0
C182_F379,1-0,0
C182_F380,1-0,0
C182_F381,1-0,0
C182_F382,1-0,0
C182_F383,1-0,0
C182_F384,1-0,0
C182_F385,1-0,0
C182_F386,1-0,0
C182_F387,1-0,0
C182_F388,1-0,0
C182_F389,1-0,0
C182_F390,1-0,0
C182_F391,1-0,0
C182_F392,1-0,0
C182_F393,1-0,0
C182_F394,1-0,0
C182_F395,1-0,0
C182_F396,1-0,0
C182_F397,1-0,0
C182_F398,1-0,0
C182_F399,1-0,0
C182_F400,1-0,0
C182_F401,1-0,0
C182_F402,1-0,0
C182_F403,1-0,0
C182_F404,1-0,0
C182_F405,1-0,0
C182_F406,1-0,0
C182_F407,1-0,0
C182_F408,1-0,0
C182_F409,1-0,0
C182_F410,1-0,0
C182_F411,1-0,0
C182_F412,1-0,0
C182_F413,1-0,0
C182_F414,1-0,0
C182_F415,1-0,0
C182_F416,1-0,0
C182_F417,1-0,0
C182_F418,1-0,0
C182_F419,1-0,0
C182_F420,1-0,0
C182_F421,1-0,0
C182_F422,1-0,0
C182_F423,1-0,0
C182_F424,1-0,0
C182_F425,1-0,0
C182_F426,1-0,0
C182_F427,1-0,0
C182_F428,1-0,0
C182_F429,1-0,0
C182_F430,1-0,0
C182_F431,1-0,0
C182_F432,1-0,0
C182_F433,1-0,0
C182_F434,1-0,0
C182_F435,1-0,0
C182_F436,1-0,0
C182_F437,1-0,0
C182_F438,1-0,0
C182_F439,1-0,0
C182_F440,1-0,0
C182_F441,1-0,0
C182_F442,1-0,0
C182_F443,1-0,0
C182_F444,1-0,0
C182_F445,1-0,0
C182_F446,1-0,0
C182_F447,1-0,0
C182_F448,1-0,0
C182_F449,1-0,0
C182_F450,1-0,0
C182_F451,1-0,0
C182_F452,1-0,0
C182_F453,1-0,0
C182_F454,1-0,0
C182_F455,1-0,0
C182_F456,1-0,0
C182_F457,1-0,0
C182_F458,1-0,0
C182_F459,1-0,0
C182_F460,1-0,0
C182_F461,1-0,0
C182_F462,1-0,0
C184_F002,1-0,0
C184_F003,1-0,0
C184_F004,1-0,0
C184_F005,1-0,0
C184_F006,1-0,0
C184_F007,1-0,0
C184_F009,1-0,0
C184_F013,1-0,0
C184_F016,1-0,0
C184_F018,1-0,0
C184_F019,1-0,0
C184_F020,1-0,0
C184_F022,1-0,0
C184_F023,1-0,0
C184_F026,1-0,0
C184_F028,1-0,0
C184_F029,1-0,0
C184_F031,1-0,0
C184_F033,1-0,0
C184_F034,1-0,0
C184_F036,1-0,0
C184_F037,1-0,0
C184_F041,1-0,0
C184_F042,1-0,0
C184_F047,1-0,0
C184_F049,1-0,0
C184_F050,1-0,0
C184_F052,1-0,0
C184_F053,1-0,0
C184_F054,1-0,0
C184_F056,1-0,0
C184_F057,1-0,0
C184_F058,1-0,0
C184_F059,1-0,0
C184_F060,1-0,0
C184_F061,1-0,0
C184_F062,1-0,0
C184_F063,1-0,0
C184_F065,1-0,0
C184_F066,1-0,0
C184_F068,1-0,0
C184_F069,1-0,0
C184_F070,1-0,0
C184_F071,1-0,0
C184_F072,1-0,0
C184_F073,1-0,0
C184_F075,1-0,0
C184_F076,1-0,0
C184_F077,1-0,0
C184_F078,1-0,0
C184_F079,1-0,0
C184_F080,1-0,0
C184_F082,1-0,0
C184_F083,1-0,0
C184_F087,1-0,0
C184_F089,1-0,0
C184_F090,1-0,0
C184_F091,1-0,0
C184_F092,1-0,0
C184_F094,1-0,0
C184_F096,1-0,0
C184_F098,1-0,0
C184_F099,1-0,0
C184_F100,1-0,0
C184_F104,1-0,0
C184_F106,1-0,0
C184_F107,1-0,0
C184_F108,1-0,0
C184_F111,1-0,0
C184_F112,1-0,0
C184_F113,1-0,0
C184_F114,1-0,0
C184_F115,1-0,0
C184_F119,1-0,0
C184_F121,1-0,0
C184_F126,1-0,0
C184_F127,1-0,0
C184_F128,1-0,0
C184_F129,1-0,0
C184_F130,1-0,0
C184_F132,1-0,0
C184_F133,1-0,0
C184_F135,1-0,0
C184_F137,1-0,0
C184_F140,1-0,0
C184_F142,1-0,0
C184_F143,1-0,0
C184_F144,1-0,0
C184_F145,1-0,0
C184_F146,1-0,0
C184_F147,1-0,0
C184_F148,1-0,0
C184_F152,1-0,0
C184_F153,1-0,0
C184_F154,1-0,0
C184_F155,1-0,0
C184_F156,1-0,0
C184_F160,1-0,0
C184_F161,1-0,0
C184_F165,1-0,0
C184_F166,1-0,0
C184_F167,1-0,0
C184_F169,1-0,0
C184_F170,1-0,0
C184_F171,1-0,0
C184_F172,1-0,0
C184_F174,1-0,0
C184_F175,1-0,0
C184_F176,1-0,0
C184_F185,1-0,0
C184_F186,1-0,0
C184_F188,1-0,0
C184_F190,1-0,0
C184_F191,1-0,0
C184_F192,1-0,0
C184_F193,1-0,0
C184_F195,1-0,0
C184_F196,1-0,0
C184_F197,1-0,0
C184_F199,1-0,0
C184_F200,1-0,0
C184_F201,1-0,0
C184_F202,1-0,0
C184_F203,1-0,0
C184_F206,1-0,0
C184_F207,1-0,0
C184_F209,1-0,0
C184_F211,1-0,0
C184_F212,1-0,0
C184_F213,1-0,0
C184_F214,1-0,0
C184_F215,1-0,0
C184_F217,1-0,0
C184_F218,1-0,0
C184_F220,1-0,0
C184_F222,1-0,0
C184_F224,1-0,0
C184_F225,1-0,0
C184_F226,1-0,0
C184_F227,1-0,0
C184_F228,1-0,0
C184_F229,1-0,0
C184_F230,1-0,0
C184_F231,1-0,0
C184_F232,1-0,0
C184_F234,1-0,0
C184_F241,1-0,0
C184_F243,1-0,0
C184_F244,1-0,0
C184_F245,1-0,0
C184_F246,1-0,0
C184_F247,1-0,0
C184_F248,1-0,0
C184_F249,1-0,0
C184_F250,1-0,0
C184_F252,1-0,0
C184_F253,1-0,0
C184_F254,1-0,0
C184_F255,1-0,0
C184_F258,1-0,0
C184_F259,1-0,0
C184_F262,1-0,0
C184_F263,1-0,0
C184_F264,1-0,0
C184_F275,1-0,0
C184_F277,1-0,0
C184_F280,1-0,0
C184_F281,1-0,0
C184_F282,1-0,0
C184_F283,1-0,0
C184_F284,1-0,0
C184_F289,1-0,0
C184_F290,1-0,0
C184_F291,1-0,0
C184_F292,1-0,0
C184_F294,1-0,0
C184_F295,1-0,0
C184_F297,1-0,0
C184_F299,1-0,0
C184_F301,1-0,0
C184_F303,1-0,0
C184_F304,1-0,0
C184_F305,1-0,0
C184_F306,1-0,0
C185_F002,1-0,0
C185_F005,1-0,0
C185_F007,1-0,0
C185_F009,1-0,0
C185_F012,1-0,0
C185_F014,1-0,0
C185_F016,1-0,0
C185_F018,1-0,0
C185_F022,1-0,0
C185_F023,1-0,0
C185_F024,1-0,0
C185_F027,1-0,0
C185_F030,1-0,0
C185_F035,1-0,0
C185_F038,1-0,0
C185_F041,1-0,0
C185_F046,1-0,0
C185_F048,1-0,0
C185_F052,1-0,0
C185_F054,1-0,0
C185_F055,1-0,0
C185_F066,1-0,0
C185_F068,1-0,0
C185_F072,1-0,0
C185_F076,1-0,0
C185_F081,1-0,0
C185_F084,1-0,0
C185_F086,1-0,0
C185_F090,1-0,0
C185_F091,1-0,0
C185_F099,1-0,0
C185_F104,1-0,0
C185_F105,1-0,0
C185_F108,1-0,0
C185_F109,1-0,0
C185_F112,1-0,0
C185_F113,1-0,0
C185_F114,1-0,0
C185_F115,1-0,0
C185_F116,1-0,0
C185_F117,1-0,0
C185_F120,1-0,0
C185_F122,1-0,0
C185_F123,1-0,0
C185_F125,1-0,0
C185_F127,1-0,0
C185_F129,1-0,0
C185_F131,1-0,0
C185_F132,1-0,0
C185_F136,1-0,0
C185_F139,1-0,0
C185_F140,1-0,0
C185_F141,1-0,0
C185_F144,1-0,0
C185_F146,1-0,0
C185_F149,1-0,0
C185_F151,1-0,0
C185_F154,1-0,0
C185_F156,1-0,0
C185_F158,1-0,0
C185_F160,1-0,0
C185_F161,1-0,0
C185_F171,1-0,0
C185_F172,1-0,0
C185_F173,1-0,0
C185_F174,1-0,0
C185_F178,1-0,0
C185_F179,1-0,0
C188_F001,1-0,0
C188_F003,1-0,0
C188_F006,1-0,0
C188_F009,1-0,0
C188_F010,1-0,0
C188_F011,1-0,0
C188_F013,1-0,0
C188_F014,1-0,0
C188_F015,1-0,0
C188_F016,1-0,0
C188_F017,1-0,0
C188_F018,1-0,0
C188_F020,1-0,0
C188_F023,1-0,0
C188_F024,1-0,0
C188_F025,1-0,0
C188_F026,1-0,0
C188_F028,1-0,0
C188_F031,1-0,0
C188_F033,1-0,0
C188_F036,1-0,0
C188_F039,1-0,0
C188_F041,1-0,0
C188_F042,1-0,0
C188_F043,1-0,0
C188_F046,1-0,0
C188_F047,1-0,0
C188_F048,1-0,0
C188_F049,1-0,0
C188_F050,1-0,0
C188_F051,1-0,0
C188_F053,1-0,0
C188_F055,1-0,0
C188_F060,1-0,0
C188_F061,1-0,0
C188_F062,1-0,0
C188_F064,1-0,0
C188_F065,1-0,0
C188_F066,1-0,0
C188_F068,1-0,0
C188_F069,1-0,0
C188_F074,1-0,0
C188_F075,1-0,0
C188_F076,1-0,0
C188_F080,1-0,0
C188_F082,1-0,0
C188_F083,1-0,0
C188_F085,1-0,0
C188_F086,1-0,0
C188_F087,1-0,0
C188_F088,1-0,0
C188_F091,1-0,0
C188_F092,1-0,0
C188_F093,1-0,0
C188_F094,1-0,0
C188_F097,1-0,0
C188_F099,1-0,0
C188_F100,1-0,0
C188_F102,1-0,0
C188_F103,1-0,0
C188_F105,1-0,0
C188_F106,1-0,0
C188_F108,1-0,0
C188_F109,1-0,0
C188_F110,1-0,0
C188_F114,1-0,0
C188_F117,1-0,0
C188_F120,1-0,0
C188_F121,1-0,0
C188_F122,1-0,0
C188_F124,1-0,0
C188_F125,1-0,0
C188_F126,1-0,0
C188_F128,1-0,0
C188_F129,1-0,0
C188_F130,1-0,0
C188_F131,1-0,0
C188_F132,1-0,0
C188_F134,1-0,0
C188_F136,1-0,0
C188_F137,1-0,0
C188_F138,1-0,0
C188_F139,1-0,0
C188_F140,1-0,0
C188_F146,1-0,0
C188_F147,1-0,0
C188_F150,1-0,0
C188_F152,1-0,0
C188_F154,1-0,0
C188_F155,1-0,0
C188_F156,1-0,0
C188_F157,1-0,0
C188_F158,1-0,0
C188_F159,1-0,0
C188_F161,1-0,0
C188_F162,1-0,0
C188_F163,1-0,0
C188_F165,1-0,0
C188_F166,1-0,0
C188_F167,1-0,0
C188_F171,1-0,0
C188_F173,1-0,0
C188_F174,1-0,0
C188_F175,1-0,0
C188_F176,1-0,0
C188_F179,1-0,0
C188_F181,1-0,0
C188_F185,1-0,0
C188_F187,1-0,0
C188_F190,1-0,0
C188_F192,1-0,0
C188_F193,1-0,0
C188_F195,1-0,0
C188_F196,1-0,0
C188_F197,1-0,0
C188_F198,1-0,0
C188_F199,1-0,0
C188_F201,1-0,0
C188_F203,1-0,0
C188_F204,1-0,0
C188_F205,1-0,0
C188_F208,1-0,0
C188_F209,1-0,0
C188_F210,1-0,0
C188_F212,1-0,0
C188_F213,1-0,0
C188_F215,1-0,0
C188_F216,1-0,0
C188_F217,1-0,0
C188_F218,1-0,0
C188_F219,1-0,0
C188_F220,1-0,0
C188_F222,1-0,0
C188_F223,1-0,0
C188_F224,1-0,0
C188_F225,1-0,0
C188_F226,1-0,0
C188_F227,1-0,0
C188_F228,1-0,0
C188_F229,1-0,0
C188_F230,1-0,0
C188_F233,1-0,0
C188_F234,1-0,0
C188_F236,1-0,0
C188_F237,1-0,0
C188_F238,1-0,0
C188_F240,1-0,0
C188_F241,1-0,0
C188_F242,1-0,0
C188_F244,1-0,0
C188_F245,1-0,0
C188_F249,1-0,0
C188_F251,1-0,0
C188_F253,1-0,0
C188_F254,1-0,0
C188_F255,1-0,0
C188_F258,1-0,0
C188_F259,1-0,0
C188_F260,1-0,0
C188_F261,1-0,0
C188_F264,1-0,0
C188_F265,1-0,0
C188_F266,1-0,0
C188_F267,1-0,0
C188_F268,1-0,0
C188_F269,1-0,0
C188_F274,1-0,0
C188_F275,1-0,0
C188_F276,1-0,0
C188_F278,1-0,0
C188_F279,1-0,0
C188_F281,1-0,0
C188_F283,1-0,0
C188_F286,1-0,0
C188_F287,1-0,0
C188_F288,1-0,0
C188_F290,1-0,0
C188_F292,1-0,0
C188_F293,1-0,0
C188_F294,1-0,0
C188_F297,1-0,0
C188_F300,1-0,0
C188_F303,1-0,0
C188_F305,1-0,0
C189_F001,1-0,0
C189_F004,1-0,0
C189_F006,1-0,0
C189_F008,1-0,0
C189_F009,1-0,0
C189_F014,1-0,0
C189_F016,1-0,0
C189_F017,1-0,0
C189_F018,1-0,0
C189_F019,1-0,0
C189_F020,1-0,0
C189_F021,1-0,0
C189_F022,1-0,0
C189_F025,1-0,0
C189_F029,1-0,0
C189_F030,1-0,0
C189_F032,1-0,0
C189_F033,1-0,0
C189_F034,1-0,0
C189_F035,1-0,0
C189_F037,1-0,0
C189_F038,1-0,0
C189_F040,1-0,0
C189_F042,1-0,0
C189_F044,1-0,0
C189_F045,1-0,0
C189_F046,1-0,0
C189_F047,1-0,0
C189_F048,1-0,0
C189_F049,1-0,0
C189_F052,1-0,0
C189_F053,1-0,0
C189_F054,1-0,0
C189_F056,1-0,0
C189_F059,1-0,0
C189_F062,1-0,0
C189_F063,1-0,0
C189_F065,1-0,0
C189_F066,1-0,0
C189_F067,1-0,0
C189_F068,1-0,0
C189_F071,1-0,0
C189_F072,1-0,0
C189_F073,1-0,0
C189_F074,1-0,0
C189_F075,1-0,0
C189_F076,1-0,0
C189_F077,1-0,0
C189_F078,1-0,0
C189_F079,1-0,0
C189_F080,1-0,0
C189_F082,1-0,0
C189_F085,1-0,0
C189_F089,1-0,0
C189_F090,1-0,0
C189_F091,1-0,0
C189_F092,1-0,0
C189_F095,1-0,0
C189_F096,1-0,0
C189_F097,1-0,0
C189_F100,1-0,0
C189_F102,1-0,0
C189_F104,1-0,0
C189_F106,1-0,0
C189_F108,1-0,0
C189_F109,1-0,0
C189_F113,1-0,0
C189_F115,1-0,0
C189_F117,1-0,0
C189_F118,1-0,0
C189_F119,1-0,0
C189_F121,1-0,0
C189_F122,1-0,0
C189_F124,1-0,0
C189_F126,1-0,0
C189_F127,1-0,0
C189_F128,1-0,0
C189_F129,1-0,0
C189_F130,1-0,0
C189_F132,1-0,0
C189_F133,1-0,0
C189_F134,1-0,0
C189_F139,1-0,0
C189_F141,1-0,0
C189_F144,1-0,0
C189_F145,1-0,0
C189_F148,1-0,0
C189_F149,1-0,0
C189_F151,1-0,0
C189_F152,1-0,0
C189_F153,1-0,0
C189_F156,1-0,0
C189_F160,1-0,0
C189_F161,1-0,0
C189_F162,1-0,0
C189_F163,1-0,0
C189_F166,1-0,0
C189_F167,1-0,0
C189_F168,1-0,0
C189_F169,1-0,0
C189_F170,1-0,0
C189_F171,1-0,0
C189_F172,1-0,0
C189_F175,1-0,0
C189_F176,1-0,0
C189_F179,1-0,0
C189_F181,1-0,0
C189_F182,1-0,0
C189_F183,1-0,0
C189_F184,1-0,0
C189_F186,1-0,0
C189_F188,1-0,0
C189_F189,1-0,0
C189_F190,1-0,0
C189_F191,1-0,0
C189_F194,1-0,0
C189_F196,1-0,0
C189_F197,1-0,0
C189_F198,1-0,0
C189_F199,1-0,0
C189_F201,1-0,0
C189_F203,1-0,0
C189_F204,1-0,0
C189_F207,1-0,0
C189_F208,1-0,0
C189_F209,1-0,0
C189_F210,1-0,0
C189_F211,1-0,0
C189_F212,1-0,0
C189_F214,1-0,0
C189_F217,1-0,0
C189_F218,1-0,0
C189_F219,1-0,0
C189_F223,1-0,0
C189_F224,1-0,0
C189_F225,1-0,0
C189_F226,1-0,0
C189_F228,1-0,0
C189_F229,1-0,0
C189_F231,1-0,0
C189_F233,1-0,0
C189_F236,1-0,0
C189_F238,1-0,0
C189_F239,1-0,0
C189_F243,1-0,0
C189_F245,1-0,0
C189_F246,1-0,0
C189_F247,1-0,0
C189_F248,1-0,0
C189_F249,1-0,0
C189_F250,1-0,0
C189_F253,1-0,0
C189_F255,1-0,0
C189_F256,1-0,0
C189_F260,1-0,0
C189_F262,1-0,0
C189_F265,1-0,0
C189_F268,1-0,0
C189_F272,1-0,0
C189_F275,1-0,0
C189_F279,1-0,0
C189_F281,1-0,0
C189_F282,1-0,0
C189_F283,1-0,0
C189_F284,1-0,0
C189_F286,1-0,0
C189_F287,1-0,0
C189_F289,1-0,0
C189_F290,1-0,0
C189_F291,1-0,0
C189_F294,1-0,0
C189_F295,1-0,0
C189_F298,1-0,0
C189_F300,1-0,0
C189_F302,1-0,0
C189_F303,1-0,0
C189_F304,1-0,0
C189_F305,1-0,0
C189_F306,1-0,0
C189_F307,1-0,0
C189_F309,1-0,0
C189_F310,1-0,0
C189_F312,1-0,0
C189_F314,1-0,0
C189_F315,1-0,0
C189_F317,1-0,0
C189_F318,1-0,0
C189_F319,1-0,0
C189_F320,1-0,0
C189_F322,1-0,0
C189_F323,1-0,0
C189_F324,1-0,0
C189_F326,1-0,0
C189_F328,1-0,0
C189_F330,1-0,0
C189_F333,1-0,0
C189_F334,1-0,0
C189_F335,1-0,0
C189_F336,1-0,0
C189_F338,1-0,0
C189_F339,1-0,0
C189_F340,1-0,0
C189_F341,1-0,0
C189_F342,1-0,0
C189_F344,1-0,0
C189_F345,1-0,0
C189_F346,1-0,0
C189_F347,1-0,0
C189_F349,1-0,0
C189_F354,1-0,0
C189_F355,1-0,0
C189_F356,1-0,0
C189_F357,1-0,0
C189_F358,1-0,0
C189_F359,1-0,0
C189_F360,1-0,0
C189_F362,1-0,0
C189_F363,1-0,0
C189_F364,1-0,0
C189_F365,1-0,0
C189_F367,1-0,0
C189_F368,1-0,0
C189_F369,1-0,0
C189_F371,1-0,0
C189_F372,1-0,0
C189_F373,1-0,0
C189_F374,1-0,0
C189_F377,1-0,0
C189_F380,1-0,0
C189_F381,1-0,0
C189_F382,1-0,0
C189_F383,1-0,0
C189_F384,1-0,0
C189_F385,1-0,0
C189_F388,1-0,0
C189_F391,1-0,0
C189_F392,1-0,0
C189_F394,1-0,0
C189_F395,1-0,0
C189_F396,1-0,0
C189_F397,1-0,0
C189_F398,1-0,0
C189_F401,1-0,0
C189_F402,1-0,0
C189_F403,1-0,0
C189_F404,1-0,0
C189_F406,1-0,0
C189_F407,1-0,0
C189_F409,1-0,0
C189_F410,1-0,0
C189_F411,1-0,0
C189_F412,1-0,0
C189_F413,1-0,0
C189_F415,1-0,0
C189_F416,1-0,0
C189_F421,1-0,0
C189_F424,1-0,0
C189_F425,1-0,0
C189_F427,1-0,0
C189_F430,1-0,0
C189_F433,1-0,0
C189_F434,1-0,0
C189_F435,1-0,0
C189_F437,1-0,0
C189_F440,1-0,0
C189_F441,1-0,0
C189_F442,1-0,0
C189_F443,1-0,0
C189_F444,1-0,0
C189_F446,1-0,0
C189_F448,1-0,0
C189_F450,1-0,0
C189_F452,1-0,0
C189_F453,1-0,0
C189_F455,1-0,0
C189_F457,1-0,0
C189_F458,1-0,0
C189_F461,1-0,0
C189_F464,1-0,0
C189_F465,1-0,0
C189_F466,1-0,0
C189_F467,1-0,0
C189_F468,1-0,0
C189_F469,1-0,0
C189_F470,1-0,0
C189_F471,1-0,0
C189_F474,1-0,0
C189_F478,1-0,0
C189_F479,1-0,0
C189_F482,1-0,0
C189_F484,1-0,0
C189_F485,1-0,0
C189_F486,1-0,0
C189_F487,1-0,0
C189_F488,1-0,0
C189_F489,1-0,0
C189_F490,1-0,0
C189_F491,1-0,0
C189_F493,1-0,0
C189_F496,1-0,0
C189_F497,1-0,0
C189_F502,1-0,0
C189_F503,1-0,0
C189_F506,1-0,0
C189_F509,1-0,0
C189_F511,1-0,0
C189_F512,1-0,0
C189_F516,1-0,0
C189_F517,1-0,0
C189_F518,1-0,0
C189_F519,1-0,0
C189_F524,1-0,0
C189_F526,1-0,0
C189_F527,1-0,0
C189_F528,1-0,0
C189_F529,1-0,0
C189_F531,1-0,0
C189_F532,1-0,0
C189_F533,1-0,0
C189_F534,1-0,0
C189_F535,1-0,0
C189_F536,1-0,0
C189_F538,1-0,0
C189_F539,1-0,0
C189_F543,1-0,0
C189_F544,1-0,0
C189_F546,1-0,0
C189_F547,1-0,0
C189_F548,1-0,0
C189_F549,1-0,0
C189_F552,1-0,0
