case_id,id,ht_home,ht_away
C001,C001_F001,1,0
C001,C001_F002,0,2
C001,C001_F003,1,2
C001,C001_F004,0,0
C001,C001_F005,0,1
C001,C001_F007,1,0
C001,C001_F009,1,0
C001,C001_F010,0,1
C001,C001_F011,0,1
C001,C001_F012,0,0
C001,C001_F013,1,1
C001,C001_F014,1,0
C001,C001_F015,1,0
C001,C001_F016,4,0
C001,C001_F017,1,0
C001,C001_F018,3,0
C001,C001_F019,0,0
C001,C001_F022,0,0
C001,C001_F023,2,0
C001,C001_F024,1,0
C001,C001_F025,2,1
C001,C001_F027,0,1
C001,C001_F028,0,0
C001,C001_F029,0,0
C001,C001_F030,1,0
C001,C001_F031,1,3
C001,C001_F032,0,0
C001,C001_F034,1,0
C001,C001_F035,1,0
C001,C001_F036,0,1
C001,C001_F038,0,0
C001,C001_F039,2,0
C001,C001_F040,0,2
C001,C001_F041,0,1
C001,C001_F042,0,1
C001,C001_F043,0,0
C001,C001_F044,0,0
C001,C001_F045,0,0
C001,C001_F046,0,0
C001,C001_F047,1,1
C001,C001_F048,1,0
C001,C001_F049,2,0
C001,C001_F050,1,1
C001,C001_F051,0,0
C001,C001_F052,0,1
C001,C001_F053,2,0
C001,C001_F054,1,0
C001,C001_F055,1,0
C001,C001_F056,1,1
C001,C001_F057,0,0
C001,C001_F058,1,1
C001,C001_F059,0,2
C001,C001_F060,2,0
C001,C001_F061,0,1
C001,C001_F062,0,1
C001,C001_F063,2,2
C001,C001_F064,0,0
C001,C001_F065,1,0
C001,C001_F066,2,2
C001,C001_F067,1,0
C001,C001_F068,0,0
C001,C001_F069,1,0
C001,C001_F071,0,1
C001,C001_F072,0,0
C001,C001_F073,1,0
C001,C001_F074,0,0
C001,C001_F075,1,1
C001,C001_F076,0,2
C001,C001_F077,0,1
C001,C001_F078,0,0
C001,C001_F079,1,0
C001,C001_F080,0,1
C001,C001_F081,0,1
C001,C001_F082,1,0
C001,C001_F083,0,0
C001,C001_F084,2,2
C001,C001_F085,1,0
C001,C001_F086,1,2
C001,C001_F087,1,1
C001,C001_F088,0,1
C001,C001_F089,0,0
C001,C001_F091,1,1
C001,C001_F092,1,0
C001,C001_F093,0,0
C001,C001_F095,0,0
C001,C001_F096,1,1
C001,C001_F097,2,0
C001,C001_F098,0,2
C001,C001_F099,1,2
C001,C001_F100,0,1
C001,C001_F101,1,0
C001,C001_F102,0,1
C001,C001_F103,0,0
C001,C001_F104,2,1
C001,C001_F105,1,0
C001,C001_F106,1,0
C001,C001_F107,2,1
C001,C001_F108,1,0
C001,C001_F109,1,4
C001,C001_F110,0,0
C001,C001_F111,3,0
C001,C001_F112,0,0
C001,C001_F114,1,0
C001,C001_F115,1,0
C001,C001_F116,0,0
C001,C001_F117,1,1
C001,C001_F118,1,1
C001,C001_F119,0,1
C001,C001_F120,1,0
C001,C001_F121,1,1
C001,C001_F122,1,0
C001,C001_F123,0,2
C001,C001_F124,2,1
C001,C001_F125,1,1
C001,C001_F126,0,1
C001,C001_F127,0,1
C001,C001_F128,0,0
C001,C001_F129,0,1
C001,C001_F130,0,1
C001,C001_F131,0,0
C001,C001_F132,1,0
C001,C001_F133,2,0
C001,C001_F134,2,1
C001,C001_F135,0,0
C001,C001_F136,0,0
C001,C001_F137,1,2
C001,C001_F138,2,1
C001,C001_F139,0,0
C001,C001_F140,0,0
C001,C001_F141,2,1
C001,C001_F142,0,1
C001,C001_F143,1,0
C001,C001_F145,0,1
C001,C001_F146,1,0
C001,C001_F147,1,1
C001,C001_F148,1,1
C001,C001_F149,2,1
C001,C001_F150,1,0
C001,C001_F151,0,1
C001,C001_F152,1,0
C001,C001_F153,0,2
C001,C001_F154,0,0
C001,C001_F155,1,0
C001,C001_F156,0,0
C001,C001_F157,0,0
C001,C001_F158,1,2
C001,C001_F159,2,2
C001,C001_F160,0,0
C001,C001_F161,0,1
C001,C001_F162,0,1
C001,C001_F163,1,2
C001,C001_F164,0,0
C001,C001_F165,1,0
C001,C001_F166,1,0
C001,C001_F167,1,1
C001,C001_F168,1,1
C001,C001_F169,1,1
C001,C001_F170,0,1
C001,C001_F171,3,0
C001,C001_F174,0,0
C001,C001_F175,0,1
C001,C001_F176,0,1
C001,C001_F177,0,1
C001,C001_F178,0,0
C001,C001_F179,3,0
C001,C001_F180,0,0
C001,C001_F181,3,0
C001,C001_F182,1,0
C001,C001_F183,1,0
C001,C001_F184,1,1
C001,C001_F185,0,1
C001,C001_F186,0,1
C001,C001_F187,0,0
C001,C001_F188,0,0
C001,C001_F190,2,2
C001,C001_F191,1,1
C001,C001_F192,1,0
C001,C001_F193,1,1
C001,C001_F194,0,0
C001,C001_F196,1,0
C001,C001_F197,1,2
C001,C001_F198,1,1
C001,C001_F199,1,2
C001,C001_F200,3,0
C001,C001_F201,1,2
C001,C001_F202,1,1
C001,C001_F203,0,1
C001,C001_F206,0,0
C001,C001_F207,1,0
C001,C001_F208,0,1
C001,C001_F209,0,1
C001,C001_F210,0,2
C001,C001_F211,0,1
C001,C001_F212,0,0
C001,C001_F213,0,1
C001,C001_F214,0,1
C001,C001_F215,2,0
C001,C001_F216,2,0
C001,C001_F218,2,0
C001,C001_F219,0,0
C001,C001_F220,0,0
C001,C001_F221,0,0
C001,C001_F222,0,1
C001,C001_F223,0,0
C001,C001_F224,0,0
C001,C001_F225,2,0
C001,C001_F226,0,1
C001,C001_F227,1,0
C001,C001_F228,3,2
C001,C001_F229,0,0
C001,C001_F230,1,1
C001,C001_F231,1,1
C001,C001_F232,0,2
C001,C001_F233,1,0
C001,C001_F234,1,1
C001,C001_F235,1,0
C001,C001_F236,0,2
C001,C001_F238,1,1
C001,C001_F239,0,1
C001,C001_F240,0,0
C001,C001_F241,1,0
C001,C001_F242,3,0
C001,C001_F243,1,0
C001,C001_F244,0,0
C001,C001_F245,0,4
C001,C001_F247,1,0
C001,C001_F248,1,0
C001,C001_F249,1,0
C001,C001_F250,2,0
C001,C001_F251,0,0
C001,C001_F253,1,1
C001,C001_F254,1,0
C001,C001_F255,2,0
C001,C001_F256,2,0
C001,C001_F257,0,0
C001,C001_F258,1,1
C001,C001_F259,1,1
C001,C001_F260,1,0
C001,C001_F262,2,0
C001,C001_F264,1,1
C001,C001_F265,1,1
C001,C001_F266,1,0
C001,C001_F267,2,1
C001,C001_F268,0,0
C001,C001_F269,1,0
C001,C001_F270,1,1
C001,C001_F271,1,0
C001,C001_F272,0,2
C001,C001_F273,0,0
C001,C001_F274,0,0
C001,C001_F275,0,0
C001,C001_F276,0,0
C001,C001_F277,1,0
C001,C001_F278,3,1
C001,C001_F279,2,1
C001,C001_F280,2,0
C001,C001_F281,2,0
C001,C001_F282,3,1
C001,C001_F283,1,0
C001,C001_F284,2,1
C001,C001_F285,1,1
C001,C001_F286,0,0
C001,C001_F287,3,0
C001,C001_F288,1,0
C001,C001_F289,1,0
C001,C001_F290,0,0
C001,C001_F291,0,0
C001,C001_F292,0,0
C001,C001_F293,1,0
C001,C001_F295,0,0
C001,C001_F297,1,1
C001,C001_F298,0,1
C001,C001_F299,0,1
C001,C001_F300,1,0
C001,C001_F301,0,2
C001,C001_F302,1,1
C001,C001_F303,0,0
C001,C001_F304,2,0
C001,C001_F305,0,1
C001,C001_F306,1,0
C001,C001_F307,1,0
C001,C001_F308,1,2
C001,C001_F309,0,3
C001,C001_F310,1,0
C001,C001_F311,1,0
C001,C001_F312,1,1
C001,C001_F313,1,0
C001,C001_F314,1,0
C001,C001_F315,0,0
C001,C001_F316,0,2
C001,C001_F317,1,3
C001,C001_F318,0,1
C001,C001_F319,1,1
C001,C001_F320,1,0
C001,C001_F321,2,0
C001,C001_F322,2,1
C001,C001_F323,0,0
C001,C001_F325,2,0
C001,C001_F326,1,0
C001,C001_F327,0,2
C001,C001_F328,0,1
C001,C001_F329,0,2
C001,C001_F330,2,0
C001,C001_F331,1,1
C001,C001_F332,2,1
C001,C001_F333,1,1
C001,C001_F334,1,1
C001,C001_F335,0,0
C001,C001_F336,2,0
C001,C001_F337,0,1
C001,C001_F338,3,1
C001,C001_F339,0,0
C001,C001_F340,0,0
C001,C001_F341,0,0
C001,C001_F342,1,0
C001,C001_F343,0,0
C001,C001_F344,3,0
C001,C001_F346,0,0
C001,C001_F347,2,1
C001,C001_F349,0,1
C001,C001_F350,1,0
C001,C001_F351,0,1
C001,C001_F352,0,1
C001,C001_F353,2,0
C001,C001_F354,1,1
C001,C001_F355,0,0
C001,C001_F356,0,0
C001,C001_F357,2,1
C001,C001_F358,1,2
C001,C001_F359,1,1
C001,C001_F361,1,0
C001,C001_F362,0,0
C001,C001_F363,2,1
C001,C001_F364,0,0
C001,C001_F365,1,1
C001,C001_F366,2,2
C001,C001_F367,0,1
C001,C001_F368,0,1
C001,C001_F369,0,1
C001,C001_F370,0,0
C001,C001_F371,1,0
C001,C001_F372,1,0
C001,C001_F373,0,1
C001,C001_F374,1,0
C001,C001_F375,0,1
C001,C001_F376,0,2
C001,C001_F377,1,0
C001,C001_F378,1,0
C001,C001_F379,0,0
C001,C001_F380,0,0
C002,C002_F001,1,1
C002,C002_F002,2,1
C002,C002_F003,0,2
C002,C002_F004,0,1
C002,C002_F006,0,0
C002,C002_F007,1,0
C002,C002_F008,0,0
C002,C002_F009,0,1
C002,C002_F010,0,0
C002,C002_F012,0,0
C002,C002_F013,2,1
C002,C002_F014,1,0
C002,C002_F015,0,0
C002,C002_F016,0,1
C002,C002_F017,1,1
C002,C002_F018,0,1
C002,C002_F019,0,1
C002,C002_F020,0,0
C002,C002_F021,0,0
C002,C002_F022,0,0
C002,C002_F023,0,0
C002,C002_F024,1,0
C002,C002_F025,0,0
C002,C002_F026,0,0
C002,C002_F027,0,0
C002,C002_F028,1,0
C002,C002_F029,1,1
C002,C002_F030,0,2
C002,C002_F031,0,0
C002,C002_F032,3,0
C002,C002_F033,0,1
C002,C002_F034,0,1
C002,C002_F035,0,0
C002,C002_F036,0,0
C002,C002_F038,2,1
C002,C002_F039,1,1
C002,C002_F041,0,0
C002,C002_F042,0,0
C002,C002_F043,2,0
C002,C002_F044,0,0
C002,C002_F045,0,2
C002,C002_F046,0,1
C002,C002_F047,0,0
C002,C002_F048,0,0
C002,C002_F049,2,1
C002,C002_F050,1,0
C002,C002_F051,4,0
C002,C002_F052,1,0
C002,C002_F053,0,0
C002,C002_F054,1,0
C002,C002_F055,4,0
C002,C002_F057,0,1
C002,C002_F058,1,2
C002,C002_F059,1,0
C002,C002_F061,0,1
C002,C002_F062,0,1
C002,C002_F063,0,0
C002,C002_F064,0,0
C002,C002_F065,1,1
C002,C002_F066,2,0
C002,C002_F067,0,0
C002,C002_F069,1,0
C002,C002_F070,1,1
C002,C002_F071,1,0
C002,C002_F072,2,0
C002,C002_F073,0,1
C002,C002_F074,3,0
C002,C002_F075,0,1
C002,C002_F076,1,1
C002,C002_F077,2,0
C002,C002_F078,3,0
C002,C002_F079,1,0
C002,C002_F080,0,2
C002,C002_F081,0,0
C002,C002_F082,0,0
C002,C002_F084,0,2
C002,C002_F085,0,2
C002,C002_F086,0,0
C002,C002_F087,1,2
C002,C002_F088,0,1
C002,C002_F089,0,1
C002,C002_F090,0,1
C002,C002_F091,0,1
C002,C002_F092,1,0
C002,C002_F093,1,1
C002,C002_F094,1,0
C002,C002_F095,0,0
C002,C002_F096,0,0
C002,C002_F097,1,0
C002,C002_F098,0,1
C002,C002_F100,1,0
C002,C002_F101,0,1
C002,C002_F102,1,0
C002,C002_F103,0,2
C002,C002_F104,2,0
C002,C002_F105,1,0
C002,C002_F106,2,1
C002,C002_F107,1,1
C002,C002_F108,1,1
C002,C002_F109,1,0
C002,C002_F110,1,1
C002,C002_F111,0,0
C002,C002_F113,0,0
C002,C002_F114,1,0
C002,C002_F115,0,1
C002,C002_F116,0,1
C002,C002_F117,0,0
C002,C002_F118,0,0
C002,C002_F119,0,1
C002,C002_F121,2,1
C002,C002_F123,1,0
C002,C002_F124,1,0
C002,C002_F125,0,1
C002,C002_F126,1,2
C002,C002_F127,1,0
C002,C002_F128,1,0
C002,C002_F129,3,1
C002,C002_F130,1,0
C002,C002_F131,3,0
C002,C002_F133,1,0
C002,C002_F134,0,0
C002,C002_F135,1,1
C002,C002_F136,1,0
C002,C002_F137,1,2
C002,C002_F138,0,0
C002,C002_F139,1,2
C002,C002_F140,1,1
C002,C002_F142,2,0
C002,C002_F143,0,0
C002,C002_F144,0,0
C002,C002_F145,0,0
C002,C002_F146,1,0
C002,C002_F147,0,1
C002,C002_F148,1,0
C002,C002_F149,1,1
C002,C002_F150,0,0
C002,C002_F151,0,0
C002,C002_F152,0,1
C002,C002_F153,2,0
C002,C002_F154,2,0
C002,C002_F155,2,0
C002,C002_F156,1,0
C002,C002_F157,0,1
C002,C002_F158,0,0
C002,C002_F159,1,0
C002,C002_F160,1,0
C002,C002_F161,0,1
C002,C002_F162,1,0
C002,C002_F163,0,2
C002,C002_F164,2,0
C002,C002_F166,1,0
C002,C002_F167,0,0
C002,C002_F168,1,1
C002,C002_F169,1,0
C002,C002_F170,1,0
C002,C002_F171,0,0
C002,C002_F172,0,0
C002,C002_F173,1,0
C002,C002_F174,0,2
C002,C002_F175,1,0
C002,C002_F176,1,0
C002,C002_F177,1,0
C002,C002_F178,4,0
C002,C002_F180,1,1
C002,C002_F181,0,1
C002,C002_F182,1,1
C002,C002_F183,0,1
C002,C002_F184,2,0
C002,C002_F185,2,0
C002,C002_F186,0,1
C002,C002_F188,1,2
C002,C002_F189,1,1
C002,C002_F190,0,0
C002,C002_F191,0,1
C002,C002_F192,0,1
C002,C002_F193,0,0
C002,C002_F194,1,1
C002,C002_F195,1,0
C002,C002_F196,1,1
C002,C002_F197,1,0
C002,C002_F198,2,2
C002,C002_F199,1,0
C002,C002_F200,1,0
C002,C002_F201,1,0
C002,C002_F202,2,0
C002,C002_F203,1,0
C002,C002_F204,1,2
C002,C002_F205,0,0
C002,C002_F206,1,0
C002,C002_F207,2,0
C002,C002_F208,0,1
C002,C002_F209,1,0
C002,C002_F210,3,0
C002,C002_F211,1,1
C002,C002_F212,0,0
C002,C002_F213,1,0
C002,C002_F214,0,1
C002,C002_F215,3,1
C002,C002_F216,0,1
C002,C002_F217,1,0
C002,C002_F218,3,1
C002,C002_F219,2,0
C002,C002_F220,0,0
C002,C002_F221,0,0
C002,C002_F222,0,1
C002,C002_F223,0,2
C002,C002_F224,2,0
C002,C002_F225,2,0
C002,C002_F226,0,1
C002,C002_F227,1,0
C002,C002_F229,0,2
C002,C002_F230,0,0
C002,C002_F231,1,1
C002,C002_F232,3,0
C002,C002_F233,1,2
C002,C002_F234,0,1
C002,C002_F235,1,0
C002,C002_F236,0,2
C002,C002_F237,2,0
C002,C002_F238,1,0
C002,C002_F239,1,0
C002,C002_F240,3,0
C002,C002_F241,0,3
C002,C002_F242,0,1
C002,C002_F243,0,0
C002,C002_F244,0,0
C002,C002_F245,0,0
C002,C002_F246,1,3
C002,C002_F248,1,0
C002,C002_F249,0,1
C002,C002_F250,0,1
C002,C002_F251,0,0
C002,C002_F252,1,2
C002,C002_F253,0,0
C002,C002_F254,1,0
C002,C002_F255,0,0
C002,C002_F256,0,0
C002,C002_F257,1,1
C002,C002_F258,2,2
C002,C002_F259,3,0
C002,C002_F260,0,0
C002,C002_F261,3,0
C002,C002_F262,0,0
C002,C002_F263,1,0
C002,C002_F264,0,1
C002,C002_F265,0,2
C002,C002_F268,1,0
C002,C002_F269,1,0
C002,C002_F270,1,1
C002,C002_F271,0,2
C002,C002_F272,1,0
C002,C002_F273,0,1
C002,C002_F274,0,1
C002,C002_F275,0,0
C002,C002_F276,1,0
C002,C002_F277,0,1
C002,C002_F278,0,1
C002,C002_F279,1,0
C002,C002_F281,2,1
C002,C002_F282,1,0
C002,C002_F283,0,1
C002,C002_F284,2,0
C002,C002_F285,1,1
C002,C002_F286,0,0
C002,C002_F287,0,2
C002,C002_F288,0,1
C002,C002_F289,0,0
C002,C002_F290,0,1
C002,C002_F291,3,3
C002,C002_F292,1,0
C002,C002_F293,1,0
C002,C002_F294,0,1
C002,C002_F295,0,0
C002,C002_F296,0,1
C002,C002_F297,1,0
C002,C002_F298,0,0
C002,C002_F299,0,0
C002,C002_F300,1,0
C002,C002_F301,0,0
C002,C002_F302,1,0
C002,C002_F303,1,1
C002,C002_F304,0,1
C002,C002_F305,3,1
C002,C002_F306,1,0
C002,C002_F307,2,0
C002,C002_F308,0,1
C002,C002_F309,1,0
C002,C002_F310,2,1
C002,C002_F312,1,1
C002,C002_F313,0,1
C002,C002_F314,0,0
C002,C002_F316,1,0
C002,C002_F317,0,0
C002,C002_F318,0,0
C002,C002_F319,2,2
C002,C002_F320,0,1
C002,C002_F321,4,1
C002,C002_F322,0,0
C002,C002_F323,0,2
C002,C002_F324,2,1
C002,C002_F325,0,2
C002,C002_F326,1,0
C002,C002_F327,0,2
C002,C002_F328,0,0
C002,C002_F329,0,0
C002,C002_F330,1,0
C002,C002_F331,2,0
C002,C002_F332,1,0
C002,C002_F333,0,0
C002,C002_F334,0,2
C002,C002_F335,1,0
C002,C002_F336,1,1
C002,C002_F337,0,3
C002,C002_F338,0,1
C002,C002_F339,1,2
C002,C002_F340,0,0
C002,C002_F342,2,1
C002,C002_F344,0,1
C002,C002_F345,0,0
C002,C002_F346,3,2
C002,C002_F347,1,1
C002,C002_F348,0,0
C002,C002_F349,0,0
C002,C002_F350,1,2
C002,C002_F351,0,2
C002,C002_F352,2,0
C002,C002_F353,0,0
C002,C002_F354,0,0
C002,C002_F355,2,0
C002,C002_F356,2,0
C002,C002_F357,1,2
C002,C002_F358,0,0
C002,C002_F359,0,0
C002,C002_F360,2,2
C002,C002_F361,0,1
C002,C002_F362,1,0
C002,C002_F363,0,1
C002,C002_F364,1,1
C002,C002_F365,2,0
C002,C002_F366,0,0
C002,C002_F367,2,1
C002,C002_F368,0,0
C002,C002_F369,1,0
C002,C002_F370,0,1
C002,C002_F371,3,0
C002,C002_F372,0,0
C002,C002_F373,0,1
C002,C002_F374,2,1
C002,C002_F375,0,2
C002,C002_F376,0,0
C002,C002_F377,0,0
C002,C002_F379,0,1
C002,C002_F380,1,0
C003,C003_F001,2,1
C003,C003_F002,0,0
C003,C003_F003,1,1
C003,C003_F004,0,0
C003,C003_F005,0,0
C003,C003_F006,0,4
C003,C003_F008,1,0
C003,C003_F009,0,1
C003,C003_F010,1,1
C003,C003_F011,1,0
C003,C003_F012,0,1
C003,C003_F013,1,0
C003,C003_F014,2,3
C003,C003_F015,0,1
C003,C003_F016,0,1
C003,C003_F017,0,0
C003,C003_F018,0,0
C003,C003_F019,3,3
C003,C003_F020,0,3
C003,C003_F021,1,2
C003,C003_F023,0,0
C003,C003_F024,1,0
C003,C003_F025,1,0
C003,C003_F026,2,1
C003,C003_F027,1,2
C003,C003_F028,0,0
C003,C003_F029,0,0
C003,C003_F030,1,0
C003,C003_F031,0,0
C003,C003_F032,0,1
C003,C003_F035,0,1
C003,C003_F036,0,3
C003,C003_F037,0,1
C003,C003_F038,0,2
C003,C003_F039,1,0
C003,C003_F040,0,1
C003,C003_F041,1,0
C003,C003_F042,1,1
C003,C003_F043,0,3
C003,C003_F044,0,0
C003,C003_F045,1,1
C003,C003_F046,0,1
C003,C003_F047,2,0
C003,C003_F048,0,0
C003,C003_F049,0,0
C003,C003_F050,0,0
C003,C003_F051,0,2
C003,C003_F052,1,0
C003,C003_F053,0,2
C003,C003_F054,0,0
C003,C003_F055,0,0
C003,C003_F056,0,0
C003,C003_F057,0,0
C003,C003_F058,3,0
C003,C003_F059,1,0
C003,C003_F060,0,1
C003,C003_F061,0,0
C003,C003_F062,0,3
C003,C003_F063,1,0
C003,C003_F064,2,0
C003,C003_F065,1,0
C003,C003_F066,1,1
C003,C003_F067,0,1
C003,C003_F068,1,1
C003,C003_F069,2,0
C003,C003_F071,0,1
C003,C003_F072,1,1
C003,C003_F073,0,0
C003,C003_F074,1,1
C003,C003_F075,0,1
C003,C003_F076,0,1
C003,C003_F077,1,1
C003,C003_F078,1,0
C003,C003_F079,0,1
C003,C003_F080,1,2
C003,C003_F081,3,0
C003,C003_F083,0,0
C003,C003_F084,2,0
C003,C003_F085,1,0
C003,C003_F086,0,1
C003,C003_F087,0,0
C003,C003_F088,3,0
C003,C003_F089,0,2
C003,C003_F090,0,0
C003,C003_F091,2,0
C003,C003_F092,1,0
C003,C003_F093,1,0
C003,C003_F094,2,0
C003,C003_F096,0,1
C003,C003_F097,2,0
C003,C003_F098,2,2
C003,C003_F099,1,0
C003,C003_F100,0,0
C003,C003_F101,0,1
C003,C003_F102,0,2
C003,C003_F103,1,0
C003,C003_F104,0,0
C003,C003_F105,0,2
C003,C003_F106,1,0
C003,C003_F107,1,0
C003,C003_F109,1,0
C003,C003_F110,0,0
C003,C003_F111,0,0
C003,C003_F112,0,0
C003,C003_F113,1,1
C003,C003_F114,1,2
C003,C003_F116,1,0
C003,C003_F118,1,0
C003,C003_F119,0,0
C003,C003_F120,0,0
C003,C003_F121,1,1
C003,C003_F123,0,0
C003,C003_F124,0,0
C003,C003_F125,0,4
C003,C003_F126,1,1
C003,C003_F127,1,1
C003,C003_F128,0,1
C003,C003_F129,1,1
C003,C003_F130,0,1
C003,C003_F131,0,1
C003,C003_F132,0,0
C003,C003_F133,2,0
C003,C003_F134,1,1
C003,C003_F135,0,1
C003,C003_F136,1,2
C003,C003_F137,1,0
C003,C003_F138,1,0
C003,C003_F139,1,0
C003,C003_F140,2,1
C003,C003_F141,1,0
C003,C003_F142,0,1
C003,C003_F143,1,1
C003,C003_F144,2,0
C003,C003_F145,0,1
C003,C003_F146,0,0
C003,C003_F147,1,0
C003,C003_F148,2,2
C003,C003_F149,2,0
C003,C003_F151,1,0
C003,C003_F152,0,0
C003,C003_F153,1,0
C003,C003_F154,0,0
C003,C003_F155,0,1
C003,C003_F156,1,0
C003,C003_F157,2,3
C003,C003_F158,0,1
C003,C003_F159,1,1
C003,C003_F160,1,0
C003,C003_F161,2,0
C003,C003_F162,0,1
C003,C003_F163,2,0
C003,C003_F164,1,1
C003,C003_F165,1,0
C003,C003_F166,5,2
C003,C003_F167,0,2
C003,C003_F168,1,0
C003,C003_F169,1,0
C003,C003_F170,2,2
C003,C003_F171,0,2
C003,C003_F172,1,0
C003,C003_F173,1,0
C003,C003_F174,0,0
C003,C003_F175,0,0
C003,C003_F176,0,0
C003,C003_F177,1,0
C003,C003_F178,0,1
C003,C003_F179,1,1
C003,C003_F180,0,0
C003,C003_F181,1,0
C003,C003_F182,1,0
C003,C003_F183,0,2
C003,C003_F184,1,0
C003,C003_F185,0,0
C003,C003_F186,0,1
C003,C003_F187,1,0
C003,C003_F188,1,0
C003,C003_F189,0,1
C003,C003_F190,1,0
C003,C003_F191,1,1
C003,C003_F192,1,1
C003,C003_F193,0,0
C003,C003_F194,3,0
C003,C003_F195,1,1
C003,C003_F196,0,0
C003,C003_F197,0,2
C003,C003_F198,1,1
C003,C003_F199,0,1
C003,C003_F200,0,0
C003,C003_F201,2,0
C003,C003_F203,3,2
C003,C003_F204,0,0
C003,C003_F205,1,0
C003,C003_F206,0,0
C003,C003_F207,0,1
C003,C003_F208,1,0
C003,C003_F209,0,0
C003,C003_F210,1,0
C003,C003_F211,0,0
C003,C003_F212,0,1
C003,C003_F213,1,2
C003,C003_F214,3,0
C003,C003_F215,0,0
C003,C003_F216,0,1
C003,C003_F217,0,0
C003,C003_F218,0,0
C003,C003_F219,0,0
C003,C003_F220,0,1
C003,C003_F221,0,0
C003,C003_F222,1,2
C003,C003_F223,2,0
C003,C003_F224,1,1
C003,C003_F225,0,0
C003,C003_F226,0,2
C003,C003_F227,0,1
C003,C003_F228,1,0
C003,C003_F229,3,0
C003,C003_F230,0,1
C003,C003_F231,0,1
C003,C003_F232,0,1
C003,C003_F233,1,0
C003,C003_F234,0,3
C003,C003_F235,0,0
C003,C003_F236,0,1
C003,C003_F237,0,0
C003,C003_F238,0,0
C003,C003_F239,0,1
C003,C003_F240,0,0
C003,C003_F241,1,0
C003,C003_F242,1,2
C003,C003_F243,1,1
C003,C003_F244,0,0
C003,C003_F245,0,0
C003,C003_F246,1,2
C003,C003_F247,1,0
C003,C003_F248,0,0
C003,C003_F249,2,0
C003,C003_F250,2,0
C003,C003_F251,0,2
C003,C003_F252,1,1
C003,C003_F253,0,2
C003,C003_F255,0,0
C003,C003_F256,1,0
C003,C003_F257,0,1
C003,C003_F258,0,0
C003,C003_F259,0,0
C003,C003_F260,0,2
C003,C003_F262,1,0
C003,C003_F263,1,1
C003,C003_F264,0,0
C003,C003_F265,0,0
C003,C003_F266,0,2
C003,C003_F267,2,0
C003,C003_F268,1,0
C003,C003_F269,1,1
C003,C003_F270,1,0
C003,C003_F271,0,1
C003,C003_F272,1,0
C003,C003_F273,2,1
C003,C003_F274,1,1
C003,C003_F275,0,1
C003,C003_F276,1,0
C003,C003_F277,1,1
C003,C003_F278,0,1
C003,C003_F279,2,0
C003,C003_F280,2,1
C003,C003_F281,2,1
C003,C003_F282,2,1
C003,C003_F283,2,0
C003,C003_F284,0,1
C003,C003_F285,1,2
C003,C003_F286,1,0
C003,C003_F287,0,1
C003,C003_F288,2,0
C003,C003_F289,0,0
C003,C003_F290,1,1
C003,C003_F291,2,1
C003,C003_F292,0,0
C003,C003_F293,1,1
C003,C003_F294,0,0
C003,C003_F295,1,1
C003,C003_F296,1,0
C003,C003_F297,1,0
C003,C003_F298,1,0
C003,C003_F299,0,0
C003,C003_F300,0,0
C003,C003_F301,0,1
C003,C003_F302,1,0
C003,C003_F303,0,0
C003,C003_F304,2,1
C003,C003_F305,1,1
C003,C003_F306,0,1
C004,C004_F001,0,1
C004,C004_F002,1,0
C004,C004_F003,1,0
C004,C004_F004,1,0
C004,C004_F005,2,0
C004,C004_F006,0,1
C004,C004_F007,2,0
C004,C004_F009,0,0
C004,C004_F010,1,1
C004,C004_F011,1,0
C004,C004_F012,2,0
C004,C004_F013,1,1
C004,C004_F015,1,1
C004,C004_F016,1,0
C004,C004_F017,0,0
C004,C004_F018,0,1
C004,C004_F019,1,0
C004,C004_F020,0,1
C004,C004_F021,1,1
C004,C004_F023,0,1
C004,C004_F024,0,2
C004,C004_F025,1,0
C004,C004_F026,0,1
C004,C004_F027,2,0
C004,C004_F028,1,1
C004,C004_F029,1,0
C004,C004_F030,0,2
C004,C004_F031,1,0
C004,C004_F032,1,0
C004,C004_F033,1,0
C004,C004_F034,0,0
C004,C004_F035,1,0
C004,C004_F036,0,0
C004,C004_F037,1,0
C004,C004_F038,0,0
C004,C004_F040,0,0
C004,C004_F041,0,0
C004,C004_F042,1,0
C004,C004_F043,0,0
C004,C004_F044,1,0
C004,C004_F045,1,0
C004,C004_F046,0,0
C004,C004_F047,0,0
C004,C004_F048,0,0
C004,C004_F049,0,1
C004,C004_F050,1,0
C004,C004_F051,1,1
C004,C004_F052,0,0
C004,C004_F053,0,0
C004,C004_F054,0,0
C004,C004_F055,1,0
C004,C004_F056,0,0
C004,C004_F057,0,0
C004,C004_F058,2,1
C004,C004_F059,0,2
C004,C004_F060,1,1
C004,C004_F061,1,0
C004,C004_F062,0,2
C004,C004_F063,0,0
C004,C004_F064,2,2
C004,C004_F065,1,1
C004,C004_F066,1,0
C004,C004_F068,1,2
C004,C004_F069,1,1
C004,C004_F070,0,2
C004,C004_F071,0,0
C004,C004_F072,0,0
C004,C004_F073,0,0
C004,C004_F074,1,0
C004,C004_F075,0,1
C004,C004_F076,0,1
C004,C004_F077,1,0
C004,C004_F078,2,1
C004,C004_F079,0,1
C004,C004_F080,0,2
C004,C004_F081,4,0
C004,C004_F082,0,0
C004,C004_F083,0,1
C004,C004_F084,0,1
C004,C004_F085,1,0
C004,C004_F086,0,0
C004,C004_F087,2,0
C004,C004_F088,0,0
C004,C004_F089,1,0
C004,C004_F090,2,0
C004,C004_F091,2,0
C004,C004_F092,0,2
C004,C004_F093,2,0
C004,C004_F094,0,1
C004,C004_F095,2,1
C004,C004_F096,1,0
C004,C004_F097,2,0
C004,C004_F098,1,1
C004,C004_F099,1,0
C004,C004_F100,0,1
C004,C004_F101,1,1
C004,C004_F102,2,1
C004,C004_F103,3,0
C004,C004_F104,3,0
C004,C004_F105,0,0
C004,C004_F106,1,0
C004,C004_F107,0,1
C004,C004_F108,1,0
C004,C004_F109,1,0
C004,C004_F111,2,1
C004,C004_F112,0,0
C004,C004_F114,1,0
C004,C004_F115,0,0
C004,C004_F116,1,0
C004,C004_F117,1,0
C004,C004_F118,0,2
C004,C004_F119,1,0
C004,C004_F120,0,1
C004,C004_F121,0,2
C004,C004_F122,0,0
C004,C004_F123,0,0
C004,C004_F124,0,1
C004,C004_F125,0,0
C004,C004_F126,2,0
C004,C004_F127,1,1
C004,C004_F128,0,0
C004,C004_F129,0,1
C004,C004_F130,3,0
C004,C004_F131,0,1
C004,C004_F132,0,2
C004,C004_F133,0,1
C004,C004_F134,0,0
C004,C004_F136,2,0
C004,C004_F137,0,2
C004,C004_F138,0,1
C004,C004_F139,1,0
C004,C004_F142,2,1
C004,C004_F143,0,0
C004,C004_F145,1,0
C004,C004_F146,1,0
C004,C004_F148,0,0
C004,C004_F150,1,0
C004,C004_F151,1,1
C004,C004_F152,1,0
C004,C004_F154,1,0
C004,C004_F155,0,0
C004,C004_F156,1,2
C004,C004_F157,1,0
C004,C004_F158,0,1
C004,C004_F159,1,2
C004,C004_F160,1,0
C004,C004_F161,0,2
C004,C004_F162,0,0
C004,C004_F163,0,2
C004,C004_F164,0,1
C004,C004_F165,0,0
C004,C004_F166,1,1
C004,C004_F168,3,0
C004,C004_F169,0,0
C004,C004_F170,0,0
C004,C004_F171,2,2
C004,C004_F174,0,2
C004,C004_F175,0,0
C004,C004_F176,0,0
C004,C004_F177,1,0
C004,C004_F178,2,0
C004,C004_F179,0,2
C004,C004_F180,1,2
C004,C004_F181,2,0
C004,C004_F182,2,0
C004,C004_F184,0,2
C004,C004_F185,0,1
C004,C004_F186,4,1
C004,C004_F187,3,1
C004,C004_F188,0,0
C004,C004_F189,1,1
C004,C004_F190,1,0
C004,C004_F191,2,1
C004,C004_F192,0,0
C004,C004_F193,1,0
C004,C004_F194,2,0
C004,C004_F195,0,0
C004,C004_F196,0,0
C004,C004_F197,1,1
C004,C004_F198,0,1
C004,C004_F199,0,0
C004,C004_F200,0,0
C004,C004_F202,2,0
C004,C004_F203,1,0
C004,C004_F204,1,0
C004,C004_F205,0,2
C004,C004_F206,2,2
C004,C004_F207,1,2
C004,C004_F208,0,0
C004,C004_F209,0,0
C004,C004_F210,1,0
C004,C004_F211,1,0
C004,C004_F212,2,1
C004,C004_F213,1,0
C004,C004_F214,0,1
C004,C004_F215,1,0
C004,C004_F216,2,0
C004,C004_F217,0,0
C004,C004_F218,0,0
C004,C004_F219,0,1
C004,C004_F220,0,1
C004,C004_F221,2,0
C004,C004_F222,0,0
C004,C004_F223,1,0
C004,C004_F224,0,2
C004,C004_F225,0,0
C004,C004_F226,2,0
C004,C004_F227,1,0
C004,C004_F228,0,1
C004,C004_F229,2,0
C004,C004_F230,0,1
C004,C004_F231,0,1
C004,C004_F232,1,0
C004,C004_F233,2,2
C004,C004_F234,2,1
C004,C004_F236,1,1
C004,C004_F237,0,0
C004,C004_F238,0,1
C004,C004_F239,0,0
C004,C004_F240,2,0
C004,C004_F241,0,1
C004,C004_F242,0,1
C004,C004_F243,1,1
C004,C004_F244,0,2
C004,C004_F245,0,0
C004,C004_F246,2,0
C004,C004_F247,1,0
C004,C004_F249,0,0
C004,C004_F251,0,2
C004,C004_F252,0,0
C004,C004_F253,1,0
C004,C004_F254,2,1
C004,C004_F255,0,1
C004,C004_F256,0,0
C004,C004_F257,1,0
C004,C004_F258,1,0
C004,C004_F259,1,0
C004,C004_F260,1,0
C004,C004_F261,0,0
C004,C004_F262,0,0
C004,C004_F263,0,3
C004,C004_F264,0,2
C004,C004_F265,0,1
C004,C004_F266,0,1
C004,C004_F267,1,0
C004,C004_F269,0,1
C004,C004_F270,1,0
C004,C004_F271,0,1
C004,C004_F272,2,0
C004,C004_F273,1,0
C004,C004_F274,1,1
C004,C004_F275,0,0
C004,C004_F276,1,0
C004,C004_F277,1,2
C004,C004_F278,1,2
C004,C004_F279,0,0
C004,C004_F280,1,1
C004,C004_F281,1,1
C004,C004_F282,0,0
C004,C004_F283,1,0
C004,C004_F284,1,0
C004,C004_F285,0,2
C004,C004_F286,0,0
C004,C004_F287,2,0
C004,C004_F288,0,1
C004,C004_F289,0,0
C004,C004_F291,1,1
C004,C004_F292,2,0
C004,C004_F293,0,3
C004,C004_F294,1,0
C004,C004_F295,3,3
C004,C004_F297,1,0
C004,C004_F298,0,0
C004,C004_F299,1,1
C004,C004_F300,1,0
C004,C004_F301,2,0
C004,C004_F302,0,0
C004,C004_F303,1,1
C004,C004_F304,0,1
C004,C004_F305,1,0
C004,C004_F306,0,1
C004,C004_F307,1,0
C004,C004_F308,1,0
C004,C004_F309,0,0
C004,C004_F310,1,0
C004,C004_F312,1,0
C004,C004_F313,1,1
C004,C004_F314,0,0
C004,C004_F316,0,1
C004,C004_F317,0,1
C004,C004_F318,1,0
C004,C004_F319,0,1
C004,C004_F320,1,0
C004,C004_F321,2,3
C004,C004_F322,1,0
C004,C004_F323,1,0
C004,C004_F324,0,2
C004,C004_F325,0,1
C004,C004_F326,0,0
C004,C004_F327,0,0
C004,C004_F328,0,2
C004,C004_F329,2,0
C004,C004_F330,0,0
C004,C004_F331,0,0
C004,C004_F332,0,1
C004,C004_F333,2,0
C004,C004_F334,2,0
C004,C004_F335,2,1
C004,C004_F336,1,0
C004,C004_F337,1,1
C004,C004_F338,0,1
C004,C004_F339,1,2
C004,C004_F340,0,0
C004,C004_F341,1,0
C004,C004_F342,1,0
C004,C004_F343,3,0
C004,C004_F345,2,1
C004,C004_F346,0,0
C004,C004_F347,0,0
C004,C004_F348,4,1
C004,C004_F349,5,0
C004,C004_F350,3,0
C004,C004_F351,2,0
C004,C004_F352,1,1
C004,C004_F353,1,0
C004,C004_F354,1,0
C004,C004_F355,0,0
C004,C004_F356,3,1
C004,C004_F357,1,0
C004,C004_F358,0,1
C004,C004_F359,1,1
C004,C004_F360,1,1
C004,C004_F361,2,1
C004,C004_F362,0,1
C004,C004_F364,1,0
C004,C004_F366,0,1
C004,C004_F367,0,0
C004,C004_F368,1,0
C004,C004_F369,1,0
C004,C004_F370,0,1
C004,C004_F371,2,0
C004,C004_F372,1,0
C004,C004_F373,1,0
C004,C004_F374,0,1
C004,C004_F375,0,0
C004,C004_F376,0,0
C004,C004_F377,1,0
C004,C004_F378,0,1
C004,C004_F379,1,0
C004,C004_F380,2,0
C006,C006_F001,1,0
C006,C006_F002,1,0
C006,C006_F003,1,0
C006,C006_F005,1,0
C006,C006_F006,1,1
C006,C006_F007,1,0
C006,C006_F008,3,1
C006,C006_F009,1,1
C006,C006_F010,3,1
C006,C006_F011,1,1
C006,C006_F012,1,0
C006,C006_F014,3,1
C006,C006_F015,0,0
C006,C006_F016,0,1
C006,C006_F017,0,0
C006,C006_F018,0,1
C006,C006_F019,1,0
C006,C006_F020,2,0
C006,C006_F021,2,0
C006,C006_F022,0,1
C006,C006_F023,1,0
C006,C006_F024,1,1
C006,C006_F025,0,1
C006,C006_F026,0,3
C006,C006_F027,0,0
C006,C006_F028,0,0
C006,C006_F029,2,0
C006,C006_F030,0,2
C006,C006_F031,2,2
C006,C006_F032,1,0
C006,C006_F033,0,2
C006,C006_F034,1,1
C006,C006_F035,0,0
C006,C006_F036,1,0
C006,C006_F037,2,2
C006,C006_F038,0,1
C006,C006_F039,0,1
C006,C006_F040,2,1
C006,C006_F041,0,0
C006,C006_F042,0,0
C006,C006_F043,0,0
C006,C006_F044,0,1
C006,C006_F045,1,0
C006,C006_F046,2,0
C006,C006_F047,0,3
C006,C006_F049,3,0
C006,C006_F050,2,1
C006,C006_F051,2,0
C006,C006_F052,1,1
C006,C006_F053,0,1
C006,C006_F054,2,1
C006,C006_F056,1,0
C006,C006_F057,1,1
C006,C006_F058,0,2
C006,C006_F059,1,0
C006,C006_F060,1,0
C006,C006_F061,0,0
C006,C006_F062,0,1
C006,C006_F063,3,1
C006,C006_F064,1,0
C006,C006_F066,0,0
C006,C006_F067,1,0
C006,C006_F068,3,0
C006,C006_F069,0,0
C006,C006_F070,0,1
C006,C006_F071,1,2
C006,C006_F072,0,1
C006,C006_F073,2,2
C006,C006_F074,0,1
C006,C006_F075,0,1
C006,C006_F076,0,1
C006,C006_F077,1,0
C006,C006_F078,0,1
C006,C006_F079,1,1
C006,C006_F080,0,0
C006,C006_F081,0,0
C006,C006_F082,1,1
C006,C006_F083,0,1
C006,C006_F084,1,0
C006,C006_F085,1,1
C006,C006_F086,1,1
C006,C006_F087,0,1
C006,C006_F088,0,1
C006,C006_F089,1,1
C006,C006_F090,3,0
C006,C006_F091,1,1
C006,C006_F092,0,0
C006,C006_F093,0,0
C006,C006_F094,1,0
C006,C006_F095,2,3
C006,C006_F097,2,1
C006,C006_F098,0,1
C006,C006_F099,0,0
C006,C006_F100,0,1
C006,C006_F101,0,1
C006,C006_F102,1,1
C006,C006_F103,0,1
C006,C006_F105,0,0
C006,C006_F106,2,0
C006,C006_F107,2,0
C006,C006_F108,0,0
C006,C006_F109,2,0
C006,C006_F110,1,0
C006,C006_F111,0,0
C006,C006_F112,2,1
C006,C006_F113,0,1
C006,C006_F114,2,0
C006,C006_F115,0,1
C006,C006_F116,0,0
C006,C006_F117,2,0
C006,C006_F118,1,1
C006,C006_F119,1,2
C006,C006_F120,0,0
C006,C006_F121,1,0
C006,C006_F122,0,1
C006,C006_F123,0,1
C006,C006_F124,2,1
C006,C006_F125,1,0
C006,C006_F126,3,0
C006,C006_F127,1,0
C006,C006_F128,2,0
C006,C006_F129,1,1
C006,C006_F130,1,0
C006,C006_F131,1,0
C006,C006_F132,1,0
C006,C006_F133,1,1
C006,C006_F134,1,1
C006,C006_F135,0,1
C006,C006_F136,2,2
C006,C006_F137,0,2
C006,C006_F138,2,0
C006,C006_F139,1,0
C006,C006_F140,1,1
C006,C006_F141,0,1
C006,C006_F142,1,2
C006,C006_F143,0,1
C006,C006_F144,0,1
C006,C006_F145,1,0
C006,C006_F146,0,1
C006,C006_F147,1,0
C006,C006_F148,1,0
C006,C006_F149,0,0
C006,C006_F150,1,1
C006,C006_F151,0,1
C006,C006_F152,0,1
C006,C006_F153,1,0
C006,C006_F154,0,0
C006,C006_F155,1,0
C006,C006_F156,1,0
C006,C006_F157,1,1
C006,C006_F158,0,0
C006,C006_F159,0,1
C006,C006_F161,1,0
C006,C006_F162,2,2
C006,C006_F163,0,2
C006,C006_F164,0,1
C006,C006_F165,0,1
C006,C006_F166,0,0
C006,C006_F167,2,0
C006,C006_F168,0,1
C006,C006_F169,1,0
C006,C006_F171,2,1
C006,C006_F172,2,1
C006,C006_F173,1,1
C006,C006_F174,1,0
C006,C006_F175,2,1
C006,C006_F176,0,1
C006,C006_F177,0,0
C006,C006_F178,0,0
C006,C006_F179,3,0
C006,C006_F180,0,0
C006,C006_F181,0,1
C006,C006_F182,1,2
C006,C006_F184,0,0
C006,C006_F185,0,1
C006,C006_F186,0,2
C006,C006_F187,1,0
C006,C006_F188,1,1
C006,C006_F189,2,1
C006,C006_F190,0,2
C006,C006_F191,0,0
C006,C006_F192,0,1
C006,C006_F193,0,2
C006,C006_F194,0,1
C006,C006_F195,0,1
C006,C006_F196,1,1
C006,C006_F197,1,2
C006,C006_F198,1,1
C006,C006_F199,0,2
C006,C006_F200,1,0
C006,C006_F201,1,1
C006,C006_F202,0,1
C006,C006_F203,1,1
C006,C006_F204,2,1
C006,C006_F205,1,0
C006,C006_F206,1,0
C006,C006_F207,2,2
C006,C006_F208,0,1
C006,C006_F209,1,0
C006,C006_F210,1,0
C006,C006_F211,0,1
C006,C006_F212,0,0
C006,C006_F213,0,1
C006,C006_F214,0,0
C006,C006_F215,2,1
C006,C006_F216,0,0
C006,C006_F217,0,0
C006,C006_F218,0,0
C006,C006_F219,1,0
C006,C006_F220,1,0
C006,C006_F221,1,0
C006,C006_F222,1,1
C006,C006_F223,0,0
C006,C006_F224,0,0
C006,C006_F225,0,1
C006,C006_F226,0,3
C006,C006_F227,1,0
C006,C006_F228,1,0
C006,C006_F229,0,1
C006,C006_F230,1,1
C006,C006_F231,3,0
C006,C006_F233,0,0
C006,C006_F234,0,0
C006,C006_F235,0,1
C006,C006_F236,1,0
C006,C006_F237,3,0
C006,C006_F238,0,1
C006,C006_F239,2,0
C006,C006_F240,0,0
C006,C006_F241,1,2
C006,C006_F242,0,1
C006,C006_F244,1,1
C006,C006_F245,0,0
C006,C006_F246,1,0
C006,C006_F248,0,0
C006,C006_F249,1,1
C006,C006_F250,0,0
C006,C006_F252,1,0
C006,C006_F253,0,1
C006,C006_F254,0,0
C006,C006_F256,1,0
C006,C006_F257,0,0
C006,C006_F258,2,0
C006,C006_F259,0,0
C006,C006_F260,0,0
C006,C006_F261,2,1
C006,C006_F262,0,0
C006,C006_F263,0,3
C006,C006_F264,0,1
C006,C006_F265,1,2
C006,C006_F266,0,0
C006,C006_F267,3,0
C006,C006_F268,1,0
C006,C006_F269,0,1
C006,C006_F270,1,3
C006,C006_F271,0,0
C006,C006_F272,1,0
C006,C006_F273,2,1
C006,C006_F274,0,0
C006,C006_F275,0,0
C006,C006_F276,1,1
C006,C006_F277,0,1
C006,C006_F278,0,1
C006,C006_F279,1,0
C006,C006_F280,0,0
C006,C006_F281,0,0
C006,C006_F282,1,2
C006,C006_F283,0,0
C006,C006_F284,1,1
C006,C006_F285,1,1
C006,C006_F286,0,2
C006,C006_F287,2,2
C006,C006_F288,1,0
C006,C006_F289,1,0
C006,C006_F290,0,0
C006,C006_F291,0,0
C006,C006_F292,2,1
C006,C006_F293,0,0
C006,C006_F295,1,2
C006,C006_F296,0,1
C006,C006_F297,3,0
C006,C006_F298,1,0
C006,C006_F299,0,0
C006,C006_F300,1,0
C006,C006_F301,0,0
C006,C006_F303,1,0
C006,C006_F304,0,0
C006,C006_F305,0,0
C006,C006_F306,1,2
C006,C006_F307,1,1
C006,C006_F308,0,0
C006,C006_F309,1,1
C006,C006_F310,0,2
C006,C006_F311,1,0
C006,C006_F312,1,1
C006,C006_F313,1,0
C006,C006_F314,0,0
C006,C006_F316,0,0
C006,C006_F317,3,0
C006,C006_F319,0,1
C006,C006_F320,1,0
C006,C006_F321,1,0
C006,C006_F322,1,0
C006,C006_F323,0,0
C006,C006_F324,0,2
C006,C006_F325,3,0
C006,C006_F326,0,1
C006,C006_F327,0,0
C006,C006_F328,0,3
C006,C006_F329,2,1
C006,C006_F330,1,1
C006,C006_F331,1,2
C006,C006_F332,2,0
C006,C006_F333,0,0
C006,C006_F334,1,0
C006,C006_F335,0,0
C006,C006_F336,2,1
C006,C006_F337,0,0
C006,C006_F338,0,1
C006,C006_F339,0,2
C006,C006_F340,0,0
C006,C006_F341,0,0
C006,C006_F344,0,2
C006,C006_F345,0,1
C006,C006_F346,2,0
C006,C006_F347,0,1
C006,C006_F348,1,0
C006,C006_F349,0,0
C006,C006_F350,0,0
C006,C006_F351,0,0
C006,C006_F352,0,0
C006,C006_F354,1,3
C006,C006_F356,1,0
C006,C006_F357,1,0
C006,C006_F358,0,0
C006,C006_F359,0,0
C006,C006_F360,0,1
C006,C006_F361,0,0
C006,C006_F362,1,0
C006,C006_F363,1,1
C006,C006_F364,1,2
C006,C006_F365,1,2
C006,C006_F366,0,0
C006,C006_F367,0,1
C006,C006_F368,1,0
C006,C006_F369,3,0
C006,C006_F371,1,2
C006,C006_F372,0,0
C006,C006_F373,2,0
C006,C006_F374,0,0
C006,C006_F375,0,1
C006,C006_F376,0,1
C006,C006_F377,1,0
C006,C006_F378,0,1
C006,C006_F379,2,0
C006,C006_F380,1,0
C007,C007_F001,0,0
C007,C007_F002,0,2
C007,C007_F003,1,1
C007,C007_F004,0,1
C007,C007_F005,0,2
C007,C007_F006,0,0
C007,C007_F007,2,0
C007,C007_F008,1,0
C007,C007_F009,0,2
C007,C007_F010,1,0
C007,C007_F011,0,1
C007,C007_F012,0,0
C007,C007_F013,2,0
C007,C007_F014,2,0
C007,C007_F015,0,1
C007,C007_F016,0,1
C007,C007_F017,1,0
C007,C007_F018,2,0
C007,C007_F019,1,1
C007,C007_F020,0,1
C007,C007_F021,0,0
C007,C007_F022,0,1
C007,C007_F023,1,0
C007,C007_F024,0,0
C007,C007_F025,1,0
C007,C007_F026,1,0
C007,C007_F027,1,1
C007,C007_F028,1,0
C007,C007_F029,1,0
C007,C007_F030,1,0
C007,C007_F031,1,1
C007,C007_F032,0,1
C007,C007_F033,0,1
C007,C007_F034,1,0
C007,C007_F035,0,4
C007,C007_F036,1,0
C007,C007_F037,1,1
C007,C007_F038,1,0
C007,C007_F039,0,1
C007,C007_F040,0,0
C007,C007_F041,1,0
C007,C007_F042,1,1
C007,C007_F043,0,0
C007,C007_F044,1,0
C007,C007_F045,1,0
C007,C007_F046,0,0
C007,C007_F047,0,0
C007,C007_F048,1,1
C007,C007_F049,0,0
C007,C007_F050,1,1
C007,C007_F051,0,0
C007,C007_F052,0,0
C007,C007_F053,1,1
C007,C007_F054,1,0
C007,C007_F055,4,0
C007,C007_F056,0,0
C007,C007_F057,1,0
C007,C007_F059,0,0
C007,C007_F060,0,0
C007,C007_F061,5,1
C007,C007_F062,1,1
C007,C007_F063,2,1
C007,C007_F064,1,0
C007,C007_F066,1,1
C007,C007_F067,0,1
C007,C007_F068,1,0
C007,C007_F069,1,0
C007,C007_F070,0,1
C007,C007_F071,1,1
C007,C007_F073,2,1
C007,C007_F074,1,0
C007,C007_F075,0,0
C007,C007_F076,3,0
C007,C007_F077,0,1
C007,C007_F078,0,0
C007,C007_F079,1,2
C007,C007_F080,0,0
C007,C007_F081,1,0
C007,C007_F082,0,1
C007,C007_F083,1,0
C007,C007_F084,0,0
C007,C007_F085,1,1
C007,C007_F086,3,0
C007,C007_F087,0,0
C007,C007_F088,1,1
C007,C007_F089,0,0
C007,C007_F090,1,1
C007,C007_F091,0,0
C007,C007_F092,1,0
C007,C007_F093,0,1
C007,C007_F094,1,0
C007,C007_F095,0,0
C007,C007_F096,2,0
C007,C007_F097,0,3
C007,C007_F098,0,3
C007,C007_F099,1,1
C007,C007_F100,1,0
C007,C007_F102,1,0
C007,C007_F103,1,0
C007,C007_F104,1,2
C007,C007_F105,0,0
C007,C007_F106,3,0
C007,C007_F107,1,1
C007,C007_F108,1,0
C007,C007_F109,1,1
C007,C007_F110,0,1
C007,C007_F111,0,0
C007,C007_F112,2,3
C007,C007_F113,2,0
C007,C007_F114,1,1
C007,C007_F116,1,1
C007,C007_F117,1,0
C007,C007_F118,1,0
C007,C007_F119,0,2
C007,C007_F120,1,0
C007,C007_F121,1,1
C007,C007_F122,1,1
C007,C007_F125,0,1
C007,C007_F126,1,0
C007,C007_F127,0,0
C007,C007_F128,2,2
C007,C007_F129,1,0
C007,C007_F130,1,1
C007,C007_F131,1,0
C007,C007_F132,0,0
C007,C007_F133,0,0
C007,C007_F135,1,1
C007,C007_F136,0,1
C007,C007_F137,2,2
C007,C007_F138,1,1
C007,C007_F139,2,0
C007,C007_F140,1,1
C007,C007_F141,1,0
C007,C007_F142,0,1
C007,C007_F143,1,0
C007,C007_F144,1,1
C007,C007_F145,1,0
C007,C007_F146,1,1
C007,C007_F147,0,1
C007,C007_F148,0,0
C007,C007_F149,1,0
C007,C007_F150,0,0
C007,C007_F151,1,0
C007,C007_F152,2,0
C007,C007_F153,1,0
C007,C007_F154,1,1
C007,C007_F155,0,0
C007,C007_F156,1,0
C007,C007_F158,0,1
C007,C007_F159,4,0
C007,C007_F160,0,0
C007,C007_F161,1,1
C007,C007_F162,1,0
C007,C007_F163,0,0
C007,C007_F164,0,1
C007,C007_F165,0,1
C007,C007_F166,0,1
C007,C007_F167,0,1
C007,C007_F169,1,1
C007,C007_F170,2,2
C007,C007_F171,1,0
C007,C007_F172,0,0
C007,C007_F173,0,1
C007,C007_F175,1,1
C007,C007_F176,0,0
C007,C007_F177,0,0
C007,C007_F178,1,0
C007,C007_F179,0,2
C007,C007_F180,1,0
C007,C007_F181,1,0
C007,C007_F182,1,0
C007,C007_F183,0,1
C007,C007_F184,2,1
C007,C007_F185,1,1
C007,C007_F186,0,2
C007,C007_F187,1,1
C007,C007_F188,1,0
C007,C007_F189,0,0
C007,C007_F190,0,0
C007,C007_F191,1,1
C007,C007_F192,0,0
C007,C007_F193,0,1
C007,C007_F194,4,0
C007,C007_F195,0,0
C007,C007_F196,1,1
C007,C007_F197,0,0
C007,C007_F198,2,0
C007,C007_F199,0,1
C007,C007_F200,0,1
C007,C007_F201,1,1
C007,C007_F202,1,2
C007,C007_F203,0,0
C007,C007_F204,1,0
C007,C007_F205,1,2
C007,C007_F206,1,0
C007,C007_F207,1,0
C007,C007_F209,1,2
C007,C007_F210,1,1
C007,C007_F211,1,1
C007,C007_F212,0,1
C007,C007_F213,0,0
C007,C007_F214,1,0
C007,C007_F215,1,1
C007,C007_F216,0,0
C007,C007_F217,3,0
C007,C007_F218,0,0
C007,C007_F219,0,0
C007,C007_F221,1,0
C007,C007_F222,1,0
C007,C007_F223,0,1
C007,C007_F224,1,0
C007,C007_F225,2,1
C007,C007_F226,0,0
C007,C007_F227,1,1
C007,C007_F228,0,0
C007,C007_F229,0,0
C007,C007_F230,0,0
C007,C007_F231,1,0
C007,C007_F232,0,1
C007,C007_F233,1,3
C007,C007_F234,1,0
C007,C007_F235,0,1
C007,C007_F236,2,1
C007,C007_F237,3,1
C007,C007_F238,2,0
C007,C007_F239,1,0
C007,C007_F240,3,0
C007,C007_F241,1,1
C007,C007_F242,2,0
C007,C007_F243,2,0
C007,C007_F244,0,1
C007,C007_F245,0,0
C007,C007_F246,1,1
C007,C007_F247,1,2
C007,C007_F248,1,1
C007,C007_F249,2,1
C007,C007_F250,0,1
C007,C007_F251,0,1
C007,C007_F252,1,3
C007,C007_F253,0,0
C007,C007_F254,3,1
C007,C007_F255,2,0
C007,C007_F258,0,0
C007,C007_F259,0,1
C007,C007_F260,1,0
C007,C007_F261,1,0
C007,C007_F262,1,1
C007,C007_F263,0,1
C007,C007_F264,1,0
C007,C007_F265,0,0
C007,C007_F267,1,0
C007,C007_F268,0,0
C007,C007_F269,0,0
C007,C007_F270,1,0
C007,C007_F271,0,1
C007,C007_F273,1,0
C007,C007_F274,0,2
C007,C007_F275,0,0
C007,C007_F276,0,2
C007,C007_F277,1,0
C007,C007_F278,0,0
C007,C007_F279,0,0
C007,C007_F280,1,1
C007,C007_F282,2,1
C007,C007_F283,0,0
C007,C007_F284,1,0
C007,C007_F285,1,0
C007,C007_F286,1,1
C007,C007_F287,0,1
C007,C007_F288,0,2
C007,C007_F289,1,1
C007,C007_F290,4,1
C007,C007_F291,1,0
C007,C007_F292,0,1
C007,C007_F294,0,1
C007,C007_F295,0,2
C007,C007_F296,0,0
C007,C007_F297,1,0
C007,C007_F298,1,0
C007,C007_F299,1,0
C007,C007_F300,0,0
C007,C007_F301,1,1
C007,C007_F302,1,3
C007,C007_F303,0,0
C007,C007_F304,1,0
C007,C007_F305,0,0
C007,C007_F306,1,1
C007,C007_F307,0,2
C007,C007_F308,0,0
C007,C007_F309,4,0
C007,C007_F310,1,0
C007,C007_F311,1,1
C007,C007_F312,0,0
C007,C007_F313,1,0
C007,C007_F314,1,0
C007,C007_F315,1,0
C007,C007_F316,1,0
C007,C007_F317,0,1
C007,C007_F318,0,1
C007,C007_F319,0,0
C007,C007_F320,1,0
C007,C007_F321,2,0
C007,C007_F322,0,0
C007,C007_F323,1,0
C007,C007_F324,0,0
C007,C007_F325,1,0
C007,C007_F326,1,0
C007,C007_F327,0,1
C007,C007_F328,1,0
C007,C007_F329,0,1
C007,C007_F330,1,0
C007,C007_F331,0,0
C007,C007_F332,0,0
C007,C007_F333,1,1
C007,C007_F334,0,0
C007,C007_F336,0,0
C007,C007_F337,0,0
C007,C007_F338,0,0
C007,C007_F339,2,0
C007,C007_F340,0,0
C007,C007_F341,1,0
C007,C007_F342,0,0
C007,C007_F343,1,1
C007,C007_F344,2,1
C007,C007_F345,0,1
C007,C007_F346,1,0
C007,C007_F347,0,0
C007,C007_F348,1,0
C007,C007_F349,0,0
C007,C007_F350,0,0
C007,C007_F351,0,1
C007,C007_F352,0,1
C007,C007_F353,0,1
C007,C007_F354,1,1
C007,C007_F355,1,1
C007,C007_F356,1,0
C007,C007_F357,2,0
C007,C007_F358,1,0
C007,C007_F359,2,0
C007,C007_F360,1,1
C007,C007_F361,0,2
C007,C007_F362,0,0
C007,C007_F363,0,0
C007,C007_F364,0,1
C007,C007_F366,2,0
C007,C007_F367,0,1
C007,C007_F368,1,2
C007,C007_F369,0,1
C007,C007_F370,1,1
C007,C007_F371,0,1
C007,C007_F372,2,0
C007,C007_F373,0,0
C007,C007_F374,0,0
C007,C007_F375,2,0
C007,C007_F376,1,0
C007,C007_F377,1,0
C007,C007_F378,0,2
C007,C007_F379,4,0
C007,C007_F380,1,2
C008,C008_F001,2,1
C008,C008_F002,2,2
C008,C008_F003,2,0
C008,C008_F004,2,1
C008,C008_F005,1,0
C008,C008_F006,1,1
C008,C008_F007,2,1
C008,C008_F008,0,1
C008,C008_F009,0,3
C008,C008_F010,2,0
C008,C008_F011,1,1
C008,C008_F013,1,1
C008,C008_F014,0,1
C008,C008_F015,1,0
C008,C008_F018,0,0
C008,C008_F019,1,1
C008,C008_F020,1,1
C008,C008_F021,0,1
C008,C008_F022,1,1
C008,C008_F023,0,1
C008,C008_F024,0,0
C008,C008_F025,0,0
C008,C008_F026,1,3
C008,C008_F027,0,4
C008,C008_F028,1,0
C008,C008_F029,0,0
C008,C008_F030,0,1
C008,C008_F031,0,0
C008,C008_F032,1,1
C008,C008_F033,2,0
C008,C008_F034,2,0
C008,C008_F035,1,0
C008,C008_F036,1,0
C008,C008_F037,1,0
C008,C008_F038,0,1
C008,C008_F039,0,1
C008,C008_F040,0,2
C008,C008_F041,0,0
C008,C008_F042,0,1
C008,C008_F043,0,1
C008,C008_F044,1,0
C008,C008_F045,0,0
C008,C008_F046,0,1
C008,C008_F047,1,0
C008,C008_F048,2,0
C008,C008_F049,0,1
C008,C008_F050,0,1
C008,C008_F051,0,1
C008,C008_F053,1,0
C008,C008_F054,1,0
C008,C008_F055,1,1
C008,C008_F056,0,0
C008,C008_F057,2,0
C008,C008_F058,1,1
C008,C008_F059,1,1
C008,C008_F060,2,0
C008,C008_F061,0,1
C008,C008_F062,0,3
C008,C008_F063,0,1
C008,C008_F065,1,1
C008,C008_F066,0,1
C008,C008_F067,1,0
C008,C008_F068,0,2
C008,C008_F069,0,1
C008,C008_F070,0,0
C008,C008_F071,0,0
C008,C008_F073,0,0
C008,C008_F074,1,1
C008,C008_F075,0,1
C008,C008_F076,0,0
C008,C008_F077,2,1
C008,C008_F078,0,1
C008,C008_F079,0,0
C008,C008_F080,0,3
C008,C008_F081,0,1
C008,C008_F082,0,2
C008,C008_F083,0,0
C008,C008_F084,0,0
C008,C008_F085,1,0
C008,C008_F086,1,1
C008,C008_F087,1,0
C008,C008_F088,1,0
C008,C008_F089,1,0
C008,C008_F090,0,1
C008,C008_F091,0,2
C008,C008_F092,1,2
C008,C008_F093,0,0
C008,C008_F094,0,1
C008,C008_F095,0,0
C008,C008_F096,3,0
C008,C008_F097,2,1
C008,C008_F098,0,0
C008,C008_F099,2,1
C008,C008_F100,0,1
C008,C008_F101,0,1
C008,C008_F102,0,0
C008,C008_F103,2,0
C008,C008_F104,0,1
C008,C008_F105,1,1
C008,C008_F107,1,0
C008,C008_F108,0,1
C008,C008_F110,0,1
C008,C008_F111,0,1
C008,C008_F112,1,0
C008,C008_F114,1,0
C008,C008_F115,1,0
C008,C008_F116,1,0
C008,C008_F117,1,2
C008,C008_F118,1,1
C008,C008_F119,0,3
C008,C008_F120,0,0
C008,C008_F121,1,1
C008,C008_F122,0,0
C008,C008_F124,2,3
C008,C008_F125,1,0
C008,C008_F126,0,0
C008,C008_F128,2,1
C008,C008_F130,0,0
C008,C008_F131,0,1
C008,C008_F132,1,2
C008,C008_F133,0,3
C008,C008_F134,2,1
C008,C008_F135,0,1
C008,C008_F137,1,0
C008,C008_F138,2,0
C008,C008_F140,0,1
C008,C008_F141,0,1
C008,C008_F142,0,2
C008,C008_F143,0,0
C008,C008_F145,0,0
C008,C008_F146,1,1
C008,C008_F147,0,0
C008,C008_F148,0,0
C008,C008_F149,1,0
C008,C008_F150,1,0
C008,C008_F151,1,0
C008,C008_F152,0,1
C008,C008_F154,0,0
C008,C008_F155,0,0
C008,C008_F156,1,0
C008,C008_F157,0,0
C008,C008_F158,1,0
C008,C008_F160,0,0
C008,C008_F161,1,1
C008,C008_F162,0,0
C008,C008_F163,1,2
C008,C008_F164,0,0
C008,C008_F165,2,1
C008,C008_F166,1,0
C008,C008_F167,1,0
C008,C008_F168,1,0
C008,C008_F169,0,2
C008,C008_F170,0,1
C008,C008_F172,1,0
C008,C008_F173,1,1
C008,C008_F174,1,0
C008,C008_F175,1,1
C008,C008_F176,1,0
C008,C008_F177,1,1
C008,C008_F178,1,0
C008,C008_F179,1,1
C008,C008_F180,2,0
C008,C008_F181,0,0
C008,C008_F182,1,1
C008,C008_F183,1,2
C008,C008_F184,0,1
C008,C008_F185,2,1
C008,C008_F186,1,1
C008,C008_F187,1,0
C008,C008_F188,0,0
C008,C008_F189,1,0
C008,C008_F191,1,0
C008,C008_F192,1,0
C008,C008_F193,0,0
C008,C008_F194,0,1
C008,C008_F195,0,1
C008,C008_F196,0,1
C008,C008_F197,3,0
C008,C008_F199,1,0
C008,C008_F200,0,1
C008,C008_F201,1,0
C008,C008_F202,2,0
C008,C008_F203,2,2
C008,C008_F204,0,0
C008,C008_F205,1,0
C008,C008_F206,0,1
C008,C008_F207,0,0
C008,C008_F209,0,2
C008,C008_F210,0,0
C008,C008_F211,0,1
C008,C008_F212,0,2
C008,C008_F215,3,0
C008,C008_F216,0,0
C008,C008_F217,0,0
C008,C008_F218,2,0
C008,C008_F219,0,2
C008,C008_F220,1,1
C008,C008_F222,0,0
C008,C008_F223,0,0
C008,C008_F224,1,1
C008,C008_F225,2,0
C008,C008_F226,1,0
C008,C008_F227,0,0
C008,C008_F228,2,0
C008,C008_F229,0,0
C008,C008_F230,0,1
C008,C008_F231,2,1
C008,C008_F232,0,0
C008,C008_F233,1,1
C008,C008_F234,0,1
C008,C008_F235,1,0
C008,C008_F236,0,0
C008,C008_F237,1,0
C008,C008_F238,2,0
C008,C008_F239,0,1
C008,C008_F240,2,0
C008,C008_F241,0,0
C008,C008_F242,0,0
C008,C008_F243,1,1
C008,C008_F244,2,2
C008,C008_F245,0,0
C008,C008_F246,0,0
C008,C008_F247,0,1
C008,C008_F248,1,0
C008,C008_F249,0,1
C008,C008_F250,0,1
C008,C008_F251,0,0
C008,C008_F252,0,0
C008,C008_F254,0,0
C008,C008_F255,3,1
C008,C008_F256,1,1
C008,C008_F257,2,0
C008,C008_F258,1,0
C008,C008_F260,0,0
C008,C008_F261,0,2
C008,C008_F262,2,0
C008,C008_F263,1,1
C008,C008_F264,0,0
C008,C008_F265,0,1
C008,C008_F266,0,1
C008,C008_F267,1,0
C008,C008_F268,0,1
C008,C008_F269,0,0
C008,C008_F270,1,0
C008,C008_F272,3,0
C008,C008_F273,1,2
C008,C008_F274,1,0
C008,C008_F275,1,2
C008,C008_F276,0,1
C008,C008_F277,0,1
C008,C008_F278,1,0
C008,C008_F279,0,0
C008,C008_F280,1,0
C008,C008_F281,0,0
C008,C008_F282,1,1
C008,C008_F283,1,1
C008,C008_F284,1,0
C008,C008_F285,2,2
C008,C008_F286,0,1
C008,C008_F287,0,2
C008,C008_F288,1,0
C008,C008_F289,1,0
C008,C008_F290,0,0
C008,C008_F291,1,0
C008,C008_F292,1,0
C008,C008_F293,2,0
C008,C008_F294,0,0
C008,C008_F295,2,0
C008,C008_F296,1,0
C008,C008_F297,1,0
C008,C008_F298,1,0
C008,C008_F299,1,1
C008,C008_F300,1,0
C008,C008_F301,0,1
C008,C008_F302,1,0
C008,C008_F304,0,1
C008,C008_F305,1,0
C008,C008_F306,0,0
C009,C009_F001,1,0
C009,C009_F002,0,0
C009,C009_F003,0,0
C009,C009_F004,1,0
C009,C009_F005,1,1
C009,C009_F006,0,1
C009,C009_F007,0,2
C009,C009_F008,1,0
C009,C009_F009,0,0
C009,C009_F010,1,1
C009,C009_F011,1,0
C009,C009_F012,1,0
C009,C009_F013,0,1
C009,C009_F014,1,2
C009,C009_F015,0,0
C009,C009_F016,1,2
C009,C009_F018,1,0
C009,C009_F019,0,1
C009,C009_F020,1,1
C009,C009_F021,2,1
C009,C009_F022,1,1
C009,C009_F023,0,1
C009,C009_F024,0,0
C009,C009_F025,1,1
C009,C009_F026,0,1
C009,C009_F027,0,0
C009,C009_F028,2,1
C009,C009_F029,0,0
C009,C009_F030,1,1
C009,C009_F031,0,1
C009,C009_F032,1,0
C009,C009_F033,1,0
C009,C009_F034,0,0
C009,C009_F035,0,1
C009,C009_F036,0,0
C009,C009_F037,2,0
C009,C009_F039,0,1
C009,C009_F040,4,1
C009,C009_F042,0,0
C009,C009_F043,1,0
C009,C009_F044,0,0
C009,C009_F045,2,0
C009,C009_F046,0,0
C009,C009_F047,1,0
C009,C009_F048,2,0
C009,C009_F049,1,0
C009,C009_F050,0,3
C009,C009_F051,0,0
C009,C009_F052,0,0
C009,C009_F053,1,1
C009,C009_F054,0,0
C009,C009_F055,3,0
C009,C009_F056,0,0
C009,C009_F057,0,0
C009,C009_F058,0,0
C009,C009_F059,0,0
C009,C009_F060,1,0
C009,C009_F061,0,0
C009,C009_F062,0,1
C009,C009_F063,2,0
C009,C009_F064,1,0
C009,C009_F065,1,1
C009,C009_F066,1,1
C009,C009_F067,1,1
C009,C009_F068,1,0
C009,C009_F069,0,1
C009,C009_F070,0,0
C009,C009_F071,0,2
C009,C009_F072,0,1
C009,C009_F073,1,0
C009,C009_F074,0,1
C009,C009_F075,0,1
C009,C009_F076,0,0
C009,C009_F077,0,2
C009,C009_F078,1,2
C009,C009_F079,0,0
C009,C009_F080,2,1
C009,C009_F081,0,0
C009,C009_F082,1,0
C009,C009_F083,1,0
C009,C009_F085,1,0
C009,C009_F086,1,1
C009,C009_F087,2,0
C009,C009_F088,0,0
C009,C009_F090,1,0
C009,C009_F091,2,0
C009,C009_F093,0,0
C009,C009_F094,0,1
C009,C009_F095,2,0
C009,C009_F096,0,0
C009,C009_F099,1,2
C009,C009_F100,2,0
C009,C009_F101,1,2
C009,C009_F102,1,0
C009,C009_F103,0,0
C009,C009_F104,1,0
C009,C009_F105,1,1
C009,C009_F106,1,0
C009,C009_F107,0,0
C009,C009_F108,0,2
C009,C009_F110,2,1
C009,C009_F111,2,1
C009,C009_F112,1,1
C009,C009_F113,0,0
C009,C009_F114,1,2
C009,C009_F115,0,0
C009,C009_F116,2,0
C009,C009_F117,0,0
C009,C009_F118,1,1
C009,C009_F119,0,0
C009,C009_F120,2,0
C009,C009_F121,3,0
C009,C009_F122,0,1
C009,C009_F123,0,0
C009,C009_F124,1,1
C009,C009_F125,1,0
C009,C009_F126,0,1
C009,C009_F127,2,0
C009,C009_F128,0,0
C009,C009_F129,2,0
C009,C009_F130,0,1
C009,C009_F131,0,0
C009,C009_F132,1,2
C009,C009_F133,0,1
C009,C009_F134,0,0
C009,C009_F135,1,2
C009,C009_F137,1,0
C009,C009_F138,2,0
C009,C009_F139,1,0
C009,C009_F140,0,0
C009,C009_F141,2,1
C009,C009_F142,1,0
C009,C009_F143,2,0
C009,C009_F144,0,0
C009,C009_F146,0,0
C009,C009_F147,1,1
C009,C009_F148,2,1
C009,C009_F149,1,0
C009,C009_F150,3,0
C009,C009_F151,0,0
C009,C009_F152,2,0
C009,C009_F153,0,0
C009,C009_F154,0,2
C009,C009_F155,0,0
C009,C009_F156,0,1
C009,C009_F157,0,2
C009,C009_F158,1,1
C009,C009_F159,1,2
C009,C009_F160,0,0
C009,C009_F161,1,0
C009,C009_F162,0,1
C009,C009_F163,1,0
C009,C009_F164,0,1
C009,C009_F166,1,0
C009,C009_F167,0,2
C009,C009_F168,1,0
C009,C009_F169,1,0
C009,C009_F170,0,0
C009,C009_F171,0,1
C009,C009_F172,1,0
C009,C009_F173,0,1
C009,C009_F175,0,2
C009,C009_F176,0,0
C009,C009_F177,0,0
C009,C009_F178,0,0
C009,C009_F179,0,1
C009,C009_F180,3,0
C009,C009_F181,0,0
C009,C009_F183,0,0
C009,C009_F184,0,2
C009,C009_F185,0,0
C009,C009_F186,3,0
C009,C009_F187,1,1
C009,C009_F188,1,0
C009,C009_F189,0,0
C009,C009_F190,0,1
C009,C009_F191,0,0
C009,C009_F192,1,0
C009,C009_F193,2,0
C009,C009_F194,1,1
C009,C009_F196,2,1
C009,C009_F197,0,0
C009,C009_F198,1,0
C009,C009_F199,1,1
C009,C009_F200,1,1
C009,C009_F201,1,0
C009,C009_F202,0,1
C009,C009_F203,0,0
C009,C009_F204,1,1
C009,C009_F207,1,0
C009,C009_F208,1,0
C009,C009_F209,3,0
C009,C009_F210,3,0
C009,C009_F211,0,0
C009,C009_F212,3,0
C009,C009_F214,2,0
C009,C009_F215,2,0
C009,C009_F216,0,1
C009,C009_F217,0,0
C009,C009_F218,0,0
C009,C009_F219,0,1
C009,C009_F220,1,0
C009,C009_F221,2,0
C009,C009_F222,3,0
C009,C009_F223,0,0
C009,C009_F224,1,0
C009,C009_F225,0,0
C009,C009_F227,1,1
C009,C009_F228,2,0
C009,C009_F230,0,1
C009,C009_F231,0,1
C009,C009_F233,1,1
C009,C009_F234,0,1
C009,C009_F235,0,1
C009,C009_F236,3,0
C009,C009_F238,0,1
C009,C009_F239,1,0
C009,C009_F240,0,3
C009,C009_F241,1,1
C009,C009_F242,1,0
C009,C009_F243,0,1
C009,C009_F244,0,0
C009,C009_F245,0,0
C009,C009_F246,2,1
C009,C009_F248,0,1
C009,C009_F251,0,0
C009,C009_F252,0,2
C009,C009_F253,0,0
C009,C009_F254,3,0
C009,C009_F255,1,0
C009,C009_F256,0,0
C009,C009_F257,0,1
C009,C009_F258,1,0
C009,C009_F259,0,0
C009,C009_F260,1,0
C009,C009_F261,0,2
C009,C009_F262,4,0
C009,C009_F263,0,0
C009,C009_F264,0,0
C009,C009_F265,0,0
C009,C009_F266,1,0
C009,C009_F267,2,0
C009,C009_F269,1,0
C009,C009_F272,2,0
C009,C009_F273,1,0
C009,C009_F274,1,0
C009,C009_F275,1,0
C009,C009_F276,0,1
C009,C009_F277,2,0
C009,C009_F279,2,0
C009,C009_F280,1,1
C009,C009_F281,1,0
C009,C009_F282,0,0
C009,C009_F283,5,1
C009,C009_F284,1,2
C009,C009_F285,1,1
C009,C009_F286,4,1
C009,C009_F287,1,0
C009,C009_F288,1,0
C009,C009_F289,0,1
C009,C009_F290,0,1
C009,C009_F291,0,1
C009,C009_F292,0,0
C009,C009_F293,0,0
C009,C009_F294,1,0
C009,C009_F295,1,0
C009,C009_F296,3,0
C009,C009_F297,0,0
C009,C009_F298,0,0
C009,C009_F299,3,2
C009,C009_F300,0,0
C009,C009_F301,0,1
C009,C009_F302,0,0
C009,C009_F303,2,1
C009,C009_F304,1,1
C009,C009_F305,0,0
C009,C009_F306,1,2
C009,C009_F307,0,0
C009,C009_F308,0,0
C009,C009_F309,0,1
C009,C009_F310,1,1
C009,C009_F311,2,0
C009,C009_F313,1,0
C009,C009_F314,0,2
C009,C009_F315,0,0
C009,C009_F316,2,1
C009,C009_F317,0,1
C009,C009_F318,2,0
C009,C009_F319,0,0
C009,C009_F320,1,1
C009,C009_F321,0,1
C009,C009_F322,1,3
C009,C009_F323,0,0
C009,C009_F324,0,0
C009,C009_F325,0,0
C009,C009_F326,0,0
C009,C009_F327,0,0
C009,C009_F328,1,0
C009,C009_F329,0,1
C009,C009_F330,0,0
C009,C009_F331,0,2
C009,C009_F332,0,1
C009,C009_F333,0,0
C009,C009_F336,0,0
C009,C009_F337,1,0
C009,C009_F338,1,1
C009,C009_F340,0,0
C009,C009_F341,0,0
C009,C009_F342,0,0
C009,C009_F343,0,1
C009,C009_F344,0,1
C009,C009_F345,1,2
C009,C009_F346,1,0
C009,C009_F347,1,0
C009,C009_F348,0,2
C009,C009_F349,0,1
C009,C009_F350,0,0
C009,C009_F351,0,0
C009,C009_F352,2,1
C009,C009_F353,2,0
C009,C009_F354,0,0
C009,C009_F355,1,0
C009,C009_F357,1,0
C009,C009_F358,1,1
C009,C009_F359,0,0
C009,C009_F360,0,0
C009,C009_F361,0,1
C009,C009_F362,1,1
C009,C009_F363,0,1
C009,C009_F364,0,0
C009,C009_F365,1,0
C009,C009_F368,2,2
C009,C009_F369,0,1
C009,C009_F370,3,1
C009,C009_F371,2,1
C009,C009_F372,2,0
C009,C009_F373,1,0
C009,C009_F375,1,1
C009,C009_F376,1,1
C009,C009_F377,0,0
C009,C009_F378,2,1
C009,C009_F379,2,0
C009,C009_F380,3,0
C009,C009_F381,1,0
C009,C009_F382,1,1
C009,C009_F383,0,1
C009,C009_F384,0,0
C009,C009_F385,0,0
C009,C009_F386,0,1
C009,C009_F387,0,1
C009,C009_F388,1,1
C009,C009_F389,0,0
C009,C009_F390,0,1
C009,C009_F391,0,0
C009,C009_F393,1,0
C009,C009_F394,0,0
C009,C009_F395,0,0
C009,C009_F396,1,0
C009,C009_F397,0,0
C009,C009_F398,0,2
C009,C009_F399,0,1
C009,C009_F400,2,0
C009,C009_F401,2,0
C009,C009_F402,1,0
C009,C009_F403,0,2
C009,C009_F405,1,3
C009,C009_F406,1,0
C009,C009_F407,1,0
C009,C009_F408,2,0
C009,C009_F409,0,1
C009,C009_F410,1,0
C009,C009_F413,1,0
C009,C009_F414,1,0
C009,C009_F415,2,0
C009,C009_F416,1,1
C009,C009_F417,0,1
C009,C009_F418,1,1
C009,C009_F419,2,0
C009,C009_F420,1,0
C009,C009_F421,1,1
C009,C009_F422,0,1
C009,C009_F423,1,1
C009,C009_F424,1,1
C009,C009_F425,1,1
C009,C009_F426,0,0
C009,C009_F427,1,0
C009,C009_F428,0,1
C009,C009_F429,0,2
C009,C009_F430,0,0
C009,C009_F431,1,1
C009,C009_F432,2,0
C009,C009_F433,0,0
C009,C009_F434,2,4
C009,C009_F435,0,0
C009,C009_F436,0,0
C009,C009_F437,2,0
C009,C009_F438,1,0
C009,C009_F439,0,2
C009,C009_F440,1,1
C009,C009_F441,0,1
C009,C009_F442,1,3
C009,C009_F443,0,1
C009,C009_F444,0,2
C009,C009_F445,1,0
C009,C009_F446,1,1
C009,C009_F447,1,0
C009,C009_F448,0,1
C009,C009_F449,1,1
C009,C009_F450,2,1
C009,C009_F451,1,1
C009,C009_F453,0,1
C009,C009_F454,0,1
C009,C009_F455,0,1
C009,C009_F456,0,1
C009,C009_F457,1,0
C009,C009_F458,1,1
C009,C009_F459,0,1
C009,C009_F460,0,0
C009,C009_F461,0,1
C009,C009_F462,0,0
C009,C009_F463,0,0
C009,C009_F464,0,1
C009,C009_F465,0,0
C009,C009_F467,0,0
C009,C009_F468,0,0
C009,C009_F469,0,0
C009,C009_F470,1,0
C009,C009_F471,0,1
C009,C009_F472,1,0
C009,C009_F473,0,1
C009,C009_F474,2,0
C009,C009_F475,0,2
C009,C009_F476,1,0
C009,C009_F477,2,0
C009,C009_F478,2,0
C009,C009_F479,2,0
C009,C009_F480,0,0
C009,C009_F481,0,1
C009,C009_F482,0,3
C009,C009_F483,0,1
C009,C009_F484,0,0
C009,C009_F485,1,0
C009,C009_F487,0,0
C009,C009_F488,1,0
C009,C009_F489,0,0
C009,C009_F490,0,1
C009,C009_F492,0,0
C009,C009_F493,1,1
C009,C009_F494,0,0
C009,C009_F495,0,0
C009,C009_F496,0,1
C009,C009_F498,1,1
C009,C009_F499,0,2
C009,C009_F500,0,0
C009,C009_F501,0,1
C009,C009_F502,0,0
C009,C009_F503,0,0
C009,C009_F504,0,0
C009,C009_F505,1,3
C009,C009_F506,0,4
C009,C009_F507,0,1
C009,C009_F508,1,0
C009,C009_F509,1,2
C009,C009_F510,0,1
C009,C009_F511,1,0
C009,C009_F512,1,0
C009,C009_F513,0,0
C009,C009_F514,0,0
C009,C009_F515,0,0
C009,C009_F516,1,0
C009,C009_F517,1,0
C009,C009_F518,1,0
C009,C009_F519,1,0
C009,C009_F520,0,0
C009,C009_F521,1,0
C009,C009_F522,0,0
C009,C009_F523,0,0
C009,C009_F524,0,0
C009,C009_F525,0,0
C009,C009_F526,0,0
C009,C009_F527,2,0
C009,C009_F528,0,0
C009,C009_F529,0,1
C009,C009_F530,0,0
C009,C009_F531,1,0
C009,C009_F532,1,2
C009,C009_F533,0,0
C009,C009_F534,0,0
C009,C009_F535,3,1
C009,C009_F536,0,1
C009,C009_F537,0,0
C009,C009_F538,0,1
C009,C009_F539,0,3
C009,C009_F540,0,1
C009,C009_F541,1,1
C009,C009_F542,1,0
C009,C009_F544,1,0
C009,C009_F545,0,1
C009,C009_F546,1,0
C009,C009_F547,0,0
C009,C009_F548,0,1
C009,C009_F550,2,0
C009,C009_F552,0,0
C010,C010_F001,1,0
C010,C010_F002,1,0
C010,C010_F003,0,1
C010,C010_F004,2,0
C010,C010_F005,0,0
C010,C010_F006,3,1
C010,C010_F007,1,1
C010,C010_F008,0,0
C010,C010_F009,1,0
C010,C010_F010,0,2
C010,C010_F011,1,1
C010,C010_F012,2,1
C010,C010_F013,1,0
C010,C010_F014,2,1
C010,C010_F015,0,0
C010,C010_F016,2,0
C010,C010_F017,2,0
C010,C010_F018,1,1
C010,C010_F019,0,1
C010,C010_F020,1,1
C010,C010_F021,0,0
C010,C010_F022,0,0
C010,C010_F023,1,0
C010,C010_F024,2,1
C010,C010_F026,0,3
C010,C010_F027,0,0
C010,C010_F028,1,0
C010,C010_F029,1,1
C010,C010_F030,1,0
C010,C010_F031,1,0
C010,C010_F032,0,0
C010,C010_F033,0,0
C010,C010_F034,0,0
C010,C010_F035,2,0
C010,C010_F036,1,1
C010,C010_F037,2,1
C010,C010_F038,1,0
C010,C010_F039,2,1
C010,C010_F040,2,1
C010,C010_F041,1,0
C010,C010_F042,1,1
C010,C010_F043,1,1
C010,C010_F044,1,0
C010,C010_F045,1,0
C010,C010_F046,1,0
C010,C010_F047,2,2
C010,C010_F048,1,2
C010,C010_F049,1,2
C010,C010_F050,0,1
C010,C010_F051,1,2
C010,C010_F052,4,1
C010,C010_F053,1,2
C010,C010_F054,0,0
C010,C010_F055,2,0
C010,C010_F056,1,0
C010,C010_F057,3,0
C010,C010_F059,2,1
C010,C010_F060,0,1
C010,C010_F061,0,0
C010,C010_F062,1,1
C010,C010_F064,1,0
C010,C010_F065,2,1
C010,C010_F066,0,0
C010,C010_F067,2,0
C010,C010_F068,0,0
C010,C010_F069,1,0
C010,C010_F070,0,1
C010,C010_F071,1,0
C010,C010_F072,3,1
C010,C010_F073,2,0
C010,C010_F074,1,2
C010,C010_F075,1,1
C010,C010_F076,0,0
C010,C010_F077,2,1
C010,C010_F078,1,1
C010,C010_F079,0,0
C010,C010_F080,3,0
C010,C010_F081,1,0
C010,C010_F082,1,1
C010,C010_F083,0,0
C010,C010_F084,1,0
C010,C010_F085,2,0
C010,C010_F086,0,0
C010,C010_F087,0,0
C010,C010_F088,1,0
C010,C010_F089,0,0
C010,C010_F090,1,0
C010,C010_F091,2,0
C010,C010_F092,2,0
C010,C010_F093,2,2
C010,C010_F094,1,0
C010,C010_F095,2,1
C010,C010_F096,2,0
C010,C010_F097,1,0
C010,C010_F099,0,5
C010,C010_F100,0,1
C010,C010_F101,1,0
C010,C010_F102,0,1
C010,C010_F103,0,0
C010,C010_F104,0,0
C010,C010_F105,1,1
C010,C010_F106,0,0
C010,C010_F107,2,1
C010,C010_F108,2,0
C010,C010_F110,0,0
C010,C010_F111,1,0
C010,C010_F112,1,1
C010,C010_F113,1,1
C010,C010_F114,0,1
C010,C010_F116,0,0
C010,C010_F117,1,1
C010,C010_F118,1,1
C010,C010_F119,1,1
C010,C010_F120,3,1
C010,C010_F121,1,0
C010,C010_F122,1,0
C010,C010_F123,1,2
C010,C010_F124,2,1
C010,C010_F125,0,2
C010,C010_F126,0,1
C010,C010_F127,0,1
C010,C010_F129,0,2
C010,C010_F130,0,1
C010,C010_F131,1,0
C010,C010_F132,1,1
C010,C010_F134,2,1
C010,C010_F135,0,0
C010,C010_F136,0,0
C010,C010_F137,1,0
C010,C010_F138,0,0
C010,C010_F139,1,0
C010,C010_F140,1,0
C010,C010_F141,0,2
C010,C010_F142,0,0
C010,C010_F143,0,1
C010,C010_F144,0,0
C010,C010_F145,1,1
C010,C010_F146,0,1
C010,C010_F147,0,0
C010,C010_F149,0,0
C010,C010_F150,0,0
C010,C010_F151,0,1
C010,C010_F152,2,0
C010,C010_F153,1,1
C010,C010_F154,0,0
C010,C010_F155,1,0
C010,C010_F156,1,0
C010,C010_F158,0,1
C010,C010_F159,1,0
C010,C010_F160,1,1
C010,C010_F161,1,2
C010,C010_F162,1,0
C010,C010_F163,0,1
C010,C010_F164,1,0
C010,C010_F165,1,1
C010,C010_F166,1,0
C010,C010_F167,4,2
C010,C010_F168,1,1
C010,C010_F169,0,0
C010,C010_F170,3,0
C010,C010_F171,1,0
C010,C010_F172,0,1
C010,C010_F173,2,1
C010,C010_F174,0,0
C010,C010_F175,1,0
C010,C010_F176,0,0
C010,C010_F177,1,1
C010,C010_F178,1,0
C010,C010_F179,1,0
C010,C010_F180,1,1
C010,C010_F181,1,1
C010,C010_F182,1,1
C010,C010_F183,1,0
C010,C010_F184,0,0
C010,C010_F185,0,0
C010,C010_F186,0,1
C010,C010_F187,1,0
C010,C010_F188,1,0
C010,C010_F189,2,2
C010,C010_F190,0,1
C010,C010_F191,1,0
C010,C010_F192,0,0
C010,C010_F193,2,0
C010,C010_F194,0,0
C010,C010_F196,1,1
C010,C010_F198,1,1
C010,C010_F200,3,1
C010,C010_F201,1,0
C010,C010_F202,0,0
C010,C010_F203,0,1
C010,C010_F204,1,0
C010,C010_F205,1,1
C010,C010_F206,0,0
C010,C010_F207,0,0
C010,C010_F208,0,2
C010,C010_F209,0,0
C010,C010_F210,1,0
C010,C010_F211,1,0
C010,C010_F212,0,1
C010,C010_F213,1,2
C010,C010_F214,1,1
C010,C010_F215,4,0
C010,C010_F217,1,0
C010,C010_F218,0,0
C010,C010_F219,0,1
C010,C010_F220,3,1
C010,C010_F222,0,0
C010,C010_F223,1,1
C010,C010_F224,0,1
C010,C010_F225,1,1
C010,C010_F226,0,1
C010,C010_F227,1,0
C010,C010_F228,1,0
C010,C010_F229,0,0
C010,C010_F230,0,0
C010,C010_F231,4,0
C010,C010_F232,0,0
C010,C010_F233,0,0
C010,C010_F234,2,0
C010,C010_F235,3,1
C010,C010_F236,0,0
C010,C010_F238,0,0
C010,C010_F240,1,0
C010,C010_F241,0,0
C010,C010_F242,0,2
C010,C010_F243,3,0
C010,C010_F244,0,1
C010,C010_F245,2,0
C010,C010_F246,0,0
C010,C010_F247,1,0
C010,C010_F248,0,0
C010,C010_F249,0,0
C010,C010_F250,4,0
C010,C010_F251,3,0
C010,C010_F252,0,2
C010,C010_F253,2,0
C010,C010_F254,0,0
C010,C010_F255,0,2
C010,C010_F256,1,0
C010,C010_F257,1,0
C010,C010_F259,0,1
C010,C010_F260,1,1
C010,C010_F261,0,0
C010,C010_F262,3,0
C010,C010_F263,1,3
C010,C010_F264,0,1
C010,C010_F265,0,1
C010,C010_F266,1,1
C010,C010_F267,2,1
C010,C010_F268,1,0
C010,C010_F269,0,1
C010,C010_F270,1,2
C010,C010_F271,0,1
C010,C010_F272,0,2
C010,C010_F273,2,0
C010,C010_F274,0,0
C010,C010_F275,2,1
C010,C010_F276,0,0
C010,C010_F277,0,0
C010,C010_F278,1,0
C010,C010_F279,0,1
C010,C010_F280,2,0
C010,C010_F281,0,0
C010,C010_F282,0,0
C010,C010_F283,0,1
C010,C010_F284,0,1
C010,C010_F285,0,0
C010,C010_F286,2,1
C010,C010_F287,0,0
C010,C010_F288,3,1
C010,C010_F289,1,2
C010,C010_F290,1,1
C010,C010_F291,1,0
C010,C010_F293,2,4
C010,C010_F294,1,1
C010,C010_F295,0,1
C010,C010_F296,0,1
C010,C010_F297,2,0
C010,C010_F298,1,1
C010,C010_F299,2,2
C010,C010_F300,0,3
C010,C010_F301,2,0
C010,C010_F304,0,1
C010,C010_F305,0,1
C010,C010_F306,2,1
C010,C010_F307,0,1
C010,C010_F308,0,0
C010,C010_F309,0,1
C010,C010_F310,0,2
C010,C010_F311,1,0
C010,C010_F312,0,3
C010,C010_F313,0,1
C010,C010_F314,0,0
C010,C010_F316,0,2
C010,C010_F317,2,1
C010,C010_F318,0,0
C010,C010_F319,0,1
C010,C010_F320,0,0
C010,C010_F321,2,1
C010,C010_F322,0,0
C010,C010_F323,1,0
C010,C010_F324,0,0
C010,C010_F325,0,1
C010,C010_F326,1,0
C010,C010_F327,1,0
C010,C010_F328,3,1
C010,C010_F329,1,1
C010,C010_F330,1,1
C010,C010_F331,0,1
C010,C010_F332,1,0
C010,C010_F334,1,0
C010,C010_F336,0,0
C010,C010_F337,1,0
C010,C010_F338,0,0
C010,C010_F339,1,1
C010,C010_F340,1,0
C010,C010_F341,0,0
C010,C010_F342,0,1
C010,C010_F343,0,0
C010,C010_F344,1,0
C010,C010_F345,1,0
C010,C010_F346,4,1
C010,C010_F347,1,1
C010,C010_F348,1,0
C010,C010_F349,1,0
C010,C010_F350,1,0
C010,C010_F351,2,1
C010,C010_F352,0,1
C010,C010_F353,0,1
C010,C010_F354,1,2
C010,C010_F355,0,3
C010,C010_F356,1,0
C010,C010_F357,1,1
C010,C010_F358,1,1
C010,C010_F359,0,0
C010,C010_F361,0,0
C010,C010_F362,1,1
C010,C010_F363,1,0
C010,C010_F364,1,0
C010,C010_F365,0,0
C010,C010_F366,1,0
C010,C010_F367,4,1
C010,C010_F368,1,1
C010,C010_F369,3,0
C010,C010_F370,1,0
C010,C010_F371,0,0
C010,C010_F372,1,0
C010,C010_F373,1,1
C010,C010_F374,2,0
C010,C010_F375,0,0
C010,C010_F376,2,1
C010,C010_F377,1,0
C010,C010_F378,0,0
C010,C010_F379,2,0
C010,C010_F380,0,0
C011,C011_F001,0,0
C011,C011_F002,1,1
C011,C011_F003,0,1
C011,C011_F004,1,0
C011,C011_F005,0,2
C011,C011_F006,2,0
C011,C011_F007,0,1
C011,C011_F008,0,0
C011,C011_F009,0,0
C011,C011_F010,0,4
C011,C011_F011,0,2
C011,C011_F012,2,0
C011,C011_F013,0,0
C011,C011_F014,0,1
C011,C011_F015,0,1
C011,C011_F016,0,1
C011,C011_F017,0,0
C011,C011_F018,0,1
C011,C011_F019,1,0
C011,C011_F020,3,0
C011,C011_F021,1,0
C011,C011_F022,0,1
C011,C011_F023,2,1
C011,C011_F024,1,0
C011,C011_F025,1,0
C011,C011_F026,1,1
C011,C011_F028,2,0
C011,C011_F029,1,1
C011,C011_F030,1,0
C011,C011_F031,1,0
C011,C011_F032,2,1
C011,C011_F033,1,1
C011,C011_F034,1,0
C011,C011_F035,0,0
C011,C011_F036,0,0
C011,C011_F037,1,1
C011,C011_F038,0,0
C011,C011_F039,1,0
C011,C011_F041,1,1
C011,C011_F042,0,3
C011,C011_F043,1,1
C011,C011_F044,0,1
C011,C011_F045,1,1
C011,C011_F046,2,0
C011,C011_F047,0,2
C011,C011_F048,0,0
C011,C011_F049,0,3
C011,C011_F050,2,2
C011,C011_F051,1,0
C011,C011_F052,1,0
C011,C011_F053,2,0
C011,C011_F054,0,0
C011,C011_F055,0,1
C011,C011_F056,0,0
C011,C011_F057,3,0
C011,C011_F058,0,3
C011,C011_F059,1,0
C011,C011_F061,1,0
C011,C011_F062,0,2
C011,C011_F064,2,0
C011,C011_F065,0,0
C011,C011_F066,3,1
C011,C011_F068,1,2
C011,C011_F069,0,0
C011,C011_F070,0,1
C011,C011_F071,1,1
C011,C011_F072,0,0
C011,C011_F073,0,0
C011,C011_F074,1,0
C011,C011_F075,1,0
C011,C011_F076,1,0
C011,C011_F077,0,1
C011,C011_F078,0,0
C011,C011_F079,0,1
C011,C011_F080,1,1
C011,C011_F081,1,0
C011,C011_F082,0,1
C011,C011_F083,0,1
C011,C011_F084,1,0
C011,C011_F085,1,0
C011,C011_F086,1,0
C011,C011_F087,0,1
C011,C011_F088,1,0
C011,C011_F089,1,0
C011,C011_F090,0,0
C011,C011_F091,3,0
C011,C011_F092,0,3
C011,C011_F093,1,0
C011,C011_F094,1,0
C011,C011_F095,0,0
C011,C011_F096,3,0
C011,C011_F097,2,0
C011,C011_F098,0,0
C011,C011_F100,0,0
C011,C011_F101,3,0
C011,C011_F102,0,1
C011,C011_F103,0,0
C011,C011_F104,0,0
C011,C011_F105,0,0
C011,C011_F106,0,0
C011,C011_F107,0,0
C011,C011_F108,2,0
C011,C011_F109,1,1
C011,C011_F110,0,2
C011,C011_F111,0,0
C011,C011_F112,1,1
C011,C011_F113,2,2
C011,C011_F114,1,0
C011,C011_F115,0,1
C011,C011_F116,1,0
C011,C011_F117,1,0
C011,C011_F118,0,1
C011,C011_F119,0,1
C011,C011_F120,3,0
C011,C011_F121,1,0
C011,C011_F122,2,0
C011,C011_F123,0,0
C011,C011_F125,1,1
C011,C011_F126,0,1
C011,C011_F127,2,1
C011,C011_F129,2,2
C011,C011_F130,0,1
C011,C011_F131,0,0
C011,C011_F132,1,0
C011,C011_F133,0,1
C011,C011_F134,0,1
C011,C011_F135,1,0
C011,C011_F136,1,0
C011,C011_F137,2,1
C011,C011_F138,2,0
C011,C011_F139,0,0
C011,C011_F140,0,3
C011,C011_F142,0,1
C011,C011_F143,0,1
C011,C011_F144,1,1
C011,C011_F145,0,4
C011,C011_F146,0,0
C011,C011_F147,1,1
C011,C011_F148,0,1
C011,C011_F149,2,2
C011,C011_F150,2,1
C011,C011_F151,1,0
C011,C011_F152,0,0
C011,C011_F153,0,3
C011,C011_F154,1,0
C011,C011_F155,2,2
C011,C011_F156,0,1
C011,C011_F157,2,1
C011,C011_F158,1,0
C011,C011_F159,0,1
C011,C011_F160,0,1
C011,C011_F161,1,1
C011,C011_F162,0,1
C011,C011_F163,1,0
C011,C011_F164,1,0
C011,C011_F165,0,0
C011,C011_F166,1,0
C011,C011_F167,1,0
C011,C011_F168,0,1
C011,C011_F169,2,0
C011,C011_F170,0,0
C011,C011_F171,1,2
C011,C011_F172,0,1
C011,C011_F173,0,2
C011,C011_F174,0,0
C011,C011_F175,0,1
C011,C011_F176,3,0
C011,C011_F177,1,0
C011,C011_F178,0,1
C011,C011_F179,0,0
C011,C011_F180,2,1
C011,C011_F181,1,2
C011,C011_F182,1,0
C011,C011_F183,1,0
C011,C011_F184,1,1
C011,C011_F185,1,1
C011,C011_F186,1,0
C011,C011_F187,0,1
C011,C011_F189,0,0
C011,C011_F190,0,1
C011,C011_F191,1,1
C011,C011_F192,0,1
C011,C011_F193,1,0
C011,C011_F194,0,0
C011,C011_F195,0,1
C011,C011_F196,0,0
C011,C011_F197,0,0
C011,C011_F198,0,2
C011,C011_F199,0,0
C011,C011_F200,0,3
C011,C011_F201,0,0
C011,C011_F202,1,1
C011,C011_F203,0,0
C011,C011_F204,1,0
C011,C011_F206,1,0
C011,C011_F207,1,1
C011,C011_F208,0,2
C011,C011_F209,1,0
C011,C011_F210,3,0
C011,C011_F212,0,0
C011,C011_F213,1,0
C011,C011_F214,0,1
C011,C011_F215,0,2
C011,C011_F216,3,0
C011,C011_F217,0,0
C011,C011_F218,0,0
C011,C011_F219,2,0
C011,C011_F220,0,1
C011,C011_F221,1,1
C011,C011_F222,1,0
C011,C011_F224,0,2
C011,C011_F225,0,2
C011,C011_F226,1,1
C011,C011_F227,1,1
C011,C011_F228,1,1
C011,C011_F229,2,0
C011,C011_F230,0,1
C011,C011_F231,2,0
C011,C011_F232,0,0
C011,C011_F233,0,0
C011,C011_F234,1,0
C011,C011_F235,0,0
C011,C011_F236,0,1
C011,C011_F237,1,0
C011,C011_F238,0,1
C011,C011_F239,0,1
C011,C011_F240,0,3
C011,C011_F241,1,0
C011,C011_F242,1,0
C011,C011_F243,1,0
C011,C011_F244,0,1
C011,C011_F245,0,2
C011,C011_F246,1,0
C011,C011_F247,0,0
C011,C011_F249,0,1
C011,C011_F250,1,0
C011,C011_F252,0,0
C011,C011_F253,1,1
C011,C011_F255,0,4
C011,C011_F256,2,0
C011,C011_F257,0,1
C011,C011_F258,3,0
C011,C011_F259,2,2
C011,C011_F260,1,0
C011,C011_F261,1,0
C011,C011_F262,0,0
C011,C011_F263,1,2
C011,C011_F264,2,0
C011,C011_F265,0,1
C011,C011_F266,0,0
C011,C011_F267,4,0
C011,C011_F268,0,0
C011,C011_F269,0,2
C011,C011_F270,3,0
C011,C011_F271,1,1
C011,C011_F272,0,0
C011,C011_F273,0,0
C011,C011_F274,3,0
C011,C011_F275,1,0
C011,C011_F276,1,0
C011,C011_F277,2,1
C011,C011_F278,1,0
C011,C011_F279,1,0
C011,C011_F280,2,0
C011,C011_F281,0,1
C011,C011_F282,0,0
C011,C011_F283,1,0
C011,C011_F284,0,0
C011,C011_F285,2,0
C011,C011_F286,0,2
C011,C011_F287,1,0
C011,C011_F288,0,1
C011,C011_F289,1,0
C011,C011_F290,0,3
C011,C011_F291,0,0
C011,C011_F292,0,1
C011,C011_F293,0,0
C011,C011_F294,0,1
C011,C011_F295,0,0
C011,C011_F296,0,0
C011,C011_F297,0,2
C011,C011_F298,1,2
C011,C011_F299,0,1
C011,C011_F300,1,0
C011,C011_F301,0,1
C011,C011_F302,1,0
C011,C011_F303,1,0
C011,C011_F304,0,0
C011,C011_F305,2,0
C011,C011_F306,0,0
C015,C015_F001,1,2
C015,C015_F002,0,3
C015,C015_F003,2,1
C015,C015_F004,2,1
C015,C015_F005,0,1
C015,C015_F006,0,1
C015,C015_F007,0,1
C015,C015_F008,0,0
C015,C015_F009,0,1
C015,C015_F011,2,0
C015,C015_F012,0,1
C015,C015_F013,0,1
C015,C015_F014,0,1
C015,C015_F015,1,0
C015,C015_F016,0,0
C015,C015_F017,0,0
C015,C015_F018,0,0
C015,C015_F019,1,0
C015,C015_F020,1,1
C015,C015_F021,1,0
C015,C015_F023,0,1
C015,C015_F025,0,2
C015,C015_F027,1,0
C015,C015_F028,0,0
C015,C015_F029,1,0
C015,C015_F030,0,0
C015,C015_F031,0,1
C015,C015_F032,0,2
C015,C015_F033,0,1
C015,C015_F034,0,1
C015,C015_F035,0,0
C015,C015_F036,0,0
C015,C015_F037,1,0
C015,C015_F038,1,0
C015,C015_F039,0,0
C015,C015_F040,1,0
C015,C015_F041,6,1
C015,C015_F042,0,0
C015,C015_F043,1,1
C015,C015_F044,0,0
C015,C015_F045,1,0
C015,C015_F046,0,1
C015,C015_F047,2,1
C015,C015_F048,1,0
C015,C015_F050,0,2
C015,C015_F051,0,0
C015,C015_F052,0,1
C015,C015_F053,1,0
C015,C015_F054,1,1
C015,C015_F055,1,1
C015,C015_F056,3,0
C015,C015_F057,0,2
C015,C015_F058,1,1
C015,C015_F059,0,2
C015,C015_F060,0,1
C015,C015_F061,1,0
C015,C015_F062,2,0
C015,C015_F063,1,1
C015,C015_F064,2,0
C015,C015_F065,1,0
C015,C015_F067,0,1
C015,C015_F068,0,0
C015,C015_F069,1,1
C015,C015_F070,1,1
C015,C015_F071,2,0
C015,C015_F072,2,1
C015,C015_F073,2,0
C015,C015_F074,2,0
C015,C015_F075,1,1
C015,C015_F076,0,0
C015,C015_F077,1,0
C015,C015_F078,0,0
C015,C015_F079,0,0
C015,C015_F080,1,1
C015,C015_F081,1,2
C015,C015_F082,1,1
C015,C015_F083,0,1
C015,C015_F084,0,1
C015,C015_F085,0,0
C015,C015_F086,0,0
C015,C015_F087,0,0
C015,C015_F088,0,0
C015,C015_F089,1,0
C015,C015_F090,1,0
C015,C015_F091,1,2
C015,C015_F092,0,2
C015,C015_F093,1,1
C015,C015_F094,1,0
C015,C015_F095,0,1
C015,C015_F096,1,1
C015,C015_F097,1,0
C015,C015_F098,1,0
C015,C015_F099,1,0
C015,C015_F100,0,0
C015,C015_F101,0,1
C015,C015_F102,0,1
C015,C015_F103,0,1
C015,C015_F105,0,1
C015,C015_F106,2,0
C015,C015_F107,1,1
C015,C015_F108,0,0
C015,C015_F110,2,2
C015,C015_F111,0,1
C015,C015_F112,3,0
C015,C015_F113,0,0
C015,C015_F114,1,0
C015,C015_F115,1,1
C015,C015_F116,0,1
C015,C015_F117,0,1
C015,C015_F118,1,1
C015,C015_F119,1,0
C015,C015_F121,1,1
C015,C015_F122,1,0
C015,C015_F123,2,0
C015,C015_F124,1,0
C015,C015_F126,0,1
C015,C015_F127,2,0
C015,C015_F128,1,2
C015,C015_F129,2,0
C015,C015_F130,2,1
C015,C015_F131,2,0
C015,C015_F133,2,1
C015,C015_F134,2,1
C015,C015_F135,0,0
C015,C015_F136,0,1
C015,C015_F137,1,0
C015,C015_F138,2,1
C015,C015_F139,0,0
C015,C015_F140,1,0
C015,C015_F141,0,1
C015,C015_F142,0,2
C015,C015_F143,1,0
C015,C015_F144,1,0
C015,C015_F145,2,0
C015,C015_F146,1,1
C015,C015_F147,1,0
C015,C015_F148,0,0
C015,C015_F149,2,0
C015,C015_F150,1,1
C015,C015_F151,1,1
C015,C015_F152,0,0
C015,C015_F153,0,2
C015,C015_F154,1,0
C015,C015_F156,1,2
C015,C015_F157,0,0
C015,C015_F158,1,0
C015,C015_F159,0,0
C015,C015_F160,2,0
C015,C015_F161,0,0
C015,C015_F163,2,1
C015,C015_F164,0,1
C015,C015_F165,4,0
C015,C015_F166,0,0
C015,C015_F167,0,0
C015,C015_F168,1,1
C015,C015_F169,1,0
C015,C015_F170,1,1
C015,C015_F171,1,1
C015,C015_F172,0,1
C015,C015_F173,1,0
C015,C015_F174,0,0
C015,C015_F175,1,1
C015,C015_F176,2,0
C015,C015_F177,1,2
C015,C015_F178,1,0
C015,C015_F179,0,0
C015,C015_F180,2,1
C015,C015_F181,1,0
C015,C015_F182,0,0
C015,C015_F183,0,0
C015,C015_F184,0,0
C015,C015_F185,0,2
C015,C015_F186,0,1
C015,C015_F187,0,0
C015,C015_F188,4,0
C015,C015_F189,0,0
C015,C015_F190,0,0
C015,C015_F191,0,2
C015,C015_F192,1,0
C015,C015_F193,0,1
C015,C015_F194,0,1
C015,C015_F195,2,0
C015,C015_F196,0,1
C015,C015_F197,1,0
C015,C015_F198,1,1
C015,C015_F199,3,0
C015,C015_F200,1,2
C015,C015_F201,1,2
C015,C015_F202,0,0
C015,C015_F203,3,0
C015,C015_F204,2,1
C015,C015_F205,0,1
C015,C015_F206,0,0
C015,C015_F207,1,0
C015,C015_F208,0,3
C015,C015_F209,1,1
C015,C015_F211,1,0
C015,C015_F212,0,2
C015,C015_F213,0,1
C015,C015_F214,1,0
C015,C015_F215,0,1
C015,C015_F216,0,0
C015,C015_F217,1,0
C015,C015_F218,0,0
C015,C015_F219,2,2
C015,C015_F220,0,0
C015,C015_F221,1,0
C015,C015_F222,3,0
C015,C015_F223,3,0
C015,C015_F224,0,1
C015,C015_F225,0,0
C015,C015_F226,2,0
C015,C015_F227,1,0
C015,C015_F228,0,2
C015,C015_F229,0,1
C015,C015_F230,0,0
C015,C015_F231,2,0
C015,C015_F232,0,1
C015,C015_F233,0,1
C015,C015_F234,0,0
C015,C015_F235,0,1
C015,C015_F236,2,0
C015,C015_F237,3,0
C015,C015_F238,0,3
C015,C015_F239,1,1
C015,C015_F240,0,0
C015,C015_F241,1,0
C015,C015_F243,1,1
C015,C015_F244,0,1
C015,C015_F245,1,0
C015,C015_F246,1,4
C015,C015_F247,0,2
C015,C015_F248,2,1
C015,C015_F249,0,0
C015,C015_F250,0,1
C015,C015_F251,1,0
C015,C015_F252,1,0
C015,C015_F253,1,0
C015,C015_F254,0,0
C015,C015_F255,0,1
C015,C015_F256,1,0
C015,C015_F257,0,1
C015,C015_F258,1,0
C015,C015_F259,3,0
C015,C015_F260,2,0
C015,C015_F261,0,0
C015,C015_F262,0,0
C015,C015_F263,0,1
C015,C015_F264,2,2
C015,C015_F265,0,1
C015,C015_F266,1,0
C015,C015_F267,1,1
C015,C015_F268,0,0
C015,C015_F269,2,0
C015,C015_F270,2,1
C015,C015_F271,2,0
C015,C015_F272,1,1
C015,C015_F274,0,1
C015,C015_F275,0,1
C015,C015_F276,1,0
C015,C015_F277,0,0
C015,C015_F278,0,0
C015,C015_F279,0,1
C015,C015_F280,0,1
C015,C015_F282,3,0
C015,C015_F283,0,0
C015,C015_F284,1,0
C015,C015_F285,0,1
C015,C015_F286,0,0
C015,C015_F287,3,1
C015,C015_F288,0,0
C015,C015_F289,1,1
C015,C015_F290,1,1
C015,C015_F291,1,1
C015,C015_F292,1,1
C015,C015_F293,3,0
C015,C015_F294,2,2
C015,C015_F295,0,0
C015,C015_F296,0,0
C015,C015_F297,1,2
C015,C015_F298,1,0
C015,C015_F299,1,1
C015,C015_F300,2,1
C015,C015_F301,0,1
C015,C015_F302,2,0
C015,C015_F303,0,0
C015,C015_F304,0,1
C015,C015_F305,0,2
C015,C015_F306,2,1
C018,C018_F001,2,1
C018,C018_F002,0,1
C018,C018_F004,0,0
C018,C018_F005,1,1
C018,C018_F006,0,1
C018,C018_F007,1,1
C018,C018_F008,1,0
C018,C018_F009,1,2
C018,C018_F010,1,1
C018,C018_F011,0,3
C018,C018_F012,0,1
C018,C018_F013,2,0
C018,C018_F014,1,0
C018,C018_F015,0,2
C018,C018_F016,0,0
C018,C018_F017,1,0
C018,C018_F019,1,1
C018,C018_F020,2,0
C018,C018_F021,1,1
C018,C018_F022,1,0
C018,C018_F023,2,0
C018,C018_F024,0,1
C018,C018_F025,1,0
C018,C018_F026,4,0
C018,C018_F027,2,0
C018,C018_F028,1,1
C018,C018_F029,0,0
C018,C018_F030,0,1
C018,C018_F031,1,0
C018,C018_F032,0,2
C018,C018_F033,1,0
C018,C018_F034,1,1
C018,C018_F035,1,1
C018,C018_F036,2,0
C018,C018_F037,1,0
C018,C018_F038,1,1
C018,C018_F039,1,1
C018,C018_F040,1,1
C018,C018_F041,2,1
C018,C018_F042,0,0
C018,C018_F043,1,2
C018,C018_F044,0,0
C018,C018_F045,0,1
C018,C018_F046,1,0
C018,C018_F047,1,2
C018,C018_F048,1,0
C018,C018_F050,1,0
C018,C018_F051,0,1
C018,C018_F052,0,0
C018,C018_F053,0,1
C018,C018_F054,2,0
C018,C018_F055,0,1
C018,C018_F056,0,1
C018,C018_F057,1,0
C018,C018_F058,0,0
C018,C018_F060,0,1
C018,C018_F061,0,1
C018,C018_F063,0,0
C018,C018_F064,1,0
C018,C018_F066,1,0
C018,C018_F067,0,0
C018,C018_F068,2,0
C018,C018_F069,1,0
C018,C018_F071,1,0
C018,C018_F072,1,0
C018,C018_F073,0,0
C018,C018_F074,1,2
C018,C018_F075,0,0
C018,C018_F076,1,2
C018,C018_F077,0,0
C018,C018_F078,0,0
C018,C018_F079,2,1
C018,C018_F080,0,0
C018,C018_F081,0,0
C018,C018_F082,0,1
C018,C018_F083,1,0
C018,C018_F084,1,0
C018,C018_F086,0,1
C018,C018_F087,2,1
C018,C018_F088,0,1
C018,C018_F089,2,0
C018,C018_F090,3,2
C018,C018_F091,0,0
C018,C018_F092,1,0
C018,C018_F093,1,2
C018,C018_F094,1,1
C018,C018_F095,1,1
C018,C018_F096,1,0
C018,C018_F097,2,0
C018,C018_F098,1,0
C018,C018_F099,0,2
C018,C018_F100,0,0
C018,C018_F101,1,0
C018,C018_F103,0,1
C018,C018_F104,0,1
C018,C018_F105,0,1
C018,C018_F106,3,0
C018,C018_F107,0,0
C018,C018_F108,1,0
C018,C018_F109,1,0
C018,C018_F110,0,2
C018,C018_F111,0,0
C018,C018_F112,0,2
C018,C018_F113,2,1
C018,C018_F114,2,0
C018,C018_F115,3,0
C018,C018_F116,3,1
C018,C018_F117,1,0
C018,C018_F118,0,0
C018,C018_F119,2,0
C018,C018_F120,2,1
C018,C018_F121,2,2
C018,C018_F122,1,0
C018,C018_F123,0,0
C018,C018_F124,1,0
C018,C018_F125,1,1
C018,C018_F126,1,0
C018,C018_F127,1,1
C018,C018_F128,1,0
C018,C018_F129,0,0
C018,C018_F130,1,1
C018,C018_F132,2,0
C018,C018_F134,1,0
C018,C018_F135,0,0
C018,C018_F136,0,0
C018,C018_F137,0,0
C018,C018_F138,0,2
C018,C018_F139,0,1
C018,C018_F140,1,1
C018,C018_F141,1,1
C018,C018_F142,1,0
C018,C018_F143,2,0
C018,C018_F144,1,2
C018,C018_F147,0,1
C018,C018_F148,1,0
C018,C018_F149,1,0
C018,C018_F150,0,1
C018,C018_F152,1,1
C018,C018_F155,0,1
C018,C018_F156,0,0
C018,C018_F157,2,0
C018,C018_F158,0,1
C018,C018_F159,1,0
C018,C018_F160,1,0
C018,C018_F161,0,2
C018,C018_F162,0,1
C018,C018_F163,0,0
C018,C018_F164,1,1
C018,C018_F165,0,1
C018,C018_F166,2,1
C018,C018_F167,1,0
C018,C018_F168,1,0
C018,C018_F169,1,0
C018,C018_F170,0,0
C018,C018_F171,2,0
C018,C018_F172,1,0
C018,C018_F173,1,0
C018,C018_F174,1,0
C018,C018_F175,1,1
C018,C018_F176,2,2
C018,C018_F177,1,1
C018,C018_F178,1,1
C018,C018_F179,1,0
C018,C018_F180,0,1
C018,C018_F181,0,0
C018,C018_F182,1,2
C018,C018_F183,0,3
C018,C018_F184,1,3
C018,C018_F185,0,0
C018,C018_F187,0,1
C018,C018_F188,0,1
C018,C018_F189,1,0
C018,C018_F190,1,0
C018,C018_F191,1,2
C018,C018_F192,1,0
C018,C018_F193,0,0
C018,C018_F194,0,1
C018,C018_F195,0,0
C018,C018_F196,2,4
C018,C018_F197,0,0
C018,C018_F198,1,1
C018,C018_F199,1,0
C018,C018_F200,1,0
C018,C018_F201,1,1
C018,C018_F202,0,1
C018,C018_F203,0,1
C018,C018_F204,2,2
C018,C018_F205,2,1
C018,C018_F206,1,1
C018,C018_F207,0,1
C018,C018_F208,0,2
C018,C018_F209,2,0
C018,C018_F210,0,2
C018,C018_F211,1,3
C018,C018_F212,0,1
C018,C018_F213,0,0
C018,C018_F214,1,2
C018,C018_F215,1,0
C018,C018_F216,2,0
C018,C018_F217,0,2
C018,C018_F218,1,0
C018,C018_F219,0,1
C018,C018_F220,1,0
C018,C018_F221,0,1
C018,C018_F222,0,1
C018,C018_F223,2,2
C018,C018_F224,1,1
C018,C018_F225,0,1
C018,C018_F226,0,1
C018,C018_F227,0,1
C018,C018_F228,0,0
C018,C018_F229,0,0
C018,C018_F230,0,1
C018,C018_F231,1,1
C018,C018_F232,0,0
C018,C018_F233,1,1
C018,C018_F235,0,0
C018,C018_F236,0,0
C018,C018_F237,0,0
C018,C018_F238,0,3
C018,C018_F239,0,1
C018,C018_F240,1,1
C018,C018_F241,3,0
C018,C018_F242,1,0
C018,C018_F243,0,0
C018,C018_F244,2,1
C018,C018_F245,0,0
C018,C018_F246,0,0
C018,C018_F248,1,0
C018,C018_F249,1,1
C018,C018_F250,0,1
C018,C018_F251,2,1
C018,C018_F252,1,1
C018,C018_F253,1,0
C018,C018_F254,0,0
C018,C018_F255,0,2
C018,C018_F256,1,1
C018,C018_F257,0,0
C018,C018_F258,0,1
C018,C018_F259,1,1
C018,C018_F260,0,0
C018,C018_F261,0,0
C018,C018_F262,0,0
C018,C018_F263,1,0
C018,C018_F264,1,0
C018,C018_F265,2,1
C018,C018_F266,0,2
C018,C018_F267,1,0
C018,C018_F268,1,0
C018,C018_F269,1,0
C018,C018_F270,2,0
C018,C018_F271,1,0
C018,C018_F272,1,1
C018,C018_F273,0,1
C018,C018_F274,0,0
C018,C018_F275,2,0
C018,C018_F276,2,0
C018,C018_F277,1,1
C018,C018_F278,1,1
C018,C018_F279,1,1
C018,C018_F280,1,1
C018,C018_F281,0,1
C018,C018_F282,1,0
C018,C018_F283,0,1
C018,C018_F284,1,0
C018,C018_F285,0,0
C018,C018_F286,1,2
C018,C018_F287,0,0
C018,C018_F288,3,0
C018,C018_F289,0,0
C018,C018_F290,0,1
C018,C018_F291,0,0
C018,C018_F292,0,0
C018,C018_F293,0,0
C018,C018_F294,1,0
C018,C018_F295,0,2
C018,C018_F296,1,1
C018,C018_F297,2,2
C018,C018_F298,1,0
C018,C018_F299,0,2
C018,C018_F300,1,0
C018,C018_F301,2,0
C018,C018_F302,0,1
C018,C018_F303,2,0
C018,C018_F304,2,0
C018,C018_F305,0,0
C018,C018_F306,0,0
C020,C020_F001,0,3
C020,C020_F002,0,2
C020,C020_F003,1,0
C020,C020_F004,3,0
C020,C020_F005,1,0
C020,C020_F006,0,2
C020,C020_F008,4,0
C020,C020_F010,0,1
C020,C020_F012,0,1
C020,C020_F013,0,1
C020,C020_F014,2,0
C020,C020_F015,1,0
C020,C020_F016,0,1
C020,C020_F017,1,1
C020,C020_F018,2,3
C020,C020_F019,0,0
C020,C020_F020,0,0
C020,C020_F021,0,0
C020,C020_F022,2,2
C020,C020_F023,0,0
C020,C020_F024,2,0
C020,C020_F025,0,0
C020,C020_F026,2,0
C020,C020_F027,1,1
C020,C020_F028,1,0
C020,C020_F029,0,1
C020,C020_F030,1,0
C020,C020_F031,1,1
C020,C020_F032,0,0
C020,C020_F033,1,0
C020,C020_F034,0,0
C020,C020_F035,0,1
C020,C020_F036,1,0
C020,C020_F037,0,0
C020,C020_F038,0,0
C020,C020_F039,0,0
C020,C020_F040,1,0
C020,C020_F041,1,1
C020,C020_F042,1,1
C020,C020_F043,0,0
C020,C020_F044,2,1
C020,C020_F045,0,2
C020,C020_F046,2,1
C020,C020_F047,1,1
C020,C020_F048,0,0
C020,C020_F049,0,1
C020,C020_F050,1,0
C020,C020_F051,1,0
C020,C020_F052,1,1
C020,C020_F053,0,3
C020,C020_F054,1,1
C020,C020_F055,1,0
C020,C020_F056,0,1
C020,C020_F057,0,0
C020,C020_F058,0,0
C020,C020_F059,0,1
C020,C020_F060,2,1
C020,C020_F061,1,1
C020,C020_F062,1,2
C020,C020_F063,0,3
C020,C020_F064,2,0
C020,C020_F065,1,0
C020,C020_F066,1,2
C020,C020_F067,2,0
C020,C020_F068,2,1
C020,C020_F070,1,1
C020,C020_F071,0,2
C020,C020_F072,1,1
C020,C020_F073,0,1
C020,C020_F074,1,1
C020,C020_F075,1,0
C020,C020_F076,1,1
C020,C020_F077,2,1
C020,C020_F078,1,0
C020,C020_F079,4,0
C020,C020_F081,1,0
C020,C020_F082,0,0
C020,C020_F084,0,1
C020,C020_F085,1,1
C020,C020_F086,0,2
C020,C020_F087,1,0
C020,C020_F088,0,0
C020,C020_F089,0,0
C020,C020_F090,0,1
C020,C020_F091,2,0
C020,C020_F092,0,0
C020,C020_F094,0,1
C020,C020_F095,0,0
C020,C020_F096,2,0
C020,C020_F097,1,0
C020,C020_F098,0,0
C020,C020_F099,0,1
C020,C020_F100,0,1
C020,C020_F101,0,0
C020,C020_F102,0,0
C020,C020_F103,2,0
C020,C020_F104,2,0
C020,C020_F105,0,1
C020,C020_F106,0,3
C020,C020_F107,0,2
C020,C020_F108,1,0
C020,C020_F109,0,0
C020,C020_F111,0,0
C020,C020_F112,0,1
C020,C020_F113,0,0
C020,C020_F114,0,0
C020,C020_F115,1,0
C020,C020_F117,4,0
C020,C020_F118,1,2
C020,C020_F119,0,0
C020,C020_F120,1,0
C020,C020_F121,1,0
C020,C020_F122,2,1
C020,C020_F123,1,0
C020,C020_F124,2,1
C020,C020_F125,0,1
C020,C020_F126,1,0
C020,C020_F127,0,1
C020,C020_F128,1,1
C020,C020_F129,0,4
C020,C020_F130,0,0
C020,C020_F132,1,0
C020,C020_F133,1,0
C020,C020_F134,1,0
C020,C020_F135,0,1
C020,C020_F136,0,0
C020,C020_F137,2,0
C020,C020_F138,1,0
C020,C020_F139,1,0
C020,C020_F140,1,1
C020,C020_F141,0,0
C020,C020_F142,0,3
C020,C020_F143,0,0
C020,C020_F144,1,0
C020,C020_F145,1,1
C020,C020_F146,1,2
C020,C020_F147,1,0
C020,C020_F148,2,0
C020,C020_F149,0,2
C020,C020_F150,1,0
C020,C020_F151,0,2
C020,C020_F152,0,0
C020,C020_F153,0,0
C020,C020_F154,2,1
C020,C020_F155,1,0
C020,C020_F156,0,2
C020,C020_F157,0,2
C020,C020_F158,1,1
C020,C020_F159,0,1
C020,C020_F160,1,0
C020,C020_F161,2,0
C020,C020_F162,1,0
C020,C020_F163,1,1
C020,C020_F164,0,0
C020,C020_F165,0,0
C020,C020_F166,1,1
C020,C020_F167,1,0
C020,C020_F168,1,0
C020,C020_F169,0,1
C020,C020_F170,0,4
C020,C020_F171,1,1
C020,C020_F172,0,0
C020,C020_F173,2,1
C020,C020_F174,1,0
C020,C020_F175,0,1
C020,C020_F176,0,0
C020,C020_F177,2,0
C020,C020_F178,0,0
C020,C020_F179,1,0
C020,C020_F180,1,1
C020,C020_F181,0,1
C020,C020_F182,1,0
C020,C020_F183,0,1
C020,C020_F184,2,1
C020,C020_F185,1,1
C020,C020_F186,1,1
C020,C020_F187,0,0
C020,C020_F188,1,0
C020,C020_F189,1,0
C020,C020_F190,1,0
C020,C020_F191,3,0
C020,C020_F192,0,0
C020,C020_F193,1,1
C020,C020_F194,1,0
C020,C020_F196,0,0
C020,C020_F197,0,0
C020,C020_F198,0,0
C020,C020_F199,1,0
C020,C020_F200,0,1
C020,C020_F201,3,0
C020,C020_F202,1,0
C020,C020_F203,1,0
C020,C020_F205,1,0
C020,C020_F206,2,0
C020,C020_F207,1,1
C020,C020_F208,2,0
C020,C020_F209,1,0
C020,C020_F210,1,0
C020,C020_F211,0,2
C020,C020_F212,0,2
C020,C020_F213,2,0
C020,C020_F214,0,0
C020,C020_F215,1,0
C020,C020_F216,0,1
C020,C020_F217,1,0
C020,C020_F218,1,0
C020,C020_F219,0,0
C020,C020_F220,1,0
C020,C020_F221,0,0
C020,C020_F222,2,0
C020,C020_F223,3,0
C020,C020_F224,2,2
C020,C020_F226,1,0
C020,C020_F227,0,1
C020,C020_F228,1,1
C020,C020_F229,0,0
C020,C020_F230,1,0
C020,C020_F231,1,1
C020,C020_F233,0,1
C020,C020_F234,0,2
C020,C020_F235,0,1
C020,C020_F236,0,2
C020,C020_F237,2,0
C020,C020_F238,0,1
C020,C020_F239,0,2
C020,C020_F240,1,0
C020,C020_F241,0,1
C020,C020_F242,0,0
C020,C020_F243,3,0
C020,C020_F244,0,0
C020,C020_F245,2,0
C020,C020_F246,2,0
C020,C020_F247,0,0
C020,C020_F248,1,2
C020,C020_F249,0,1
C020,C020_F250,1,0
C020,C020_F251,0,0
C020,C020_F252,1,0
C020,C020_F253,0,2
C020,C020_F255,1,1
C020,C020_F256,0,2
C020,C020_F257,1,1
C020,C020_F258,2,0
C020,C020_F259,0,0
C020,C020_F260,0,0
C020,C020_F261,0,1
C020,C020_F262,0,0
C020,C020_F263,0,0
C020,C020_F264,0,2
C020,C020_F265,1,1
C020,C020_F266,1,1
C020,C020_F267,1,2
C020,C020_F268,0,0
C020,C020_F269,0,1
C020,C020_F270,1,1
C020,C020_F271,0,0
C020,C020_F272,0,1
C020,C020_F273,1,0
C020,C020_F274,0,0
C020,C020_F275,0,1
C020,C020_F276,1,0
C020,C020_F277,0,0
C020,C020_F278,0,0
C020,C020_F279,0,1
C020,C020_F280,0,0
C020,C020_F281,0,2
C020,C020_F282,1,0
C020,C020_F283,0,1
C020,C020_F284,0,1
C020,C020_F285,0,1
C020,C020_F287,1,1
C020,C020_F288,1,0
C020,C020_F289,1,1
C020,C020_F290,0,2
C020,C020_F291,2,1
C020,C020_F292,1,1
C020,C020_F293,0,0
C020,C020_F294,0,0
C020,C020_F295,1,1
C020,C020_F296,0,0
C020,C020_F297,1,0
C020,C020_F298,0,1
C020,C020_F300,0,3
C020,C020_F301,0,2
C020,C020_F302,2,0
C020,C020_F303,1,0
C020,C020_F305,1,0
C020,C020_F306,2,0
C021,C021_F001,0,1
C021,C021_F002,2,0
C021,C021_F003,1,1
C021,C021_F004,0,3
C021,C021_F005,0,2
C021,C021_F006,1,0
C021,C021_F007,2,0
C021,C021_F008,0,0
C021,C021_F009,1,0
C021,C021_F010,0,0
C021,C021_F011,2,0
C021,C021_F012,1,0
C021,C021_F013,0,0
C021,C021_F014,0,3
C021,C021_F015,2,0
C021,C021_F017,1,0
C021,C021_F018,1,0
C021,C021_F019,1,1
C021,C021_F020,2,0
C021,C021_F021,0,0
C021,C021_F022,0,0
C021,C021_F023,1,1
C021,C021_F024,1,0
C021,C021_F025,0,0
C021,C021_F026,0,2
C021,C021_F027,0,0
C021,C021_F029,1,0
C021,C021_F030,1,3
C021,C021_F031,0,1
C021,C021_F033,0,1
C021,C021_F034,0,1
C021,C021_F035,0,0
C021,C021_F036,1,1
C021,C021_F037,1,0
C021,C021_F038,0,0
C021,C021_F039,1,1
C021,C021_F040,1,0
C021,C021_F041,0,0
C021,C021_F042,1,0
C021,C021_F043,1,0
C021,C021_F044,0,3
C021,C021_F045,2,2
C021,C021_F046,1,0
C021,C021_F047,0,1
C021,C021_F048,0,2
C021,C021_F050,1,0
C021,C021_F051,1,0
C021,C021_F054,2,1
C021,C021_F055,1,1
C021,C021_F056,1,0
C021,C021_F057,1,0
C021,C021_F058,1,1
C021,C021_F059,1,1
C021,C021_F060,1,0
C021,C021_F061,0,0
C021,C021_F062,0,0
C021,C021_F063,0,1
C021,C021_F064,0,1
C021,C021_F065,0,0
C021,C021_F066,1,1
C021,C021_F067,0,1
C021,C021_F068,0,1
C021,C021_F069,1,0
C021,C021_F070,0,0
C021,C021_F071,0,0
C021,C021_F072,0,0
C021,C021_F073,0,0
C021,C021_F074,2,0
C021,C021_F076,0,1
C021,C021_F077,0,1
C021,C021_F078,3,1
C021,C021_F079,1,0
C021,C021_F080,0,1
C021,C021_F081,1,1
C021,C021_F082,0,2
C021,C021_F083,3,0
C021,C021_F084,1,0
C021,C021_F085,0,0
C021,C021_F086,2,0
C021,C021_F087,0,1
C021,C021_F088,1,1
C021,C021_F089,0,0
C021,C021_F090,0,0
C021,C021_F091,0,0
C021,C021_F092,1,0
C021,C021_F093,1,0
C021,C021_F094,1,0
C021,C021_F095,1,2
C021,C021_F096,1,0
C021,C021_F097,2,0
C021,C021_F098,4,0
C021,C021_F099,0,0
C021,C021_F100,2,0
C021,C021_F101,0,0
C021,C021_F102,1,0
C021,C021_F103,0,1
C021,C021_F104,0,0
C021,C021_F106,3,1
C021,C021_F107,0,0
C021,C021_F108,1,3
C021,C021_F109,1,2
C021,C021_F110,1,0
C021,C021_F111,3,0
C021,C021_F112,0,0
C021,C021_F113,2,0
C021,C021_F114,1,1
C021,C021_F115,0,3
C021,C021_F116,2,0
C021,C021_F117,0,0
C021,C021_F118,2,1
C021,C021_F119,0,1
C021,C021_F120,0,1
C021,C021_F121,0,1
C021,C021_F122,0,2
C021,C021_F123,0,1
C021,C021_F124,0,0
C021,C021_F125,0,0
C021,C021_F126,1,1
C021,C021_F127,0,0
C021,C021_F128,1,0
C021,C021_F129,0,0
C021,C021_F130,1,1
C021,C021_F131,2,2
C021,C021_F132,0,0
C021,C021_F133,1,0
C021,C021_F134,0,0
C021,C021_F136,0,0
C021,C021_F137,0,1
C021,C021_F138,0,0
C021,C021_F139,2,0
C021,C021_F140,3,0
C021,C021_F141,1,1
C021,C021_F142,0,3
C021,C021_F143,0,1
C021,C021_F144,1,1
C021,C021_F145,0,0
C021,C021_F147,0,0
C021,C021_F148,0,1
C021,C021_F149,1,0
C021,C021_F150,1,0
C021,C021_F151,0,0
C021,C021_F152,1,0
C021,C021_F153,0,1
C021,C021_F154,1,1
C021,C021_F155,1,1
C021,C021_F156,1,0
C021,C021_F157,1,1
C021,C021_F158,1,1
C021,C021_F160,0,1
C021,C021_F161,1,0
C021,C021_F162,1,0
C021,C021_F163,1,1
C021,C021_F164,0,0
C021,C021_F165,1,1
C021,C021_F166,2,1
C021,C021_F167,0,2
C021,C021_F168,2,0
C021,C021_F169,1,0
C021,C021_F170,1,0
C021,C021_F171,1,2
C021,C021_F172,1,0
C021,C021_F173,0,0
C021,C021_F174,2,0
C021,C021_F175,0,2
C021,C021_F176,0,0
C021,C021_F177,0,2
C021,C021_F178,3,1
C021,C021_F179,0,3
C021,C021_F180,0,0
C022,C022_F002,0,2
C022,C022_F003,1,0
C022,C022_F004,1,0
C022,C022_F005,0,0
C022,C022_F006,0,0
C022,C022_F008,1,0
C022,C022_F009,0,1
C022,C022_F010,1,0
C022,C022_F011,0,1
C022,C022_F012,0,1
C022,C022_F013,3,0
C022,C022_F014,1,0
C022,C022_F015,0,1
C022,C022_F016,0,0
C022,C022_F017,1,2
C022,C022_F018,1,0
C022,C022_F019,1,0
C022,C022_F020,0,1
C022,C022_F021,1,1
C022,C022_F022,1,1
C022,C022_F023,1,1
C022,C022_F024,1,1
C022,C022_F025,1,1
C022,C022_F026,2,1
C022,C022_F028,1,0
C022,C022_F029,0,0
C022,C022_F030,1,1
C022,C022_F031,1,2
C022,C022_F032,0,1
C022,C022_F033,2,0
C022,C022_F034,0,0
C022,C022_F035,0,0
C022,C022_F036,3,0
C022,C022_F037,1,1
C022,C022_F038,2,0
C022,C022_F039,0,1
C022,C022_F040,1,0
C022,C022_F042,1,0
C022,C022_F043,3,0
C022,C022_F044,0,1
C022,C022_F045,0,2
C022,C022_F046,0,3
C022,C022_F047,1,0
C022,C022_F048,1,0
C022,C022_F049,1,2
C022,C022_F050,0,0
C022,C022_F051,2,1
C022,C022_F052,1,3
C022,C022_F053,2,1
C022,C022_F054,0,3
C022,C022_F055,2,1
C022,C022_F056,0,0
C022,C022_F057,4,2
C022,C022_F058,1,1
C022,C022_F059,1,0
C022,C022_F060,0,2
C022,C022_F061,1,1
C022,C022_F062,1,1
C022,C022_F063,0,0
C022,C022_F065,0,0
C022,C022_F066,0,0
C022,C022_F067,0,0
C022,C022_F068,1,3
C022,C022_F069,1,1
C022,C022_F071,2,0
C022,C022_F072,0,1
C022,C022_F073,0,0
C022,C022_F074,0,2
C022,C022_F075,0,2
C022,C022_F076,1,1
C022,C022_F079,3,1
C022,C022_F080,1,0
C022,C022_F081,1,1
C022,C022_F082,1,1
C022,C022_F083,4,0
C022,C022_F084,1,0
C022,C022_F085,2,1
C022,C022_F086,0,0
C022,C022_F087,0,1
C022,C022_F088,1,0
C022,C022_F089,2,1
C022,C022_F090,0,2
C022,C022_F091,0,1
C022,C022_F092,2,0
C022,C022_F094,3,0
C022,C022_F095,0,0
C022,C022_F096,2,1
C022,C022_F097,1,2
C022,C022_F098,1,2
C022,C022_F099,0,0
C022,C022_F100,2,1
C022,C022_F101,0,0
C022,C022_F102,0,0
C022,C022_F103,0,0
C022,C022_F104,0,0
C022,C022_F105,0,1
C022,C022_F106,0,1
C022,C022_F107,3,1
C022,C022_F108,0,0
C022,C022_F109,0,0
C022,C022_F110,0,1
C022,C022_F111,0,0
C022,C022_F112,1,1
C022,C022_F113,0,1
C022,C022_F114,1,0
C022,C022_F116,2,1
C022,C022_F117,0,0
C022,C022_F118,1,0
C022,C022_F119,0,1
C022,C022_F120,1,1
C022,C022_F121,0,0
C022,C022_F122,0,1
C022,C022_F123,0,0
C022,C022_F124,2,0
C022,C022_F125,1,1
C022,C022_F126,0,1
C022,C022_F127,2,0
C022,C022_F128,1,0
C022,C022_F129,0,0
C022,C022_F130,0,0
C022,C022_F131,0,0
C022,C022_F132,0,0
C022,C022_F133,0,2
C022,C022_F134,3,1
C022,C022_F135,1,1
C022,C022_F136,0,1
C022,C022_F137,0,1
C022,C022_F139,0,0
C022,C022_F140,1,0
C022,C022_F141,1,0
C022,C022_F142,1,2
C022,C022_F143,3,2
C022,C022_F144,0,1
C022,C022_F145,0,2
C022,C022_F146,0,0
C022,C022_F147,2,0
C022,C022_F149,0,0
C022,C022_F150,0,0
C022,C022_F151,1,2
C022,C022_F152,0,1
C022,C022_F153,1,0
C022,C022_F154,1,1
C022,C022_F155,1,0
C022,C022_F157,1,0
C022,C022_F158,0,1
C022,C022_F159,0,4
C022,C022_F160,1,2
C022,C022_F161,1,0
C022,C022_F162,2,0
C022,C022_F163,0,1
C022,C022_F164,0,0
C022,C022_F165,2,0
C022,C022_F166,1,0
C022,C022_F167,1,0
C022,C022_F168,0,1
C022,C022_F169,0,0
C022,C022_F170,0,1
C022,C022_F171,1,0
C022,C022_F172,0,1
C022,C022_F173,1,0
C022,C022_F174,2,0
C022,C022_F177,0,0
C022,C022_F178,1,1
C022,C022_F179,0,1
C022,C022_F180,1,1
C022,C022_F181,0,3
C022,C022_F182,0,1
C022,C022_F184,1,0
C022,C022_F185,1,1
C022,C022_F187,1,1
C022,C022_F188,3,1
C022,C022_F189,1,1
C022,C022_F190,1,0
C022,C022_F191,1,0
C022,C022_F192,0,0
C022,C022_F193,1,0
C022,C022_F194,0,0
C022,C022_F195,0,0
C022,C022_F196,1,1
C022,C022_F197,3,0
C022,C022_F198,1,0
C022,C022_F199,1,1
C022,C022_F200,0,0
C022,C022_F202,0,0
C022,C022_F203,1,1
C022,C022_F204,1,0
C022,C022_F205,1,1
C022,C022_F206,1,0
C022,C022_F207,2,1
C022,C022_F208,1,1
C022,C022_F209,1,0
C022,C022_F210,0,0
C022,C022_F211,1,1
C022,C022_F212,0,0
C022,C022_F213,0,1
C022,C022_F214,3,0
C022,C022_F215,1,0
C022,C022_F216,0,0
C022,C022_F217,0,1
C022,C022_F218,0,1
C022,C022_F219,1,0
C022,C022_F220,2,1
C022,C022_F221,0,0
C022,C022_F223,0,1
C022,C022_F224,1,1
C022,C022_F225,1,0
C022,C022_F226,0,0
C022,C022_F227,1,0
C022,C022_F228,1,0
C022,C022_F229,1,1
C022,C022_F230,0,1
C022,C022_F231,0,1
C022,C022_F232,0,0
C022,C022_F233,0,1
C022,C022_F234,1,1
C022,C022_F235,0,1
C022,C022_F236,1,1
C022,C022_F237,1,1
C022,C022_F238,1,0
C022,C022_F239,0,1
C022,C022_F241,1,0
C022,C022_F242,2,1
C022,C022_F243,1,0
C022,C022_F244,0,2
C022,C022_F245,1,0
C022,C022_F246,0,0
C022,C022_F247,1,2
C022,C022_F248,1,1
C022,C022_F249,3,0
C022,C022_F250,0,1
C022,C022_F251,1,0
C022,C022_F252,1,2
C022,C022_F253,1,0
C022,C022_F254,1,1
C022,C022_F255,0,0
C022,C022_F256,2,0
C022,C022_F257,0,0
C022,C022_F258,2,0
C022,C022_F259,3,2
C022,C022_F260,1,1
C022,C022_F261,1,0
C022,C022_F262,0,1
C022,C022_F264,1,1
C022,C022_F265,0,1
C022,C022_F266,1,0
C022,C022_F267,1,1
C022,C022_F268,1,0
C022,C022_F269,2,0
C022,C022_F270,0,0
C022,C022_F271,0,0
C022,C022_F272,1,0
C022,C022_F273,0,0
C022,C022_F274,0,1
C022,C022_F275,1,2
C022,C022_F276,0,1
C022,C022_F277,3,0
C022,C022_F278,2,1
C022,C022_F279,0,1
C022,C022_F280,0,0
C022,C022_F281,1,0
C022,C022_F282,0,3
C022,C022_F283,0,0
C022,C022_F284,2,1
C022,C022_F285,2,1
C022,C022_F286,0,2
C022,C022_F287,0,0
C022,C022_F288,1,1
C022,C022_F289,1,0
C022,C022_F290,2,1
C022,C022_F291,1,1
C022,C022_F292,1,0
C022,C022_F293,1,0
C022,C022_F294,1,1
C022,C022_F295,0,1
C022,C022_F296,1,0
C022,C022_F297,3,0
C022,C022_F298,0,0
C022,C022_F299,1,0
C022,C022_F301,2,1
C022,C022_F302,0,0
C022,C022_F303,2,0
C022,C022_F304,1,1
C022,C022_F305,0,0
C022,C022_F306,1,0
C023,C023_F001,0,0
C023,C023_F002,1,1
C023,C023_F003,1,0
C023,C023_F004,0,1
C023,C023_F005,0,1
C023,C023_F007,0,0
C023,C023_F008,2,0
C023,C023_F009,0,1
C023,C023_F010,2,1
C023,C023_F011,1,0
C023,C023_F012,1,2
C023,C023_F013,1,1
C023,C023_F014,0,0
C023,C023_F015,0,1
C023,C023_F016,0,2
C023,C023_F017,1,1
C023,C023_F018,2,0
C023,C023_F019,1,0
C023,C023_F022,0,0
C023,C023_F023,0,0
C023,C023_F024,0,0
C023,C023_F025,2,0
C023,C023_F026,1,0
C023,C023_F028,1,1
C023,C023_F029,0,0
C023,C023_F030,2,1
C023,C023_F031,2,1
C023,C023_F032,0,1
C023,C023_F033,1,0
C023,C023_F034,3,0
C023,C023_F035,1,1
C023,C023_F036,1,2
C023,C023_F039,2,0
C023,C023_F040,0,0
C023,C023_F041,0,1
C023,C023_F042,1,0
C023,C023_F043,0,0
C023,C023_F044,0,1
C023,C023_F045,1,0
C023,C023_F046,1,0
C023,C023_F047,1,0
C023,C023_F048,0,0
C023,C023_F049,0,0
C023,C023_F050,0,0
C023,C023_F051,0,0
C023,C023_F052,3,0
C023,C023_F053,1,1
C023,C023_F054,0,2
C023,C023_F056,0,1
C023,C023_F057,0,0
C023,C023_F058,0,0
C023,C023_F059,0,0
C023,C023_F060,0,1
C023,C023_F061,2,0
C023,C023_F062,0,0
C023,C023_F063,1,1
C023,C023_F064,0,0
C023,C023_F065,0,0
C023,C023_F066,1,2
C023,C023_F067,0,0
C023,C023_F068,1,1
C023,C023_F069,1,0
C023,C023_F070,1,0
C023,C023_F071,3,0
C023,C023_F072,0,0
C023,C023_F074,0,1
C023,C023_F076,2,0
C023,C023_F077,1,0
C023,C023_F079,1,1
C023,C023_F080,0,1
C023,C023_F081,1,0
C023,C023_F082,0,1
C023,C023_F083,0,1
C023,C023_F084,1,1
C023,C023_F085,1,0
C023,C023_F086,0,0
C023,C023_F087,0,0
C023,C023_F089,1,1
C023,C023_F090,1,0
C023,C023_F091,0,0
C023,C023_F092,0,1
C023,C023_F093,0,0
C023,C023_F094,0,1
C023,C023_F095,0,0
C023,C023_F096,2,0
C023,C023_F097,1,0
C023,C023_F098,0,1
C023,C023_F099,0,1
C023,C023_F100,1,1
C023,C023_F101,0,1
C023,C023_F102,0,1
C023,C023_F103,1,0
C023,C023_F104,0,1
C023,C023_F105,0,1
C023,C023_F106,1,1
C023,C023_F107,1,1
C023,C023_F108,1,0
C023,C023_F109,1,0
C023,C023_F110,1,0
C023,C023_F111,1,1
C023,C023_F112,2,1
C023,C023_F113,1,0
C023,C023_F114,0,0
C023,C023_F117,2,1
C023,C023_F118,1,1
C023,C023_F119,0,1
C023,C023_F122,1,0
C023,C023_F123,0,2
C023,C023_F124,1,0
C023,C023_F126,2,0
C023,C023_F127,0,1
C023,C023_F128,0,1
C023,C023_F129,1,1
C023,C023_F130,0,1
C023,C023_F131,0,0
C023,C023_F132,0,1
C023,C023_F133,2,0
C023,C023_F134,1,0
C023,C023_F135,0,0
C023,C023_F136,0,2
C023,C023_F137,0,0
C023,C023_F138,1,1
C023,C023_F139,1,0
C023,C023_F140,1,2
C023,C023_F141,1,1
C023,C023_F142,2,1
C023,C023_F143,1,0
C023,C023_F144,0,0
C023,C023_F145,0,0
C023,C023_F146,1,0
C023,C023_F147,0,1
C023,C023_F148,1,1
C023,C023_F150,1,0
C023,C023_F151,0,1
C023,C023_F152,0,1
C023,C023_F153,1,0
C023,C023_F154,1,0
C023,C023_F155,0,1
C023,C023_F156,1,0
C023,C023_F158,2,0
C023,C023_F159,1,0
C023,C023_F160,0,0
C023,C023_F161,0,0
C023,C023_F163,1,3
C023,C023_F165,0,1
C023,C023_F166,1,0
C023,C023_F167,0,1
C023,C023_F168,0,0
C023,C023_F169,0,0
C023,C023_F170,0,1
C023,C023_F171,0,0
C023,C023_F172,0,1
C023,C023_F173,0,1
C023,C023_F174,0,2
C023,C023_F175,0,0
C023,C023_F176,0,1
C023,C023_F177,4,1
C023,C023_F178,1,1
C023,C023_F179,0,0
C023,C023_F180,0,0
C023,C023_F181,0,1
C023,C023_F182,0,1
C023,C023_F183,0,0
C023,C023_F184,0,0
C023,C023_F185,0,0
C023,C023_F186,0,1
C023,C023_F187,1,0
C023,C023_F188,0,3
C023,C023_F190,0,1
C023,C023_F191,1,2
C023,C023_F192,4,0
C023,C023_F193,2,0
C023,C023_F196,0,0
C023,C023_F197,1,1
C023,C023_F198,1,1
C023,C023_F199,1,1
C023,C023_F200,0,1
C023,C023_F201,3,0
C023,C023_F202,1,1
C023,C023_F203,1,0
C023,C023_F204,1,0
C023,C023_F206,0,0
C023,C023_F207,3,0
C023,C023_F208,0,2
C023,C023_F210,0,1
C023,C023_F211,2,0
C023,C023_F212,0,0
C023,C023_F213,0,0
C023,C023_F214,0,1
C023,C023_F215,0,4
C023,C023_F216,0,1
C023,C023_F217,0,2
C023,C023_F218,0,0
C023,C023_F219,0,0
C023,C023_F221,1,0
C023,C023_F222,0,0
C023,C023_F223,1,1
C023,C023_F224,0,0
C023,C023_F225,1,0
C023,C023_F226,1,0
C023,C023_F227,0,0
C023,C023_F228,0,0
C023,C023_F230,0,1
C023,C023_F231,1,0
C023,C023_F233,0,1
C023,C023_F234,1,0
C023,C023_F235,0,0
C023,C023_F236,0,0
C023,C023_F237,1,2
C023,C023_F238,1,0
C023,C023_F239,0,0
C023,C023_F240,1,3
C023,C023_F241,2,0
C023,C023_F242,1,0
C023,C023_F243,2,1
C023,C023_F244,0,0
C023,C023_F245,0,1
C023,C023_F246,0,2
C023,C023_F247,2,1
C023,C023_F248,0,1
C023,C023_F249,0,0
C023,C023_F250,0,0
C023,C023_F251,3,0
C023,C023_F253,0,3
C023,C023_F254,1,1
C023,C023_F255,0,0
C023,C023_F256,0,0
C023,C023_F257,0,0
C023,C023_F258,0,0
C023,C023_F260,0,0
C023,C023_F261,0,0
C023,C023_F262,0,1
C023,C023_F263,1,1
C023,C023_F265,2,0
C023,C023_F267,0,0
C023,C023_F268,1,0
C023,C023_F269,2,1
C023,C023_F270,0,0
C023,C023_F271,0,0
C023,C023_F272,0,0
C023,C023_F274,0,0
C023,C023_F275,0,1
C023,C023_F276,0,0
C023,C023_F277,0,0
C023,C023_F278,2,0
C023,C023_F279,0,1
C023,C023_F280,0,2
C023,C023_F281,1,0
C023,C023_F282,2,1
C023,C023_F283,1,0
C023,C023_F284,1,0
C023,C023_F285,2,0
C023,C023_F286,0,1
C023,C023_F287,0,0
C023,C023_F288,0,0
C023,C023_F289,0,3
C023,C023_F290,0,1
C023,C023_F291,0,0
C023,C023_F292,1,0
C023,C023_F293,0,1
C023,C023_F294,1,0
C023,C023_F295,2,0
C023,C023_F296,0,1
C023,C023_F297,1,0
C023,C023_F298,0,0
C023,C023_F299,0,1
C023,C023_F301,4,0
C023,C023_F302,0,0
C023,C023_F303,0,0
C023,C023_F304,1,0
C023,C023_F305,0,0
C023,C023_F306,2,0
C023,C023_F307,1,1
C023,C023_F308,1,1
C023,C023_F309,1,0
C023,C023_F310,1,0
C023,C023_F311,1,0
C023,C023_F312,2,0
C023,C023_F313,0,1
C023,C023_F314,1,0
C023,C023_F315,1,0
C023,C023_F316,0,0
C023,C023_F317,0,0
C023,C023_F318,1,0
C023,C023_F319,0,0
C023,C023_F320,1,1
C023,C023_F321,1,0
C023,C023_F322,0,1
C023,C023_F323,0,2
C023,C023_F324,0,0
C023,C023_F325,2,0
C023,C023_F326,0,0
C023,C023_F327,1,0
C023,C023_F328,0,0
C023,C023_F329,0,0
C023,C023_F330,0,0
C023,C023_F331,0,2
C023,C023_F334,0,1
C023,C023_F335,2,0
C023,C023_F336,0,1
C023,C023_F338,0,0
C023,C023_F339,0,0
C023,C023_F340,0,0
C023,C023_F341,2,0
C023,C023_F342,0,2
C023,C023_F343,1,1
C023,C023_F344,0,0
C023,C023_F345,0,0
C023,C023_F346,0,0
C023,C023_F347,0,0
C023,C023_F348,0,0
C023,C023_F349,0,0
C023,C023_F350,1,0
C023,C023_F351,1,2
C023,C023_F352,0,0
C023,C023_F353,0,1
C023,C023_F354,0,0
C023,C023_F355,0,0
C023,C023_F356,1,0
C023,C023_F357,1,0
C023,C023_F358,0,0
C023,C023_F359,0,2
C023,C023_F360,0,1
C023,C023_F361,1,0
C023,C023_F362,0,0
C023,C023_F364,0,1
C023,C023_F365,0,0
C023,C023_F366,1,0
C023,C023_F367,3,1
C023,C023_F370,1,0
C023,C023_F371,1,0
C023,C023_F372,1,1
C023,C023_F374,1,0
C023,C023_F375,1,1
C023,C023_F376,1,0
C023,C023_F377,0,0
C023,C023_F378,1,0
C023,C023_F380,1,1
C023,C023_F381,0,0
C023,C023_F382,1,0
C023,C023_F383,1,1
C023,C023_F384,1,0
C023,C023_F385,1,0
C023,C023_F386,0,2
C023,C023_F387,0,2
C023,C023_F388,1,0
C023,C023_F389,0,0
C023,C023_F392,0,2
C023,C023_F393,1,0
C023,C023_F394,0,1
C023,C023_F395,1,1
C023,C023_F396,1,2
C023,C023_F397,1,1
C023,C023_F398,2,0
C023,C023_F399,2,0
C023,C023_F400,0,0
C023,C023_F401,0,1
C023,C023_F402,0,0
C023,C023_F403,0,1
C023,C023_F404,1,0
C023,C023_F405,2,1
C023,C023_F407,0,0
C023,C023_F408,2,2
C023,C023_F409,2,1
C023,C023_F410,0,0
C023,C023_F411,0,2
C023,C023_F412,1,1
C023,C023_F414,1,0
C023,C023_F415,0,0
C023,C023_F416,0,1
C023,C023_F417,0,0
C023,C023_F418,1,1
C023,C023_F419,1,0
C023,C023_F420,0,0
C023,C023_F421,0,0
C023,C023_F422,0,1
C023,C023_F423,0,1
C023,C023_F424,2,0
C023,C023_F425,1,1
C023,C023_F426,1,0
C023,C023_F428,3,1
C023,C023_F429,1,0
C023,C023_F430,2,1
C023,C023_F431,1,0
C023,C023_F432,2,1
C023,C023_F433,0,0
C023,C023_F434,1,2
C023,C023_F435,1,0
C023,C023_F436,0,1
C023,C023_F437,2,0
C023,C023_F438,1,0
C023,C023_F439,2,0
C023,C023_F440,0,1
C023,C023_F441,1,1
C023,C023_F442,1,0
C023,C023_F444,1,0
C023,C023_F445,0,0
C023,C023_F446,0,1
C023,C023_F447,0,0
C023,C023_F448,0,1
C023,C023_F449,1,0
C023,C023_F450,0,1
C023,C023_F451,0,0
C023,C023_F452,2,1
C023,C023_F453,1,0
C023,C023_F454,0,0
C023,C023_F455,0,0
C023,C023_F456,1,0
C023,C023_F457,0,3
C023,C023_F458,1,1
C023,C023_F459,0,0
C023,C023_F461,1,1
C023,C023_F462,0,0
C023,C023_F463,1,0
C023,C023_F464,2,0
C023,C023_F466,0,1
C023,C023_F467,2,2
C023,C023_F468,1,0
C023,C023_F469,1,1
C023,C023_F470,0,0
C023,C023_F471,1,1
C023,C023_F472,0,0
C023,C023_F474,0,1
C023,C023_F475,2,0
C023,C023_F476,0,1
C023,C023_F477,0,1
C023,C023_F478,0,1
C023,C023_F479,2,0
C023,C023_F480,3,0
C023,C023_F481,0,0
C023,C023_F482,1,0
C023,C023_F483,2,0
C023,C023_F484,1,0
C023,C023_F485,0,0
C023,C023_F486,1,0
C023,C023_F487,1,0
C023,C023_F488,2,0
C023,C023_F489,0,0
C023,C023_F490,1,0
C023,C023_F491,1,3
C023,C023_F492,3,0
C023,C023_F493,0,1
C023,C023_F494,0,1
C023,C023_F495,0,1
C023,C023_F496,1,1
C023,C023_F497,0,1
C023,C023_F498,0,2
C023,C023_F499,1,0
C023,C023_F500,0,1
C023,C023_F501,0,1
C023,C023_F502,1,1
C023,C023_F503,0,1
C023,C023_F504,2,0
C023,C023_F505,1,1
C023,C023_F506,1,0
C023,C023_F507,0,0
C023,C023_F508,0,1
C023,C023_F509,0,1
C023,C023_F510,0,0
C023,C023_F511,1,2
C023,C023_F514,1,1
C023,C023_F515,1,1
C023,C023_F516,0,0
C023,C023_F517,1,0
C023,C023_F518,2,0
C023,C023_F519,0,0
C023,C023_F521,1,1
C023,C023_F522,0,1
C023,C023_F523,1,1
C023,C023_F525,0,0
C023,C023_F526,0,0
C023,C023_F527,0,2
C023,C023_F528,0,0
C023,C023_F529,0,0
C023,C023_F530,1,1
C023,C023_F531,0,0
C023,C023_F532,1,1
C023,C023_F533,1,0
C023,C023_F534,0,1
C023,C023_F535,1,1
C023,C023_F536,2,1
C023,C023_F537,0,1
C023,C023_F539,2,2
C023,C023_F540,0,0
C023,C023_F541,0,2
C023,C023_F543,0,0
C023,C023_F544,0,0
C023,C023_F545,0,0
C023,C023_F546,1,1
C023,C023_F547,2,0
C023,C023_F548,0,1
C023,C023_F549,0,2
C023,C023_F550,1,1
C023,C023_F551,0,0
C023,C023_F552,1,0
C024,C024_F001,0,0
C024,C024_F002,1,3
C024,C024_F003,1,1
C024,C024_F004,0,0
C024,C024_F005,1,1
C024,C024_F006,0,0
C024,C024_F007,2,0
C024,C024_F008,1,0
C024,C024_F009,0,0
C024,C024_F010,0,1
C024,C024_F011,0,1
C024,C024_F012,1,0
C024,C024_F013,0,1
C024,C024_F014,1,0
C024,C024_F015,3,1
C024,C024_F017,0,0
C024,C024_F018,1,0
C024,C024_F019,0,1
C024,C024_F020,2,0
C024,C024_F021,1,0
C024,C024_F022,0,2
C024,C024_F023,0,0
C024,C024_F024,1,1
C024,C024_F025,1,0
C024,C024_F026,0,0
C024,C024_F027,3,0
C024,C024_F028,0,0
C024,C024_F030,0,0
C024,C024_F031,0,0
C024,C024_F032,0,0
C024,C024_F033,2,0
C024,C024_F034,1,2
C024,C024_F036,0,1
C024,C024_F037,1,0
C024,C024_F038,3,0
C024,C024_F039,0,1
C024,C024_F040,2,1
C024,C024_F041,1,0
C024,C024_F042,2,2
C024,C024_F043,0,0
C024,C024_F044,0,0
C024,C024_F045,0,1
C024,C024_F046,2,0
C024,C024_F047,3,2
C024,C024_F048,0,2
C024,C024_F049,1,1
C024,C024_F050,1,0
C024,C024_F051,0,0
C024,C024_F052,0,1
C024,C024_F053,0,1
C024,C024_F054,1,1
C024,C024_F055,1,0
C024,C024_F056,0,0
C024,C024_F057,0,2
C024,C024_F058,0,3
C024,C024_F059,2,0
C024,C024_F060,0,0
C024,C024_F062,0,0
C024,C024_F063,0,0
C024,C024_F064,1,2
C024,C024_F065,1,0
C024,C024_F066,0,1
C024,C024_F067,1,1
C024,C024_F068,0,0
C024,C024_F070,0,1
C024,C024_F071,0,0
C024,C024_F072,0,0
C024,C024_F073,2,0
C024,C024_F074,0,1
C024,C024_F075,0,0
C024,C024_F076,2,1
C024,C024_F077,1,1
C024,C024_F078,1,0
C024,C024_F080,1,0
C024,C024_F081,1,1
C024,C024_F082,2,0
C024,C024_F083,2,2
C024,C024_F084,3,0
C024,C024_F085,0,1
C024,C024_F086,1,0
C024,C024_F087,0,0
C024,C024_F088,1,1
C024,C024_F089,1,0
C024,C024_F090,1,0
C024,C024_F091,0,0
C024,C024_F093,0,1
C024,C024_F094,0,0
C024,C024_F095,0,1
C024,C024_F096,1,0
C024,C024_F097,1,0
C024,C024_F098,1,0
C024,C024_F099,3,1
C024,C024_F101,0,1
C024,C024_F102,0,1
C024,C024_F103,0,0
C024,C024_F104,2,1
C024,C024_F105,0,0
C024,C024_F106,1,0
C024,C024_F107,1,1
C024,C024_F108,0,1
C024,C024_F109,1,0
C024,C024_F110,1,0
C024,C024_F111,0,0
C024,C024_F112,0,1
C024,C024_F113,0,2
C024,C024_F114,3,0
C024,C024_F115,1,0
C024,C024_F116,1,1
C024,C024_F117,3,0
C024,C024_F118,1,1
C024,C024_F119,1,1
C024,C024_F120,1,0
C024,C024_F121,1,0
C024,C024_F122,0,1
C024,C024_F123,0,1
C024,C024_F124,0,1
C024,C024_F125,1,1
C024,C024_F126,1,1
C024,C024_F127,1,0
C024,C024_F128,0,0
C024,C024_F129,1,1
C024,C024_F130,0,0
C024,C024_F131,0,1
C024,C024_F132,0,0
C024,C024_F133,0,0
C024,C024_F134,1,0
C024,C024_F135,2,0
C024,C024_F136,0,0
C024,C024_F137,0,0
C024,C024_F138,3,0
C024,C024_F140,0,1
C024,C024_F141,0,0
C024,C024_F143,1,0
C024,C024_F144,0,0
C024,C024_F145,1,0
C024,C024_F146,0,2
C024,C024_F147,1,0
C024,C024_F148,1,0
C024,C024_F149,3,0
C024,C024_F150,0,1
C024,C024_F151,0,0
C024,C024_F152,2,0
C024,C024_F153,1,0
C024,C024_F154,2,0
C024,C024_F155,1,0
C024,C024_F156,0,2
C024,C024_F157,0,1
C024,C024_F158,0,2
C024,C024_F159,0,1
C024,C024_F160,1,2
C024,C024_F161,0,0
C024,C024_F162,2,0
C024,C024_F163,1,0
C024,C024_F164,1,0
C024,C024_F165,2,0
C024,C024_F168,0,1
C024,C024_F169,0,0
C024,C024_F170,2,1
C024,C024_F171,0,0
C024,C024_F172,0,0
C024,C024_F173,0,0
C024,C024_F174,0,1
C024,C024_F175,2,0
C024,C024_F176,1,1
C024,C024_F177,1,0
C024,C024_F178,2,1
C024,C024_F179,1,1
C024,C024_F180,1,0
C024,C024_F181,2,1
C024,C024_F182,0,1
C024,C024_F183,2,0
C024,C024_F184,0,3
C024,C024_F185,2,1
C024,C024_F187,0,1
C024,C024_F188,3,0
C024,C024_F189,1,0
C024,C024_F190,0,0
C024,C024_F191,2,0
C024,C024_F192,0,0
C024,C024_F193,0,1
C024,C024_F194,0,0
C024,C024_F195,1,0
C024,C024_F196,0,1
C024,C024_F197,0,0
C024,C024_F198,1,0
C024,C024_F199,2,0
C024,C024_F200,1,0
C024,C024_F201,0,0
C024,C024_F202,2,0
C024,C024_F203,1,1
C024,C024_F204,1,4
C024,C024_F205,0,0
C024,C024_F206,0,1
C024,C024_F207,4,1
C024,C024_F208,0,1
C024,C024_F209,0,0
C024,C024_F210,2,0
C024,C024_F211,0,0
C024,C024_F212,1,0
C024,C024_F213,1,0
C024,C024_F214,0,0
C024,C024_F215,0,1
C024,C024_F216,0,0
C024,C024_F217,1,2
C024,C024_F218,0,0
C024,C024_F219,1,0
C024,C024_F220,1,0
C024,C024_F221,1,0
C024,C024_F222,0,0
C024,C024_F223,2,0
C024,C024_F224,0,0
C024,C024_F225,0,0
C024,C024_F226,1,2
C024,C024_F227,1,1
C024,C024_F228,0,0
C024,C024_F229,0,1
C024,C024_F230,1,4
C024,C024_F231,2,0
C024,C024_F232,1,0
C024,C024_F233,1,1
C024,C024_F234,0,2
C024,C024_F235,1,0
C024,C024_F236,5,1
C024,C024_F237,0,1
C024,C024_F238,0,0
C024,C024_F239,0,1
C024,C024_F240,1,0
C024,C024_F242,1,2
C024,C024_F243,1,0
C024,C024_F244,0,0
C024,C024_F245,0,0
C024,C024_F246,0,0
C024,C024_F247,0,1
C024,C024_F248,0,0
C024,C024_F249,1,1
C024,C024_F250,0,1
C024,C024_F251,1,0
C024,C024_F252,1,1
C024,C024_F253,1,0
C024,C024_F254,1,1
C024,C024_F256,0,0
C024,C024_F257,1,0
C024,C024_F258,0,1
C024,C024_F259,1,1
C024,C024_F260,1,0
C024,C024_F261,0,2
C024,C024_F262,1,0
C024,C024_F263,1,0
C024,C024_F264,0,3
C024,C024_F265,0,0
C024,C024_F266,2,1
C024,C024_F268,0,1
C024,C024_F269,1,0
C024,C024_F270,1,0
C024,C024_F271,1,1
C024,C024_F272,0,1
C024,C024_F273,1,0
C024,C024_F274,0,0
C024,C024_F275,2,1
C024,C024_F276,0,2
C024,C024_F277,0,0
C024,C024_F278,1,0
C024,C024_F279,0,1
C024,C024_F280,2,0
C024,C024_F281,0,0
C024,C024_F282,1,0
C024,C024_F283,1,0
C024,C024_F284,1,0
C024,C024_F285,2,1
C024,C024_F286,0,0
C024,C024_F287,0,3
C024,C024_F288,3,1
C024,C024_F289,1,0
C024,C024_F290,1,2
C024,C024_F291,1,0
C024,C024_F292,2,0
C024,C024_F293,2,0
C024,C024_F294,1,0
C024,C024_F296,0,0
C024,C024_F297,1,1
C024,C024_F298,0,1
C024,C024_F299,1,2
C024,C024_F300,1,0
C024,C024_F301,0,0
C024,C024_F302,1,0
C024,C024_F303,1,0
C024,C024_F304,0,1
C024,C024_F305,0,1
C024,C024_F306,1,0
C024,C024_F307,1,1
C024,C024_F308,1,1
C024,C024_F309,1,0
C024,C024_F310,2,0
C024,C024_F311,0,2
C024,C024_F312,0,0
C024,C024_F313,0,0
C024,C024_F314,5,1
C024,C024_F315,0,1
C024,C024_F316,0,3
C024,C024_F317,1,0
C024,C024_F318,0,1
C024,C024_F319,0,2
C024,C024_F321,0,1
C024,C024_F322,0,1
C024,C024_F323,0,1
C024,C024_F324,2,0
C024,C024_F325,2,0
C024,C024_F326,1,0
C024,C024_F327,1,1
C024,C024_F328,2,0
C024,C024_F329,3,0
C024,C024_F330,1,0
C024,C024_F331,3,0
C024,C024_F332,1,0
C024,C024_F333,0,2
C024,C024_F334,0,1
C024,C024_F335,1,0
C024,C024_F336,0,0
C024,C024_F337,2,1
C024,C024_F338,0,0
C024,C024_F339,0,0
C024,C024_F340,1,1
C024,C024_F341,1,2
C024,C024_F342,5,0
C024,C024_F343,0,0
C024,C024_F345,1,0
C024,C024_F346,0,0
C024,C024_F347,1,0
C024,C024_F348,1,1
C024,C024_F349,0,0
C024,C024_F350,0,0
C024,C024_F351,0,0
C024,C024_F352,2,0
C024,C024_F353,1,1
C024,C024_F354,0,0
C024,C024_F355,0,0
C024,C024_F356,1,0
C024,C024_F357,0,0
C024,C024_F358,0,0
C024,C024_F359,1,1
C024,C024_F360,2,0
C024,C024_F361,0,0
C024,C024_F362,1,0
C024,C024_F363,0,1
C024,C024_F364,3,0
C024,C024_F365,0,0
C024,C024_F366,1,0
C024,C024_F367,0,0
C024,C024_F368,0,0
C024,C024_F369,1,1
C024,C024_F370,0,1
C024,C024_F371,1,0
C024,C024_F372,0,0
C024,C024_F373,0,0
C024,C024_F374,1,0
C024,C024_F375,0,3
C024,C024_F376,1,0
C024,C024_F377,1,0
C024,C024_F378,1,1
C024,C024_F379,0,0
C026,C026_F001,0,0
C026,C026_F002,0,0
C026,C026_F004,2,0
C026,C026_F005,1,0
C026,C026_F006,1,0
C026,C026_F007,2,0
C026,C026_F008,1,3
C026,C026_F009,0,0
C026,C026_F010,0,0
C026,C026_F011,0,0
C026,C026_F012,0,2
C026,C026_F013,0,1
C026,C026_F014,0,3
C026,C026_F015,0,0
C026,C026_F016,1,1
C026,C026_F017,0,2
C026,C026_F019,0,0
C026,C026_F020,0,3
C026,C026_F021,0,0
C026,C026_F022,0,1
C026,C026_F023,0,1
C026,C026_F024,1,2
C026,C026_F025,0,0
C026,C026_F026,1,1
C026,C026_F027,1,0
C026,C026_F028,0,0
C026,C026_F030,0,1
C026,C026_F031,3,2
C026,C026_F032,0,1
C026,C026_F033,0,0
C026,C026_F034,1,1
C026,C026_F035,2,0
C026,C026_F036,1,1
C026,C026_F037,1,0
C026,C026_F038,1,0
C026,C026_F039,1,1
C026,C026_F040,2,0
C026,C026_F041,1,1
C026,C026_F042,0,1
C026,C026_F043,2,1
C026,C026_F044,2,0
C026,C026_F045,1,2
C026,C026_F046,0,0
C026,C026_F047,0,0
C026,C026_F048,0,1
C026,C026_F049,2,0
C026,C026_F050,3,0
C026,C026_F051,0,2
C026,C026_F052,1,0
C026,C026_F053,0,1
C026,C026_F054,0,0
C026,C026_F055,0,2
C026,C026_F056,2,0
C026,C026_F057,2,0
C026,C026_F058,1,0
C026,C026_F059,0,2
C026,C026_F060,1,0
C026,C026_F061,4,0
C026,C026_F062,3,1
C026,C026_F063,1,0
C026,C026_F064,2,1
C026,C026_F066,2,0
C026,C026_F067,0,0
C026,C026_F068,1,0
C026,C026_F069,1,0
C026,C026_F070,2,1
C026,C026_F071,1,0
C026,C026_F072,1,1
C026,C026_F073,1,1
C026,C026_F075,0,0
C026,C026_F076,1,1
C026,C026_F077,2,2
C026,C026_F078,0,1
C026,C026_F079,3,3
C026,C026_F080,1,2
C026,C026_F081,2,0
C026,C026_F082,0,1
C026,C026_F083,0,0
C026,C026_F084,0,1
C026,C026_F085,1,3
C026,C026_F086,1,0
C026,C026_F087,0,1
C026,C026_F088,0,0
C026,C026_F089,1,0
C026,C026_F090,1,0
C026,C026_F091,1,1
C026,C026_F092,0,2
C026,C026_F093,1,0
C026,C026_F094,2,0
C026,C026_F095,0,2
C026,C026_F096,1,1
C026,C026_F097,0,0
C026,C026_F098,1,0
C026,C026_F099,1,0
C026,C026_F100,1,0
C026,C026_F101,0,0
C026,C026_F102,2,0
C026,C026_F103,0,1
C026,C026_F104,1,1
C026,C026_F105,1,0
C026,C026_F106,0,0
C026,C026_F107,0,4
C026,C026_F108,0,0
C026,C026_F109,0,1
C026,C026_F110,0,0
C026,C026_F111,2,1
C026,C026_F112,1,0
C026,C026_F113,1,0
C026,C026_F114,2,1
C026,C026_F115,0,0
C026,C026_F116,0,3
C026,C026_F117,2,0
C026,C026_F118,1,1
C026,C026_F119,1,0
C026,C026_F120,2,0
C026,C026_F121,1,0
C026,C026_F122,0,1
C026,C026_F123,0,0
C026,C026_F124,0,2
C026,C026_F125,1,0
C026,C026_F126,0,0
C026,C026_F127,2,1
C026,C026_F128,1,0
C026,C026_F129,1,0
C026,C026_F130,1,1
C026,C026_F131,0,0
C026,C026_F132,0,1
C026,C026_F133,1,2
C026,C026_F134,0,0
C026,C026_F135,0,3
C026,C026_F136,0,1
C026,C026_F137,0,0
C026,C026_F139,0,2
C026,C026_F140,1,1
C026,C026_F141,2,0
C026,C026_F142,0,0
C026,C026_F144,2,0
C026,C026_F145,1,1
C026,C026_F146,2,1
C026,C026_F147,2,0
C026,C026_F148,3,0
C026,C026_F149,0,0
C026,C026_F150,3,0
C026,C026_F151,1,0
C026,C026_F152,2,0
C026,C026_F153,1,1
C026,C026_F154,0,1
C026,C026_F155,0,1
C026,C026_F156,0,0
C026,C026_F157,1,0
C026,C026_F158,0,3
C026,C026_F159,3,0
C026,C026_F160,1,0
C026,C026_F161,1,1
C026,C026_F162,0,0
C026,C026_F163,1,1
C026,C026_F164,0,0
C026,C026_F165,0,1
C026,C026_F166,2,0
C026,C026_F167,0,0
C026,C026_F168,2,1
C026,C026_F170,0,0
C026,C026_F171,0,2
C026,C026_F172,0,0
C026,C026_F174,1,1
C026,C026_F175,1,0
C026,C026_F176,1,0
C026,C026_F177,0,0
C026,C026_F178,1,2
C026,C026_F179,0,0
C026,C026_F180,3,0
C028,C028_F001,0,0
C028,C028_F002,1,1
C028,C028_F003,1,1
C028,C028_F004,1,1
C028,C028_F005,1,0
C028,C028_F007,0,1
C028,C028_F008,0,0
C028,C028_F009,0,1
C028,C028_F010,1,1
C028,C028_F011,0,0
C028,C028_F012,1,0
C028,C028_F013,0,1
C028,C028_F014,0,1
C028,C028_F015,0,0
C028,C028_F016,0,0
C028,C028_F018,1,0
C028,C028_F019,0,0
C028,C028_F021,0,1
C028,C028_F022,0,1
C028,C028_F023,1,0
C028,C028_F024,2,0
C028,C028_F025,2,2
C028,C028_F026,1,2
C028,C028_F027,1,0
C028,C028_F028,0,1
C028,C028_F029,2,0
C028,C028_F030,0,2
C028,C028_F031,2,0
C028,C028_F032,0,0
C028,C028_F033,0,1
C028,C028_F034,0,1
C028,C028_F035,1,1
C028,C028_F036,1,0
C028,C028_F037,4,0
C028,C028_F038,0,2
C028,C028_F039,0,0
C028,C028_F040,1,0
C028,C028_F041,1,1
C028,C028_F043,2,1
C028,C028_F044,2,0
C028,C028_F045,4,0
C028,C028_F046,1,1
C028,C028_F048,0,0
C028,C028_F049,1,0
C028,C028_F050,0,0
C028,C028_F051,1,0
C028,C028_F052,2,0
C028,C028_F053,1,0
C028,C028_F054,1,1
C028,C028_F055,2,1
C028,C028_F056,0,1
C028,C028_F057,0,1
C028,C028_F058,1,1
C028,C028_F059,2,1
C028,C028_F060,0,0
C028,C028_F061,0,0
C028,C028_F062,0,0
C028,C028_F063,2,1
C028,C028_F064,0,1
C028,C028_F065,1,0
C028,C028_F066,0,2
C028,C028_F067,1,2
C028,C028_F068,1,0
C028,C028_F069,1,1
C028,C028_F070,0,0
C028,C028_F071,0,1
C028,C028_F072,0,0
C028,C028_F073,1,0
C028,C028_F074,0,0
C028,C028_F075,0,0
C028,C028_F076,2,0
C028,C028_F078,1,0
C028,C028_F079,1,1
C028,C028_F080,1,2
C028,C028_F081,0,1
C028,C028_F082,2,0
C028,C028_F083,0,1
C028,C028_F084,0,0
C028,C028_F085,0,0
C028,C028_F086,1,2
C028,C028_F087,2,2
C028,C028_F088,3,1
C028,C028_F089,1,0
C028,C028_F090,2,0
C028,C028_F091,0,1
C028,C028_F092,1,0
C028,C028_F093,0,0
C028,C028_F094,5,0
C028,C028_F095,1,0
C028,C028_F096,1,0
C028,C028_F097,0,1
C028,C028_F098,1,1
C028,C028_F099,1,0
C028,C028_F100,1,1
C028,C028_F101,0,0
C028,C028_F102,1,0
C028,C028_F103,0,1
C028,C028_F104,0,0
C028,C028_F105,2,0
C028,C028_F106,1,0
C028,C028_F107,1,0
C028,C028_F108,1,0
C028,C028_F109,1,0
C028,C028_F110,0,1
C028,C028_F111,0,0
C028,C028_F112,1,1
C028,C028_F113,1,0
C028,C028_F114,1,0
C028,C028_F115,1,0
C028,C028_F116,1,0
C028,C028_F117,0,1
C028,C028_F118,1,2
C028,C028_F119,0,1
C028,C028_F120,1,1
C028,C028_F123,0,1
C028,C028_F124,1,0
C028,C028_F125,2,0
C028,C028_F126,0,0
C028,C028_F127,0,0
C028,C028_F128,0,4
C028,C028_F129,0,1
C028,C028_F130,0,0
C028,C028_F131,2,0
C028,C028_F132,0,0
C028,C028_F133,0,0
C028,C028_F134,0,1
C028,C028_F136,1,0
C028,C028_F138,0,0
C028,C028_F139,1,0
C028,C028_F140,0,1
C028,C028_F141,2,0
C028,C028_F142,0,1
C028,C028_F143,1,0
C028,C028_F144,0,0
C028,C028_F145,1,1
C028,C028_F146,1,1
C028,C028_F147,0,0
C028,C028_F148,0,0
C028,C028_F149,2,0
C028,C028_F150,3,0
C028,C028_F151,2,1
C028,C028_F152,0,0
C028,C028_F153,0,2
C028,C028_F154,1,0
C028,C028_F155,1,0
C028,C028_F156,1,0
C028,C028_F157,0,1
C028,C028_F158,1,0
C028,C028_F159,1,2
C028,C028_F160,1,0
C028,C028_F161,1,1
C028,C028_F163,1,0
C028,C028_F164,0,0
C028,C028_F165,0,1
C028,C028_F166,2,0
C028,C028_F167,2,0
C028,C028_F168,2,0
C028,C028_F169,0,0
C028,C028_F170,0,1
C028,C028_F171,2,0
C028,C028_F172,0,1
C028,C028_F173,2,1
C028,C028_F174,1,0
C028,C028_F175,0,0
C028,C028_F176,0,1
C028,C028_F177,4,0
C028,C028_F178,0,1
C028,C028_F179,2,0
C028,C028_F180,2,0
C028,C028_F181,0,1
C028,C028_F182,1,0
C028,C028_F183,0,3
C028,C028_F184,4,0
C028,C028_F185,0,2
C028,C028_F186,0,0
C028,C028_F187,0,0
C028,C028_F188,3,1
C028,C028_F190,1,0
C028,C028_F191,1,0
C028,C028_F192,3,0
C028,C028_F193,2,0
C028,C028_F194,1,1
C028,C028_F195,1,0
C028,C028_F196,1,1
C028,C028_F197,1,0
C028,C028_F198,0,0
C028,C028_F199,1,1
C028,C028_F200,0,0
C028,C028_F201,0,0
C028,C028_F202,0,0
C028,C028_F203,0,2
C028,C028_F204,0,0
C028,C028_F205,0,0
C028,C028_F206,2,0
C028,C028_F207,0,0
C028,C028_F209,0,2
C028,C028_F210,1,0
C028,C028_F211,1,0
C028,C028_F212,1,0
C028,C028_F213,2,1
C028,C028_F214,0,0
C028,C028_F215,0,0
C028,C028_F217,3,0
C028,C028_F218,0,0
C028,C028_F219,2,1
C028,C028_F220,1,0
C028,C028_F221,1,0
C028,C028_F222,2,0
C028,C028_F223,0,0
C028,C028_F224,0,1
C028,C028_F225,0,1
C028,C028_F226,2,0
C028,C028_F227,0,1
C028,C028_F229,0,2
C028,C028_F230,1,0
C028,C028_F231,0,0
C028,C028_F233,0,0
C028,C028_F234,1,1
C028,C028_F236,0,1
C028,C028_F237,0,1
C028,C028_F238,1,1
C028,C028_F239,1,0
C028,C028_F240,1,2
C028,C028_F241,0,2
C028,C028_F242,1,1
C028,C028_F243,0,2
C028,C028_F244,0,0
C028,C028_F245,0,0
C028,C028_F246,1,0
C028,C028_F247,2,0
C028,C028_F248,0,0
C028,C028_F249,1,0
C028,C028_F250,0,0
C028,C028_F251,2,0
C028,C028_F252,1,0
C028,C028_F253,1,0
C028,C028_F254,4,2
C028,C028_F255,1,0
C028,C028_F256,0,1
C028,C028_F257,1,1
C028,C028_F258,2,0
C028,C028_F259,2,1
C028,C028_F260,0,2
C028,C028_F261,2,0
C028,C028_F262,2,0
C028,C028_F263,1,0
C028,C028_F264,2,1
C028,C028_F265,1,0
C028,C028_F266,3,0
C028,C028_F267,0,0
C028,C028_F269,1,0
C028,C028_F270,2,3
C028,C028_F271,1,0
C028,C028_F272,2,0
C028,C028_F273,1,0
C028,C028_F274,0,0
C028,C028_F275,1,2
C028,C028_F276,1,0
C028,C028_F277,0,1
C028,C028_F278,0,0
C028,C028_F279,3,1
C028,C028_F280,0,0
C028,C028_F281,0,0
C028,C028_F282,0,2
C028,C028_F283,0,2
C028,C028_F284,0,0
C028,C028_F285,1,1
C028,C028_F286,0,0
C028,C028_F287,0,0
C028,C028_F288,0,0
C028,C028_F289,0,0
C028,C028_F290,0,2
C028,C028_F291,2,0
C028,C028_F292,1,0
C028,C028_F293,0,1
C028,C028_F294,1,1
C028,C028_F296,3,1
C028,C028_F297,1,0
C028,C028_F299,2,0
C028,C028_F300,1,1
C028,C028_F301,0,0
C028,C028_F302,0,2
C028,C028_F303,0,1
C028,C028_F305,1,1
C028,C028_F306,1,1
C028,C028_F307,0,0
C028,C028_F308,0,2
C028,C028_F309,2,1
C028,C028_F310,1,1
C028,C028_F311,1,0
C028,C028_F312,1,2
C028,C028_F313,2,0
C028,C028_F314,0,1
C028,C028_F315,1,0
C028,C028_F316,1,1
C028,C028_F317,1,1
C028,C028_F319,1,0
C028,C028_F321,0,1
C028,C028_F322,0,2
C028,C028_F323,0,0
C028,C028_F324,0,0
C028,C028_F325,2,0
C028,C028_F326,0,0
C028,C028_F327,0,1
C028,C028_F328,0,1
C028,C028_F329,1,0
C028,C028_F330,0,1
C028,C028_F331,2,1
C028,C028_F332,1,0
C028,C028_F333,0,0
C028,C028_F334,0,0
C028,C028_F335,0,0
C028,C028_F336,2,0
C028,C028_F337,2,0
C028,C028_F338,0,1
C028,C028_F339,0,2
C028,C028_F341,1,1
C028,C028_F342,0,2
C028,C028_F343,0,0
C028,C028_F344,1,0
C028,C028_F345,1,0
C028,C028_F346,1,0
C028,C028_F347,0,2
C028,C028_F348,0,2
C028,C028_F349,0,1
C028,C028_F350,1,1
C028,C028_F351,2,0
C028,C028_F352,0,0
C028,C028_F353,2,0
C028,C028_F354,0,1
C028,C028_F355,0,2
C028,C028_F356,1,0
C028,C028_F357,1,2
C028,C028_F358,0,1
C028,C028_F359,1,0
C028,C028_F360,0,0
C028,C028_F361,0,1
C028,C028_F362,0,0
C028,C028_F363,1,0
C028,C028_F364,0,1
C028,C028_F365,0,0
C028,C028_F367,1,1
C028,C028_F368,0,2
C028,C028_F369,0,1
C028,C028_F370,1,0
C028,C028_F371,2,0
C028,C028_F372,0,1
C028,C028_F373,0,1
C028,C028_F374,1,0
C028,C028_F375,1,0
C028,C028_F376,1,1
C028,C028_F377,1,0
C028,C028_F378,0,1
C028,C028_F379,1,0
C028,C028_F380,0,0
C031,C031_F001,2,0
C031,C031_F002,2,0
C031,C031_F003,2,0
C031,C031_F004,0,0
C031,C031_F005,0,0
C031,C031_F006,1,0
C031,C031_F007,0,3
C031,C031_F008,0,0
C031,C031_F009,0,0
C031,C031_F011,1,0
C031,C031_F012,0,1
C031,C031_F013,0,1
C031,C031_F014,2,2
C031,C031_F015,1,0
C031,C031_F016,1,0
C031,C031_F017,1,0
C031,C031_F018,0,1
C031,C031_F019,0,1
C031,C031_F020,1,1
C031,C031_F021,0,3
C031,C031_F022,0,0
C031,C031_F023,2,0
C031,C031_F024,1,1
C031,C031_F025,0,1
C031,C031_F026,0,0
C031,C031_F027,2,0
C031,C031_F028,0,1
C031,C031_F029,0,1
C031,C031_F030,0,1
C031,C031_F031,1,0
C031,C031_F032,0,0
C031,C031_F033,0,0
C031,C031_F035,0,0
C031,C031_F037,0,1
C031,C031_F038,3,0
C031,C031_F039,1,2
C031,C031_F040,1,1
C031,C031_F041,1,0
C031,C031_F042,1,0
C031,C031_F043,1,1
C031,C031_F044,0,0
C031,C031_F045,0,1
C031,C031_F046,1,0
C031,C031_F047,0,0
C031,C031_F048,0,0
C031,C031_F049,0,1
C031,C031_F050,0,1
C031,C031_F051,2,0
C031,C031_F052,0,0
C031,C031_F053,0,1
C031,C031_F054,0,1
C031,C031_F055,1,0
C031,C031_F056,1,0
C031,C031_F057,0,0
C031,C031_F058,1,1
C031,C031_F059,1,4
C031,C031_F060,0,1
C031,C031_F061,0,0
C031,C031_F062,0,0
C031,C031_F063,1,1
C031,C031_F064,0,0
C031,C031_F066,1,0
C031,C031_F067,1,0
C031,C031_F068,0,0
C031,C031_F069,0,2
C031,C031_F070,1,1
C031,C031_F071,0,2
C031,C031_F072,0,0
C031,C031_F073,0,1
C031,C031_F074,0,1
C031,C031_F075,0,0
C031,C031_F076,1,0
C031,C031_F077,0,0
C031,C031_F078,1,0
C031,C031_F079,0,0
C031,C031_F080,1,0
C031,C031_F081,1,0
C031,C031_F082,0,0
C031,C031_F083,1,1
C031,C031_F084,0,1
C031,C031_F085,1,1
C031,C031_F086,1,2
C031,C031_F087,1,0
C031,C031_F088,1,1
C031,C031_F089,0,1
C031,C031_F090,1,0
C031,C031_F091,1,1
C031,C031_F092,2,0
C031,C031_F093,0,1
C031,C031_F095,0,2
C031,C031_F096,1,1
C031,C031_F097,1,0
C031,C031_F098,0,1
C031,C031_F099,0,0
C031,C031_F100,0,0
C031,C031_F102,0,1
C031,C031_F103,1,2
C031,C031_F104,0,0
C031,C031_F105,0,0
C031,C031_F106,0,0
C031,C031_F107,1,0
C031,C031_F108,0,2
C031,C031_F109,2,0
C031,C031_F110,1,2
C031,C031_F111,4,0
C031,C031_F112,0,0
C031,C031_F113,1,0
C031,C031_F114,0,2
C031,C031_F115,0,0
C031,C031_F116,0,1
C031,C031_F117,0,0
C031,C031_F118,2,0
C031,C031_F119,1,2
C031,C031_F121,0,1
C031,C031_F123,1,1
C031,C031_F124,0,3
C031,C031_F126,2,1
C031,C031_F127,0,1
C031,C031_F128,2,1
C031,C031_F129,1,0
C031,C031_F130,0,0
C031,C031_F131,3,0
C031,C031_F132,3,0
C031,C031_F133,2,0
C031,C031_F134,1,1
C031,C031_F135,0,1
C031,C031_F136,1,1
C031,C031_F137,0,0
C031,C031_F138,4,0
C031,C031_F139,0,0
C031,C031_F140,0,0
C031,C031_F141,1,1
C031,C031_F142,0,2
C031,C031_F143,0,1
C031,C031_F144,1,0
C031,C031_F145,2,1
C031,C031_F147,1,1
C031,C031_F148,2,0
C031,C031_F149,0,0
C031,C031_F150,1,0
C031,C031_F151,1,1
C031,C031_F152,2,1
C031,C031_F154,0,0
C031,C031_F155,1,0
C031,C031_F156,1,0
C031,C031_F157,0,0
C031,C031_F158,2,0
C031,C031_F159,0,1
C031,C031_F160,0,2
C031,C031_F161,2,1
C031,C031_F162,0,1
C031,C031_F163,1,0
C031,C031_F164,0,0
C031,C031_F165,0,0
C031,C031_F166,0,1
C031,C031_F167,1,0
C031,C031_F168,2,0
C031,C031_F169,1,2
C031,C031_F170,0,0
C031,C031_F171,1,0
C031,C031_F172,1,1
C031,C031_F173,1,0
C031,C031_F174,0,1
C031,C031_F175,0,1
C031,C031_F176,0,0
C031,C031_F177,1,1
C031,C031_F178,1,0
C031,C031_F179,1,0
C031,C031_F180,1,0
C031,C031_F181,1,0
C031,C031_F182,1,0
C031,C031_F183,0,1
C031,C031_F184,0,0
C031,C031_F185,2,0
C031,C031_F186,0,1
C031,C031_F187,0,0
C031,C031_F188,0,0
C031,C031_F189,2,0
C031,C031_F190,1,1
C031,C031_F191,1,1
C031,C031_F192,0,1
C031,C031_F193,0,1
C031,C031_F194,0,0
C031,C031_F195,0,0
C031,C031_F196,1,0
C031,C031_F197,1,1
C031,C031_F198,0,0
C031,C031_F199,1,1
C031,C031_F201,0,0
C031,C031_F202,0,0
C031,C031_F203,0,1
C031,C031_F204,0,0
C031,C031_F205,0,1
C031,C031_F206,2,0
C031,C031_F207,2,1
C031,C031_F208,0,0
C031,C031_F209,0,1
C031,C031_F212,1,0
C031,C031_F213,0,1
C031,C031_F214,1,1
C031,C031_F215,0,1
C031,C031_F216,0,0
C031,C031_F217,0,0
C031,C031_F218,1,2
C031,C031_F219,2,0
C031,C031_F220,0,0
C031,C031_F221,1,0
C031,C031_F222,1,0
C031,C031_F223,0,0
C031,C031_F224,0,1
C031,C031_F225,3,1
C031,C031_F226,0,1
C031,C031_F227,2,0
C031,C031_F228,0,2
C031,C031_F229,0,0
C031,C031_F230,1,0
C031,C031_F232,3,0
C031,C031_F233,2,1
C031,C031_F234,0,1
C031,C031_F236,1,2
C031,C031_F237,0,0
C031,C031_F238,2,1
C031,C031_F239,0,2
C031,C031_F241,2,0
C031,C031_F242,2,2
C031,C031_F243,0,0
C031,C031_F244,1,0
C031,C031_F245,1,0
C031,C031_F246,1,0
C031,C031_F247,1,0
C031,C031_F248,0,0
C031,C031_F249,1,2
C031,C031_F250,1,1
C031,C031_F251,2,0
C031,C031_F252,0,1
C031,C031_F253,1,0
C031,C031_F254,0,0
C031,C031_F255,1,0
C031,C031_F256,1,1
C031,C031_F257,0,0
C031,C031_F258,1,0
C031,C031_F259,1,1
C031,C031_F260,0,0
C031,C031_F261,0,1
C031,C031_F262,1,0
C031,C031_F263,1,0
C031,C031_F264,0,0
C031,C031_F266,1,0
C031,C031_F267,0,0
C031,C031_F268,2,2
C031,C031_F269,1,0
C031,C031_F270,1,0
C031,C031_F271,0,0
C031,C031_F272,0,0
C031,C031_F273,1,0
C031,C031_F274,2,0
C031,C031_F275,0,0
C031,C031_F277,1,1
C031,C031_F278,0,1
C031,C031_F279,0,1
C031,C031_F280,0,1
C031,C031_F281,1,0
C031,C031_F282,1,0
C031,C031_F283,0,1
C031,C031_F284,2,1
C031,C031_F285,0,2
C031,C031_F286,1,0
C031,C031_F287,1,0
C031,C031_F288,0,0
C031,C031_F289,0,0
C031,C031_F290,1,1
C031,C031_F291,3,0
C031,C031_F292,0,0
C031,C031_F293,2,0
C031,C031_F295,2,1
C031,C031_F296,1,1
C031,C031_F297,2,1
C031,C031_F298,1,2
C031,C031_F299,2,0
C031,C031_F300,3,0
C031,C031_F301,0,0
C031,C031_F302,1,0
C031,C031_F303,1,0
C031,C031_F305,1,0
C031,C031_F306,0,0
C031,C031_F307,0,1
C031,C031_F308,0,0
C031,C031_F309,2,0
C031,C031_F310,1,0
C031,C031_F312,1,1
C031,C031_F314,0,0
C031,C031_F315,0,1
C031,C031_F316,0,0
C031,C031_F317,1,0
C031,C031_F318,0,0
C031,C031_F319,2,0
C031,C031_F320,0,0
C031,C031_F321,0,1
C031,C031_F322,0,1
C031,C031_F323,0,1
C031,C031_F324,0,0
C031,C031_F325,2,1
C031,C031_F326,0,0
C031,C031_F328,0,1
C031,C031_F329,1,0
C031,C031_F330,0,2
C031,C031_F331,0,0
C031,C031_F332,0,0
C031,C031_F333,1,0
C031,C031_F334,0,2
C031,C031_F335,1,0
C031,C031_F336,0,0
C031,C031_F337,1,0
C031,C031_F338,0,1
C031,C031_F339,1,0
C031,C031_F340,0,0
C031,C031_F341,1,0
C031,C031_F342,0,0
C031,C031_F343,1,0
C031,C031_F344,0,1
C031,C031_F345,0,1
C031,C031_F346,0,0
C031,C031_F347,0,0
C031,C031_F348,0,1
C031,C031_F349,0,1
C031,C031_F350,0,1
C031,C031_F351,3,0
C031,C031_F352,0,2
C031,C031_F353,0,0
C031,C031_F354,1,0
C031,C031_F355,1,1
C031,C031_F356,1,0
C031,C031_F357,0,1
C031,C031_F358,0,0
C031,C031_F360,0,2
C031,C031_F361,0,0
C031,C031_F362,1,0
C031,C031_F363,0,0
C031,C031_F364,1,0
C031,C031_F365,1,0
C031,C031_F366,1,2
C031,C031_F368,0,0
C031,C031_F369,0,0
C031,C031_F370,1,0
C031,C031_F371,1,2
C031,C031_F372,0,0
C031,C031_F373,1,1
C031,C031_F374,0,0
C031,C031_F375,0,0
C031,C031_F376,1,0
C031,C031_F377,0,1
C031,C031_F378,2,0
C031,C031_F379,2,0
C031,C031_F380,0,0
C031,C031_F381,1,1
C031,C031_F382,1,0
C031,C031_F383,0,0
C031,C031_F384,1,0
C031,C031_F385,1,1
C031,C031_F386,0,0
C031,C031_F387,2,1
C031,C031_F388,0,0
C031,C031_F389,0,1
C031,C031_F390,1,0
C031,C031_F391,0,1
C031,C031_F392,0,0
C031,C031_F393,1,2
C031,C031_F395,0,0
C031,C031_F397,3,0
C031,C031_F398,0,0
C031,C031_F399,0,0
C031,C031_F400,1,1
C031,C031_F401,0,2
C031,C031_F402,3,1
C031,C031_F403,2,0
C031,C031_F404,1,0
C031,C031_F405,0,1
C031,C031_F406,2,0
C031,C031_F407,2,0
C031,C031_F408,0,0
C031,C031_F409,0,0
C031,C031_F410,0,1
C031,C031_F411,0,1
C031,C031_F412,1,1
C031,C031_F413,1,0
C031,C031_F414,0,0
C031,C031_F415,0,1
C031,C031_F416,0,1
C031,C031_F417,0,1
C031,C031_F418,2,1
C031,C031_F419,0,2
C031,C031_F420,0,1
C031,C031_F421,1,0
C031,C031_F422,0,2
C031,C031_F423,0,1
C031,C031_F424,0,1
C031,C031_F425,0,0
C031,C031_F426,2,0
C031,C031_F427,0,1
C031,C031_F428,0,0
C031,C031_F429,0,0
C031,C031_F430,0,1
C031,C031_F431,0,1
C031,C031_F433,0,1
C031,C031_F436,0,0
C031,C031_F437,1,2
C031,C031_F438,1,2
C031,C031_F439,2,0
C031,C031_F440,1,1
C031,C031_F441,2,0
C031,C031_F442,0,0
C031,C031_F443,0,1
C031,C031_F444,0,1
C031,C031_F445,0,1
C031,C031_F446,0,0
C031,C031_F447,0,2
C031,C031_F448,1,1
C031,C031_F450,1,0
C031,C031_F451,1,0
C031,C031_F452,1,1
C031,C031_F453,0,1
C031,C031_F454,1,0
C031,C031_F456,0,2
C031,C031_F457,1,1
C031,C031_F458,0,0
C031,C031_F459,0,1
C031,C031_F460,0,0
C031,C031_F461,0,1
C031,C031_F462,0,0
C031,C031_F463,1,0
C031,C031_F464,2,2
C031,C031_F465,1,0
C031,C031_F466,2,0
C031,C031_F467,0,0
C031,C031_F468,1,0
C031,C031_F469,1,1
C031,C031_F470,1,0
C031,C031_F471,0,2
C031,C031_F472,3,0
C031,C031_F473,0,1
C031,C031_F474,1,0
C031,C031_F475,1,2
C031,C031_F476,2,0
C031,C031_F477,1,0
C031,C031_F478,0,0
C031,C031_F479,0,1
C031,C031_F481,2,2
C031,C031_F482,1,0
C031,C031_F483,0,0
C031,C031_F484,2,1
C031,C031_F485,0,1
C031,C031_F486,0,1
C031,C031_F487,0,2
C031,C031_F488,0,0
C031,C031_F489,1,0
C031,C031_F490,0,1
C031,C031_F491,1,0
C031,C031_F492,0,1
C031,C031_F493,0,1
C031,C031_F494,0,0
C031,C031_F495,0,0
C031,C031_F496,1,0
C031,C031_F497,0,2
C031,C031_F498,1,1
C031,C031_F499,0,1
C031,C031_F500,0,0
C031,C031_F501,0,2
C031,C031_F502,0,0
C031,C031_F503,0,0
C031,C031_F504,0,1
C031,C031_F505,0,1
C031,C031_F506,0,0
C031,C031_F507,1,0
C031,C031_F508,0,0
C031,C031_F509,0,0
C031,C031_F510,0,1
C031,C031_F511,0,0
C031,C031_F512,1,1
C031,C031_F513,1,0
C031,C031_F514,0,0
C031,C031_F515,3,1
C031,C031_F516,0,0
C031,C031_F517,1,0
C031,C031_F518,0,1
C031,C031_F519,0,1
C031,C031_F520,0,1
C031,C031_F521,0,0
C031,C031_F522,0,0
C031,C031_F523,0,1
C031,C031_F524,1,1
C031,C031_F525,0,0
C031,C031_F526,0,0
C031,C031_F527,0,0
C031,C031_F528,0,0
C031,C031_F529,1,0
C031,C031_F531,2,1
C031,C031_F532,1,1
C031,C031_F533,1,1
C031,C031_F534,0,1
C031,C031_F535,0,2
C031,C031_F536,1,2
C031,C031_F537,0,3
C031,C031_F538,0,0
C031,C031_F539,1,0
C031,C031_F540,1,1
C031,C031_F541,0,1
C031,C031_F542,1,0
C031,C031_F543,0,1
C031,C031_F544,0,1
C031,C031_F545,0,1
C031,C031_F546,0,0
C031,C031_F547,1,1
C031,C031_F549,0,2
C031,C031_F550,1,0
C031,C031_F551,0,1
C031,C031_F552,1,1
C034,C034_F001,0,1
C034,C034_F002,0,0
C034,C034_F003,1,1
C034,C034_F004,1,2
C034,C034_F005,0,0
C034,C034_F006,0,0
C034,C034_F007,1,2
C034,C034_F008,1,0
C034,C034_F009,1,0
C034,C034_F010,1,0
C034,C034_F011,2,0
C034,C034_F013,1,0
C034,C034_F014,0,0
C034,C034_F015,1,2
C034,C034_F016,1,1
C034,C034_F017,1,0
C034,C034_F018,2,0
C034,C034_F020,1,0
C034,C034_F021,0,0
C034,C034_F022,1,0
C034,C034_F023,0,1
C034,C034_F024,1,0
C034,C034_F027,2,0
C034,C034_F028,1,1
C034,C034_F029,0,1
C034,C034_F030,1,0
C034,C034_F032,0,2
C034,C034_F033,0,0
C034,C034_F034,1,0
C034,C034_F035,0,0
C034,C034_F036,0,3
C034,C034_F037,0,1
C034,C034_F038,0,0
C034,C034_F039,3,1
C034,C034_F040,1,0
C034,C034_F041,0,1
C034,C034_F042,0,1
C034,C034_F043,0,0
C034,C034_F044,1,0
C034,C034_F045,2,1
C034,C034_F046,1,1
C034,C034_F047,0,0
C034,C034_F048,0,0
C034,C034_F049,1,1
C034,C034_F051,0,0
C034,C034_F052,1,0
C034,C034_F053,0,1
C034,C034_F054,2,1
C034,C034_F055,0,0
C034,C034_F056,0,1
C034,C034_F057,0,1
C034,C034_F058,1,2
C034,C034_F059,2,1
C034,C034_F060,0,0
C034,C034_F061,1,1
C034,C034_F062,0,0
C034,C034_F063,2,1
C034,C034_F064,0,0
C034,C034_F065,1,0
C034,C034_F066,0,2
C034,C034_F067,1,0
C034,C034_F068,1,0
C034,C034_F069,0,1
C034,C034_F070,2,1
C034,C034_F071,0,0
C034,C034_F072,0,1
C034,C034_F073,0,1
C034,C034_F074,1,2
C034,C034_F075,2,1
C034,C034_F076,0,1
C034,C034_F077,2,1
C034,C034_F078,1,1
C034,C034_F079,2,0
C034,C034_F080,0,1
C034,C034_F081,1,0
C034,C034_F082,0,1
C034,C034_F083,1,1
C034,C034_F084,1,1
C034,C034_F085,0,1
C034,C034_F086,0,0
C034,C034_F087,0,0
C034,C034_F088,1,0
C034,C034_F089,0,1
C034,C034_F090,2,1
C034,C034_F091,0,0
C034,C034_F092,0,3
C034,C034_F093,0,2
C034,C034_F094,0,1
C034,C034_F095,0,3
C034,C034_F096,1,0
C034,C034_F097,0,1
C034,C034_F098,1,0
C034,C034_F099,1,1
C034,C034_F100,0,1
C034,C034_F101,1,1
C034,C034_F102,1,0
C034,C034_F103,0,0
C034,C034_F104,0,1
C034,C034_F105,0,0
C034,C034_F106,1,0
C034,C034_F107,1,0
C034,C034_F108,1,0
C034,C034_F109,1,0
C034,C034_F110,1,1
C034,C034_F111,1,1
C034,C034_F112,1,0
C034,C034_F113,0,1
C034,C034_F114,2,1
C034,C034_F115,1,0
C034,C034_F116,0,1
C034,C034_F117,1,0
C034,C034_F118,1,0
C034,C034_F119,2,0
C034,C034_F120,1,0
C034,C034_F121,0,1
C034,C034_F122,0,3
C034,C034_F123,0,1
C034,C034_F124,0,0
C034,C034_F125,0,0
C034,C034_F126,0,1
C034,C034_F127,1,2
C034,C034_F128,0,1
C034,C034_F129,0,2
C034,C034_F130,0,0
C034,C034_F131,0,1
C034,C034_F132,1,0
C034,C034_F133,0,1
C034,C034_F134,2,1
C034,C034_F135,0,0
C034,C034_F136,1,0
C034,C034_F137,1,0
C034,C034_F138,0,0
C034,C034_F139,0,1
C034,C034_F140,0,0
C034,C034_F141,1,0
C034,C034_F142,2,0
C034,C034_F143,0,1
C034,C034_F144,1,1
C034,C034_F145,1,0
C034,C034_F146,0,0
C034,C034_F147,3,1
C034,C034_F148,0,0
C034,C034_F149,1,3
C034,C034_F150,0,0
C034,C034_F151,1,1
C034,C034_F152,1,1
C034,C034_F153,1,0
C034,C034_F154,1,0
C034,C034_F155,0,0
C034,C034_F156,1,0
C034,C034_F157,0,1
C034,C034_F158,1,0
C034,C034_F159,0,1
C034,C034_F160,1,0
C034,C034_F161,0,1
C034,C034_F162,0,0
C034,C034_F163,3,0
C034,C034_F164,0,1
C034,C034_F165,0,1
C034,C034_F166,1,0
C034,C034_F167,1,1
C034,C034_F168,1,0
C034,C034_F169,0,1
C034,C034_F170,1,1
C034,C034_F171,0,1
C034,C034_F172,1,0
C034,C034_F173,1,0
C034,C034_F175,2,0
C034,C034_F176,0,0
C034,C034_F177,0,1
C034,C034_F178,0,1
C034,C034_F179,0,0
C034,C034_F180,0,1
C034,C034_F181,0,2
C034,C034_F182,2,0
C034,C034_F183,0,0
C034,C034_F184,0,0
C034,C034_F185,0,1
C034,C034_F186,1,0
C034,C034_F187,1,1
C034,C034_F188,0,0
C034,C034_F189,3,1
C034,C034_F190,0,0
C034,C034_F191,0,1
C034,C034_F192,0,0
C034,C034_F194,1,0
C034,C034_F195,0,0
C034,C034_F196,3,1
C034,C034_F197,0,0
C034,C034_F198,0,0
C034,C034_F199,0,1
C034,C034_F200,1,1
C034,C034_F201,1,1
C034,C034_F202,2,0
C034,C034_F203,0,1
C034,C034_F204,1,1
C034,C034_F205,0,0
C034,C034_F206,1,0
C034,C034_F207,0,0
C034,C034_F208,0,0
C034,C034_F209,1,1
C034,C034_F210,0,0
C034,C034_F211,1,4
C034,C034_F212,0,1
C034,C034_F213,0,1
C034,C034_F214,1,0
C034,C034_F215,0,0
C034,C034_F216,0,2
C034,C034_F217,0,0
C034,C034_F218,1,0
C034,C034_F219,0,0
C034,C034_F220,1,0
C034,C034_F221,2,0
C034,C034_F222,0,0
C034,C034_F223,3,0
C034,C034_F224,1,0
C034,C034_F225,1,0
C034,C034_F226,0,1
C034,C034_F227,2,1
C034,C034_F228,0,0
C034,C034_F229,2,1
C034,C034_F230,1,0
C034,C034_F232,0,0
C034,C034_F233,0,0
C034,C034_F234,0,1
C034,C034_F235,0,0
C034,C034_F236,1,0
C034,C034_F237,3,0
C034,C034_F238,1,0
C034,C034_F239,1,2
C034,C034_F240,1,2
C034,C034_F241,0,1
C034,C034_F242,2,0
C034,C034_F243,2,1
C034,C034_F244,2,0
C034,C034_F245,2,0
C034,C034_F246,1,0
C034,C034_F247,0,1
C034,C034_F248,1,0
C034,C034_F249,1,1
C034,C034_F250,0,0
C034,C034_F251,0,0
C034,C034_F252,1,0
C034,C034_F253,1,0
C034,C034_F255,2,0
C034,C034_F256,0,2
C034,C034_F257,1,3
C034,C034_F258,1,0
C034,C034_F259,0,2
C034,C034_F260,0,2
C034,C034_F261,1,0
C034,C034_F262,1,1
C034,C034_F263,0,1
C034,C034_F264,1,0
C034,C034_F265,0,1
C034,C034_F266,1,0
C034,C034_F267,1,2
C034,C034_F268,1,0
C034,C034_F270,0,0
C034,C034_F271,0,0
C034,C034_F272,3,1
C034,C034_F273,1,1
C034,C034_F275,1,0
C034,C034_F276,1,0
C034,C034_F277,1,0
C034,C034_F278,0,1
C034,C034_F279,2,1
C034,C034_F280,0,0
C034,C034_F281,0,0
C034,C034_F282,2,1
C034,C034_F285,0,2
C034,C034_F286,1,1
C034,C034_F287,1,0
C034,C034_F288,1,1
C034,C034_F289,0,0
C034,C034_F290,1,0
C034,C034_F291,0,0
C034,C034_F292,1,1
C034,C034_F293,0,0
C034,C034_F294,0,2
C034,C034_F295,0,1
C034,C034_F296,0,1
C034,C034_F297,0,1
C034,C034_F298,1,1
C034,C034_F299,1,1
C034,C034_F300,0,3
C034,C034_F301,0,1
C034,C034_F302,2,0
C034,C034_F303,2,1
C034,C034_F304,1,0
C034,C034_F305,0,1
C034,C034_F306,1,1
C034,C034_F307,2,0
C034,C034_F308,1,0
C034,C034_F309,1,0
C034,C034_F310,2,2
C034,C034_F311,1,1
C034,C034_F312,0,1
C034,C034_F313,0,0
C034,C034_F314,0,0
C034,C034_F315,1,1
C034,C034_F316,1,0
C034,C034_F317,0,1
C034,C034_F319,1,1
C034,C034_F322,0,0
C034,C034_F323,1,1
C034,C034_F324,1,1
C034,C034_F325,0,0
C034,C034_F326,0,0
C034,C034_F327,0,2
C034,C034_F328,0,0
C034,C034_F329,0,1
C034,C034_F330,0,1
C034,C034_F331,0,2
C034,C034_F332,0,0
C034,C034_F333,0,1
C034,C034_F335,0,0
C034,C034_F336,1,0
C034,C034_F337,0,0
C034,C034_F338,0,0
C034,C034_F339,0,1
C034,C034_F340,0,1
C034,C034_F341,0,0
C034,C034_F342,3,0
C034,C034_F343,1,0
C034,C034_F344,0,0
C034,C034_F345,1,1
C034,C034_F348,0,2
C034,C034_F349,0,0
C034,C034_F350,0,1
C034,C034_F351,1,0
C034,C034_F352,1,1
C034,C034_F353,1,0
C034,C034_F354,3,1
C034,C034_F355,1,2
C034,C034_F356,1,0
C034,C034_F357,0,0
C034,C034_F358,1,2
C034,C034_F359,3,0
C034,C034_F360,2,0
C034,C034_F361,0,0
C034,C034_F362,2,1
C034,C034_F363,0,1
C034,C034_F364,2,0
C034,C034_F365,0,0
C034,C034_F366,1,1
C034,C034_F367,1,0
C034,C034_F368,2,0
C034,C034_F369,0,0
C034,C034_F371,1,0
C034,C034_F372,0,1
C034,C034_F373,1,1
C034,C034_F374,1,0
C034,C034_F375,1,1
C034,C034_F376,1,1
C034,C034_F377,2,0
C034,C034_F378,2,1
C034,C034_F379,0,1
C034,C034_F380,0,0
C034,C034_F381,0,2
C034,C034_F382,1,0
C034,C034_F383,2,0
C034,C034_F384,0,1
C034,C034_F385,0,0
C034,C034_F386,0,2
C034,C034_F387,0,1
C034,C034_F388,0,1
C034,C034_F389,1,1
C034,C034_F390,0,0
C034,C034_F391,0,0
C034,C034_F392,1,0
C034,C034_F393,0,1
C034,C034_F394,0,0
C034,C034_F395,2,1
C034,C034_F396,0,1
C034,C034_F397,0,0
C034,C034_F398,1,0
C034,C034_F399,2,0
C034,C034_F400,0,1
C034,C034_F402,0,0
C034,C034_F403,1,1
C034,C034_F404,3,1
C034,C034_F405,0,0
C034,C034_F406,0,1
C034,C034_F407,3,1
C034,C034_F408,0,1
C034,C034_F410,0,1
C034,C034_F411,0,1
C034,C034_F412,1,0
C034,C034_F413,0,1
C034,C034_F414,0,0
C034,C034_F415,1,0
C034,C034_F417,0,0
C034,C034_F418,1,0
C034,C034_F419,1,0
C034,C034_F420,0,0
C034,C034_F421,0,0
C034,C034_F422,0,0
C034,C034_F423,1,1
C034,C034_F424,0,0
C034,C034_F425,1,1
C034,C034_F427,1,0
C034,C034_F428,1,1
C034,C034_F429,1,1
C034,C034_F430,0,0
C034,C034_F431,4,2
C034,C034_F433,1,1
C034,C034_F434,1,1
C034,C034_F435,0,0
C034,C034_F436,0,1
C034,C034_F437,1,0
C034,C034_F438,2,2
C034,C034_F439,1,0
C034,C034_F441,0,0
C034,C034_F442,0,0
C034,C034_F443,0,1
C034,C034_F444,0,2
C034,C034_F445,1,2
C034,C034_F446,1,0
C034,C034_F447,0,1
C034,C034_F448,1,1
C034,C034_F449,1,1
C034,C034_F450,2,1
C034,C034_F451,2,1
C034,C034_F452,1,0
C034,C034_F453,0,1
C034,C034_F454,0,1
C034,C034_F455,0,0
C034,C034_F456,0,3
C034,C034_F457,1,0
C034,C034_F459,1,0
C034,C034_F460,0,0
C034,C034_F461,0,0
C034,C034_F462,1,0
C034,C034_F463,1,0
C034,C034_F465,1,0
C034,C034_F466,2,0
C034,C034_F467,1,0
C034,C034_F468,0,1
C034,C034_F470,3,0
C034,C034_F471,1,0
C034,C034_F472,1,1
C034,C034_F473,1,0
C034,C034_F474,1,1
C034,C034_F476,2,1
C034,C034_F477,0,2
C034,C034_F478,3,0
C034,C034_F480,1,1
C034,C034_F481,0,0
C034,C034_F482,0,1
C034,C034_F483,1,1
C034,C034_F484,1,1
C034,C034_F485,0,1
C034,C034_F486,1,1
C034,C034_F487,1,1
C034,C034_F488,1,0
C034,C034_F489,1,1
C034,C034_F491,1,0
C034,C034_F492,0,1
C034,C034_F493,0,0
C034,C034_F494,1,1
C034,C034_F495,0,0
C034,C034_F496,1,1
C034,C034_F497,0,0
C034,C034_F498,0,1
C034,C034_F499,0,0
C034,C034_F500,1,0
C034,C034_F501,3,0
C034,C034_F502,1,0
C034,C034_F503,0,1
C034,C034_F504,0,1
C034,C034_F505,0,1
C034,C034_F506,1,2
C034,C034_F507,0,2
C034,C034_F508,1,0
C034,C034_F509,1,0
C034,C034_F510,0,0
C034,C034_F511,0,1
C034,C034_F512,1,0
C034,C034_F513,1,0
C034,C034_F514,0,0
C034,C034_F515,1,0
C034,C034_F516,1,0
C034,C034_F517,0,0
C034,C034_F520,1,0
C034,C034_F521,3,0
C034,C034_F522,0,0
C034,C034_F523,1,1
C034,C034_F524,0,0
C034,C034_F525,1,1
C034,C034_F526,0,0
C034,C034_F528,0,1
C034,C034_F530,1,0
C034,C034_F531,0,1
C034,C034_F532,0,1
C034,C034_F533,1,2
C034,C034_F535,2,2
C034,C034_F536,2,0
C034,C034_F537,2,0
C034,C034_F538,1,0
C034,C034_F540,1,2
C034,C034_F541,1,1
C034,C034_F542,2,0
C034,C034_F543,1,0
C034,C034_F545,2,0
C034,C034_F546,0,0
C034,C034_F547,2,2
C034,C034_F548,0,0
C034,C034_F549,0,1
C034,C034_F550,2,0
C034,C034_F551,0,2
C034,C034_F552,0,1
C036,C036_F001,0,1
C036,C036_F002,0,1
C036,C036_F003,1,0
C036,C036_F004,0,0
C036,C036_F005,3,1
C036,C036_F006,0,1
C036,C036_F007,1,1
C036,C036_F009,0,0
C036,C036_F010,0,1
C036,C036_F012,0,0
C036,C036_F013,1,1
C036,C036_F014,0,0
C036,C036_F015,0,2
C036,C036_F016,0,0
C036,C036_F017,0,0
C036,C036_F018,1,0
C036,C036_F019,0,1
C036,C036_F020,0,0
C036,C036_F022,0,2
C036,C036_F023,1,1
C036,C036_F024,0,1
C036,C036_F025,1,1
C036,C036_F026,0,0
C036,C036_F027,0,0
C036,C036_F028,0,0
C036,C036_F029,1,1
C036,C036_F030,0,1
C036,C036_F031,1,1
C036,C036_F032,1,0
C036,C036_F033,0,0
C036,C036_F034,1,0
C036,C036_F036,1,0
C036,C036_F037,1,0
C036,C036_F038,1,0
C036,C036_F040,1,0
C036,C036_F041,0,0
C036,C036_F042,0,0
C036,C036_F043,1,0
C036,C036_F044,1,0
C036,C036_F045,1,1
C036,C036_F046,0,1
C036,C036_F047,0,1
C036,C036_F048,2,2
C036,C036_F049,0,0
C036,C036_F050,0,1
C036,C036_F051,0,0
C036,C036_F052,0,1
C036,C036_F053,0,1
C036,C036_F054,2,0
C036,C036_F055,1,1
C036,C036_F056,0,0
C036,C036_F057,1,1
C036,C036_F058,1,0
C036,C036_F059,0,1
C036,C036_F060,3,3
C036,C036_F061,0,0
C036,C036_F062,1,0
C036,C036_F063,0,1
C036,C036_F064,0,0
C036,C036_F065,0,1
C036,C036_F066,1,1
C036,C036_F067,2,0
C036,C036_F068,0,2
C036,C036_F069,0,0
C036,C036_F071,0,1
C036,C036_F072,0,1
C036,C036_F073,1,2
C036,C036_F074,1,1
C036,C036_F076,0,2
C036,C036_F078,1,1
C036,C036_F079,1,0
C036,C036_F081,0,0
C036,C036_F082,1,0
C036,C036_F083,0,2
C036,C036_F084,0,0
C036,C036_F085,0,0
C036,C036_F086,2,1
C036,C036_F087,1,0
C036,C036_F088,1,0
C036,C036_F089,0,0
C036,C036_F090,0,0
C036,C036_F091,1,0
C036,C036_F092,2,0
C036,C036_F093,0,1
C036,C036_F094,0,0
C036,C036_F095,0,1
C036,C036_F097,0,1
C036,C036_F098,1,0
C036,C036_F099,0,0
C036,C036_F100,0,0
C036,C036_F101,0,1
C036,C036_F102,0,0
C036,C036_F103,0,0
C036,C036_F104,1,1
C036,C036_F106,0,0
C036,C036_F108,2,0
C036,C036_F110,0,1
C036,C036_F111,0,1
C036,C036_F114,1,0
C036,C036_F115,1,0
C036,C036_F116,0,0
C036,C036_F117,0,1
C036,C036_F118,0,0
C036,C036_F119,1,0
C036,C036_F120,0,0
C036,C036_F121,0,0
C036,C036_F122,0,0
C036,C036_F124,1,2
C036,C036_F125,1,2
C036,C036_F127,1,0
C036,C036_F128,0,1
C036,C036_F129,0,1
C036,C036_F130,1,0
C036,C036_F133,1,0
C036,C036_F134,1,2
C036,C036_F136,0,3
C036,C036_F137,1,0
C036,C036_F138,0,2
C036,C036_F139,0,1
C036,C036_F140,0,0
C036,C036_F141,1,1
C036,C036_F142,1,2
C036,C036_F143,0,1
C036,C036_F144,1,0
C036,C036_F145,1,0
C036,C036_F146,1,0
C036,C036_F147,1,0
C036,C036_F148,2,2
C036,C036_F149,1,0
C036,C036_F151,1,0
C036,C036_F152,0,1
C036,C036_F153,2,0
C036,C036_F154,0,1
C036,C036_F155,1,0
C036,C036_F156,0,1
C036,C036_F157,0,0
C036,C036_F158,1,0
C036,C036_F159,0,0
C036,C036_F160,0,0
C036,C036_F161,0,1
C036,C036_F162,0,1
C036,C036_F164,1,1
C036,C036_F166,0,0
C036,C036_F167,0,0
C036,C036_F168,0,1
C036,C036_F170,1,1
C036,C036_F171,1,0
C036,C036_F172,0,0
C036,C036_F173,1,0
C036,C036_F174,1,0
C036,C036_F175,0,0
C036,C036_F176,1,0
C036,C036_F177,2,0
C036,C036_F178,1,1
C036,C036_F179,1,0
C036,C036_F180,1,0
C036,C036_F183,1,0
C036,C036_F184,1,0
C036,C036_F185,0,1
C036,C036_F187,0,1
C036,C036_F188,0,0
C036,C036_F189,0,0
C036,C036_F190,2,0
C036,C036_F191,0,0
C036,C036_F193,0,1
C036,C036_F194,1,0
C036,C036_F197,1,1
C036,C036_F198,0,0
C036,C036_F199,1,0
C036,C036_F201,0,1
C036,C036_F203,2,2
C036,C036_F204,1,0
C036,C036_F205,1,1
C036,C036_F206,1,1
C036,C036_F207,0,0
C036,C036_F209,1,0
C036,C036_F210,2,0
C036,C036_F212,0,0
C036,C036_F213,0,2
C036,C036_F214,3,1
C036,C036_F215,1,0
C036,C036_F216,0,0
C036,C036_F217,0,0
C036,C036_F218,0,1
C036,C036_F219,1,0
C036,C036_F220,1,0
C036,C036_F221,1,0
C036,C036_F222,0,2
C036,C036_F223,1,0
C036,C036_F224,0,1
C036,C036_F225,0,0
C036,C036_F226,0,0
C036,C036_F227,0,0
C036,C036_F228,2,1
C036,C036_F229,2,1
C036,C036_F230,0,1
C036,C036_F231,1,0
C036,C036_F232,1,0
C036,C036_F233,0,1
C036,C036_F234,1,0
C036,C036_F235,1,0
C036,C036_F236,1,0
C036,C036_F237,1,0
C036,C036_F238,1,0
C036,C036_F239,0,0
C036,C036_F240,0,0
C036,C036_F241,1,0
C036,C036_F242,0,1
C036,C036_F244,1,1
C036,C036_F245,0,0
C036,C036_F246,3,0
C036,C036_F247,1,0
C036,C036_F248,0,0
C036,C036_F249,2,1
C036,C036_F250,0,1
C036,C036_F252,0,0
C036,C036_F253,0,0
C036,C036_F254,0,0
C036,C036_F257,0,0
C036,C036_F258,0,1
C036,C036_F259,0,2
C036,C036_F260,0,0
C036,C036_F261,1,0
C036,C036_F262,3,0
C036,C036_F263,0,0
C036,C036_F264,0,2
C036,C036_F266,0,1
C036,C036_F267,1,1
C036,C036_F268,0,0
C036,C036_F269,1,0
C036,C036_F270,0,0
C036,C036_F272,0,0
C036,C036_F273,1,1
C036,C036_F274,2,0
C036,C036_F276,0,0
C036,C036_F278,1,0
C036,C036_F279,3,2
C036,C036_F280,2,0
C036,C036_F281,1,0
C036,C036_F282,2,0
C036,C036_F283,1,0
C036,C036_F285,1,0
C036,C036_F286,1,0
C036,C036_F287,1,2
C036,C036_F288,0,2
C036,C036_F289,0,1
C036,C036_F290,0,1
C036,C036_F291,0,2
C036,C036_F292,0,0
C036,C036_F293,1,1
C036,C036_F294,0,1
C036,C036_F295,1,1
C036,C036_F296,0,0
C036,C036_F297,1,2
C036,C036_F298,0,0
C036,C036_F299,1,1
C036,C036_F300,0,1
C036,C036_F301,2,0
C036,C036_F304,1,2
C036,C036_F305,1,0
C036,C036_F306,0,2
C036,C036_F307,1,0
C036,C036_F308,0,1
C036,C036_F309,0,1
C036,C036_F310,3,0
C036,C036_F311,2,0
C036,C036_F312,1,1
C036,C036_F314,0,1
C036,C036_F316,0,0
C036,C036_F317,0,0
C036,C036_F318,0,0
C036,C036_F319,2,0
C036,C036_F320,0,0
C036,C036_F321,0,1
C036,C036_F323,1,1
C036,C036_F324,1,1
C036,C036_F325,0,1
C036,C036_F326,0,1
C036,C036_F327,0,1
C036,C036_F328,4,0
C036,C036_F329,0,0
C036,C036_F330,1,2
C036,C036_F331,0,0
C036,C036_F332,0,0
C036,C036_F333,3,1
C036,C036_F334,1,0
C036,C036_F336,0,1
C036,C036_F337,0,2
C036,C036_F338,1,0
C036,C036_F339,1,0
C036,C036_F340,1,0
C036,C036_F341,0,1
C036,C036_F343,3,1
C036,C036_F344,0,1
C036,C036_F345,0,0
C036,C036_F346,1,0
C036,C036_F347,0,1
C036,C036_F348,1,0
C036,C036_F349,0,0
C036,C036_F350,1,0
C036,C036_F352,0,0
C036,C036_F354,1,2
C036,C036_F355,1,0
C036,C036_F356,1,2
C036,C036_F357,2,1
C036,C036_F358,1,0
C036,C036_F359,0,1
C036,C036_F360,0,1
C036,C036_F361,0,0
C036,C036_F362,2,1
C036,C036_F363,1,1
C036,C036_F364,0,0
C036,C036_F365,0,1
C036,C036_F366,1,0
C036,C036_F367,0,0
C036,C036_F368,0,0
C036,C036_F369,1,0
C036,C036_F370,1,0
C036,C036_F371,1,1
C036,C036_F372,0,0
C036,C036_F373,0,1
C036,C036_F374,2,1
C036,C036_F375,1,0
C036,C036_F376,0,3
C036,C036_F377,1,0
C036,C036_F378,0,0
C036,C036_F380,1,0
C037,C037_F001,0,1
C037,C037_F003,0,1
C037,C037_F004,0,0
C037,C037_F005,0,0
C037,C037_F006,1,0
C037,C037_F007,2,0
C037,C037_F008,0,3
C037,C037_F009,2,0
C037,C037_F010,1,0
C037,C037_F011,0,2
C037,C037_F012,2,0
C037,C037_F013,1,0
C037,C037_F014,0,0
C037,C037_F015,0,0
C037,C037_F016,1,0
C037,C037_F017,1,0
C037,C037_F018,1,0
C037,C037_F019,1,0
C037,C037_F020,0,1
C037,C037_F021,1,0
C037,C037_F022,1,0
C037,C037_F023,0,0
C037,C037_F024,0,1
C037,C037_F025,0,1
C037,C037_F026,0,2
C037,C037_F027,1,0
C037,C037_F028,1,2
C037,C037_F029,1,0
C037,C037_F030,2,0
C037,C037_F031,0,1
C037,C037_F032,0,0
C037,C037_F033,2,0
C037,C037_F034,0,0
C037,C037_F035,1,1
C037,C037_F036,1,1
C037,C037_F037,0,0
C037,C037_F038,0,3
C037,C037_F039,0,1
C037,C037_F040,0,0
C037,C037_F041,2,0
C037,C037_F042,1,0
C037,C037_F043,0,0
C037,C037_F044,0,1
C037,C037_F045,1,1
C037,C037_F046,1,0
C037,C037_F047,0,0
C037,C037_F049,1,1
C037,C037_F050,2,0
C037,C037_F051,1,1
C037,C037_F052,1,0
C037,C037_F053,0,1
C037,C037_F054,0,2
C037,C037_F055,1,1
C037,C037_F056,2,0
C037,C037_F057,1,0
C037,C037_F058,0,1
C037,C037_F059,0,0
C037,C037_F061,0,1
C037,C037_F062,0,0
C037,C037_F063,0,1
C037,C037_F064,0,0
C037,C037_F065,0,1
C037,C037_F066,0,1
C037,C037_F067,0,0
C037,C037_F068,2,0
C037,C037_F069,3,0
C037,C037_F070,0,0
C037,C037_F071,1,0
C037,C037_F072,0,0
C037,C037_F073,0,0
C037,C037_F074,0,1
C037,C037_F075,0,1
C037,C037_F076,2,1
C037,C037_F077,1,0
C037,C037_F078,0,1
C037,C037_F079,0,1
C037,C037_F080,0,1
C037,C037_F081,1,2
C037,C037_F082,2,1
C037,C037_F084,3,1
C037,C037_F086,1,1
C037,C037_F087,2,1
C037,C037_F088,0,1
C037,C037_F089,0,0
C037,C037_F090,2,0
C037,C037_F091,0,0
C037,C037_F092,3,0
C037,C037_F093,1,2
C037,C037_F094,2,0
C037,C037_F095,0,1
C037,C037_F096,4,2
C037,C037_F097,0,3
C037,C037_F098,2,1
C037,C037_F099,0,0
C037,C037_F100,1,0
C037,C037_F101,1,0
C037,C037_F102,0,1
C037,C037_F103,2,0
C037,C037_F104,2,0
C037,C037_F105,1,0
C037,C037_F106,0,0
C037,C037_F107,0,1
C037,C037_F108,1,2
C037,C037_F109,1,0
C037,C037_F110,1,0
C037,C037_F111,0,0
C037,C037_F112,1,0
C037,C037_F113,2,1
C037,C037_F114,1,2
C037,C037_F115,0,3
C037,C037_F116,1,1
C037,C037_F117,2,2
C037,C037_F118,0,2
C037,C037_F119,0,1
C037,C037_F120,0,3
C037,C037_F121,2,1
C037,C037_F122,0,0
C037,C037_F123,1,0
C037,C037_F124,5,1
C037,C037_F125,0,1
C037,C037_F126,2,0
C037,C037_F129,0,2
C037,C037_F130,1,0
C037,C037_F131,1,0
C037,C037_F132,1,0
C037,C037_F133,2,0
C037,C037_F134,2,0
C037,C037_F135,1,0
C037,C037_F136,1,0
C037,C037_F137,1,0
C037,C037_F138,2,0
C037,C037_F139,0,1
C037,C037_F140,0,3
C037,C037_F141,0,2
C037,C037_F142,0,1
C037,C037_F143,0,1
C037,C037_F144,2,0
C037,C037_F145,1,0
C037,C037_F146,1,0
C037,C037_F147,0,0
C037,C037_F148,1,0
C037,C037_F149,1,0
C037,C037_F151,1,1
C037,C037_F152,1,3
C037,C037_F153,2,1
C037,C037_F154,0,1
C037,C037_F156,1,1
C037,C037_F157,1,1
C037,C037_F158,1,0
C037,C037_F159,0,0
C037,C037_F160,2,2
C037,C037_F161,1,1
C037,C037_F162,0,0
C037,C037_F163,0,1
C037,C037_F165,0,0
C037,C037_F166,0,1
C037,C037_F167,0,1
C037,C037_F168,0,1
C037,C037_F169,1,0
C037,C037_F170,1,0
C037,C037_F171,0,1
C037,C037_F172,1,1
C037,C037_F173,0,0
C037,C037_F174,0,0
C037,C037_F175,1,0
C037,C037_F176,2,1
C037,C037_F177,0,2
C037,C037_F178,1,2
C037,C037_F179,1,1
C037,C037_F180,0,0
C037,C037_F181,1,0
C037,C037_F182,0,0
C037,C037_F183,1,1
C037,C037_F184,0,1
C037,C037_F185,2,0
C037,C037_F186,0,0
C037,C037_F187,0,0
C037,C037_F188,1,0
C037,C037_F189,1,1
C037,C037_F191,0,0
C037,C037_F192,0,0
C037,C037_F193,1,1
C037,C037_F194,0,1
C037,C037_F195,1,2
C037,C037_F196,0,0
C037,C037_F197,0,0
C037,C037_F198,1,0
C037,C037_F199,0,1
C037,C037_F200,0,1
C037,C037_F201,0,0
C037,C037_F202,0,1
C037,C037_F203,0,0
C037,C037_F204,0,0
C037,C037_F205,0,0
C037,C037_F206,2,0
C037,C037_F207,0,0
C037,C037_F208,0,0
C037,C037_F210,1,0
C037,C037_F211,0,1
C037,C037_F212,2,2
C037,C037_F213,0,0
C037,C037_F214,0,0
C037,C037_F216,0,1
C037,C037_F217,1,1
C037,C037_F218,0,1
C037,C037_F219,0,0
C037,C037_F220,1,1
C037,C037_F221,0,0
C037,C037_F222,1,1
C037,C037_F223,2,1
C037,C037_F224,2,2
C037,C037_F226,0,1
C037,C037_F227,1,0
C037,C037_F228,3,0
C037,C037_F229,0,0
C037,C037_F230,2,2
C037,C037_F231,1,0
C037,C037_F232,1,0
C037,C037_F233,1,1
C037,C037_F234,0,2
C037,C037_F235,0,0
C037,C037_F236,1,0
C037,C037_F237,1,1
C037,C037_F239,0,1
C037,C037_F240,1,1
C037,C037_F241,0,0
C037,C037_F242,2,1
C037,C037_F243,0,2
C037,C037_F244,1,2
C037,C037_F245,1,1
C037,C037_F246,0,4
C037,C037_F247,1,0
C037,C037_F248,2,0
C037,C037_F250,1,0
C037,C037_F252,0,1
C037,C037_F253,1,0
C037,C037_F254,1,1
C037,C037_F255,1,0
C037,C037_F256,0,2
C037,C037_F257,1,0
C037,C037_F258,0,0
C037,C037_F259,1,2
C037,C037_F260,0,0
C037,C037_F261,0,1
C037,C037_F262,2,0
C037,C037_F263,0,0
C037,C037_F264,2,2
C037,C037_F265,0,1
C037,C037_F266,1,0
C037,C037_F267,0,2
C037,C037_F268,0,0
C037,C037_F270,2,1
C037,C037_F271,2,0
C037,C037_F272,1,0
C037,C037_F273,0,1
C037,C037_F274,3,0
C037,C037_F275,1,0
C037,C037_F276,1,0
C037,C037_F277,0,0
C037,C037_F278,0,1
C037,C037_F279,0,0
C037,C037_F280,1,1
C037,C037_F281,0,1
C037,C037_F282,0,1
C037,C037_F283,0,2
C037,C037_F284,3,0
C037,C037_F286,1,1
C037,C037_F287,0,1
C037,C037_F288,1,1
C037,C037_F289,0,1
C037,C037_F290,1,0
C037,C037_F291,3,1
C037,C037_F292,0,1
C037,C037_F293,1,0
C037,C037_F294,1,1
C037,C037_F295,0,2
C037,C037_F296,2,0
C037,C037_F297,0,0
C037,C037_F298,1,0
C037,C037_F299,2,0
C037,C037_F300,1,0
C037,C037_F301,2,0
C037,C037_F303,0,1
C037,C037_F304,0,0
C037,C037_F305,1,2
C037,C037_F306,0,3
C037,C037_F307,1,2
C037,C037_F308,1,0
C037,C037_F311,1,0
C037,C037_F312,0,1
C037,C037_F313,3,0
C037,C037_F314,0,4
C037,C037_F315,1,1
C037,C037_F316,0,0
C037,C037_F317,1,0
C037,C037_F318,1,0
C037,C037_F319,1,0
C037,C037_F320,0,0
C037,C037_F321,2,0
C037,C037_F322,0,0
C037,C037_F323,0,1
C037,C037_F324,0,0
C037,C037_F325,0,0
C037,C037_F326,0,1
C037,C037_F327,1,1
C037,C037_F328,0,0
C037,C037_F329,1,0
C037,C037_F330,0,1
C037,C037_F331,0,2
C037,C037_F332,0,1
C037,C037_F333,1,0
C037,C037_F334,0,0
C037,C037_F335,1,1
C037,C037_F336,0,1
C037,C037_F337,1,1
C037,C037_F338,0,1
C037,C037_F339,0,1
C037,C037_F340,0,5
C037,C037_F341,2,1
C037,C037_F342,1,1
C037,C037_F343,0,0
C037,C037_F344,0,1
C037,C037_F345,1,2
C037,C037_F346,0,0
C037,C037_F347,1,2
C037,C037_F348,1,0
C037,C037_F349,0,1
C037,C037_F350,0,1
C037,C037_F351,0,1
C037,C037_F353,0,1
C037,C037_F354,0,0
C037,C037_F355,1,0
C037,C037_F356,2,1
C037,C037_F357,1,1
C037,C037_F358,3,1
C037,C037_F359,0,0
C037,C037_F360,1,0
C037,C037_F361,0,1
C037,C037_F362,0,0
C037,C037_F363,0,0
C037,C037_F365,1,1
C037,C037_F366,1,1
C037,C037_F367,1,0
C037,C037_F368,2,0
C037,C037_F369,0,1
C037,C037_F370,3,0
C037,C037_F371,2,0
C037,C037_F372,1,1
C037,C037_F373,2,0
C037,C037_F376,0,0
C037,C037_F377,1,2
C037,C037_F378,2,0
C037,C037_F379,0,1
C037,C037_F380,2,0
C038,C038_F001,0,0
C038,C038_F002,0,0
C038,C038_F003,2,1
C038,C038_F004,1,1
C038,C038_F005,0,0
C038,C038_F006,2,0
C038,C038_F007,0,0
C038,C038_F008,1,0
C038,C038_F009,0,2
C038,C038_F010,0,0
C038,C038_F011,0,0
C038,C038_F012,0,1
C038,C038_F013,0,1
C038,C038_F014,2,1
C038,C038_F015,0,2
C038,C038_F016,0,2
C038,C038_F017,0,0
C038,C038_F018,0,0
C038,C038_F019,1,5
C038,C038_F020,0,1
C038,C038_F021,0,0
C038,C038_F023,0,0
C038,C038_F025,0,1
C038,C038_F026,2,0
C038,C038_F027,2,1
C038,C038_F028,0,0
C038,C038_F029,0,2
C038,C038_F030,2,1
C038,C038_F031,1,0
C038,C038_F032,2,1
C038,C038_F033,1,1
C038,C038_F035,2,1
C038,C038_F036,0,2
C038,C038_F037,0,1
C038,C038_F038,0,3
C038,C038_F039,1,0
C038,C038_F040,2,0
C038,C038_F042,0,1
C038,C038_F043,1,1
C038,C038_F044,0,3
C038,C038_F045,0,2
C038,C038_F046,0,2
C038,C038_F047,1,2
C038,C038_F048,0,2
C038,C038_F049,2,1
C038,C038_F050,0,0
C038,C038_F051,0,0
C038,C038_F052,0,1
C038,C038_F053,0,1
C038,C038_F054,2,0
C038,C038_F055,1,0
C038,C038_F056,0,0
C038,C038_F057,1,2
C038,C038_F058,0,1
C038,C038_F059,0,1
C038,C038_F060,1,2
C038,C038_F061,1,2
C038,C038_F062,0,1
C038,C038_F063,1,1
C038,C038_F064,0,0
C038,C038_F065,1,1
C038,C038_F066,0,0
C038,C038_F067,0,0
C038,C038_F068,1,1
C038,C038_F069,0,0
C038,C038_F071,0,2
C038,C038_F072,0,0
C038,C038_F073,2,0
C038,C038_F074,1,0
C038,C038_F075,0,0
C038,C038_F076,1,1
C038,C038_F077,1,1
C038,C038_F078,1,0
C038,C038_F079,0,2
C038,C038_F080,0,1
C038,C038_F082,0,1
C038,C038_F083,0,1
C038,C038_F084,0,0
C038,C038_F085,1,0
C038,C038_F086,0,1
C038,C038_F087,3,1
C038,C038_F089,0,0
C038,C038_F090,1,2
C038,C038_F091,1,0
C038,C038_F092,1,1
C038,C038_F093,1,0
C038,C038_F095,2,0
C038,C038_F096,0,1
C038,C038_F097,1,0
C038,C038_F098,0,1
C038,C038_F099,2,1
C038,C038_F100,1,0
C038,C038_F101,1,0
C038,C038_F102,0,1
C038,C038_F103,1,1
C038,C038_F104,1,0
C038,C038_F106,0,0
C038,C038_F107,3,0
C038,C038_F108,0,0
C038,C038_F109,0,0
C038,C038_F110,0,1
C038,C038_F111,1,1
C038,C038_F112,2,1
C038,C038_F113,0,1
C038,C038_F114,2,2
C038,C038_F115,0,1
C038,C038_F116,0,1
C038,C038_F117,0,2
C038,C038_F118,1,0
C038,C038_F120,1,0
C038,C038_F121,0,1
C038,C038_F122,0,0
C038,C038_F123,0,1
C038,C038_F124,0,2
C038,C038_F125,0,0
C038,C038_F126,0,0
C038,C038_F127,1,0
C038,C038_F128,1,1
C038,C038_F129,1,0
C038,C038_F130,0,1
C038,C038_F131,0,1
C038,C038_F132,1,2
C038,C038_F133,1,1
C038,C038_F134,0,0
C038,C038_F135,0,0
C038,C038_F136,0,2
C038,C038_F137,1,0
C038,C038_F138,3,1
C038,C038_F139,1,2
C038,C038_F140,1,0
C038,C038_F141,0,1
C038,C038_F142,1,3
C038,C038_F144,1,0
C038,C038_F145,2,1
C038,C038_F146,2,0
C038,C038_F147,2,0
C038,C038_F148,0,0
C038,C038_F149,0,1
C038,C038_F150,0,1
C038,C038_F151,0,1
C038,C038_F152,1,0
C038,C038_F153,0,0
C038,C038_F154,1,0
C038,C038_F155,1,0
C038,C038_F156,0,0
C038,C038_F157,1,0
C038,C038_F158,1,0
C038,C038_F159,2,0
C038,C038_F160,0,0
C038,C038_F161,1,0
C038,C038_F162,1,0
C038,C038_F163,0,1
C038,C038_F165,0,1
C038,C038_F166,0,1
C038,C038_F167,1,1
C038,C038_F168,0,0
C038,C038_F169,2,1
C038,C038_F170,2,0
C038,C038_F171,0,0
C038,C038_F172,0,0
C038,C038_F173,0,0
C038,C038_F174,2,3
C038,C038_F175,0,1
C038,C038_F176,0,0
C038,C038_F177,1,1
C038,C038_F178,0,1
C038,C038_F179,1,0
C038,C038_F180,0,1
C038,C038_F182,1,1
C038,C038_F183,1,0
C038,C038_F184,1,1
C038,C038_F185,1,0
C038,C038_F186,1,0
C038,C038_F187,2,0
C038,C038_F188,0,0
C038,C038_F189,4,0
C038,C038_F190,0,0
C038,C038_F191,1,1
C038,C038_F192,1,1
C038,C038_F193,0,1
C038,C038_F194,1,1
C038,C038_F195,1,0
C038,C038_F196,2,1
C038,C038_F197,2,1
C038,C038_F198,2,1
C038,C038_F199,0,0
C038,C038_F200,0,1
C038,C038_F201,1,0
C038,C038_F202,1,0
C038,C038_F203,0,0
C038,C038_F204,2,0
C038,C038_F205,0,0
C038,C038_F206,1,0
C038,C038_F207,0,0
C038,C038_F208,0,0
C038,C038_F209,2,1
C038,C038_F210,0,1
C038,C038_F211,1,0
C038,C038_F212,2,0
C038,C038_F213,1,1
C038,C038_F214,0,1
C038,C038_F215,0,1
C038,C038_F216,0,0
C038,C038_F217,0,0
C038,C038_F218,2,0
C038,C038_F219,1,1
C038,C038_F220,1,1
C038,C038_F221,1,0
C038,C038_F222,0,2
C038,C038_F223,0,1
C038,C038_F224,0,1
C038,C038_F225,0,1
C038,C038_F226,0,0
C038,C038_F227,0,1
C038,C038_F228,4,0
C038,C038_F229,1,0
C038,C038_F230,0,0
C038,C038_F231,1,1
C038,C038_F232,0,1
C038,C038_F233,0,1
C038,C038_F234,0,1
C038,C038_F235,2,0
C038,C038_F236,2,0
C038,C038_F237,4,1
C038,C038_F238,1,1
C038,C038_F240,1,0
C038,C038_F241,0,3
C038,C038_F242,1,1
C038,C038_F243,1,0
C038,C038_F244,1,2
C038,C038_F245,0,1
C038,C038_F246,0,2
C038,C038_F247,0,0
C038,C038_F248,0,0
C038,C038_F249,1,0
C038,C038_F250,2,1
C038,C038_F251,0,0
C038,C038_F252,0,1
C038,C038_F253,0,0
C038,C038_F254,2,0
C038,C038_F255,0,1
C038,C038_F256,0,0
C038,C038_F257,1,0
C038,C038_F258,1,0
C038,C038_F259,0,0
C038,C038_F260,0,1
C038,C038_F261,2,0
C038,C038_F263,1,0
C038,C038_F264,0,1
C038,C038_F265,0,2
C038,C038_F266,1,1
C038,C038_F267,2,0
C038,C038_F268,3,2
C038,C038_F269,2,0
C038,C038_F270,3,0
C038,C038_F271,1,0
C038,C038_F272,0,1
C038,C038_F273,0,0
C038,C038_F274,1,2
C038,C038_F275,0,1
C038,C038_F276,0,2
C038,C038_F277,1,0
C038,C038_F278,1,1
C038,C038_F279,1,0
C038,C038_F280,2,0
C038,C038_F281,2,0
C038,C038_F282,0,1
C038,C038_F283,1,0
C038,C038_F284,1,4
C038,C038_F285,0,0
C038,C038_F286,0,1
C038,C038_F287,0,1
C038,C038_F288,1,0
C038,C038_F289,1,1
C038,C038_F290,1,1
C038,C038_F291,1,1
C038,C038_F292,0,2
C038,C038_F293,0,1
C038,C038_F294,0,0
C038,C038_F295,1,0
C038,C038_F296,1,0
C038,C038_F297,1,0
C038,C038_F298,3,1
C038,C038_F299,0,0
C038,C038_F300,2,0
C038,C038_F301,0,0
C038,C038_F302,1,1
C038,C038_F303,1,1
C038,C038_F304,2,0
C038,C038_F305,1,1
C038,C038_F306,0,3
C038,C038_F307,0,3
C038,C038_F308,0,0
C038,C038_F309,0,0
C038,C038_F310,1,0
C038,C038_F311,1,1
C038,C038_F312,1,1
C038,C038_F313,1,1
C038,C038_F314,1,0
C038,C038_F315,0,1
C038,C038_F316,1,0
C038,C038_F317,3,2
C038,C038_F318,0,1
C038,C038_F319,2,1
C038,C038_F320,0,1
C038,C038_F321,0,0
C038,C038_F322,0,0
C038,C038_F324,1,1
C038,C038_F325,1,0
C038,C038_F326,1,0
C038,C038_F327,0,0
C038,C038_F328,0,0
C038,C038_F329,1,0
C038,C038_F330,0,0
C038,C038_F331,2,0
C038,C038_F332,0,3
C038,C038_F333,0,0
C038,C038_F334,2,0
C038,C038_F336,0,0
C038,C038_F337,1,1
C038,C038_F339,2,0
C038,C038_F340,1,0
C038,C038_F341,1,0
C038,C038_F343,0,2
C038,C038_F344,1,0
C038,C038_F345,0,1
C038,C038_F346,2,2
C038,C038_F347,1,1
C038,C038_F348,1,0
C038,C038_F349,0,1
C038,C038_F350,2,0
C038,C038_F352,1,0
C038,C038_F353,0,0
C038,C038_F354,0,1
C038,C038_F355,1,0
C038,C038_F356,1,0
C038,C038_F357,2,1
C038,C038_F358,0,1
C038,C038_F359,0,0
C038,C038_F360,0,1
C038,C038_F361,0,1
C038,C038_F362,0,3
C038,C038_F363,0,0
C038,C038_F364,1,0
C038,C038_F365,1,0
C038,C038_F366,0,0
C038,C038_F367,1,1
C038,C038_F368,0,1
C038,C038_F369,0,0
C038,C038_F370,3,1
C038,C038_F371,0,0
C038,C038_F372,1,1
C038,C038_F373,1,1
C038,C038_F374,0,0
C038,C038_F375,0,0
C038,C038_F376,1,0
C038,C038_F377,0,2
C038,C038_F378,1,0
C038,C038_F379,0,1
C038,C038_F380,0,0
C042,C042_F001,0,2
C042,C042_F002,0,0
C042,C042_F003,0,0
C042,C042_F004,1,0
C042,C042_F005,1,2
C042,C042_F006,2,1
C042,C042_F007,1,1
C042,C042_F008,0,1
C042,C042_F009,0,2
C042,C042_F010,0,0
C042,C042_F011,0,0
C042,C042_F012,0,1
C042,C042_F013,0,1
C042,C042_F014,1,2
C042,C042_F015,1,0
C042,C042_F016,0,0
C042,C042_F017,2,1
C042,C042_F019,1,0
C042,C042_F020,1,0
C042,C042_F021,0,1
C042,C042_F022,0,1
C042,C042_F023,1,0
C042,C042_F024,0,1
C042,C042_F025,0,1
C042,C042_F026,1,0
C042,C042_F027,0,0
C042,C042_F028,0,1
C042,C042_F029,0,0
C042,C042_F030,0,0
C042,C042_F031,1,0
C042,C042_F032,0,1
C042,C042_F033,0,0
C042,C042_F034,0,0
C042,C042_F035,0,2
C042,C042_F036,0,0
C042,C042_F037,1,0
C042,C042_F038,1,0
C042,C042_F040,0,1
C042,C042_F041,0,0
C042,C042_F042,0,1
C042,C042_F043,0,2
C042,C042_F044,1,1
C042,C042_F045,2,1
C042,C042_F046,2,0
C042,C042_F047,0,0
C042,C042_F048,1,0
C042,C042_F049,0,0
C042,C042_F050,2,0
C042,C042_F051,2,0
C042,C042_F052,1,0
C042,C042_F053,1,0
C042,C042_F054,0,2
C042,C042_F055,0,1
C042,C042_F056,1,2
C042,C042_F058,1,0
C042,C042_F059,2,0
C042,C042_F060,0,0
C042,C042_F061,0,0
C042,C042_F062,2,1
C042,C042_F063,1,1
C042,C042_F064,0,0
C042,C042_F065,0,1
C042,C042_F066,0,0
C042,C042_F067,0,1
C042,C042_F068,0,1
C042,C042_F069,0,0
C042,C042_F070,0,1
C042,C042_F071,1,0
C042,C042_F072,1,2
C042,C042_F073,0,0
C042,C042_F074,0,1
C042,C042_F075,0,0
C042,C042_F076,1,2
C042,C042_F077,1,0
C042,C042_F078,0,0
C042,C042_F079,1,0
C042,C042_F080,0,0
C042,C042_F081,1,1
C042,C042_F082,0,1
C042,C042_F083,1,0
C042,C042_F084,0,2
C042,C042_F086,1,0
C042,C042_F087,0,1
C042,C042_F088,1,1
C042,C042_F089,0,1
C042,C042_F090,1,1
C042,C042_F091,0,2
C042,C042_F092,1,0
C042,C042_F093,2,1
C042,C042_F094,1,0
C042,C042_F095,1,1
C042,C042_F096,4,0
C042,C042_F097,0,1
C042,C042_F099,0,0
C042,C042_F100,0,1
C042,C042_F101,0,0
C042,C042_F102,0,1
C042,C042_F103,0,2
C042,C042_F104,2,2
C042,C042_F105,2,2
C042,C042_F106,0,0
C042,C042_F107,1,2
C042,C042_F108,2,0
C042,C042_F109,1,2
C042,C042_F110,1,2
C042,C042_F111,1,0
C042,C042_F112,0,1
C042,C042_F113,1,0
C042,C042_F114,1,0
C042,C042_F115,2,0
C042,C042_F116,0,0
C042,C042_F117,0,0
C042,C042_F118,1,2
C042,C042_F119,1,0
C042,C042_F120,0,2
C042,C042_F121,1,0
C042,C042_F122,0,2
C042,C042_F123,1,1
C042,C042_F124,1,0
C042,C042_F125,0,4
C042,C042_F126,2,1
C042,C042_F127,0,1
C042,C042_F128,0,0
C042,C042_F129,0,0
C042,C042_F130,2,0
C042,C042_F131,0,1
C042,C042_F132,2,0
C042,C042_F133,0,1
C042,C042_F134,0,1
C042,C042_F135,1,0
C042,C042_F136,3,1
C042,C042_F137,0,0
C042,C042_F138,0,0
C042,C042_F139,1,0
C042,C042_F140,0,0
C042,C042_F141,1,2
C042,C042_F142,1,1
C042,C042_F143,1,0
C042,C042_F144,1,0
C042,C042_F145,1,0
C042,C042_F146,1,1
C042,C042_F147,0,0
C042,C042_F148,0,2
C042,C042_F150,1,0
C042,C042_F151,2,0
C042,C042_F152,3,1
C042,C042_F153,2,0
C042,C042_F154,1,0
C042,C042_F155,1,0
C042,C042_F156,0,1
C042,C042_F157,4,1
C042,C042_F158,1,0
C042,C042_F159,1,2
C042,C042_F160,3,0
C042,C042_F161,0,1
C042,C042_F162,0,1
C042,C042_F163,0,1
C042,C042_F165,1,1
C042,C042_F166,0,1
C042,C042_F167,0,0
C042,C042_F168,0,0
C042,C042_F169,1,1
C042,C042_F170,2,1
C042,C042_F171,1,1
C042,C042_F174,2,0
C042,C042_F175,0,0
C042,C042_F176,1,0
C042,C042_F177,1,0
C042,C042_F178,0,1
C042,C042_F179,0,0
C042,C042_F180,0,1
C042,C042_F181,1,0
C042,C042_F182,0,2
C042,C042_F183,1,0
C042,C042_F184,1,0
C042,C042_F185,0,2
C042,C042_F187,0,1
C042,C042_F188,2,2
C042,C042_F189,2,0
C042,C042_F190,1,0
C042,C042_F191,0,0
C042,C042_F192,1,0
C042,C042_F193,1,0
C042,C042_F194,0,2
C042,C042_F195,1,2
C042,C042_F196,0,1
C042,C042_F198,1,0
C042,C042_F199,1,0
C042,C042_F200,2,1
C042,C042_F201,1,0
C042,C042_F202,0,2
C042,C042_F203,0,2
C042,C042_F204,0,0
C042,C042_F205,0,2
C042,C042_F206,1,1
C042,C042_F207,1,0
C042,C042_F210,0,0
C042,C042_F211,0,0
C042,C042_F212,0,0
C042,C042_F213,2,1
C042,C042_F214,1,0
C042,C042_F215,0,1
C042,C042_F217,3,0
C042,C042_F218,0,1
C042,C042_F219,1,1
C042,C042_F220,2,2
C042,C042_F221,0,1
C042,C042_F222,2,0
C042,C042_F224,1,0
C042,C042_F225,0,0
C042,C042_F226,3,1
C042,C042_F227,0,0
C042,C042_F228,0,0
C042,C042_F229,2,0
C042,C042_F230,1,0
C042,C042_F231,1,0
C042,C042_F232,0,0
C042,C042_F233,1,3
C042,C042_F234,0,1
C042,C042_F235,1,0
C042,C042_F237,1,0
C042,C042_F238,0,1
C042,C042_F239,0,0
C042,C042_F240,1,0
C042,C042_F241,0,0
C042,C042_F242,1,0
C042,C042_F243,1,0
C042,C042_F244,2,2
C042,C042_F245,0,2
C042,C042_F246,0,0
C042,C042_F248,1,1
C042,C042_F249,0,0
C042,C042_F250,1,0
C042,C042_F251,2,0
C042,C042_F252,1,0
C042,C042_F253,0,0
C042,C042_F254,1,0
C042,C042_F255,1,0
C042,C042_F256,1,2
C042,C042_F257,0,2
C042,C042_F258,1,2
C042,C042_F259,0,0
C042,C042_F260,0,1
C042,C042_F261,1,0
C042,C042_F262,1,1
C042,C042_F264,1,1
C042,C042_F265,0,0
C042,C042_F266,0,1
C042,C042_F267,1,0
C042,C042_F268,0,0
C042,C042_F269,0,2
C042,C042_F270,3,0
C042,C042_F271,1,0
C042,C042_F272,0,1
C042,C042_F273,0,1
C042,C042_F274,2,0
C042,C042_F275,0,1
C042,C042_F276,0,0
C042,C042_F277,0,3
C042,C042_F278,0,1
C042,C042_F279,0,1
C042,C042_F280,0,0
C042,C042_F281,0,2
C042,C042_F282,2,1
C042,C042_F283,1,1
C042,C042_F284,0,1
C042,C042_F285,0,2
C042,C042_F286,1,0
C042,C042_F287,1,0
C042,C042_F289,1,0
C042,C042_F290,0,1
C042,C042_F291,1,0
C042,C042_F292,1,1
C042,C042_F293,1,0
C042,C042_F294,1,0
C042,C042_F295,1,1
C042,C042_F296,1,0
C042,C042_F297,1,2
C042,C042_F298,2,0
C042,C042_F299,0,1
C042,C042_F300,0,0
C042,C042_F301,3,0
C042,C042_F302,0,2
C042,C042_F303,0,0
C042,C042_F304,1,0
C042,C042_F305,0,3
C042,C042_F306,0,0
C042,C042_F307,1,1
C042,C042_F308,0,0
C042,C042_F309,1,3
C042,C042_F311,0,1
C042,C042_F312,0,2
C042,C042_F313,0,0
C042,C042_F314,0,3
C042,C042_F315,0,3
C042,C042_F316,1,0
C042,C042_F318,0,3
C042,C042_F319,0,1
C042,C042_F320,0,1
C042,C042_F321,0,0
C042,C042_F322,1,0
C042,C042_F323,1,1
C042,C042_F324,0,1
C042,C042_F325,0,0
C042,C042_F326,2,0
C042,C042_F327,0,3
C042,C042_F328,2,1
C042,C042_F329,1,0
C042,C042_F330,1,0
C042,C042_F331,1,0
C042,C042_F332,1,2
C042,C042_F333,1,1
C042,C042_F334,0,1
C042,C042_F336,3,0
C042,C042_F337,1,0
C042,C042_F338,0,4
C042,C042_F339,1,0
C042,C042_F340,2,1
C042,C042_F341,0,0
C042,C042_F342,0,0
C042,C042_F343,1,0
C042,C042_F344,0,0
C042,C042_F345,1,0
C042,C042_F346,0,0
C042,C042_F347,2,0
C042,C042_F348,1,3
C042,C042_F349,0,1
C042,C042_F350,0,1
C042,C042_F351,0,0
C042,C042_F352,0,0
C042,C042_F353,1,2
C042,C042_F354,1,1
C042,C042_F355,3,0
C042,C042_F356,2,0
C042,C042_F357,3,0
C042,C042_F358,1,1
C042,C042_F359,0,1
C042,C042_F360,1,1
C042,C042_F361,0,0
C042,C042_F362,0,0
C042,C042_F363,1,0
C042,C042_F364,0,1
C042,C042_F365,0,1
C042,C042_F366,0,0
C042,C042_F367,0,1
C042,C042_F368,1,0
C042,C042_F369,1,0
C042,C042_F370,1,1
C042,C042_F371,2,0
C042,C042_F372,1,1
C042,C042_F373,2,0
C042,C042_F374,1,0
C042,C042_F375,0,0
C042,C042_F376,0,0
C042,C042_F377,2,0
C042,C042_F378,0,2
C042,C042_F379,1,1
C042,C042_F380,1,2
C043,C043_F001,0,0
C043,C043_F002,1,0
C043,C043_F003,1,1
C043,C043_F004,0,1
C043,C043_F005,1,0
C043,C043_F006,1,0
C043,C043_F007,0,0
C043,C043_F008,1,0
C043,C043_F009,1,0
C043,C043_F010,1,0
C043,C043_F011,1,0
C043,C043_F012,1,0
C043,C043_F013,0,0
C043,C043_F014,1,1
C043,C043_F015,2,0
C043,C043_F016,1,0
C043,C043_F017,2,0
C043,C043_F018,0,0
C043,C043_F019,1,2
C043,C043_F020,0,0
C043,C043_F021,0,3
C043,C043_F022,2,0
C043,C043_F023,1,0
C043,C043_F024,1,0
C043,C043_F025,2,0
C043,C043_F026,2,2
C043,C043_F027,0,0
C043,C043_F028,0,1
C043,C043_F029,1,0
C043,C043_F031,1,0
C043,C043_F032,1,0
C043,C043_F033,1,1
C043,C043_F034,1,1
C043,C043_F035,0,0
C043,C043_F036,1,1
C043,C043_F037,0,1
C043,C043_F038,0,1
C043,C043_F039,0,1
C043,C043_F040,0,3
C043,C043_F041,1,0
C043,C043_F042,1,1
C043,C043_F043,0,0
C043,C043_F045,1,1
C043,C043_F047,0,0
C043,C043_F048,0,1
C043,C043_F049,0,0
C043,C043_F050,1,0
C043,C043_F051,1,0
C043,C043_F052,0,1
C043,C043_F053,0,2
C043,C043_F054,1,0
C043,C043_F055,1,1
C043,C043_F056,2,0
C043,C043_F057,2,0
C043,C043_F058,1,1
C043,C043_F059,0,1
C043,C043_F060,0,0
C043,C043_F061,0,0
C043,C043_F062,0,1
C043,C043_F063,0,1
C043,C043_F064,1,0
C043,C043_F065,2,0
C043,C043_F066,0,0
C043,C043_F067,3,1
C043,C043_F068,0,1
C043,C043_F069,0,0
C043,C043_F070,1,0
C043,C043_F071,0,0
C043,C043_F072,1,0
C043,C043_F073,0,1
C043,C043_F074,1,0
C043,C043_F075,0,0
C043,C043_F076,2,0
C043,C043_F077,1,2
C043,C043_F079,0,0
C043,C043_F080,0,1
C043,C043_F081,0,0
C043,C043_F082,0,0
C043,C043_F083,1,0
C043,C043_F084,0,0
C043,C043_F085,0,1
C043,C043_F086,3,1
C043,C043_F087,0,0
C043,C043_F088,1,0
C043,C043_F090,1,0
C043,C043_F091,2,0
C043,C043_F092,2,0
C043,C043_F093,1,0
C043,C043_F094,1,0
C043,C043_F095,0,0
C043,C043_F096,0,0
C043,C043_F098,0,1
C043,C043_F099,1,0
C043,C043_F100,0,0
C043,C043_F102,3,0
C043,C043_F103,0,0
C043,C043_F104,0,0
C043,C043_F105,0,0
C043,C043_F106,1,0
C043,C043_F107,1,1
C043,C043_F108,0,0
C043,C043_F109,0,2
C043,C043_F110,1,1
C043,C043_F112,0,0
C043,C043_F113,0,0
C043,C043_F114,1,1
C043,C043_F115,1,0
C043,C043_F116,2,0
C043,C043_F118,2,0
C043,C043_F119,2,2
C043,C043_F120,0,1
C043,C043_F121,0,1
C043,C043_F123,1,0
C043,C043_F124,3,0
C043,C043_F125,1,0
C043,C043_F127,1,0
C043,C043_F128,2,0
C043,C043_F129,1,1
C043,C043_F130,0,0
C043,C043_F131,1,0
C043,C043_F132,1,0
C043,C043_F133,1,0
C043,C043_F134,0,0
C043,C043_F135,1,1
C043,C043_F136,0,0
C043,C043_F137,2,0
C043,C043_F139,2,1
C043,C043_F140,0,0
C043,C043_F141,1,1
C043,C043_F142,1,1
C043,C043_F143,2,0
C043,C043_F144,1,1
C043,C043_F145,0,2
C043,C043_F146,0,0
C043,C043_F147,0,1
C043,C043_F148,1,0
C043,C043_F150,1,3
C043,C043_F151,0,1
C043,C043_F152,2,1
C043,C043_F153,1,0
C043,C043_F155,1,0
C043,C043_F156,0,2
C043,C043_F157,0,0
C043,C043_F159,0,0
C043,C043_F160,1,0
C043,C043_F161,0,1
C043,C043_F162,1,1
C043,C043_F163,0,2
C043,C043_F164,0,0
C043,C043_F165,0,0
C043,C043_F166,1,0
C043,C043_F167,0,0
C043,C043_F169,0,0
C043,C043_F170,0,0
C043,C043_F171,0,0
C043,C043_F172,1,0
C043,C043_F173,0,1
C043,C043_F174,2,0
C043,C043_F175,0,0
C043,C043_F176,0,0
C043,C043_F177,1,0
C043,C043_F178,1,1
C043,C043_F179,0,1
C043,C043_F180,1,1
C043,C043_F181,0,0
C043,C043_F183,2,1
C043,C043_F184,0,0
C043,C043_F185,0,1
C043,C043_F186,0,1
C043,C043_F187,1,1
C043,C043_F188,1,0
C043,C043_F189,0,1
C043,C043_F190,1,0
C043,C043_F191,0,0
C043,C043_F192,0,0
C043,C043_F193,1,1
C043,C043_F194,0,0
C043,C043_F195,2,1
C043,C043_F196,1,0
C043,C043_F197,1,0
C043,C043_F200,0,0
C043,C043_F201,1,1
C043,C043_F202,0,0
C043,C043_F203,0,0
C043,C043_F204,1,0
C043,C043_F205,1,0
C043,C043_F206,1,0
C043,C043_F207,1,0
C043,C043_F208,1,1
C043,C043_F209,0,0
C043,C043_F210,1,0
C043,C043_F211,2,0
C043,C043_F212,0,0
C043,C043_F213,1,1
C043,C043_F214,0,1
C043,C043_F215,1,1
C043,C043_F216,0,1
C043,C043_F217,0,1
C043,C043_F218,1,0
C043,C043_F219,0,1
C043,C043_F220,1,2
C043,C043_F221,1,0
C043,C043_F222,0,2
C043,C043_F223,0,0
C043,C043_F224,0,2
C043,C043_F225,2,1
C043,C043_F226,0,2
C043,C043_F227,0,0
C043,C043_F228,0,2
C043,C043_F229,2,0
C043,C043_F230,1,1
C043,C043_F231,1,0
C043,C043_F232,1,2
C043,C043_F233,1,0
C043,C043_F234,1,0
C043,C043_F235,0,1
C043,C043_F236,0,0
C043,C043_F237,1,0
C043,C043_F238,0,0
C043,C043_F239,0,0
C043,C043_F240,0,0
C043,C043_F242,1,0
C043,C043_F244,2,0
C043,C043_F245,1,1
C043,C043_F246,0,0
C043,C043_F247,2,0
C043,C043_F248,1,0
C043,C043_F250,0,0
C043,C043_F251,1,1
C043,C043_F252,0,1
C043,C043_F253,0,0
C043,C043_F254,0,1
C043,C043_F255,1,0
C043,C043_F256,0,2
C043,C043_F257,0,0
C043,C043_F258,1,0
C043,C043_F259,2,1
C043,C043_F260,0,1
C043,C043_F261,0,0
C043,C043_F262,0,1
C043,C043_F263,3,0
C043,C043_F264,3,1
C043,C043_F265,0,0
C043,C043_F266,0,0
C043,C043_F267,0,0
C043,C043_F268,1,1
C043,C043_F269,0,0
C043,C043_F270,1,0
C043,C043_F271,1,0
C043,C043_F272,0,1
C043,C043_F273,1,0
C043,C043_F274,0,0
C043,C043_F275,1,2
C043,C043_F277,0,0
C043,C043_F278,2,0
C043,C043_F279,0,2
C043,C043_F280,1,0
C043,C043_F281,1,1
C043,C043_F282,0,1
C043,C043_F283,0,1
C043,C043_F284,1,0
C043,C043_F285,1,1
C043,C043_F286,0,0
C043,C043_F287,1,1
C043,C043_F288,1,2
C043,C043_F289,0,1
C043,C043_F290,1,2
C043,C043_F291,1,0
C043,C043_F292,0,1
C043,C043_F293,0,0
C043,C043_F294,0,0
C043,C043_F295,0,1
C043,C043_F296,0,0
C043,C043_F297,0,0
C043,C043_F298,1,0
C043,C043_F299,0,1
C043,C043_F300,1,0
C043,C043_F301,0,1
C043,C043_F302,0,0
C043,C043_F303,1,0
C043,C043_F304,1,0
C043,C043_F305,0,1
C043,C043_F306,0,1
C043,C043_F307,0,0
C043,C043_F309,0,0
C043,C043_F310,2,1
C043,C043_F311,1,1
C043,C043_F312,0,1
C043,C043_F313,2,0
C043,C043_F314,0,0
C043,C043_F315,2,0
C043,C043_F316,1,1
C043,C043_F317,2,1
C043,C043_F320,0,2
C043,C043_F321,1,0
C043,C043_F322,1,0
C043,C043_F323,0,1
C043,C043_F324,0,1
C043,C043_F325,0,0
C043,C043_F326,1,0
C043,C043_F327,1,2
C043,C043_F328,0,0
C043,C043_F329,0,0
C043,C043_F330,0,1
C043,C043_F331,1,0
C043,C043_F332,0,0
C043,C043_F333,1,0
C043,C043_F334,0,0
C043,C043_F335,2,0
C043,C043_F336,0,0
C043,C043_F337,1,0
C043,C043_F338,1,0
C043,C043_F340,0,0
C043,C043_F341,0,1
C043,C043_F342,0,0
C043,C043_F343,0,0
C043,C043_F344,0,1
C043,C043_F345,0,1
C043,C043_F346,2,0
C043,C043_F348,1,1
C043,C043_F349,2,0
C043,C043_F350,1,1
C043,C043_F351,0,0
C043,C043_F352,0,1
C043,C043_F353,0,0
C043,C043_F354,1,0
C043,C043_F356,1,0
C043,C043_F357,0,2
C043,C043_F359,1,0
C043,C043_F360,2,0
C043,C043_F361,0,0
C043,C043_F362,0,1
C043,C043_F364,1,0
C043,C043_F365,1,1
C043,C043_F366,0,0
C043,C043_F367,0,1
C043,C043_F368,1,0
C043,C043_F370,1,0
C043,C043_F371,0,1
C043,C043_F372,1,2
C043,C043_F373,0,2
C043,C043_F374,0,0
C043,C043_F375,0,0
C043,C043_F376,1,0
C043,C043_F377,1,0
C043,C043_F378,0,1
C043,C043_F379,0,0
C043,C043_F380,0,0
C044,C044_F001,1,0
C044,C044_F003,2,0
C044,C044_F004,2,1
C044,C044_F005,3,2
C044,C044_F006,0,3
C044,C044_F007,0,1
C044,C044_F008,1,1
C044,C044_F009,2,1
C044,C044_F010,1,1
C044,C044_F011,0,2
C044,C044_F012,0,0
C044,C044_F014,0,0
C044,C044_F015,1,2
C044,C044_F016,2,0
C044,C044_F017,1,2
C044,C044_F018,1,0
C044,C044_F019,1,0
C044,C044_F020,1,0
C044,C044_F021,1,0
C044,C044_F022,0,1
C044,C044_F023,2,0
C044,C044_F024,1,1
C044,C044_F025,0,0
C044,C044_F026,2,0
C044,C044_F027,1,0
C044,C044_F029,3,0
C044,C044_F030,2,0
C044,C044_F031,1,0
C044,C044_F032,0,0
C044,C044_F033,0,1
C044,C044_F034,2,0
C044,C044_F035,1,0
C044,C044_F036,1,1
C044,C044_F037,1,2
C044,C044_F038,0,0
C044,C044_F039,2,0
C044,C044_F040,1,2
C044,C044_F041,1,1
C044,C044_F042,0,0
C044,C044_F043,0,1
C044,C044_F044,0,1
C044,C044_F045,0,1
C044,C044_F046,1,0
C044,C044_F047,1,0
C044,C044_F048,0,2
C044,C044_F049,1,1
C044,C044_F050,0,2
C044,C044_F051,0,2
C044,C044_F052,0,1
C044,C044_F053,2,0
C044,C044_F054,0,0
C044,C044_F055,1,0
C044,C044_F056,1,3
C044,C044_F057,0,3
C044,C044_F058,1,0
C044,C044_F059,0,2
C044,C044_F060,1,2
C044,C044_F061,1,0
C044,C044_F062,1,0
C044,C044_F063,0,1
C044,C044_F064,1,2
C044,C044_F065,0,0
C044,C044_F066,1,0
C044,C044_F067,2,0
C044,C044_F068,0,0
C044,C044_F069,2,1
C044,C044_F070,0,2
C044,C044_F071,0,0
C044,C044_F072,0,0
C044,C044_F073,1,0
C044,C044_F074,2,1
C044,C044_F075,2,0
C044,C044_F076,1,0
C044,C044_F077,0,1
C044,C044_F078,2,0
C044,C044_F079,2,3
C044,C044_F080,1,1
C044,C044_F081,1,0
C044,C044_F082,1,1
C044,C044_F083,0,0
C044,C044_F084,0,0
C044,C044_F085,1,1
C044,C044_F086,0,0
C044,C044_F087,1,1
C044,C044_F088,0,0
C044,C044_F089,0,0
C044,C044_F090,1,2
C044,C044_F091,0,0
C044,C044_F092,0,2
C044,C044_F093,0,2
C044,C044_F094,1,0
C044,C044_F095,0,1
C044,C044_F096,3,2
C044,C044_F097,0,0
C044,C044_F098,0,2
C044,C044_F099,1,0
C044,C044_F100,0,1
C044,C044_F101,0,1
C044,C044_F102,0,0
C044,C044_F104,1,0
C044,C044_F105,0,0
C044,C044_F106,0,2
C044,C044_F107,1,0
C044,C044_F108,0,0
C044,C044_F109,0,1
C044,C044_F110,1,0
C044,C044_F111,0,1
C044,C044_F112,0,0
C044,C044_F113,1,0
C044,C044_F114,3,3
C044,C044_F115,0,1
C044,C044_F116,1,1
C044,C044_F117,1,1
C044,C044_F118,2,1
C044,C044_F119,0,2
C044,C044_F120,1,2
C044,C044_F121,0,0
C044,C044_F123,1,0
C044,C044_F124,0,0
C044,C044_F125,1,2
C044,C044_F126,0,1
C044,C044_F127,0,1
C044,C044_F128,0,3
C044,C044_F129,1,1
C044,C044_F130,0,0
C044,C044_F131,0,0
C044,C044_F132,0,0
C044,C044_F133,3,0
C044,C044_F135,1,0
C044,C044_F136,0,3
C044,C044_F137,1,0
C044,C044_F138,0,1
C044,C044_F139,1,2
C044,C044_F140,1,1
C044,C044_F141,0,0
C044,C044_F142,0,1
C044,C044_F143,1,0
C044,C044_F144,3,1
C044,C044_F145,0,1
C044,C044_F146,1,1
C044,C044_F147,1,0
C044,C044_F148,1,0
C044,C044_F149,1,0
C044,C044_F150,2,0
C044,C044_F151,1,0
C044,C044_F152,1,2
C044,C044_F153,0,1
C044,C044_F154,1,0
C044,C044_F155,2,1
C044,C044_F156,0,1
C044,C044_F157,0,2
C044,C044_F158,1,1
C044,C044_F159,0,1
C044,C044_F160,1,0
C044,C044_F161,1,0
C044,C044_F162,0,0
C044,C044_F163,0,0
C044,C044_F164,0,1
C044,C044_F165,1,1
C044,C044_F166,1,1
C044,C044_F167,1,0
C044,C044_F168,0,0
C044,C044_F169,0,1
C044,C044_F171,1,1
C044,C044_F173,0,3
C044,C044_F174,0,2
C044,C044_F175,0,1
C044,C044_F176,0,1
C044,C044_F177,0,0
C044,C044_F179,2,0
C044,C044_F180,0,3
C044,C044_F181,0,2
C044,C044_F182,2,0
C044,C044_F183,2,1
C044,C044_F184,1,1
C044,C044_F185,1,0
C044,C044_F186,1,0
C044,C044_F187,2,0
C044,C044_F188,0,2
C044,C044_F189,1,0
C044,C044_F190,0,1
C044,C044_F191,1,0
C044,C044_F192,2,0
C044,C044_F193,3,0
C044,C044_F194,0,0
C044,C044_F195,2,1
C044,C044_F196,0,0
C044,C044_F197,1,0
C044,C044_F198,0,0
C044,C044_F199,2,0
C044,C044_F200,0,1
C044,C044_F202,1,1
C044,C044_F203,2,0
C044,C044_F204,0,0
C044,C044_F205,0,0
C044,C044_F206,0,0
C044,C044_F207,0,0
C044,C044_F208,1,0
C044,C044_F209,2,0
C044,C044_F210,1,1
C044,C044_F211,0,0
C044,C044_F212,2,0
C044,C044_F213,0,0
C044,C044_F214,0,1
C044,C044_F215,1,1
C044,C044_F216,0,1
C044,C044_F217,3,0
C044,C044_F218,0,0
C044,C044_F219,2,0
C044,C044_F220,2,1
C044,C044_F221,0,1
C044,C044_F222,1,0
C044,C044_F223,0,0
C044,C044_F224,0,0
C044,C044_F225,1,0
C044,C044_F226,2,3
C044,C044_F227,0,1
C044,C044_F228,1,1
C044,C044_F229,0,0
C044,C044_F230,0,0
C044,C044_F231,0,0
C044,C044_F232,0,0
C044,C044_F233,1,1
C044,C044_F234,0,1
C044,C044_F235,2,0
C044,C044_F236,1,3
C044,C044_F237,0,0
C044,C044_F238,0,0
C044,C044_F239,0,1
C044,C044_F240,1,1
C044,C044_F241,2,0
C044,C044_F242,2,1
C044,C044_F243,2,1
C044,C044_F244,2,2
C044,C044_F245,0,2
C044,C044_F246,0,2
C044,C044_F247,1,0
C044,C044_F248,0,2
C044,C044_F251,1,0
C044,C044_F252,1,1
C044,C044_F253,0,1
C044,C044_F254,0,1
C044,C044_F255,1,0
C044,C044_F256,0,1
C044,C044_F257,0,1
C044,C044_F258,1,1
C044,C044_F259,2,1
C044,C044_F260,1,1
C044,C044_F261,1,0
C044,C044_F262,1,1
C044,C044_F263,3,1
C044,C044_F264,1,0
C044,C044_F265,0,1
C044,C044_F266,0,1
C044,C044_F267,1,0
C044,C044_F268,0,0
C044,C044_F269,2,0
C044,C044_F270,0,0
C044,C044_F271,1,1
C044,C044_F272,3,0
C044,C044_F273,1,0
C044,C044_F274,0,0
C044,C044_F275,0,1
C044,C044_F276,2,0
C044,C044_F277,1,2
C044,C044_F278,1,0
C044,C044_F279,2,0
C044,C044_F280,1,0
C044,C044_F281,1,0
C044,C044_F282,1,2
C044,C044_F283,0,1
C044,C044_F284,1,1
C044,C044_F285,4,0
C044,C044_F286,1,0
C044,C044_F287,1,0
C044,C044_F288,0,0
C044,C044_F289,3,0
C044,C044_F290,3,0
C044,C044_F291,1,0
C044,C044_F292,0,0
C044,C044_F293,1,0
C044,C044_F294,1,0
C044,C044_F296,0,0
C044,C044_F297,0,0
C044,C044_F298,2,1
C044,C044_F299,0,0
C044,C044_F300,1,0
C044,C044_F301,0,1
C044,C044_F302,1,0
C044,C044_F303,2,0
C044,C044_F304,0,1
C044,C044_F305,1,3
C044,C044_F306,2,1
C045,C045_F001,1,1
C045,C045_F002,0,0
C045,C045_F003,1,1
C045,C045_F004,1,0
C045,C045_F005,1,0
C045,C045_F006,2,0
C045,C045_F007,1,0
C045,C045_F008,2,1
C045,C045_F009,1,0
C045,C045_F010,1,1
C045,C045_F012,2,0
C045,C045_F013,1,0
C045,C045_F014,0,0
C045,C045_F015,0,1
C045,C045_F016,1,0
C045,C045_F017,0,0
C045,C045_F018,0,2
C045,C045_F019,1,0
C045,C045_F020,0,3
C045,C045_F021,0,0
C045,C045_F022,0,0
C045,C045_F023,1,0
C045,C045_F024,0,0
C045,C045_F025,0,0
C045,C045_F026,0,1
C045,C045_F027,1,0
C045,C045_F028,2,0
C045,C045_F029,2,0
C045,C045_F030,0,1
C045,C045_F031,0,2
C045,C045_F032,2,0
C045,C045_F033,2,1
C045,C045_F035,2,0
C045,C045_F036,1,0
C045,C045_F037,0,0
C045,C045_F038,0,1
C045,C045_F039,1,1
C045,C045_F040,2,0
C045,C045_F041,1,0
C045,C045_F043,2,2
C045,C045_F044,0,0
C045,C045_F045,2,0
C045,C045_F046,0,2
C045,C045_F047,0,0
C045,C045_F048,0,0
C045,C045_F049,0,2
C045,C045_F050,1,1
C045,C045_F051,0,0
C045,C045_F052,0,0
C045,C045_F053,2,0
C045,C045_F054,1,0
C045,C045_F055,1,0
C045,C045_F056,0,0
C045,C045_F057,1,0
C045,C045_F058,0,1
C045,C045_F059,0,0
C045,C045_F060,1,0
C045,C045_F061,0,1
C045,C045_F062,1,0
C045,C045_F063,2,0
C045,C045_F064,0,0
C045,C045_F065,2,1
C045,C045_F066,1,2
C045,C045_F067,1,2
C045,C045_F068,1,0
C045,C045_F069,0,2
C045,C045_F070,0,1
C045,C045_F071,1,0
C045,C045_F072,0,1
C045,C045_F073,0,0
C045,C045_F074,0,0
C045,C045_F075,1,1
C045,C045_F076,1,0
C045,C045_F077,0,0
C045,C045_F078,1,0
C045,C045_F079,0,0
C045,C045_F081,0,2
C045,C045_F082,0,1
C045,C045_F083,0,0
C045,C045_F084,0,0
C045,C045_F086,1,0
C045,C045_F087,1,2
C045,C045_F088,1,0
C045,C045_F089,1,0
C045,C045_F090,0,1
C045,C045_F091,4,0
C045,C045_F092,0,0
C045,C045_F093,0,0
C045,C045_F094,3,0
C045,C045_F095,0,1
C045,C045_F096,0,0
C045,C045_F098,1,1
C045,C045_F099,2,0
C045,C045_F101,0,1
C045,C045_F102,0,0
C045,C045_F103,1,0
C045,C045_F104,0,1
C045,C045_F105,2,0
C045,C045_F106,1,0
C045,C045_F107,2,2
C045,C045_F108,1,0
C045,C045_F109,0,0
C045,C045_F110,1,1
C045,C045_F113,3,1
C045,C045_F114,1,2
C045,C045_F115,1,1
C045,C045_F116,0,0
C045,C045_F118,0,1
C045,C045_F119,1,0
C045,C045_F120,0,0
C045,C045_F121,0,0
C045,C045_F122,0,0
C045,C045_F123,0,0
C045,C045_F124,1,0
C045,C045_F125,2,1
C045,C045_F126,0,0
C045,C045_F127,0,0
C045,C045_F128,3,0
C045,C045_F129,0,0
C045,C045_F130,0,1
C045,C045_F131,0,0
C045,C045_F132,1,1
C045,C045_F133,0,0
C045,C045_F135,0,2
C045,C045_F136,1,1
C045,C045_F137,0,1
C045,C045_F138,1,0
C045,C045_F139,2,1
C045,C045_F140,2,0
C045,C045_F141,0,0
C045,C045_F142,1,1
C045,C045_F143,3,0
C045,C045_F144,0,1
C045,C045_F145,2,0
C045,C045_F146,1,1
C045,C045_F147,0,1
C045,C045_F148,1,0
C045,C045_F149,1,0
C045,C045_F150,2,0
C045,C045_F152,0,1
C045,C045_F153,0,0
C045,C045_F154,2,0
C045,C045_F155,5,0
C045,C045_F156,2,0
C045,C045_F157,2,2
C045,C045_F158,2,0
C045,C045_F159,2,1
C045,C045_F160,0,0
C045,C045_F161,0,1
C045,C045_F162,2,0
C045,C045_F163,1,3
C045,C045_F164,1,0
C045,C045_F165,0,0
C045,C045_F167,0,1
C045,C045_F168,1,0
C045,C045_F169,1,0
C045,C045_F170,2,0
C045,C045_F171,0,1
C045,C045_F172,0,0
C045,C045_F173,0,0
C045,C045_F174,2,0
C045,C045_F175,2,0
C045,C045_F176,1,0
C045,C045_F177,0,0
C045,C045_F178,2,1
C045,C045_F179,2,1
C045,C045_F180,0,1
C048,C048_F002,1,0
C048,C048_F003,0,0
C048,C048_F004,4,0
C048,C048_F006,0,1
C048,C048_F007,1,0
C048,C048_F009,0,1
C048,C048_F010,0,2
C048,C048_F011,1,1
C048,C048_F012,0,1
C048,C048_F013,1,2
C048,C048_F014,1,1
C048,C048_F015,0,1
C048,C048_F016,0,1
C048,C048_F017,0,0
C048,C048_F018,0,0
C048,C048_F021,1,0
C048,C048_F022,2,0
C048,C048_F023,0,0
C048,C048_F024,0,1
C048,C048_F025,0,1
C048,C048_F026,0,0
C048,C048_F027,1,0
C048,C048_F028,1,0
C048,C048_F029,1,0
C048,C048_F030,0,0
C048,C048_F031,0,0
C048,C048_F032,1,0
C048,C048_F033,0,0
C048,C048_F034,1,1
C048,C048_F035,1,1
C048,C048_F036,2,0
C048,C048_F037,3,0
C048,C048_F038,0,2
C048,C048_F039,0,0
C048,C048_F040,1,1
C048,C048_F041,0,1
C048,C048_F042,1,1
C048,C048_F043,1,0
C048,C048_F045,0,1
C048,C048_F046,0,2
C048,C048_F048,1,2
C048,C048_F049,4,0
C048,C048_F050,0,0
C048,C048_F051,0,0
C048,C048_F052,0,0
C048,C048_F053,1,1
C048,C048_F054,0,0
C048,C048_F055,0,0
C048,C048_F056,1,1
C048,C048_F057,1,0
C048,C048_F058,0,1
C048,C048_F059,0,1
C048,C048_F060,0,1
C048,C048_F061,1,0
C048,C048_F062,1,0
C048,C048_F063,0,0
C048,C048_F064,0,2
C048,C048_F065,1,1
C048,C048_F066,0,0
C048,C048_F069,1,1
C048,C048_F071,1,0
C048,C048_F072,1,1
C048,C048_F073,1,1
C048,C048_F074,0,2
C048,C048_F075,0,1
C048,C048_F077,2,0
C048,C048_F078,1,1
C048,C048_F079,1,0
C048,C048_F080,1,0
C048,C048_F081,1,0
C048,C048_F082,0,0
C048,C048_F083,0,0
C048,C048_F084,1,0
C048,C048_F085,0,0
C048,C048_F086,1,0
C048,C048_F087,1,0
C048,C048_F088,1,1
C048,C048_F089,0,0
C048,C048_F090,0,0
C048,C048_F091,0,1
C048,C048_F092,2,0
C048,C048_F093,1,1
C048,C048_F094,1,0
C048,C048_F095,0,1
C048,C048_F096,2,1
C048,C048_F097,3,1
C048,C048_F098,1,0
C048,C048_F099,0,1
C048,C048_F100,0,1
C048,C048_F101,1,0
C048,C048_F102,0,0
C048,C048_F103,1,0
C048,C048_F105,0,3
C048,C048_F106,1,1
C048,C048_F107,2,0
C048,C048_F108,0,1
C048,C048_F109,0,1
C048,C048_F110,0,0
C048,C048_F111,1,2
C048,C048_F112,0,2
C048,C048_F113,1,1
C048,C048_F114,1,0
C048,C048_F115,1,0
C048,C048_F116,1,0
C048,C048_F117,1,1
C048,C048_F118,0,0
C048,C048_F119,0,1
C048,C048_F120,0,0
C048,C048_F121,0,0
C048,C048_F122,3,1
C048,C048_F123,0,0
C048,C048_F125,1,0
C048,C048_F126,2,0
C048,C048_F127,1,0
C048,C048_F128,0,0
C048,C048_F129,0,1
C048,C048_F130,1,0
C048,C048_F131,1,0
C048,C048_F132,0,1
C048,C048_F133,0,0
C048,C048_F134,1,0
C048,C048_F135,1,1
C048,C048_F136,0,1
C048,C048_F137,0,0
C048,C048_F138,1,1
C048,C048_F139,0,0
C048,C048_F141,2,1
C048,C048_F142,2,1
C048,C048_F143,1,1
C048,C048_F144,0,0
C048,C048_F145,0,1
C048,C048_F146,0,2
C048,C048_F147,0,2
C048,C048_F149,0,2
C048,C048_F150,0,0
C048,C048_F151,1,2
C048,C048_F152,0,0
C048,C048_F153,0,0
C048,C048_F155,0,1
C048,C048_F156,1,2
C048,C048_F157,2,0
C048,C048_F158,1,0
C048,C048_F159,1,2
C048,C048_F160,0,0
C048,C048_F161,0,0
C048,C048_F162,3,1
C048,C048_F163,1,1
C048,C048_F164,0,0
C048,C048_F166,0,1
C048,C048_F167,2,0
C048,C048_F168,0,0
C048,C048_F169,2,1
C048,C048_F170,0,0
C048,C048_F171,0,0
C048,C048_F172,1,0
C048,C048_F173,0,3
C048,C048_F174,0,0
C048,C048_F175,0,0
C048,C048_F176,0,0
C048,C048_F177,0,1
C048,C048_F178,0,2
C048,C048_F179,2,2
C048,C048_F180,0,0
C048,C048_F181,0,0
C048,C048_F182,0,0
C048,C048_F183,1,0
C048,C048_F184,0,2
C048,C048_F185,1,0
C048,C048_F186,0,1
C048,C048_F187,1,2
C048,C048_F188,0,1
C048,C048_F189,1,1
C048,C048_F190,2,1
C048,C048_F191,0,0
C048,C048_F192,1,0
C048,C048_F194,0,0
C048,C048_F195,1,0
C048,C048_F196,1,2
C048,C048_F197,0,1
C048,C048_F198,1,0
C048,C048_F199,1,0
C048,C048_F200,1,0
C048,C048_F201,1,0
C048,C048_F202,0,0
C048,C048_F203,1,1
C048,C048_F204,1,0
C048,C048_F207,0,0
C048,C048_F208,1,0
C048,C048_F209,2,0
C048,C048_F210,0,0
C048,C048_F211,2,1
C048,C048_F213,1,0
C048,C048_F214,2,1
C048,C048_F215,1,0
C048,C048_F216,0,0
C048,C048_F218,1,2
C048,C048_F219,0,3
C048,C048_F220,0,0
C048,C048_F221,0,0
C048,C048_F222,2,1
C048,C048_F223,0,0
C048,C048_F224,0,1
C048,C048_F225,0,1
C048,C048_F226,0,0
C048,C048_F227,2,1
C048,C048_F228,0,1
C048,C048_F229,1,1
C048,C048_F230,0,0
C048,C048_F231,0,0
C048,C048_F232,0,0
C048,C048_F233,1,0
C048,C048_F234,0,1
C048,C048_F235,1,2
C048,C048_F236,2,1
C048,C048_F237,1,0
C048,C048_F238,3,2
C048,C048_F239,1,1
C048,C048_F240,0,0
C048,C048_F241,0,0
C048,C048_F242,1,0
C048,C048_F243,0,1
C048,C048_F244,1,1
C048,C048_F246,2,1
C048,C048_F247,0,0
C048,C048_F249,1,0
C048,C048_F250,0,1
C048,C048_F251,0,0
C048,C048_F252,0,1
C048,C048_F253,2,0
C048,C048_F254,0,0
C048,C048_F255,1,0
C048,C048_F256,0,1
C048,C048_F257,1,0
C048,C048_F258,1,1
C048,C048_F259,0,1
C048,C048_F260,2,0
C048,C048_F262,1,0
C048,C048_F264,0,0
C048,C048_F265,2,0
C048,C048_F266,0,0
C048,C048_F267,1,0
C048,C048_F268,2,0
C048,C048_F269,1,0
C048,C048_F270,1,1
C048,C048_F272,1,0
C048,C048_F273,1,0
C048,C048_F274,2,0
C048,C048_F275,2,0
C048,C048_F276,0,1
C048,C048_F277,0,1
C048,C048_F278,2,2
C048,C048_F279,2,0
C048,C048_F280,2,1
C048,C048_F281,0,2
C048,C048_F282,1,3
C048,C048_F283,1,1
C048,C048_F284,0,0
C048,C048_F285,0,0
C048,C048_F286,1,0
C048,C048_F287,0,0
C048,C048_F288,0,1
C048,C048_F289,1,1
C048,C048_F290,1,2
C048,C048_F291,4,0
C048,C048_F292,2,0
C048,C048_F293,1,0
C048,C048_F294,0,0
C048,C048_F295,1,0
C048,C048_F296,1,0
C048,C048_F297,1,0
C048,C048_F298,1,0
C048,C048_F299,0,1
C048,C048_F300,0,0
C048,C048_F301,0,3
C048,C048_F302,0,1
C048,C048_F303,0,0
C048,C048_F304,0,1
C048,C048_F305,1,1
C048,C048_F306,0,0
C048,C048_F308,2,2
C048,C048_F309,2,0
C048,C048_F310,0,1
C048,C048_F311,0,0
C048,C048_F312,0,1
C048,C048_F313,2,0
C048,C048_F314,0,0
C048,C048_F315,0,1
C048,C048_F316,0,1
C048,C048_F317,0,0
C048,C048_F318,0,0
C048,C048_F319,1,0
C048,C048_F320,0,3
C048,C048_F321,1,1
C048,C048_F322,0,1
C048,C048_F323,0,0
C048,C048_F324,1,0
C048,C048_F325,0,1
C048,C048_F326,0,0
C048,C048_F327,2,1
C048,C048_F328,0,1
C048,C048_F329,1,1
C048,C048_F330,0,1
C048,C048_F331,2,1
C048,C048_F332,3,1
C048,C048_F333,0,1
C048,C048_F334,1,0
C048,C048_F335,1,0
C048,C048_F336,0,1
C048,C048_F337,0,0
C048,C048_F338,1,0
C048,C048_F339,1,2
C048,C048_F341,1,0
C048,C048_F343,2,2
C048,C048_F344,0,0
C048,C048_F345,1,1
C048,C048_F346,2,0
C048,C048_F347,1,0
C048,C048_F348,0,0
C048,C048_F349,0,0
C048,C048_F350,1,0
C048,C048_F351,0,0
C048,C048_F352,1,1
C048,C048_F353,0,0
C048,C048_F354,1,0
C048,C048_F355,2,0
C048,C048_F356,2,2
C048,C048_F357,0,0
C048,C048_F358,1,0
C048,C048_F359,1,0
C048,C048_F360,1,1
C048,C048_F361,0,1
C048,C048_F362,0,0
C048,C048_F363,0,1
C048,C048_F364,0,0
C048,C048_F365,0,0
C048,C048_F366,1,0
C048,C048_F367,2,0
C048,C048_F368,0,0
C048,C048_F369,1,1
C048,C048_F370,0,0
C048,C048_F371,0,0
C048,C048_F372,0,1
C048,C048_F373,0,2
C048,C048_F374,0,4
C048,C048_F375,0,1
C048,C048_F376,0,1
C048,C048_F377,0,0
C048,C048_F378,2,0
C048,C048_F379,1,0
C048,C048_F380,0,0
C049,C049_F001,1,0
C049,C049_F002,1,0
C049,C049_F003,2,2
C049,C049_F004,1,2
C049,C049_F005,0,1
C049,C049_F006,0,2
C049,C049_F007,2,1
C049,C049_F008,2,1
C049,C049_F009,0,3
C049,C049_F011,0,1
C049,C049_F012,0,1
C049,C049_F013,1,0
C049,C049_F014,0,1
C049,C049_F015,0,2
C049,C049_F016,1,1
C049,C049_F017,1,1
C049,C049_F018,2,1
C049,C049_F019,0,1
C049,C049_F020,0,0
C049,C049_F021,1,3
C049,C049_F022,0,1
C049,C049_F023,0,0
C049,C049_F024,1,1
C049,C049_F025,3,0
C049,C049_F026,1,0
C049,C049_F027,0,2
C049,C049_F028,1,0
C049,C049_F029,1,0
C049,C049_F030,0,0
C049,C049_F031,2,0
C049,C049_F032,2,1
C049,C049_F033,1,1
C049,C049_F034,0,0
C049,C049_F035,0,1
C049,C049_F036,0,0
C049,C049_F038,0,1
C049,C049_F039,0,0
C049,C049_F041,2,0
C049,C049_F042,2,0
C049,C049_F043,1,0
C049,C049_F044,1,1
C049,C049_F045,0,1
C049,C049_F046,0,0
C049,C049_F047,2,1
C049,C049_F048,2,0
C049,C049_F050,1,1
C049,C049_F051,0,0
C049,C049_F052,1,0
C049,C049_F053,0,2
C049,C049_F054,0,1
C049,C049_F055,0,1
C049,C049_F056,1,0
C049,C049_F057,1,1
C049,C049_F058,0,0
C049,C049_F059,1,1
C049,C049_F060,0,1
C049,C049_F062,1,1
C049,C049_F063,1,1
C049,C049_F064,1,2
C049,C049_F065,1,1
C049,C049_F066,3,0
C049,C049_F067,1,2
C049,C049_F068,2,2
C049,C049_F069,2,2
C049,C049_F070,2,0
C049,C049_F071,0,3
C049,C049_F072,2,0
C049,C049_F073,1,1
C049,C049_F074,0,2
C049,C049_F075,1,0
C049,C049_F076,1,3
C049,C049_F077,0,0
C049,C049_F078,0,1
C049,C049_F079,0,0
C049,C049_F080,1,1
C049,C049_F081,2,2
C049,C049_F082,2,1
C049,C049_F083,1,0
C049,C049_F084,0,0
C049,C049_F085,3,0
C049,C049_F086,0,1
C049,C049_F087,1,1
C049,C049_F088,0,1
C049,C049_F089,1,2
C049,C049_F090,1,1
C049,C049_F091,1,1
C049,C049_F092,2,0
C049,C049_F093,0,1
C049,C049_F094,1,1
C049,C049_F095,0,0
C049,C049_F096,0,0
C049,C049_F097,0,1
C049,C049_F098,1,2
C049,C049_F099,0,1
C049,C049_F100,0,0
C049,C049_F101,0,1
C049,C049_F102,0,0
C049,C049_F103,0,2
C049,C049_F104,1,0
C049,C049_F105,1,0
C049,C049_F106,1,2
C049,C049_F107,1,0
C049,C049_F108,0,0
C049,C049_F109,0,0
C049,C049_F110,0,1
C049,C049_F112,3,1
C049,C049_F113,2,0
C049,C049_F114,0,0
C049,C049_F115,1,0
C049,C049_F116,2,1
C049,C049_F117,1,0
C049,C049_F118,1,0
C049,C049_F119,0,0
C049,C049_F120,1,1
C049,C049_F121,2,0
C049,C049_F122,0,0
C049,C049_F123,0,3
C049,C049_F125,0,1
C049,C049_F126,0,0
C049,C049_F127,0,2
C049,C049_F128,2,2
C049,C049_F130,1,0
C049,C049_F131,1,1
C049,C049_F132,0,3
C049,C049_F133,0,1
C049,C049_F134,0,2
C049,C049_F135,0,1
C049,C049_F136,1,0
C049,C049_F137,2,1
C049,C049_F138,2,0
C049,C049_F139,1,0
C049,C049_F140,0,1
C049,C049_F141,0,2
C049,C049_F142,1,1
C049,C049_F143,1,1
C049,C049_F144,0,2
C049,C049_F145,0,1
C049,C049_F146,0,0
C049,C049_F147,1,1
C049,C049_F148,0,0
C049,C049_F149,0,0
C049,C049_F150,1,1
C049,C049_F151,0,1
C049,C049_F152,0,2
C049,C049_F153,1,1
C049,C049_F154,0,1
C049,C049_F155,1,1
C049,C049_F156,1,1
C049,C049_F157,1,1
C049,C049_F158,0,0
C049,C049_F159,0,1
C049,C049_F160,2,0
C049,C049_F161,0,1
C049,C049_F162,0,0
C049,C049_F163,2,0
C049,C049_F164,1,0
C049,C049_F165,0,0
C049,C049_F166,2,1
C049,C049_F167,1,1
C049,C049_F168,0,1
C049,C049_F169,0,0
C049,C049_F170,0,0
C049,C049_F171,1,1
C049,C049_F172,2,0
C049,C049_F173,1,0
C049,C049_F174,0,2
C049,C049_F175,1,0
C049,C049_F176,2,0
C049,C049_F177,2,2
C049,C049_F178,0,0
C049,C049_F179,1,0
C049,C049_F180,3,0
C049,C049_F181,0,2
C049,C049_F182,3,0
C049,C049_F183,1,0
C049,C049_F184,2,0
C049,C049_F185,0,1
C049,C049_F186,0,2
C049,C049_F187,0,1
C049,C049_F188,2,0
C049,C049_F189,1,1
C049,C049_F190,1,1
C049,C049_F191,0,1
C049,C049_F193,0,1
C049,C049_F194,1,0
C049,C049_F195,0,1
C049,C049_F196,0,1
C049,C049_F197,0,0
C049,C049_F198,0,1
C049,C049_F199,0,0
C049,C049_F200,2,0
C049,C049_F201,0,0
C049,C049_F202,1,2
C049,C049_F203,1,0
C049,C049_F204,0,0
C049,C049_F205,1,0
C049,C049_F206,1,1
C049,C049_F207,1,0
C049,C049_F208,1,1
C049,C049_F209,2,0
C049,C049_F210,4,1
C049,C049_F211,1,1
C049,C049_F212,0,0
C049,C049_F213,0,0
C049,C049_F214,0,0
C049,C049_F215,1,1
C049,C049_F216,0,1
C049,C049_F217,2,1
C049,C049_F218,2,1
C049,C049_F219,0,0
C049,C049_F220,0,0
C049,C049_F221,0,1
C049,C049_F222,0,1
C049,C049_F223,2,0
C049,C049_F224,1,0
C049,C049_F225,1,0
C049,C049_F226,0,0
C049,C049_F227,3,1
C049,C049_F228,0,1
C049,C049_F229,0,2
C049,C049_F230,0,0
C049,C049_F231,1,2
C049,C049_F232,2,0
C049,C049_F233,0,1
C049,C049_F234,1,0
C049,C049_F235,1,1
C049,C049_F236,0,0
C049,C049_F237,0,0
C049,C049_F239,1,0
C049,C049_F240,1,0
C049,C049_F241,0,0
C049,C049_F242,0,0
C049,C049_F243,0,1
C049,C049_F244,2,1
C049,C049_F245,0,1
C049,C049_F246,2,0
C049,C049_F247,1,0
C049,C049_F248,1,0
C049,C049_F249,0,0
C049,C049_F251,1,1
C049,C049_F253,2,0
C049,C049_F254,2,1
C049,C049_F255,0,1
C049,C049_F256,2,0
C049,C049_F257,1,0
C049,C049_F258,0,1
C049,C049_F259,1,0
C049,C049_F260,0,1
C049,C049_F261,0,1
C049,C049_F262,1,0
C049,C049_F264,3,1
C049,C049_F265,2,1
C049,C049_F266,2,1
C049,C049_F267,1,0
C049,C049_F268,0,1
C049,C049_F269,0,1
C049,C049_F270,0,0
C049,C049_F271,0,1
C049,C049_F272,0,1
C049,C049_F273,1,1
C049,C049_F274,0,0
C049,C049_F275,1,1
C049,C049_F276,0,0
C049,C049_F277,0,0
C049,C049_F278,1,0
C049,C049_F279,1,0
C049,C049_F280,0,1
C049,C049_F281,0,2
C049,C049_F282,1,0
C049,C049_F283,1,1
C049,C049_F284,3,2
C049,C049_F285,2,2
C049,C049_F286,1,0
C049,C049_F287,0,0
C049,C049_F288,1,0
C049,C049_F289,0,1
C049,C049_F290,0,0
C049,C049_F291,1,1
C049,C049_F292,1,0
C049,C049_F293,1,0
C049,C049_F294,2,1
C049,C049_F295,0,1
C049,C049_F296,0,1
C049,C049_F297,0,1
C049,C049_F298,1,1
C049,C049_F299,1,0
C049,C049_F300,1,0
C049,C049_F301,4,0
C049,C049_F302,2,1
C049,C049_F303,0,0
C049,C049_F304,2,1
C049,C049_F305,0,1
C049,C049_F306,0,1
C050,C050_F001,0,2
C050,C050_F002,1,0
C050,C050_F003,0,0
C050,C050_F004,1,0
C050,C050_F005,0,2
C050,C050_F006,0,0
C050,C050_F007,0,0
C050,C050_F008,1,0
C050,C050_F009,0,1
C050,C050_F010,1,0
C050,C050_F011,1,1
C050,C050_F012,0,1
C050,C050_F014,1,0
C050,C050_F015,0,0
C050,C050_F016,1,0
C050,C050_F018,0,0
C050,C050_F019,2,1
C050,C050_F020,1,0
C050,C050_F021,2,0
C050,C050_F022,0,1
C050,C050_F023,2,2
C050,C050_F024,0,0
C050,C050_F025,1,0
C050,C050_F026,0,2
C050,C050_F027,0,0
C050,C050_F028,2,0
C050,C050_F029,1,0
C050,C050_F031,2,1
C050,C050_F032,0,0
C050,C050_F033,1,1
C050,C050_F034,0,0
C050,C050_F035,0,0
C050,C050_F036,0,2
C050,C050_F037,2,0
C050,C050_F038,1,0
C050,C050_F040,1,2
C050,C050_F041,0,0
C050,C050_F042,1,1
C050,C050_F043,1,0
C050,C050_F044,0,0
C050,C050_F045,1,0
C050,C050_F046,0,2
C050,C050_F047,1,0
C050,C050_F048,0,1
C050,C050_F049,1,0
C050,C050_F050,5,0
C050,C050_F051,0,0
C050,C050_F052,1,1
C050,C050_F053,0,2
C050,C050_F054,1,0
C050,C050_F056,2,0
C050,C050_F057,1,0
C050,C050_F058,0,1
C050,C050_F059,0,2
C050,C050_F060,1,1
C050,C050_F061,0,0
C050,C050_F062,0,0
C050,C050_F063,2,1
C050,C050_F064,0,0
C050,C050_F065,1,0
C050,C050_F066,0,0
C050,C050_F067,0,0
C050,C050_F068,2,0
C050,C050_F069,0,1
C050,C050_F070,1,1
C050,C050_F071,0,1
C050,C050_F072,0,0
C050,C050_F073,1,0
C050,C050_F074,1,1
C050,C050_F076,1,0
C050,C050_F077,1,1
C050,C050_F078,0,0
C050,C050_F079,0,1
C050,C050_F080,1,0
C050,C050_F081,0,1
C050,C050_F082,1,2
C050,C050_F083,0,1
C050,C050_F084,0,0
C050,C050_F085,1,0
C050,C050_F086,2,1
C050,C050_F087,0,0
C050,C050_F088,1,1
C050,C050_F089,1,1
C050,C050_F090,0,1
C050,C050_F091,1,0
C050,C050_F092,0,0
C050,C050_F093,1,2
C050,C050_F094,0,0
C050,C050_F095,2,0
C050,C050_F096,1,1
C050,C050_F097,1,1
C050,C050_F098,0,1
C050,C050_F099,0,1
C050,C050_F100,0,2
C050,C050_F101,1,1
C050,C050_F102,0,0
C050,C050_F103,0,0
C050,C050_F104,0,0
C050,C050_F106,1,1
C050,C050_F107,0,0
C050,C050_F108,0,2
C050,C050_F109,1,1
C050,C050_F110,0,0
C050,C050_F112,0,0
C050,C050_F113,3,0
C050,C050_F114,1,1
C050,C050_F115,0,0
C050,C050_F116,1,2
C050,C050_F117,0,1
C050,C050_F118,0,1
C050,C050_F120,1,1
C050,C050_F121,1,0
C050,C050_F122,2,0
C050,C050_F123,1,1
C050,C050_F125,0,1
C050,C050_F126,0,0
C050,C050_F127,0,0
C050,C050_F128,0,0
C050,C050_F129,0,0
C050,C050_F130,1,0
C050,C050_F131,0,1
C050,C050_F132,1,0
C050,C050_F133,0,2
C050,C050_F134,0,0
C050,C050_F135,0,0
C050,C050_F136,0,1
C050,C050_F137,1,0
C050,C050_F138,0,0
C050,C050_F139,1,0
C050,C050_F140,0,0
C050,C050_F141,0,0
C050,C050_F142,1,1
C050,C050_F143,1,1
C050,C050_F144,0,2
C050,C050_F145,0,0
C050,C050_F146,0,3
C050,C050_F147,0,2
C050,C050_F149,0,0
C050,C050_F150,1,0
C050,C050_F151,0,1
C050,C050_F152,0,0
C050,C050_F153,0,1
C050,C050_F154,0,1
C050,C050_F155,0,0
C050,C050_F156,1,0
C050,C050_F157,1,2
C050,C050_F158,3,0
C050,C050_F160,0,0
C050,C050_F161,0,0
C050,C050_F162,0,2
C050,C050_F163,1,0
C050,C050_F164,0,1
C050,C050_F165,0,1
C050,C050_F166,1,0
C050,C050_F167,0,0
C050,C050_F168,0,2
C050,C050_F169,0,0
C050,C050_F171,1,0
C050,C050_F172,0,1
C050,C050_F173,1,1
C050,C050_F174,2,0
C050,C050_F175,1,1
C050,C050_F176,0,1
C050,C050_F177,1,1
C050,C050_F178,1,0
C050,C050_F180,1,1
C051,C051_F001,1,1
C051,C051_F002,0,2
C051,C051_F003,0,0
C051,C051_F004,1,0
C051,C051_F005,1,0
C051,C051_F006,0,2
C051,C051_F007,0,0
C051,C051_F008,0,3
C051,C051_F009,0,0
C051,C051_F010,2,0
C051,C051_F011,0,0
C051,C051_F012,1,1
C051,C051_F013,0,1
C051,C051_F014,2,2
C051,C051_F015,0,1
C051,C051_F016,0,1
C051,C051_F017,0,1
C051,C051_F019,1,1
C051,C051_F020,0,0
C051,C051_F021,2,1
C051,C051_F022,1,0
C051,C051_F024,2,0
C051,C051_F025,1,1
C051,C051_F026,2,1
C051,C051_F027,2,1
C051,C051_F028,0,0
C051,C051_F029,1,0
C051,C051_F030,0,0
C051,C051_F031,1,1
C051,C051_F032,4,0
C051,C051_F033,0,0
C051,C051_F034,2,0
C051,C051_F035,0,1
C051,C051_F036,0,0
C051,C051_F037,1,1
C051,C051_F038,0,1
C051,C051_F039,0,0
C051,C051_F040,0,0
C051,C051_F041,2,1
C051,C051_F042,0,0
C051,C051_F043,0,1
C051,C051_F044,1,2
C051,C051_F045,2,1
C051,C051_F046,2,1
C051,C051_F047,1,1
C051,C051_F048,1,1
C051,C051_F049,0,1
C051,C051_F051,1,1
C051,C051_F052,0,1
C051,C051_F053,1,0
C051,C051_F054,2,0
C051,C051_F055,2,0
C051,C051_F056,0,0
C051,C051_F058,4,0
C051,C051_F059,1,0
C051,C051_F060,0,1
C051,C051_F061,1,0
C051,C051_F062,1,1
C051,C051_F063,1,2
C051,C051_F064,1,1
C051,C051_F066,2,1
C051,C051_F067,2,0
C051,C051_F068,1,0
C051,C051_F069,0,0
C051,C051_F070,2,1
C051,C051_F071,0,0
C051,C051_F072,1,0
C051,C051_F073,0,2
C051,C051_F075,3,0
C051,C051_F076,0,0
C051,C051_F077,1,0
C051,C051_F078,1,0
C051,C051_F079,1,2
C051,C051_F080,1,1
C051,C051_F081,0,1
C051,C051_F082,1,0
C051,C051_F083,0,1
C051,C051_F084,0,0
C051,C051_F085,2,0
C051,C051_F086,1,0
C051,C051_F087,1,0
C051,C051_F088,0,1
C051,C051_F089,1,1
C051,C051_F090,1,0
C051,C051_F091,1,0
C051,C051_F092,1,0
C051,C051_F093,0,2
C051,C051_F094,0,0
C051,C051_F095,1,0
C051,C051_F096,0,0
C051,C051_F097,2,0
C051,C051_F098,1,1
C051,C051_F099,0,1
C051,C051_F100,0,0
C051,C051_F101,1,0
C051,C051_F102,1,2
C051,C051_F103,0,1
C051,C051_F104,1,0
C051,C051_F105,0,0
C051,C051_F106,2,0
C051,C051_F107,0,0
C051,C051_F108,1,0
C051,C051_F109,1,0
C051,C051_F110,3,0
C051,C051_F111,0,1
C051,C051_F112,1,0
C051,C051_F113,0,1
C051,C051_F114,0,1
C051,C051_F115,0,0
C051,C051_F117,2,1
C051,C051_F118,1,0
C051,C051_F120,2,0
C051,C051_F121,0,0
C051,C051_F122,1,1
C051,C051_F123,1,1
C051,C051_F124,2,0
C051,C051_F125,2,1
C051,C051_F126,2,1
C051,C051_F127,0,1
C051,C051_F128,1,2
C051,C051_F129,4,2
C051,C051_F130,0,1
C051,C051_F131,1,1
C051,C051_F132,0,1
C051,C051_F133,0,1
C051,C051_F135,0,0
C051,C051_F136,1,0
C051,C051_F137,0,0
C051,C051_F138,0,1
C051,C051_F139,1,2
C051,C051_F140,0,0
C051,C051_F141,2,1
C051,C051_F142,0,0
C051,C051_F143,1,0
C051,C051_F144,2,1
C051,C051_F145,2,1
C051,C051_F146,2,1
C051,C051_F147,0,0
C051,C051_F148,0,0
C051,C051_F149,2,0
C051,C051_F151,0,1
C051,C051_F152,0,1
C051,C051_F153,0,0
C051,C051_F154,2,1
C051,C051_F155,2,0
C051,C051_F156,1,0
C051,C051_F157,1,0
C051,C051_F158,1,1
C051,C051_F159,1,1
C051,C051_F160,1,2
C051,C051_F161,0,0
C051,C051_F162,2,0
C051,C051_F163,0,0
C051,C051_F164,1,1
C051,C051_F165,1,2
C051,C051_F166,2,0
C051,C051_F167,0,1
C051,C051_F168,1,1
C051,C051_F169,0,0
C051,C051_F170,3,0
C051,C051_F171,0,2
C051,C051_F172,2,1
C051,C051_F173,0,0
C051,C051_F174,2,0
C051,C051_F175,2,0
C051,C051_F176,1,0
C051,C051_F177,0,0
C051,C051_F179,1,0
C051,C051_F180,0,2
C053,C053_F001,1,1
C053,C053_F002,1,0
C053,C053_F003,3,1
C053,C053_F004,1,2
C053,C053_F005,0,1
C053,C053_F006,1,1
C053,C053_F007,0,1
C053,C053_F008,1,0
C053,C053_F009,0,1
C053,C053_F010,2,0
C053,C053_F011,0,1
C053,C053_F012,0,0
C053,C053_F013,0,1
C053,C053_F014,1,0
C053,C053_F015,0,1
C053,C053_F016,3,2
C053,C053_F017,0,1
C053,C053_F018,0,1
C053,C053_F019,1,0
C053,C053_F020,0,1
C053,C053_F022,1,0
C053,C053_F023,1,0
C053,C053_F024,2,0
C053,C053_F025,0,1
C053,C053_F026,1,1
C053,C053_F027,1,1
C053,C053_F028,0,0
C053,C053_F029,0,3
C053,C053_F030,0,1
C053,C053_F032,0,0
C053,C053_F033,2,0
C053,C053_F034,0,2
C053,C053_F035,0,0
C053,C053_F037,0,0
C053,C053_F038,3,0
C053,C053_F039,2,0
C053,C053_F040,1,0
C053,C053_F041,0,0
C053,C053_F042,0,1
C053,C053_F043,1,1
C053,C053_F044,1,0
C053,C053_F045,0,0
C053,C053_F046,0,0
C053,C053_F047,0,1
C053,C053_F048,2,0
C053,C053_F049,1,0
C053,C053_F051,1,0
C053,C053_F052,1,2
C053,C053_F054,0,1
C053,C053_F056,0,1
C053,C053_F057,1,2
C053,C053_F058,1,0
C053,C053_F059,0,0
C053,C053_F060,1,0
C053,C053_F061,0,2
C053,C053_F062,0,1
C053,C053_F063,0,0
C053,C053_F064,0,0
C053,C053_F065,0,2
C053,C053_F067,2,0
C053,C053_F068,1,1
C053,C053_F069,1,2
C053,C053_F070,3,1
C053,C053_F071,0,0
C053,C053_F072,0,0
C053,C053_F073,1,0
C053,C053_F074,0,0
C053,C053_F075,1,0
C053,C053_F076,0,1
C053,C053_F077,0,0
C053,C053_F078,1,1
C053,C053_F079,2,2
C053,C053_F080,1,0
C053,C053_F081,0,1
C053,C053_F082,2,0
C053,C053_F083,1,0
C053,C053_F084,2,1
C053,C053_F085,0,0
C053,C053_F086,0,0
C053,C053_F087,0,0
C053,C053_F088,0,1
C053,C053_F089,2,0
C053,C053_F090,0,0
C053,C053_F091,1,0
C053,C053_F092,0,0
C053,C053_F093,0,1
C053,C053_F094,0,1
C053,C053_F095,0,1
C053,C053_F096,0,0
C053,C053_F097,2,1
C053,C053_F098,1,0
C053,C053_F099,0,1
C053,C053_F101,2,0
C053,C053_F102,0,0
C053,C053_F103,0,0
C053,C053_F104,0,0
C053,C053_F105,0,0
C053,C053_F106,1,0
C053,C053_F107,2,0
C053,C053_F108,0,1
C053,C053_F109,1,1
C053,C053_F110,0,0
C053,C053_F111,1,2
C053,C053_F112,0,0
C053,C053_F113,3,1
C053,C053_F114,1,1
C053,C053_F115,1,1
C053,C053_F116,0,1
C053,C053_F117,1,2
C053,C053_F118,0,2
C053,C053_F119,2,2
C053,C053_F120,1,0
C053,C053_F121,2,0
C053,C053_F122,1,1
C053,C053_F124,1,0
C053,C053_F125,1,0
C053,C053_F126,0,0
C053,C053_F128,0,2
C053,C053_F129,4,0
C053,C053_F130,1,0
C053,C053_F131,1,0
C053,C053_F132,0,1
C053,C053_F133,1,1
C053,C053_F134,0,1
C053,C053_F135,1,1
C053,C053_F136,1,0
C053,C053_F137,1,0
C053,C053_F138,3,0
C053,C053_F139,1,2
C053,C053_F140,0,0
C053,C053_F142,1,1
C053,C053_F143,0,0
C053,C053_F145,3,0
C053,C053_F146,0,0
C053,C053_F147,1,1
C053,C053_F148,2,0
C053,C053_F149,0,1
C053,C053_F150,4,0
C053,C053_F151,0,0
C053,C053_F152,0,0
C053,C053_F153,0,1
C053,C053_F154,0,1
C053,C053_F155,1,0
C053,C053_F156,1,1
C053,C053_F158,1,0
C053,C053_F159,2,0
C053,C053_F160,0,1
C053,C053_F161,0,1
C053,C053_F162,1,1
C053,C053_F163,0,0
C053,C053_F164,1,0
C053,C053_F165,0,0
C053,C053_F166,2,0
C053,C053_F167,1,1
C053,C053_F168,0,0
C053,C053_F169,1,0
C053,C053_F170,1,1
C053,C053_F171,1,2
C053,C053_F173,0,2
C053,C053_F174,0,0
C053,C053_F175,0,0
C053,C053_F176,1,2
C053,C053_F177,1,1
C053,C053_F178,0,1
C053,C053_F179,0,0
C053,C053_F180,0,1
C054,C054_F001,1,1
C054,C054_F002,0,1
C054,C054_F003,0,1
C054,C054_F004,1,2
C054,C054_F005,1,0
C054,C054_F007,1,0
C054,C054_F008,1,0
C054,C054_F009,2,0
C054,C054_F010,1,1
C054,C054_F011,0,1
C054,C054_F012,1,0
C054,C054_F013,0,1
C054,C054_F014,0,0
C054,C054_F015,0,0
C054,C054_F016,1,0
C054,C054_F017,1,2
C054,C054_F018,0,1
C054,C054_F019,0,2
C054,C054_F020,1,1
C054,C054_F021,0,0
C054,C054_F023,1,3
C054,C054_F024,0,1
C054,C054_F025,3,1
C054,C054_F026,1,1
C054,C054_F027,1,0
C054,C054_F028,1,2
C054,C054_F029,0,1
C054,C054_F030,0,3
C054,C054_F031,2,1
C054,C054_F032,2,0
C054,C054_F034,1,0
C054,C054_F035,0,0
C054,C054_F036,0,2
C054,C054_F037,0,0
C054,C054_F038,0,0
C054,C054_F039,1,2
C054,C054_F040,0,0
C054,C054_F041,0,0
C054,C054_F042,1,0
C054,C054_F043,1,1
C054,C054_F044,1,0
C054,C054_F045,0,0
C054,C054_F046,0,0
C054,C054_F047,1,0
C054,C054_F048,1,0
C054,C054_F049,0,1
C054,C054_F050,0,0
C054,C054_F051,0,1
C054,C054_F052,1,0
C054,C054_F053,1,0
C054,C054_F054,0,2
C054,C054_F055,2,3
C054,C054_F056,1,0
C054,C054_F057,0,1
C054,C054_F059,1,1
C054,C054_F060,0,2
C054,C054_F061,1,0
C054,C054_F062,1,0
C054,C054_F063,2,2
C054,C054_F064,2,0
C054,C054_F065,0,1
C054,C054_F066,1,0
C054,C054_F067,1,1
C054,C054_F068,0,0
C054,C054_F070,0,1
C054,C054_F071,0,2
C054,C054_F072,1,0
C054,C054_F073,0,0
C054,C054_F075,2,0
C054,C054_F076,1,0
C054,C054_F077,0,1
C054,C054_F078,0,0
C054,C054_F079,0,0
C054,C054_F080,2,0
C054,C054_F081,0,0
C054,C054_F082,1,2
C054,C054_F083,0,0
C054,C054_F084,1,1
C054,C054_F085,0,0
C054,C054_F086,0,0
C054,C054_F087,0,1
C054,C054_F088,0,0
C054,C054_F089,1,1
C054,C054_F090,0,0
C054,C054_F091,1,0
C054,C054_F093,1,0
C054,C054_F094,0,0
C054,C054_F095,1,0
C054,C054_F096,0,0
C054,C054_F097,2,0
C054,C054_F098,0,2
C054,C054_F099,1,0
C054,C054_F100,0,0
C054,C054_F101,2,1
C054,C054_F102,0,2
C054,C054_F103,0,1
C054,C054_F104,1,0
C054,C054_F105,1,0
C054,C054_F106,0,1
C054,C054_F107,0,0
C054,C054_F108,0,1
C054,C054_F109,0,0
C054,C054_F110,0,1
C054,C054_F111,0,0
C054,C054_F112,0,0
C054,C054_F114,0,0
C054,C054_F115,0,2
C054,C054_F116,0,2
C054,C054_F117,0,0
C054,C054_F118,0,0
C054,C054_F119,1,0
C054,C054_F120,1,0
C054,C054_F121,0,2
C054,C054_F122,0,0
C054,C054_F123,3,1
C054,C054_F124,2,2
C054,C054_F125,4,0
C054,C054_F126,1,1
C054,C054_F127,0,1
C054,C054_F128,0,1
C054,C054_F129,0,1
C054,C054_F130,2,1
C054,C054_F131,1,2
C054,C054_F132,0,0
C054,C054_F133,3,1
C054,C054_F134,0,0
C054,C054_F135,1,1
C054,C054_F136,1,1
C054,C054_F138,1,1
C054,C054_F139,1,0
C054,C054_F140,0,0
C054,C054_F141,0,1
C054,C054_F142,1,0
C054,C054_F143,3,0
C054,C054_F144,1,0
C054,C054_F145,1,0
C054,C054_F146,1,0
C054,C054_F147,0,1
C054,C054_F148,0,0
C054,C054_F149,1,1
C054,C054_F150,1,0
C054,C054_F152,0,1
C054,C054_F153,2,0
C054,C054_F154,0,0
C054,C054_F155,1,0
C054,C054_F156,2,0
C054,C054_F157,0,0
C054,C054_F158,1,0
C054,C054_F159,0,0
C054,C054_F161,0,0
C054,C054_F162,1,0
C054,C054_F163,0,0
C054,C054_F164,0,1
C054,C054_F165,0,0
C054,C054_F166,1,1
C054,C054_F167,0,1
C054,C054_F168,0,0
C054,C054_F169,1,0
C054,C054_F170,0,2
C054,C054_F171,1,0
C054,C054_F173,1,1
C054,C054_F174,0,0
C054,C054_F175,0,2
C054,C054_F176,0,0
C054,C054_F177,1,0
C054,C054_F178,1,0
C054,C054_F179,0,1
C054,C054_F180,1,1
C054,C054_F181,0,0
C054,C054_F182,0,1
C054,C054_F183,1,0
C054,C054_F184,0,0
C054,C054_F185,0,0
C054,C054_F186,2,0
C054,C054_F187,0,0
C054,C054_F188,0,0
C054,C054_F189,0,1
C054,C054_F190,1,1
C054,C054_F192,1,1
C054,C054_F193,1,0
C054,C054_F194,1,1
C054,C054_F195,1,0
C054,C054_F196,0,0
C054,C054_F197,0,1
C054,C054_F198,1,1
C054,C054_F199,1,1
C054,C054_F200,2,0
C054,C054_F201,3,0
C054,C054_F202,1,0
C054,C054_F203,0,0
C054,C054_F204,2,1
C054,C054_F205,0,0
C054,C054_F206,1,1
C054,C054_F207,0,2
C054,C054_F208,0,0
C054,C054_F209,0,0
C054,C054_F210,1,0
C054,C054_F211,0,0
C054,C054_F212,0,0
C054,C054_F213,0,1
C054,C054_F214,2,1
C054,C054_F215,1,0
C054,C054_F216,1,0
C054,C054_F217,0,1
C054,C054_F218,2,1
C054,C054_F220,1,1
C054,C054_F221,1,1
C054,C054_F222,1,0
C054,C054_F223,0,1
C054,C054_F225,0,0
C054,C054_F226,1,0
C054,C054_F227,0,1
C054,C054_F228,0,0
C054,C054_F229,0,1
C054,C054_F230,0,0
C054,C054_F231,1,1
C054,C054_F232,1,0
C054,C054_F233,0,1
C054,C054_F234,1,2
C054,C054_F235,2,1
C054,C054_F236,1,0
C054,C054_F237,0,0
C054,C054_F238,0,1
C054,C054_F239,1,0
C054,C054_F240,2,1
C054,C054_F241,0,0
C054,C054_F242,0,1
C054,C054_F243,0,0
C054,C054_F244,1,0
C054,C054_F246,0,0
C054,C054_F247,0,1
C054,C054_F248,1,0
C054,C054_F249,1,1
C054,C054_F250,1,0
C054,C054_F251,0,2
C054,C054_F252,2,0
C054,C054_F253,0,0
C054,C054_F254,0,2
C054,C054_F255,0,1
C054,C054_F256,0,2
C054,C054_F257,1,0
C054,C054_F259,1,0
C054,C054_F260,1,0
C054,C054_F262,0,0
C054,C054_F263,0,0
C054,C054_F264,0,0
C054,C054_F265,1,0
C054,C054_F266,0,1
C054,C054_F267,1,1
C054,C054_F268,0,2
C054,C054_F269,2,1
C054,C054_F270,1,0
C054,C054_F271,1,0
C054,C054_F272,1,1
C054,C054_F273,0,1
C054,C054_F274,0,1
C054,C054_F275,1,1
C054,C054_F276,0,0
C054,C054_F277,1,0
C054,C054_F278,0,0
C054,C054_F279,1,0
C054,C054_F281,0,0
C054,C054_F282,1,1
C054,C054_F283,0,1
C054,C054_F284,0,2
C054,C054_F285,0,0
C054,C054_F286,1,0
C054,C054_F287,0,1
C054,C054_F288,1,0
C054,C054_F289,2,0
C054,C054_F290,1,0
C054,C054_F291,1,0
C054,C054_F292,1,1
C054,C054_F294,0,1
C054,C054_F295,1,1
C054,C054_F296,1,0
C054,C054_F297,0,1
C054,C054_F298,3,0
C054,C054_F299,0,1
C054,C054_F300,0,1
C054,C054_F301,0,0
C054,C054_F302,0,1
C054,C054_F303,2,0
C054,C054_F304,1,0
C054,C054_F305,0,1
C054,C054_F306,0,1
C054,C054_F307,0,0
C054,C054_F308,1,0
C054,C054_F309,1,0
C054,C054_F310,0,1
C054,C054_F311,2,0
C054,C054_F312,0,0
C054,C054_F313,0,0
C054,C054_F314,2,1
C054,C054_F315,0,1
C054,C054_F316,1,1
C054,C054_F318,0,1
C054,C054_F319,0,0
C054,C054_F320,0,1
C054,C054_F321,1,1
C054,C054_F322,0,1
C054,C054_F323,2,0
C054,C054_F324,0,1
C054,C054_F325,0,1
C054,C054_F326,1,0
C054,C054_F328,1,1
C054,C054_F329,0,0
C054,C054_F330,0,1
C054,C054_F331,1,0
C054,C054_F332,2,0
C054,C054_F334,0,0
C054,C054_F335,0,0
C054,C054_F336,0,1
C054,C054_F337,0,0
C054,C054_F338,2,1
C054,C054_F339,1,0
C054,C054_F340,1,0
C054,C054_F342,0,0
C054,C054_F343,1,1
C054,C054_F344,0,0
C054,C054_F345,0,1
C054,C054_F346,2,0
C054,C054_F347,1,1
C054,C054_F348,1,1
C054,C054_F350,1,1
C054,C054_F351,0,0
C054,C054_F352,0,1
C054,C054_F353,0,1
C054,C054_F354,0,0
C054,C054_F355,3,0
C054,C054_F356,1,0
C054,C054_F358,0,2
C054,C054_F359,0,1
C054,C054_F360,1,0
C054,C054_F361,0,2
C054,C054_F362,1,1
C054,C054_F363,0,1
C054,C054_F364,0,1
C054,C054_F365,1,0
C054,C054_F366,1,1
C054,C054_F367,0,0
C054,C054_F368,0,1
C054,C054_F369,0,0
C054,C054_F371,2,0
C054,C054_F372,0,0
C054,C054_F373,1,0
C054,C054_F374,0,1
C054,C054_F375,1,0
C054,C054_F376,0,0
C054,C054_F377,0,1
C054,C054_F378,1,2
C054,C054_F380,2,0
C054,C054_F381,0,1
C054,C054_F382,0,1
C054,C054_F383,2,0
C054,C054_F384,0,0
C054,C054_F385,1,0
C054,C054_F386,1,0
C054,C054_F387,0,0
C054,C054_F388,0,1
C054,C054_F389,0,1
C054,C054_F390,0,0
C054,C054_F391,2,1
C054,C054_F392,1,1
C054,C054_F393,0,0
C054,C054_F394,1,0
C054,C054_F395,0,1
C054,C054_F396,0,1
C054,C054_F397,0,0
C054,C054_F398,0,0
C054,C054_F399,1,1
C054,C054_F401,0,0
C054,C054_F402,0,2
C054,C054_F403,1,0
C054,C054_F404,0,0
C054,C054_F405,0,0
C054,C054_F406,1,0
C054,C054_F407,3,0
C054,C054_F408,0,0
C054,C054_F409,1,3
C054,C054_F410,2,2
C054,C054_F411,2,0
C054,C054_F412,0,0
C054,C054_F413,1,1
C054,C054_F414,0,0
C054,C054_F415,0,0
C054,C054_F416,1,0
C054,C054_F417,0,1
C054,C054_F418,1,0
C054,C054_F419,1,0
C054,C054_F420,0,0
C054,C054_F421,1,2
C054,C054_F422,1,1
C054,C054_F423,1,0
C054,C054_F424,1,1
C054,C054_F425,1,1
C054,C054_F426,1,0
C054,C054_F427,0,1
C054,C054_F428,0,1
C054,C054_F429,1,0
C054,C054_F430,0,1
C054,C054_F431,0,0
C054,C054_F432,1,0
C054,C054_F433,1,1
C054,C054_F434,0,0
C054,C054_F435,1,0
C054,C054_F436,1,1
C054,C054_F437,0,1
C054,C054_F438,2,0
C054,C054_F439,2,0
C054,C054_F440,1,0
C054,C054_F441,3,1
C054,C054_F442,1,0
C054,C054_F443,0,0
C054,C054_F444,1,1
C054,C054_F445,0,0
C054,C054_F446,0,1
C054,C054_F447,2,0
C054,C054_F448,0,0
C054,C054_F449,2,1
C054,C054_F450,0,1
C054,C054_F451,1,0
C054,C054_F452,0,0
C054,C054_F453,0,1
C054,C054_F455,0,0
C054,C054_F456,0,1
C054,C054_F457,1,0
C054,C054_F458,0,0
C054,C054_F459,0,1
C054,C054_F460,1,0
C054,C054_F461,0,1
C054,C054_F462,1,1
C054,C054_F463,0,0
C054,C054_F464,2,1
C054,C054_F465,0,0
C054,C054_F466,0,0
C054,C054_F467,0,1
C054,C054_F468,0,0
C054,C054_F469,0,1
C054,C054_F470,1,1
C054,C054_F471,0,1
C054,C054_F472,2,0
C054,C054_F473,1,0
C054,C054_F474,0,1
C054,C054_F475,0,0
C054,C054_F476,0,0
C054,C054_F477,1,1
C054,C054_F478,1,0
C054,C054_F479,1,1
C054,C054_F480,1,4
C054,C054_F481,1,0
C054,C054_F482,0,2
C054,C054_F483,0,2
C054,C054_F484,0,1
C054,C054_F485,0,1
C054,C054_F486,0,0
C054,C054_F487,0,0
C054,C054_F489,0,0
C054,C054_F490,2,0
C054,C054_F491,2,1
C054,C054_F492,2,0
C054,C054_F493,0,1
C054,C054_F494,1,1
C054,C054_F497,2,0
C054,C054_F498,0,1
C054,C054_F499,0,0
C054,C054_F500,0,1
C054,C054_F501,2,1
C054,C054_F502,1,2
C054,C054_F503,0,0
C054,C054_F504,1,1
C054,C054_F505,1,0
C054,C054_F506,1,0
C054,C054_F507,2,1
C054,C054_F508,1,0
C054,C054_F509,0,0
C054,C054_F510,0,1
C054,C054_F512,2,0
C054,C054_F514,0,1
C054,C054_F515,1,0
C054,C054_F516,1,2
C054,C054_F517,0,0
C054,C054_F518,0,2
C054,C054_F519,0,1
C054,C054_F520,1,2
C054,C054_F521,1,0
C054,C054_F523,1,0
C054,C054_F524,0,1
C054,C054_F525,0,0
C054,C054_F526,1,1
C054,C054_F527,2,0
C054,C054_F528,0,0
C054,C054_F529,1,0
C054,C054_F530,1,0
C054,C054_F531,1,0
C054,C054_F532,1,0
C054,C054_F533,1,0
C054,C054_F535,0,0
C054,C054_F536,0,1
C054,C054_F537,1,0
C054,C054_F538,0,2
C054,C054_F539,0,1
C054,C054_F540,2,0
C054,C054_F541,0,0
C054,C054_F542,1,0
C054,C054_F543,1,0
C054,C054_F545,2,1
C054,C054_F546,0,0
C054,C054_F547,0,1
C054,C054_F548,0,0
C054,C054_F549,0,1
C054,C054_F550,0,0
C054,C054_F551,2,0
C054,C054_F552,1,0
C055,C055_F001,1,0
C055,C055_F002,2,0
C055,C055_F003,1,0
C055,C055_F004,1,0
C055,C055_F005,1,1
C055,C055_F006,0,1
C055,C055_F007,0,1
C055,C055_F008,0,1
C055,C055_F009,2,0
C055,C055_F010,1,0
C055,C055_F011,1,1
C055,C055_F014,0,2
C055,C055_F015,0,0
C055,C055_F016,0,1
C055,C055_F017,0,1
C055,C055_F018,0,1
C055,C055_F019,0,1
C055,C055_F020,1,0
C055,C055_F021,1,1
C055,C055_F022,2,0
C055,C055_F023,1,0
C055,C055_F024,1,0
C055,C055_F026,0,1
C055,C055_F027,2,0
C055,C055_F028,0,1
C055,C055_F029,0,1
C055,C055_F030,1,2
C055,C055_F031,0,1
C055,C055_F032,1,1
C055,C055_F034,1,0
C055,C055_F035,1,0
C055,C055_F036,1,0
C055,C055_F037,1,0
C055,C055_F039,0,1
C055,C055_F040,0,0
C055,C055_F041,1,1
C055,C055_F042,2,0
C055,C055_F043,3,0
C055,C055_F044,0,2
C055,C055_F045,0,1
C055,C055_F046,0,1
C055,C055_F047,1,0
C055,C055_F048,0,0
C055,C055_F049,2,0
C055,C055_F050,3,0
C055,C055_F051,1,2
C055,C055_F053,0,0
C055,C055_F054,1,0
C055,C055_F055,2,1
C055,C055_F056,0,0
C055,C055_F057,0,0
C055,C055_F058,0,2
C055,C055_F059,2,1
C055,C055_F060,0,0
C055,C055_F061,2,0
C055,C055_F062,0,0
C055,C055_F063,0,1
C055,C055_F064,0,0
C055,C055_F065,1,0
C055,C055_F066,1,1
C055,C055_F067,0,3
C055,C055_F068,1,0
C055,C055_F069,2,0
C055,C055_F070,1,1
C055,C055_F071,1,1
C055,C055_F072,2,1
C055,C055_F073,1,0
C055,C055_F074,0,0
C055,C055_F075,2,0
C055,C055_F076,0,1
C055,C055_F077,0,1
C055,C055_F078,0,0
C055,C055_F080,4,0
C055,C055_F081,0,1
C055,C055_F083,0,1
C055,C055_F084,1,0
C055,C055_F085,1,0
C055,C055_F086,2,0
C055,C055_F087,2,0
C055,C055_F088,0,1
C055,C055_F089,0,0
C055,C055_F090,0,0
C055,C055_F091,1,0
C055,C055_F092,1,0
C055,C055_F093,0,3
C055,C055_F094,0,0
C055,C055_F095,0,0
C055,C055_F096,0,1
C055,C055_F097,0,0
C055,C055_F098,3,0
C055,C055_F099,2,2
C055,C055_F100,1,1
C055,C055_F101,0,0
C055,C055_F102,1,0
C055,C055_F103,0,0
C055,C055_F104,0,1
C055,C055_F105,0,0
C055,C055_F106,1,1
C055,C055_F108,1,0
C055,C055_F109,2,1
C055,C055_F110,0,0
C055,C055_F111,0,1
C055,C055_F112,1,1
C055,C055_F113,0,0
C055,C055_F114,2,1
C055,C055_F115,1,0
C055,C055_F116,0,2
C055,C055_F117,0,0
C055,C055_F118,1,1
C055,C055_F120,1,0
C055,C055_F121,0,0
C055,C055_F122,0,0
C055,C055_F124,0,4
C055,C055_F125,0,0
C055,C055_F126,0,0
C055,C055_F127,0,0
C055,C055_F128,0,0
C055,C055_F129,0,0
C055,C055_F130,1,0
C055,C055_F131,2,0
C055,C055_F132,0,0
C055,C055_F133,1,1
C055,C055_F134,1,1
C055,C055_F135,1,0
C055,C055_F136,0,0
C055,C055_F137,0,0
C055,C055_F138,0,1
C055,C055_F139,1,2
C055,C055_F140,0,2
C055,C055_F141,1,0
C055,C055_F142,0,0
C055,C055_F143,0,0
C055,C055_F144,3,0
C055,C055_F145,1,1
C055,C055_F146,0,1
C055,C055_F147,1,0
C055,C055_F148,2,0
C055,C055_F149,0,0
C055,C055_F150,1,0
C055,C055_F151,0,3
C055,C055_F152,0,0
C055,C055_F153,1,0
C055,C055_F154,0,1
C055,C055_F155,0,3
C055,C055_F156,0,0
C055,C055_F157,0,0
C055,C055_F158,1,0
C055,C055_F159,1,0
C055,C055_F160,2,1
C055,C055_F161,1,0
C055,C055_F162,0,1
C055,C055_F163,1,1
C055,C055_F164,0,1
C055,C055_F165,0,0
C055,C055_F166,0,0
C055,C055_F167,1,0
C055,C055_F168,0,0
C055,C055_F169,0,1
C055,C055_F170,0,1
C055,C055_F171,2,0
C055,C055_F172,0,0
C055,C055_F173,2,1
C055,C055_F174,1,0
C055,C055_F175,0,1
C055,C055_F176,0,1
C055,C055_F177,0,1
C055,C055_F178,1,1
C055,C055_F179,2,0
C055,C055_F180,0,0
C055,C055_F181,0,1
C055,C055_F183,0,0
C055,C055_F184,0,1
C055,C055_F185,1,0
C055,C055_F186,0,1
C055,C055_F187,0,1
C055,C055_F188,0,0
C055,C055_F189,2,0
C055,C055_F190,0,0
C055,C055_F191,1,1
C055,C055_F192,0,0
C055,C055_F193,2,0
C055,C055_F194,1,0
C055,C055_F195,3,0
C055,C055_F196,3,0
C055,C055_F197,1,0
C055,C055_F198,0,0
C055,C055_F199,0,0
C055,C055_F200,0,2
C055,C055_F201,0,0
C055,C055_F203,0,1
C055,C055_F204,1,1
C055,C055_F206,1,0
C055,C055_F207,0,1
C055,C055_F208,0,1
C055,C055_F209,1,0
C055,C055_F210,1,0
C055,C055_F211,1,0
C055,C055_F212,2,0
C055,C055_F213,0,1
C055,C055_F214,2,0
C055,C055_F215,1,0
C055,C055_F216,1,1
C055,C055_F217,0,4
C055,C055_F218,1,0
C055,C055_F219,0,0
C055,C055_F220,1,1
C055,C055_F221,1,2
C055,C055_F222,3,2
C055,C055_F223,1,1
C055,C055_F224,1,1
C055,C055_F225,1,0
C055,C055_F226,0,0
C055,C055_F227,0,0
C055,C055_F228,1,0
C055,C055_F230,0,3
C055,C055_F231,2,1
C055,C055_F232,0,2
C055,C055_F233,3,1
C055,C055_F234,1,0
C055,C055_F235,1,0
C055,C055_F236,1,0
C055,C055_F237,0,0
C055,C055_F238,0,0
C055,C055_F239,1,2
C055,C055_F240,1,0
C055,C055_F241,1,1
C055,C055_F242,0,2
C055,C055_F243,2,0
C055,C055_F244,1,0
C055,C055_F245,1,0
C055,C055_F246,1,0
C055,C055_F247,0,0
C055,C055_F249,1,1
C055,C055_F250,0,0
C055,C055_F251,1,0
C055,C055_F252,0,0
C055,C055_F253,0,0
C055,C055_F254,0,2
C055,C055_F255,0,2
C055,C055_F256,1,0
C055,C055_F257,1,0
C055,C055_F258,0,1
C055,C055_F259,2,1
C055,C055_F260,1,1
C055,C055_F261,2,3
C055,C055_F262,1,0
C055,C055_F263,2,0
C055,C055_F264,2,0
C055,C055_F265,1,1
C055,C055_F266,1,1
C055,C055_F269,1,0
C055,C055_F270,0,1
C055,C055_F271,1,0
C055,C055_F272,0,0
C055,C055_F274,1,0
C055,C055_F275,1,1
C055,C055_F276,0,1
C055,C055_F277,1,0
C055,C055_F278,1,0
C055,C055_F279,1,0
C055,C055_F280,0,0
C055,C055_F281,1,0
C055,C055_F282,0,0
C055,C055_F283,0,0
C055,C055_F284,2,1
C055,C055_F285,0,0
C055,C055_F286,0,0
C055,C055_F288,0,1
C055,C055_F289,1,1
C055,C055_F290,2,0
C055,C055_F291,0,2
C055,C055_F292,1,0
C055,C055_F293,0,0
C055,C055_F294,1,0
C055,C055_F295,0,1
C055,C055_F296,0,0
C055,C055_F297,1,3
C055,C055_F298,1,1
C055,C055_F299,0,0
C055,C055_F300,1,1
C055,C055_F302,2,0
C055,C055_F303,0,1
C055,C055_F304,0,1
C055,C055_F305,1,0
C055,C055_F306,2,0
C055,C055_F307,2,0
C055,C055_F308,1,2
C055,C055_F309,0,0
C055,C055_F310,1,0
C055,C055_F311,0,1
C055,C055_F312,1,0
C055,C055_F313,1,1
C055,C055_F314,0,1
C055,C055_F315,0,0
C055,C055_F316,0,0
C055,C055_F317,1,3
C055,C055_F318,0,0
C055,C055_F319,1,1
C055,C055_F320,0,0
C055,C055_F321,2,0
C055,C055_F323,1,2
C055,C055_F324,0,0
C055,C055_F325,2,0
C055,C055_F326,0,0
C055,C055_F327,0,1
C055,C055_F328,2,0
C055,C055_F329,3,1
C055,C055_F330,0,0
C055,C055_F331,2,0
C055,C055_F332,1,2
C055,C055_F333,2,0
C055,C055_F334,1,1
C055,C055_F336,0,1
C055,C055_F337,0,1
C055,C055_F339,0,0
C055,C055_F340,0,0
C055,C055_F341,0,2
C055,C055_F343,1,0
C055,C055_F344,1,1
C055,C055_F345,0,1
C055,C055_F346,2,0
C055,C055_F347,1,1
C055,C055_F348,0,1
C055,C055_F349,0,1
C055,C055_F350,0,0
C055,C055_F351,2,0
C055,C055_F352,0,1
C055,C055_F353,1,0
C055,C055_F354,3,0
C055,C055_F355,0,1
C055,C055_F356,0,0
C055,C055_F357,0,0
C055,C055_F358,2,0
C055,C055_F359,0,0
C055,C055_F360,0,0
C055,C055_F361,2,0
C055,C055_F362,1,1
C055,C055_F363,0,1
C055,C055_F364,0,1
C055,C055_F365,1,1
C055,C055_F366,0,1
C055,C055_F367,0,0
C055,C055_F368,1,0
C055,C055_F369,4,0
C055,C055_F370,2,1
C055,C055_F371,3,0
C055,C055_F372,0,2
C055,C055_F374,1,0
C055,C055_F375,0,0
C055,C055_F376,2,0
C055,C055_F377,3,0
C055,C055_F378,3,2
C055,C055_F380,1,1
C056,C056_F001,0,0
C056,C056_F003,1,1
C056,C056_F004,0,0
C056,C056_F005,2,1
C056,C056_F006,1,3
C056,C056_F007,0,1
C056,C056_F008,1,0
C056,C056_F009,1,0
C056,C056_F010,1,0
C056,C056_F011,1,1
C056,C056_F012,1,0
C056,C056_F013,0,1
C056,C056_F014,1,0
C056,C056_F015,0,0
C056,C056_F016,0,1
C056,C056_F017,1,1
C056,C056_F018,1,0
C056,C056_F020,2,0
C056,C056_F021,1,0
C056,C056_F022,1,0
C056,C056_F023,1,0
C056,C056_F024,0,0
C056,C056_F025,1,0
C056,C056_F026,1,0
C056,C056_F027,1,0
C056,C056_F028,1,0
C056,C056_F029,0,0
C056,C056_F030,0,1
C056,C056_F031,1,2
C056,C056_F032,2,0
C056,C056_F033,1,0
C056,C056_F034,0,2
C056,C056_F035,1,0
C056,C056_F036,1,0
C056,C056_F037,1,1
C056,C056_F038,3,1
C056,C056_F039,1,0
C056,C056_F041,2,1
C056,C056_F042,1,0
C056,C056_F043,1,3
C056,C056_F044,0,1
C056,C056_F045,1,0
C056,C056_F046,1,1
C056,C056_F047,0,2
C056,C056_F048,0,0
C056,C056_F049,0,0
C056,C056_F051,1,0
C056,C056_F052,0,1
C056,C056_F053,0,2
C056,C056_F054,0,2
C056,C056_F055,1,0
C056,C056_F056,0,0
C056,C056_F057,0,0
C056,C056_F058,3,1
C056,C056_F059,1,1
C056,C056_F060,1,2
C056,C056_F061,0,0
C056,C056_F062,1,0
C056,C056_F063,1,0
C056,C056_F064,1,0
C056,C056_F065,0,1
C056,C056_F066,1,0
C056,C056_F067,0,0
C056,C056_F068,2,1
C056,C056_F069,0,0
C056,C056_F070,1,1
C056,C056_F071,0,1
C056,C056_F072,1,0
C056,C056_F073,0,0
C056,C056_F074,1,0
C056,C056_F075,1,1
C056,C056_F076,0,0
C056,C056_F077,1,2
C056,C056_F078,0,0
C056,C056_F079,0,0
C056,C056_F080,1,0
C056,C056_F081,1,0
C056,C056_F082,0,0
C056,C056_F083,1,0
C056,C056_F084,2,0
C056,C056_F085,2,1
C056,C056_F086,0,1
C056,C056_F087,1,1
C056,C056_F088,0,1
C056,C056_F089,0,1
C056,C056_F090,1,1
C056,C056_F091,0,0
C056,C056_F092,3,0
C056,C056_F093,1,0
C056,C056_F094,1,1
C056,C056_F095,0,0
C056,C056_F096,1,0
C056,C056_F097,0,0
C056,C056_F098,1,1
C056,C056_F099,0,3
C056,C056_F101,1,0
C056,C056_F103,0,0
C056,C056_F104,2,0
C056,C056_F105,0,0
C056,C056_F106,1,1
C056,C056_F107,4,0
C056,C056_F108,0,1
C056,C056_F109,0,2
C056,C056_F110,0,1
C056,C056_F112,0,1
C056,C056_F113,1,1
C056,C056_F114,1,0
C056,C056_F115,0,2
C056,C056_F116,1,1
C056,C056_F117,0,0
C056,C056_F118,0,0
C056,C056_F120,2,0
C056,C056_F121,0,1
C056,C056_F122,0,0
C056,C056_F123,1,1
C056,C056_F124,1,0
C056,C056_F125,0,0
C056,C056_F126,1,1
C056,C056_F127,0,3
C056,C056_F128,3,1
C056,C056_F129,1,0
C056,C056_F130,0,1
C056,C056_F131,0,1
C056,C056_F132,2,0
C056,C056_F133,1,1
C056,C056_F134,1,0
C056,C056_F135,1,0
C056,C056_F136,0,0
C056,C056_F137,0,0
C056,C056_F138,0,2
C056,C056_F139,1,0
C056,C056_F140,0,0
C056,C056_F141,0,0
C056,C056_F142,0,0
C056,C056_F143,1,0
C056,C056_F144,0,0
C056,C056_F145,0,1
C056,C056_F146,2,0
C056,C056_F147,0,0
C056,C056_F148,1,4
C056,C056_F151,2,1
C056,C056_F153,1,0
C056,C056_F154,0,0
C056,C056_F155,0,0
C056,C056_F156,2,1
C056,C056_F157,1,1
C056,C056_F158,1,0
C056,C056_F159,0,1
C056,C056_F160,2,1
C056,C056_F161,1,1
C056,C056_F162,1,1
C056,C056_F163,0,1
C056,C056_F164,1,1
C056,C056_F165,0,1
C056,C056_F166,1,1
C056,C056_F168,1,0
C056,C056_F169,0,0
C056,C056_F170,0,1
C056,C056_F171,1,0
C056,C056_F172,0,0
C056,C056_F173,0,1
C056,C056_F174,0,1
C056,C056_F175,1,1
C056,C056_F176,0,1
C056,C056_F177,0,1
C056,C056_F178,2,0
C056,C056_F179,1,0
C056,C056_F180,1,1
C056,C056_F181,0,0
C056,C056_F182,0,1
C056,C056_F183,1,0
C056,C056_F184,0,0
C056,C056_F185,2,0
C056,C056_F186,1,0
C056,C056_F187,0,0
C056,C056_F188,2,2
C056,C056_F189,1,0
C056,C056_F190,0,0
C056,C056_F191,1,0
C056,C056_F192,0,0
C056,C056_F194,1,2
C056,C056_F195,1,1
C056,C056_F196,0,0
C056,C056_F197,1,2
C056,C056_F198,1,0
C056,C056_F199,1,0
C056,C056_F201,0,2
C056,C056_F202,0,0
C056,C056_F203,0,0
C056,C056_F204,1,0
C056,C056_F205,2,1
C056,C056_F207,0,1
C056,C056_F208,1,0
C056,C056_F209,2,0
C056,C056_F210,1,2
C056,C056_F211,1,0
C056,C056_F212,1,0
C056,C056_F213,0,1
C056,C056_F214,3,0
C056,C056_F215,2,0
C056,C056_F216,0,0
C056,C056_F217,0,0
C056,C056_F218,1,2
C056,C056_F219,0,0
C056,C056_F221,1,2
C056,C056_F222,2,0
C056,C056_F223,2,0
C056,C056_F224,3,0
C056,C056_F225,1,0
C056,C056_F226,1,1
C056,C056_F227,1,1
C056,C056_F228,0,0
C056,C056_F229,2,0
C056,C056_F230,0,1
C056,C056_F231,0,1
C056,C056_F232,2,0
C056,C056_F233,0,1
C056,C056_F234,0,1
C056,C056_F235,0,2
C056,C056_F236,0,1
C056,C056_F237,1,0
C056,C056_F238,1,0
C056,C056_F239,1,1
C056,C056_F240,1,1
C056,C056_F241,1,1
C056,C056_F242,1,1
C056,C056_F243,2,0
C056,C056_F244,0,2
C056,C056_F245,1,0
C056,C056_F246,0,1
C056,C056_F247,3,0
C056,C056_F249,0,1
C056,C056_F250,1,1
C056,C056_F251,2,0
C056,C056_F252,2,1
C056,C056_F253,0,0
C056,C056_F255,0,2
C056,C056_F256,1,0
C056,C056_F257,0,1
C056,C056_F258,0,1
C056,C056_F259,1,0
C056,C056_F260,1,0
C056,C056_F261,0,1
C056,C056_F262,0,0
C056,C056_F263,1,0
C056,C056_F264,0,0
C056,C056_F265,0,0
C056,C056_F266,1,0
C056,C056_F267,1,0
C056,C056_F268,0,0
C056,C056_F269,1,0
C056,C056_F270,0,1
C056,C056_F271,2,0
C056,C056_F272,2,1
C056,C056_F273,0,1
C056,C056_F274,1,1
C056,C056_F276,1,0
C056,C056_F277,1,0
C056,C056_F278,0,1
C056,C056_F279,1,2
C056,C056_F280,1,0
C056,C056_F281,0,1
C056,C056_F282,1,1
C056,C056_F283,0,0
C056,C056_F284,1,0
C056,C056_F285,2,0
C056,C056_F286,0,1
C056,C056_F287,1,1
C056,C056_F288,1,0
C056,C056_F289,1,0
C056,C056_F290,0,1
C056,C056_F291,0,1
C056,C056_F292,0,0
C056,C056_F293,0,3
C056,C056_F294,3,1
C056,C056_F295,1,0
C056,C056_F296,2,0
C056,C056_F297,0,0
C056,C056_F298,0,1
C056,C056_F299,1,0
C056,C056_F300,2,0
C056,C056_F301,2,0
C056,C056_F302,0,0
C056,C056_F303,0,0
C056,C056_F304,1,0
C056,C056_F305,0,0
C056,C056_F306,2,0
C056,C056_F307,1,0
C056,C056_F308,1,0
C056,C056_F309,1,0
C056,C056_F310,1,1
C056,C056_F311,0,3
C056,C056_F312,1,0
C056,C056_F313,1,0
C056,C056_F315,2,2
C056,C056_F316,0,2
C056,C056_F318,1,1
C056,C056_F319,0,0
C056,C056_F321,0,3
C056,C056_F323,0,3
C056,C056_F324,1,0
C056,C056_F325,1,0
C056,C056_F326,1,1
C056,C056_F327,1,0
C056,C056_F328,0,0
C056,C056_F329,0,0
C056,C056_F331,0,0
C056,C056_F332,1,0
C056,C056_F333,2,0
C056,C056_F335,0,0
C056,C056_F336,0,0
C056,C056_F337,0,0
C056,C056_F338,1,1
C056,C056_F339,0,1
C056,C056_F340,1,2
C056,C056_F341,0,1
C056,C056_F342,0,0
C056,C056_F343,1,0
C056,C056_F344,1,1
C056,C056_F345,0,0
C056,C056_F346,0,0
C056,C056_F347,0,1
C056,C056_F348,0,0
C056,C056_F349,0,0
C056,C056_F350,1,0
C056,C056_F351,3,0
C056,C056_F352,0,0
C056,C056_F353,1,0
C056,C056_F354,2,2
C056,C056_F355,0,1
C056,C056_F356,1,0
C056,C056_F357,0,0
C056,C056_F358,0,0
C056,C056_F359,2,0
C056,C056_F360,0,0
C056,C056_F361,2,2
C056,C056_F362,1,1
C056,C056_F363,0,0
C056,C056_F364,0,0
C056,C056_F365,0,0
C056,C056_F366,2,0
C056,C056_F367,3,3
C056,C056_F368,3,0
C056,C056_F369,2,0
C056,C056_F370,1,1
C056,C056_F371,0,1
C056,C056_F372,0,0
C056,C056_F373,0,1
C056,C056_F374,0,1
C056,C056_F375,1,0
C056,C056_F377,0,1
C056,C056_F378,2,0
C056,C056_F379,1,0
C056,C056_F380,1,1
C056,C056_F382,0,0
C056,C056_F383,0,1
C056,C056_F384,0,0
C056,C056_F385,0,0
C056,C056_F386,0,1
C056,C056_F387,1,0
C056,C056_F388,0,0
C056,C056_F389,0,0
C056,C056_F391,1,0
C056,C056_F392,0,1
C056,C056_F393,0,0
C056,C056_F394,1,2
C056,C056_F395,0,1
C056,C056_F396,1,0
C056,C056_F397,0,0
C056,C056_F398,1,0
C056,C056_F399,1,1
C056,C056_F400,0,1
C056,C056_F401,1,1
C056,C056_F402,2,0
C056,C056_F403,0,0
C056,C056_F404,1,0
C056,C056_F405,0,1
C056,C056_F406,2,0
C056,C056_F408,0,0
C056,C056_F409,0,0
C056,C056_F410,0,0
C056,C056_F411,0,1
C056,C056_F412,0,1
C056,C056_F413,0,0
C056,C056_F414,1,0
C056,C056_F416,0,1
C056,C056_F417,0,0
C056,C056_F418,1,1
C056,C056_F419,1,2
C056,C056_F420,0,0
C056,C056_F421,0,0
C056,C056_F422,1,0
C056,C056_F423,0,0
C056,C056_F424,0,0
C056,C056_F426,1,0
C056,C056_F428,2,0
C056,C056_F429,0,1
C056,C056_F430,2,0
C056,C056_F431,0,0
C056,C056_F432,0,1
C056,C056_F433,0,1
C056,C056_F434,0,1
C056,C056_F435,0,0
C056,C056_F436,0,2
C056,C056_F437,0,2
C056,C056_F440,1,0
C056,C056_F441,0,0
C056,C056_F442,1,1
C056,C056_F444,0,0
C056,C056_F445,1,0
C056,C056_F446,1,1
C056,C056_F447,1,0
C056,C056_F448,1,1
C056,C056_F449,0,1
C056,C056_F450,0,0
C056,C056_F451,1,0
C056,C056_F452,1,2
C056,C056_F453,0,0
C056,C056_F454,0,1
C056,C056_F455,0,2
C056,C056_F456,0,0
C056,C056_F457,0,0
C056,C056_F458,0,0
C056,C056_F459,1,1
C056,C056_F460,0,0
C056,C056_F461,1,0
C056,C056_F462,0,1
C056,C056_F463,1,2
C056,C056_F464,1,0
C056,C056_F465,0,1
C056,C056_F466,1,0
C056,C056_F467,1,0
C056,C056_F468,2,1
C056,C056_F469,3,0
C056,C056_F470,1,0
C056,C056_F471,0,0
C056,C056_F472,2,1
C056,C056_F473,0,1
C056,C056_F474,2,1
C056,C056_F475,0,2
C056,C056_F476,3,0
C056,C056_F477,0,1
C056,C056_F478,0,0
C056,C056_F479,1,2
C056,C056_F480,0,1
C056,C056_F481,1,1
C056,C056_F482,0,0
C056,C056_F483,1,2
C056,C056_F484,0,0
C056,C056_F485,2,2
C056,C056_F486,1,0
C056,C056_F487,0,0
C056,C056_F488,0,0
C056,C056_F489,2,0
C056,C056_F490,1,0
C056,C056_F491,0,0
C056,C056_F492,1,0
C056,C056_F493,2,0
C056,C056_F494,0,1
C056,C056_F495,0,0
C056,C056_F496,1,0
C056,C056_F498,0,0
C056,C056_F499,0,0
C056,C056_F500,1,1
C056,C056_F501,0,1
C056,C056_F502,0,1
C056,C056_F503,0,2
C056,C056_F504,3,0
C056,C056_F505,0,0
C056,C056_F506,3,0
C056,C056_F507,0,1
C056,C056_F508,1,0
C056,C056_F509,1,0
C056,C056_F510,2,1
C056,C056_F511,0,0
C056,C056_F512,0,2
C056,C056_F513,1,0
C056,C056_F514,0,1
C056,C056_F516,0,2
C056,C056_F517,1,0
C056,C056_F518,2,1
C056,C056_F519,0,1
C056,C056_F520,1,0
C056,C056_F521,0,1
C056,C056_F522,1,0
C056,C056_F523,0,0
C056,C056_F524,2,0
C056,C056_F526,0,0
C056,C056_F527,1,0
C056,C056_F528,1,0
C056,C056_F529,0,0
C056,C056_F530,0,1
C056,C056_F532,0,1
C056,C056_F533,0,0
C056,C056_F534,1,0
C056,C056_F535,1,0
C056,C056_F537,0,0
C056,C056_F538,1,0
C056,C056_F539,0,0
C056,C056_F540,0,0
C056,C056_F541,1,1
C056,C056_F542,1,0
C056,C056_F543,0,1
C056,C056_F544,0,1
C056,C056_F545,0,0
C056,C056_F546,0,0
C056,C056_F547,1,1
C056,C056_F548,1,0
C056,C056_F549,0,0
C056,C056_F550,1,0
C056,C056_F551,0,0
C056,C056_F552,0,1
C057,C057_F001,0,0
C057,C057_F002,0,2
C057,C057_F003,2,0
C057,C057_F005,1,0
C057,C057_F006,0,2
C057,C057_F007,0,0
C057,C057_F008,0,0
C057,C057_F009,1,1
C057,C057_F010,1,0
C057,C057_F011,0,0
C057,C057_F012,0,0
C057,C057_F013,0,1
C057,C057_F014,0,1
C057,C057_F015,0,3
C057,C057_F016,0,1
C057,C057_F017,0,2
C057,C057_F018,1,1
C057,C057_F019,2,1
C057,C057_F020,0,0
C057,C057_F021,0,1
C057,C057_F022,1,0
C057,C057_F023,1,1
C057,C057_F024,1,1
C057,C057_F025,0,2
C057,C057_F026,0,0
C057,C057_F027,1,0
C057,C057_F028,3,0
C057,C057_F029,1,0
C057,C057_F030,0,0
C057,C057_F032,1,0
C057,C057_F033,1,1
C057,C057_F034,1,1
C057,C057_F035,1,0
C057,C057_F036,0,0
C057,C057_F037,0,0
C057,C057_F038,1,1
C057,C057_F039,1,1
C057,C057_F040,2,0
C057,C057_F041,0,0
C057,C057_F042,1,1
C057,C057_F043,1,0
C057,C057_F044,1,2
C057,C057_F045,0,0
C057,C057_F046,0,0
C057,C057_F047,1,1
C057,C057_F048,0,1
C057,C057_F049,1,1
C057,C057_F050,1,0
C057,C057_F051,1,0
C057,C057_F052,1,2
C057,C057_F053,1,0
C057,C057_F054,0,0
C057,C057_F055,1,2
C057,C057_F056,1,1
C057,C057_F057,1,1
C057,C057_F058,0,0
C057,C057_F059,1,0
C057,C057_F060,1,1
C057,C057_F061,1,0
C057,C057_F062,0,0
C057,C057_F064,0,1
C057,C057_F065,1,0
C057,C057_F067,1,0
C057,C057_F068,1,1
C057,C057_F069,1,0
C057,C057_F070,1,0
C057,C057_F071,0,2
C057,C057_F072,1,1
C057,C057_F073,1,1
C057,C057_F074,1,2
C057,C057_F075,0,0
C057,C057_F076,2,1
C057,C057_F077,2,0
C057,C057_F078,2,2
C057,C057_F079,1,0
C057,C057_F080,0,0
C057,C057_F081,2,0
C057,C057_F082,1,2
C057,C057_F083,0,0
C057,C057_F084,2,2
C057,C057_F085,1,1
C057,C057_F086,0,0
C057,C057_F087,0,0
C057,C057_F088,0,0
C057,C057_F089,0,2
C057,C057_F090,1,0
C057,C057_F091,1,0
C057,C057_F092,1,0
C057,C057_F093,1,1
C057,C057_F094,0,4
C057,C057_F095,0,0
C057,C057_F096,0,0
C057,C057_F097,0,2
C057,C057_F098,3,0
C057,C057_F099,1,0
C057,C057_F100,0,1
C057,C057_F101,0,0
C057,C057_F102,0,1
C057,C057_F104,2,0
C057,C057_F105,1,1
C057,C057_F106,0,0
C057,C057_F107,0,0
C057,C057_F108,1,1
C057,C057_F109,1,0
C057,C057_F110,0,1
C057,C057_F111,0,0
C057,C057_F112,0,0
C057,C057_F113,2,1
C057,C057_F114,0,1
C057,C057_F115,1,3
C057,C057_F116,1,0
C057,C057_F117,2,0
C057,C057_F118,0,0
C057,C057_F119,1,0
C057,C057_F121,2,1
C057,C057_F122,3,0
C057,C057_F123,0,0
C057,C057_F124,1,0
C057,C057_F125,0,1
C057,C057_F126,0,2
C057,C057_F128,0,1
C057,C057_F129,1,1
C057,C057_F130,0,1
C057,C057_F131,1,0
C057,C057_F132,0,1
C059,C059_F001,2,2
C059,C059_F002,0,1
C059,C059_F003,1,0
C059,C059_F004,1,0
C059,C059_F005,3,0
C059,C059_F006,0,0
C059,C059_F007,1,1
C059,C059_F008,0,1
C059,C059_F009,0,0
C059,C059_F010,1,0
C059,C059_F011,1,0
C059,C059_F012,0,1
C059,C059_F013,1,2
C059,C059_F014,0,2
C059,C059_F015,1,0
C059,C059_F016,1,1
C059,C059_F017,0,2
C059,C059_F018,0,2
C059,C059_F019,0,0
C059,C059_F020,0,3
C059,C059_F021,0,2
C059,C059_F022,3,0
C059,C059_F023,1,0
C059,C059_F024,1,0
C059,C059_F025,0,1
C059,C059_F026,0,0
C059,C059_F027,3,1
C059,C059_F028,0,0
C059,C059_F029,0,1
C059,C059_F030,0,2
C059,C059_F031,0,2
C059,C059_F032,0,0
C059,C059_F033,0,1
C059,C059_F034,0,1
C059,C059_F035,3,0
C059,C059_F036,0,1
C059,C059_F037,1,0
C059,C059_F038,0,2
C059,C059_F039,1,2
C059,C059_F040,1,0
C059,C059_F041,2,0
C059,C059_F042,0,1
C059,C059_F043,3,0
C059,C059_F044,0,0
C059,C059_F045,2,1
C059,C059_F046,2,1
C059,C059_F047,3,1
C059,C059_F048,0,1
C059,C059_F050,0,1
C059,C059_F051,3,0
C059,C059_F052,3,0
C059,C059_F053,0,1
C059,C059_F054,1,0
C059,C059_F055,0,0
C059,C059_F056,1,0
C059,C059_F057,0,0
C059,C059_F058,0,0
C059,C059_F059,0,1
C059,C059_F060,0,0
C059,C059_F061,0,2
C059,C059_F062,2,1
C059,C059_F063,0,3
C059,C059_F064,0,1
C059,C059_F065,1,1
C059,C059_F066,1,2
C059,C059_F067,1,0
C059,C059_F068,1,0
C059,C059_F069,1,0
C059,C059_F070,2,1
C059,C059_F071,0,1
C059,C059_F072,3,1
C059,C059_F073,0,0
C059,C059_F074,2,1
C059,C059_F076,1,0
C059,C059_F077,1,1
C059,C059_F078,2,0
C059,C059_F079,2,1
C059,C059_F080,1,1
C059,C059_F081,0,2
C059,C059_F082,2,0
C059,C059_F083,0,1
C059,C059_F084,1,1
C059,C059_F085,1,0
C059,C059_F086,2,0
C059,C059_F087,1,0
C059,C059_F088,1,1
C059,C059_F089,2,1
C059,C059_F090,1,1
C059,C059_F091,2,3
C059,C059_F092,0,1
C059,C059_F093,2,0
C059,C059_F094,1,0
C059,C059_F096,0,0
C059,C059_F097,0,0
C059,C059_F098,2,0
C059,C059_F099,0,2
C059,C059_F100,3,1
C059,C059_F101,1,0
C059,C059_F102,0,3
C059,C059_F103,0,1
C059,C059_F104,0,0
C059,C059_F105,1,1
C059,C059_F106,0,1
C059,C059_F107,2,0
C059,C059_F108,0,0
C059,C059_F109,3,2
C059,C059_F110,2,0
C059,C059_F111,1,2
C059,C059_F112,0,1
C059,C059_F113,0,0
C059,C059_F114,0,0
C059,C059_F115,0,0
C059,C059_F116,1,0
C059,C059_F117,0,0
C059,C059_F118,0,0
C059,C059_F119,0,0
C059,C059_F120,0,0
C059,C059_F121,0,2
C059,C059_F122,2,1
C059,C059_F123,1,0
C059,C059_F124,0,1
C059,C059_F125,0,1
C059,C059_F127,0,0
C059,C059_F128,0,0
C059,C059_F129,0,1
C059,C059_F130,0,3
C059,C059_F131,0,3
C059,C059_F132,0,0
C061,C061_F001,1,0
C061,C061_F003,1,2
C061,C061_F004,1,1
C061,C061_F005,0,0
C061,C061_F006,1,0
C061,C061_F007,0,0
C061,C061_F008,0,1
C061,C061_F009,1,0
C061,C061_F010,1,1
C061,C061_F011,0,1
C061,C061_F012,1,0
C061,C061_F013,1,0
C061,C061_F014,0,0
C061,C061_F015,0,0
C061,C061_F016,1,1
C061,C061_F017,1,0
C061,C061_F019,1,0
C061,C061_F020,1,0
C061,C061_F021,1,0
C061,C061_F022,2,0
C061,C061_F023,1,0
C061,C061_F024,1,0
C061,C061_F025,0,0
C061,C061_F026,0,1
C061,C061_F027,0,0
C061,C061_F028,1,1
C061,C061_F029,0,1
C061,C061_F030,1,0
C061,C061_F031,1,2
C061,C061_F032,0,1
C061,C061_F033,0,1
C061,C061_F034,0,0
C061,C061_F035,0,3
C061,C061_F036,1,0
C061,C061_F037,0,2
C061,C061_F038,1,1
C061,C061_F039,0,0
C061,C061_F040,2,1
C061,C061_F041,0,1
C061,C061_F042,1,1
C061,C061_F043,0,1
C061,C061_F044,0,0
C061,C061_F045,0,0
C061,C061_F046,1,1
C061,C061_F047,1,0
C061,C061_F049,0,0
C061,C061_F050,0,0
C061,C061_F051,0,3
C061,C061_F052,1,2
C061,C061_F053,3,0
C061,C061_F054,0,0
C061,C061_F055,0,0
C061,C061_F057,0,1
C061,C061_F058,1,0
C061,C061_F059,1,0
C061,C061_F060,0,0
C061,C061_F061,0,0
C061,C061_F062,0,1
C061,C061_F063,0,1
C061,C061_F064,2,1
C061,C061_F065,0,2
C061,C061_F066,0,0
C061,C061_F067,0,0
C061,C061_F068,0,0
C061,C061_F069,0,0
C061,C061_F071,1,0
C061,C061_F072,0,0
C061,C061_F073,0,0
C061,C061_F074,1,1
C061,C061_F075,1,0
C061,C061_F077,0,0
C061,C061_F078,0,0
C061,C061_F079,2,0
C061,C061_F080,0,0
C061,C061_F081,0,0
C061,C061_F082,2,2
C061,C061_F083,1,0
C061,C061_F084,1,1
C061,C061_F085,3,1
C061,C061_F086,1,0
C061,C061_F087,0,1
C061,C061_F088,1,1
C061,C061_F089,0,0
C061,C061_F090,0,0
C061,C061_F091,1,0
C061,C061_F092,1,1
C061,C061_F093,1,0
C061,C061_F094,0,0
C061,C061_F095,1,1
C061,C061_F096,0,1
C061,C061_F098,1,1
C061,C061_F099,1,0
C061,C061_F100,0,1
C061,C061_F101,0,0
C061,C061_F103,2,1
C061,C061_F104,2,1
C061,C061_F105,0,2
C061,C061_F106,0,0
C061,C061_F107,0,2
C061,C061_F108,0,1
C061,C061_F109,1,1
C061,C061_F110,1,0
C061,C061_F111,3,1
C061,C061_F112,1,2
C061,C061_F113,1,0
C061,C061_F114,1,0
C061,C061_F115,0,0
C061,C061_F116,0,1
C061,C061_F117,0,2
C061,C061_F118,0,0
C061,C061_F119,2,0
C061,C061_F120,0,2
C061,C061_F121,0,0
C061,C061_F122,0,1
C061,C061_F123,0,1
C061,C061_F124,0,0
C061,C061_F125,1,0
C061,C061_F126,0,0
C061,C061_F127,1,0
C061,C061_F128,1,0
C061,C061_F129,0,1
C061,C061_F130,4,0
C061,C061_F131,0,0
C061,C061_F132,2,0
C061,C061_F133,1,0
C061,C061_F134,0,1
C061,C061_F135,0,0
C061,C061_F136,2,0
C061,C061_F137,0,0
C061,C061_F138,1,1
C061,C061_F139,2,0
C061,C061_F140,0,1
C061,C061_F142,0,0
C061,C061_F143,0,0
C061,C061_F144,1,1
C061,C061_F145,0,0
C061,C061_F146,0,0
C061,C061_F147,0,1
C061,C061_F148,1,0
C061,C061_F149,1,0
C061,C061_F150,0,1
C061,C061_F151,1,0
C061,C061_F152,0,0
C061,C061_F153,0,0
C061,C061_F154,1,0
C061,C061_F155,1,1
C061,C061_F156,0,0
C061,C061_F158,0,0
C061,C061_F159,0,0
C061,C061_F160,0,0
C061,C061_F161,1,0
C061,C061_F162,0,1
C061,C061_F163,0,0
C061,C061_F164,0,1
C061,C061_F165,2,2
C061,C061_F166,2,0
C061,C061_F167,2,0
C061,C061_F169,0,1
C061,C061_F171,2,0
C061,C061_F172,2,1
C061,C061_F173,0,1
C061,C061_F175,1,0
C061,C061_F176,0,0
C061,C061_F177,0,2
C061,C061_F179,0,1
C061,C061_F180,1,1
C061,C061_F181,1,0
C061,C061_F182,0,3
C061,C061_F183,0,1
C061,C061_F184,0,1
C061,C061_F185,0,0
C061,C061_F186,1,0
C061,C061_F188,0,2
C061,C061_F189,1,3
C061,C061_F190,1,1
C061,C061_F191,2,1
C061,C061_F192,1,0
C061,C061_F193,0,1
C061,C061_F194,0,3
C061,C061_F195,0,0
C061,C061_F196,1,1
C061,C061_F197,1,2
C061,C061_F198,1,1
C061,C061_F199,2,0
C061,C061_F200,0,1
C061,C061_F201,2,0
C061,C061_F202,0,0
C061,C061_F203,0,2
C061,C061_F204,0,1
C061,C061_F205,1,0
C061,C061_F206,1,2
C061,C061_F207,0,0
C061,C061_F208,0,0
C061,C061_F209,2,0
C061,C061_F210,1,1
C061,C061_F211,1,0
C061,C061_F212,1,1
C061,C061_F213,2,0
C061,C061_F215,0,0
C061,C061_F216,0,0
C061,C061_F217,0,1
C061,C061_F218,0,1
C061,C061_F219,1,0
C061,C061_F220,0,0
C061,C061_F221,0,2
C061,C061_F222,0,3
C061,C061_F223,1,0
C061,C061_F224,0,1
C061,C061_F225,1,1
C061,C061_F226,1,0
C061,C061_F227,2,1
C061,C061_F228,1,2
C061,C061_F229,2,2
C061,C061_F230,1,1
C061,C061_F232,0,1
C061,C061_F233,0,0
C061,C061_F235,2,1
C061,C061_F236,2,0
C061,C061_F237,0,2
C061,C061_F238,1,0
C061,C061_F240,1,0
C061,C061_F241,0,2
C061,C061_F242,0,0
C061,C061_F243,0,0
C061,C061_F244,1,0
C061,C061_F245,0,0
C061,C061_F247,0,0
C061,C061_F248,0,0
C061,C061_F249,3,1
C061,C061_F250,0,4
C061,C061_F251,0,0
C061,C061_F252,0,0
C061,C061_F253,0,0
C061,C061_F254,0,1
C061,C061_F255,1,0
C061,C061_F256,1,0
C061,C061_F257,1,0
C061,C061_F258,0,2
C061,C061_F259,2,1
C061,C061_F260,2,0
C061,C061_F261,1,0
C061,C061_F262,1,0
C061,C061_F263,0,0
C061,C061_F264,1,0
C061,C061_F265,1,0
C061,C061_F267,0,0
C061,C061_F268,0,0
C061,C061_F269,0,1
C061,C061_F270,0,0
C061,C061_F271,0,0
C061,C061_F272,0,1
C061,C061_F273,0,0
C061,C061_F274,1,0
C061,C061_F275,0,0
C061,C061_F276,2,1
C061,C061_F277,1,0
C061,C061_F278,1,1
C061,C061_F279,1,0
C061,C061_F280,0,0
C061,C061_F281,1,1
C061,C061_F282,3,0
C061,C061_F283,2,0
C061,C061_F284,0,0
C061,C061_F285,0,0
C061,C061_F286,0,1
C061,C061_F287,1,0
C061,C061_F288,0,1
C061,C061_F289,2,0
C061,C061_F291,1,0
C061,C061_F292,0,1
C061,C061_F293,2,0
C061,C061_F294,2,1
C061,C061_F296,1,0
C061,C061_F297,1,0
C061,C061_F298,0,1
C061,C061_F299,2,1
C061,C061_F300,0,1
C061,C061_F301,0,0
C061,C061_F302,0,0
C061,C061_F303,1,0
C061,C061_F304,1,1
C061,C061_F305,0,2
C061,C061_F306,0,2
C061,C061_F307,1,0
C061,C061_F308,1,0
C061,C061_F309,1,1
C061,C061_F310,0,0
C061,C061_F311,1,2
C061,C061_F312,1,0
C061,C061_F315,1,1
C061,C061_F316,0,0
C061,C061_F317,0,1
C061,C061_F318,0,1
C061,C061_F319,1,0
C061,C061_F320,1,0
C061,C061_F321,0,0
C061,C061_F322,2,1
C061,C061_F323,0,0
C061,C061_F325,0,2
C061,C061_F326,1,1
C061,C061_F327,1,0
C061,C061_F328,1,1
C061,C061_F329,1,1
C061,C061_F330,0,2
C061,C061_F331,0,0
C061,C061_F332,2,1
C061,C061_F333,2,0
C061,C061_F334,2,0
C061,C061_F335,0,1
C061,C061_F336,2,2
C061,C061_F337,0,0
C061,C061_F338,2,1
C061,C061_F339,0,1
C061,C061_F340,1,0
C061,C061_F341,1,2
C061,C061_F342,0,0
C061,C061_F343,0,2
C061,C061_F345,5,1
C061,C061_F346,1,0
C061,C061_F347,3,0
C061,C061_F348,1,0
C061,C061_F349,1,0
C061,C061_F350,0,0
C061,C061_F351,1,1
C061,C061_F352,0,1
C061,C061_F354,0,0
C061,C061_F355,1,1
C061,C061_F356,0,2
C061,C061_F357,1,0
C061,C061_F358,0,0
C061,C061_F359,0,0
C061,C061_F361,1,0
C061,C061_F362,0,2
C061,C061_F363,1,0
C061,C061_F364,1,0
C061,C061_F365,0,1
C061,C061_F366,1,0
C061,C061_F367,0,0
C061,C061_F368,2,0
C061,C061_F369,2,1
C061,C061_F370,1,1
C061,C061_F371,1,0
C061,C061_F372,3,1
C061,C061_F373,0,0
C061,C061_F374,0,1
C061,C061_F375,1,1
C061,C061_F377,1,0
C061,C061_F378,1,0
C061,C061_F379,0,0
C062,C062_F001,2,1
C062,C062_F002,0,1
C062,C062_F003,2,1
C062,C062_F004,0,1
C062,C062_F005,1,0
C062,C062_F006,2,1
C062,C062_F007,1,0
C062,C062_F008,1,0
C062,C062_F009,0,2
C062,C062_F010,1,0
C062,C062_F011,2,0
C062,C062_F012,3,0
C062,C062_F013,1,0
C062,C062_F014,0,0
C062,C062_F015,1,0
C062,C062_F016,0,0
C062,C062_F017,0,1
C062,C062_F018,0,0
C062,C062_F019,0,2
C062,C062_F020,0,1
C062,C062_F021,2,0
C062,C062_F022,2,0
C062,C062_F024,0,0
C062,C062_F025,0,0
C062,C062_F026,2,0
C062,C062_F027,0,1
C062,C062_F028,0,2
C062,C062_F029,1,0
C062,C062_F030,0,0
C062,C062_F031,1,0
C062,C062_F032,1,1
C062,C062_F033,1,3
C062,C062_F036,1,1
C062,C062_F037,2,0
C062,C062_F038,2,0
C062,C062_F039,2,1
C062,C062_F040,0,0
C062,C062_F041,0,0
C062,C062_F042,0,2
C062,C062_F043,2,0
C062,C062_F045,1,0
C062,C062_F046,0,0
C062,C062_F047,0,0
C062,C062_F048,0,0
C062,C062_F049,1,0
C062,C062_F050,2,0
C062,C062_F051,2,0
C062,C062_F052,0,1
C062,C062_F053,0,0
C062,C062_F055,0,0
C062,C062_F056,0,0
C062,C062_F057,0,3
C062,C062_F058,0,1
C062,C062_F060,0,2
C062,C062_F061,0,1
C062,C062_F062,4,1
C062,C062_F063,0,1
C062,C062_F065,0,0
C062,C062_F066,2,1
C062,C062_F067,1,0
C062,C062_F068,0,2
C062,C062_F069,0,1
C062,C062_F070,0,2
C062,C062_F071,1,0
C062,C062_F072,2,0
C062,C062_F073,0,0
C062,C062_F074,3,0
C062,C062_F075,1,1
C062,C062_F076,1,0
C062,C062_F078,0,0
C062,C062_F080,1,1
C062,C062_F081,0,2
C062,C062_F082,1,0
C062,C062_F083,0,0
C062,C062_F084,2,0
C062,C062_F085,1,1
C062,C062_F086,0,1
C062,C062_F087,0,0
C062,C062_F088,1,0
C062,C062_F089,0,0
C062,C062_F090,2,1
C062,C062_F091,2,0
C062,C062_F092,1,0
C062,C062_F093,0,0
C062,C062_F094,2,0
C062,C062_F095,2,0
C062,C062_F096,0,0
C062,C062_F097,1,1
C062,C062_F098,2,1
C062,C062_F100,0,0
C062,C062_F101,1,2
C062,C062_F102,1,0
C062,C062_F103,2,1
C062,C062_F104,1,0
C062,C062_F105,2,0
C062,C062_F106,3,0
C062,C062_F107,0,1
C062,C062_F109,2,0
C062,C062_F110,3,0
C062,C062_F111,0,0
C062,C062_F112,1,1
C062,C062_F113,0,0
C062,C062_F114,0,1
C062,C062_F115,0,2
C062,C062_F116,1,1
C062,C062_F117,0,1
C062,C062_F118,2,0
C062,C062_F119,0,0
C062,C062_F120,1,1
C062,C062_F121,1,0
C062,C062_F122,1,1
C062,C062_F123,1,0
C062,C062_F124,2,0
C062,C062_F126,0,1
C062,C062_F127,1,0
C062,C062_F128,1,0
C062,C062_F129,0,2
C062,C062_F130,0,2
C062,C062_F131,1,1
C062,C062_F132,1,1
C062,C062_F133,1,1
C062,C062_F135,0,1
C062,C062_F136,1,0
C062,C062_F137,1,3
C062,C062_F138,0,0
C062,C062_F139,1,0
C062,C062_F141,1,0
C062,C062_F142,3,1
C062,C062_F143,1,0
C062,C062_F144,0,0
C062,C062_F145,0,0
C062,C062_F146,1,0
C062,C062_F147,0,0
C062,C062_F148,0,0
C062,C062_F149,0,0
C062,C062_F150,1,1
C062,C062_F151,1,2
C062,C062_F152,1,0
C062,C062_F153,0,0
C062,C062_F155,1,1
C062,C062_F156,0,2
C062,C062_F157,0,1
C062,C062_F158,1,0
C062,C062_F159,0,0
C062,C062_F160,1,1
C062,C062_F161,0,0
C062,C062_F162,1,1
C062,C062_F163,0,0
C062,C062_F164,1,0
C062,C062_F165,0,2
C062,C062_F166,0,0
C062,C062_F167,1,0
C062,C062_F168,2,0
C062,C062_F169,0,0
C062,C062_F170,0,1
C062,C062_F171,1,0
C062,C062_F172,0,0
C062,C062_F173,0,0
C062,C062_F174,1,0
C062,C062_F175,0,0
C062,C062_F176,0,1
C062,C062_F177,0,0
C062,C062_F178,2,0
C062,C062_F179,0,1
C062,C062_F180,2,1
C062,C062_F181,0,1
C062,C062_F182,2,2
C062,C062_F183,0,1
C062,C062_F184,0,1
C062,C062_F185,1,0
C062,C062_F186,1,1
C062,C062_F187,1,1
C062,C062_F188,0,1
C062,C062_F189,1,1
C062,C062_F190,0,0
C062,C062_F192,2,1
C062,C062_F193,0,1
C062,C062_F194,1,0
C062,C062_F195,1,0
C062,C062_F196,0,0
C062,C062_F197,1,0
C062,C062_F199,1,0
C062,C062_F201,1,0
C062,C062_F202,1,0
C062,C062_F204,1,0
C062,C062_F205,0,0
C062,C062_F206,0,1
C062,C062_F207,2,1
C062,C062_F208,1,1
C062,C062_F209,0,2
C062,C062_F210,2,0
C062,C062_F211,0,1
C062,C062_F212,1,2
C062,C062_F214,1,1
C062,C062_F215,2,1
C062,C062_F216,0,0
C062,C062_F217,1,1
C062,C062_F218,1,2
C062,C062_F219,0,0
C062,C062_F220,0,1
C062,C062_F221,1,1
C062,C062_F223,0,0
C062,C062_F225,0,0
C062,C062_F226,1,1
C062,C062_F227,0,0
C062,C062_F228,0,0
C062,C062_F229,1,0
C062,C062_F230,0,1
C062,C062_F231,1,1
C062,C062_F232,0,0
C062,C062_F233,0,0
C062,C062_F234,3,0
C062,C062_F235,2,0
C062,C062_F236,1,1
C062,C062_F237,0,1
C062,C062_F238,2,0
C062,C062_F239,1,0
C062,C062_F240,2,0
C062,C062_F241,0,2
C062,C062_F242,1,1
C062,C062_F243,1,1
C062,C062_F244,2,0
C062,C062_F245,1,0
C062,C062_F246,0,0
C062,C062_F247,1,1
C062,C062_F248,0,0
C062,C062_F249,1,0
C062,C062_F250,0,0
C062,C062_F251,2,2
C062,C062_F252,0,0
C062,C062_F253,0,1
C062,C062_F254,0,1
C062,C062_F255,0,0
C062,C062_F256,1,1
C062,C062_F258,0,0
C062,C062_F259,2,0
C062,C062_F260,1,0
C062,C062_F261,2,0
C062,C062_F262,0,0
C062,C062_F263,0,2
C062,C062_F264,1,1
C062,C062_F265,3,1
C062,C062_F266,1,0
C062,C062_F268,0,0
C062,C062_F270,0,0
C062,C062_F271,0,0
C062,C062_F273,0,3
C062,C062_F274,1,0
C062,C062_F275,1,0
C062,C062_F276,0,0
C062,C062_F277,1,0
C062,C062_F279,0,1
C062,C062_F280,1,1
C062,C062_F281,1,1
C062,C062_F283,1,1
C062,C062_F284,0,0
C062,C062_F285,0,0
C062,C062_F286,1,0
C062,C062_F287,0,1
C062,C062_F288,1,0
C062,C062_F289,0,0
C062,C062_F290,2,2
C062,C062_F291,1,0
C062,C062_F293,0,0
C062,C062_F294,0,1
C062,C062_F295,0,0
C062,C062_F296,1,0
C062,C062_F297,0,0
C062,C062_F298,0,2
C062,C062_F299,2,0
C062,C062_F300,0,0
C062,C062_F303,0,1
C062,C062_F304,0,0
C062,C062_F305,0,1
C062,C062_F306,0,1
C062,C062_F307,2,1
C062,C062_F308,1,0
C062,C062_F309,0,0
C062,C062_F310,1,2
C062,C062_F311,0,2
C062,C062_F312,0,1
C062,C062_F313,1,1
C062,C062_F314,0,0
C062,C062_F315,0,1
C062,C062_F316,0,0
C062,C062_F317,0,2
C062,C062_F318,1,1
C062,C062_F319,0,1
C062,C062_F320,1,0
C062,C062_F321,1,1
C062,C062_F322,0,0
C062,C062_F323,0,1
C062,C062_F324,1,0
C062,C062_F325,1,2
C062,C062_F326,1,1
C062,C062_F327,1,0
C062,C062_F328,2,0
C062,C062_F329,1,1
C062,C062_F330,0,1
C062,C062_F331,0,0
C062,C062_F332,2,0
C062,C062_F333,1,0
C062,C062_F334,0,0
C062,C062_F335,2,0
C062,C062_F336,0,0
C062,C062_F337,0,0
C062,C062_F338,0,0
C062,C062_F339,1,2
C062,C062_F340,1,0
C062,C062_F341,0,2
C062,C062_F342,0,0
C062,C062_F343,0,1
C062,C062_F344,1,1
C062,C062_F345,1,2
C062,C062_F346,1,3
C062,C062_F347,0,2
C062,C062_F348,2,0
C062,C062_F349,1,0
C062,C062_F350,0,2
C062,C062_F351,1,0
C062,C062_F352,1,1
C062,C062_F354,2,1
C062,C062_F355,0,2
C062,C062_F356,1,0
C062,C062_F357,1,1
C062,C062_F358,0,0
C062,C062_F359,0,1
C062,C062_F360,2,0
C062,C062_F361,1,0
C062,C062_F362,0,0
C062,C062_F363,0,0
C062,C062_F364,3,0
C062,C062_F365,1,1
C062,C062_F366,1,0
C062,C062_F367,0,0
C062,C062_F368,1,0
C062,C062_F369,0,0
C062,C062_F370,0,1
C062,C062_F371,0,1
C062,C062_F372,0,2
C062,C062_F373,3,2
C062,C062_F374,1,1
C062,C062_F375,0,0
C062,C062_F376,0,1
C062,C062_F377,0,2
C062,C062_F378,1,0
C062,C062_F379,0,1
C062,C062_F380,2,1
C063,C063_F001,1,0
C063,C063_F002,1,1
C063,C063_F003,1,0
C063,C063_F004,0,1
C063,C063_F005,1,0
C063,C063_F006,0,0
C063,C063_F007,0,0
C063,C063_F008,0,0
C063,C063_F009,0,0
C063,C063_F010,2,0
C063,C063_F012,1,2
C063,C063_F013,1,0
C063,C063_F014,0,0
C063,C063_F015,0,0
C063,C063_F016,0,1
C063,C063_F017,0,2
C063,C063_F019,1,0
C063,C063_F020,0,0
C063,C063_F021,0,0
C063,C063_F023,1,1
C063,C063_F024,1,1
C063,C063_F025,0,3
C063,C063_F026,1,0
C063,C063_F027,1,0
C063,C063_F028,0,2
C063,C063_F029,0,0
C063,C063_F030,1,1
C063,C063_F031,0,0
C063,C063_F032,0,0
C063,C063_F033,0,1
C063,C063_F034,0,1
C063,C063_F035,0,1
C063,C063_F036,1,0
C063,C063_F037,0,1
C063,C063_F038,0,0
C063,C063_F039,1,0
C063,C063_F041,1,2
C063,C063_F042,1,1
C063,C063_F044,1,0
C063,C063_F045,2,0
C063,C063_F046,3,1
C063,C063_F047,0,1
C063,C063_F049,0,2
C063,C063_F050,0,0
C063,C063_F051,0,0
C063,C063_F052,0,0
C063,C063_F053,1,0
C063,C063_F054,1,1
C063,C063_F055,0,0
C063,C063_F056,1,2
C063,C063_F057,0,2
C063,C063_F058,0,3
C063,C063_F059,1,0
C063,C063_F060,0,0
C063,C063_F062,3,0
C063,C063_F063,2,2
C063,C063_F065,0,0
C063,C063_F066,0,1
C063,C063_F067,0,1
C063,C063_F068,2,1
C063,C063_F069,0,1
C063,C063_F071,1,0
C063,C063_F072,1,0
C063,C063_F074,1,0
C063,C063_F075,1,0
C063,C063_F076,2,0
C063,C063_F077,1,2
C063,C063_F078,0,1
C063,C063_F079,0,1
C063,C063_F080,2,0
C063,C063_F081,0,2
C063,C063_F082,1,0
C063,C063_F084,0,0
C063,C063_F085,1,0
C063,C063_F086,1,1
C063,C063_F087,1,0
C063,C063_F088,0,1
C063,C063_F089,1,1
C063,C063_F090,0,0
C063,C063_F091,1,1
C063,C063_F092,0,1
C063,C063_F093,0,0
C063,C063_F094,0,1
C063,C063_F097,1,1
C063,C063_F098,1,1
C063,C063_F099,1,1
C063,C063_F100,0,0
C063,C063_F101,2,0
C063,C063_F103,0,1
C063,C063_F104,1,0
C063,C063_F105,0,2
C063,C063_F106,0,2
C063,C063_F107,0,2
C063,C063_F108,1,0
C063,C063_F109,1,0
C063,C063_F110,0,0
C063,C063_F111,1,1
C063,C063_F113,2,0
C063,C063_F114,0,1
C063,C063_F115,4,1
C063,C063_F116,3,0
C063,C063_F117,0,0
C063,C063_F118,1,0
C063,C063_F119,0,0
C063,C063_F121,0,0
C063,C063_F122,1,0
C063,C063_F123,0,0
C063,C063_F124,1,1
C063,C063_F125,2,0
C063,C063_F126,0,0
C063,C063_F128,1,0
C063,C063_F129,0,3
C063,C063_F130,0,0
C063,C063_F131,1,1
C063,C063_F132,0,0
C063,C063_F133,1,1
C063,C063_F134,0,1
C063,C063_F135,0,1
C063,C063_F136,1,2
C063,C063_F137,1,0
C063,C063_F139,1,1
C063,C063_F141,1,3
C063,C063_F142,1,0
C063,C063_F143,0,1
C063,C063_F144,3,1
C063,C063_F145,0,3
C063,C063_F146,0,0
C063,C063_F147,0,0
C063,C063_F148,2,0
C063,C063_F149,1,1
C063,C063_F150,0,0
C063,C063_F151,2,0
C063,C063_F152,2,0
C063,C063_F153,0,0
C063,C063_F154,1,0
C063,C063_F155,0,0
C063,C063_F156,0,1
C063,C063_F157,0,2
C063,C063_F158,0,1
C063,C063_F159,1,1
C063,C063_F160,1,0
C063,C063_F161,0,0
C063,C063_F162,0,1
C063,C063_F163,0,1
C063,C063_F164,2,0
C063,C063_F166,1,0
C063,C063_F168,2,1
C063,C063_F169,0,0
C063,C063_F170,1,0
C063,C063_F171,0,0
C063,C063_F172,1,0
C063,C063_F173,0,1
C063,C063_F174,1,0
C063,C063_F175,2,0
C063,C063_F176,1,0
C063,C063_F177,2,0
C063,C063_F178,0,1
C063,C063_F179,1,0
C063,C063_F180,0,0
C063,C063_F181,1,2
C063,C063_F182,0,1
C063,C063_F183,0,0
C063,C063_F185,0,2
C063,C063_F186,0,1
C063,C063_F187,0,0
C063,C063_F188,1,1
C063,C063_F189,2,0
C063,C063_F190,0,0
C063,C063_F191,1,0
C063,C063_F192,0,1
C063,C063_F194,1,0
C063,C063_F195,3,1
C063,C063_F196,0,0
C063,C063_F197,0,0
C063,C063_F198,0,1
C063,C063_F199,0,0
C063,C063_F200,0,1
C063,C063_F201,3,0
C063,C063_F202,1,1
C063,C063_F203,0,0
C063,C063_F204,2,1
C063,C063_F205,0,0
C063,C063_F206,0,0
C063,C063_F207,1,0
C063,C063_F208,0,1
C063,C063_F209,0,3
C063,C063_F210,0,0
C063,C063_F211,1,0
C063,C063_F212,0,1
C063,C063_F213,0,1
C063,C063_F214,1,0
C063,C063_F215,0,1
C063,C063_F216,1,0
C063,C063_F217,0,2
C063,C063_F219,0,0
C063,C063_F220,0,0
C063,C063_F221,1,0
C063,C063_F222,1,1
C063,C063_F223,1,1
C063,C063_F224,2,0
C063,C063_F226,0,0
C063,C063_F227,0,1
C063,C063_F228,0,1
C063,C063_F229,1,2
C063,C063_F230,0,0
C063,C063_F231,0,1
C063,C063_F232,2,2
C063,C063_F233,0,2
C063,C063_F234,1,1
C063,C063_F235,1,0
C063,C063_F236,1,0
C063,C063_F237,0,0
C063,C063_F238,1,0
C063,C063_F239,1,2
C063,C063_F241,1,1
C063,C063_F242,0,0
C063,C063_F243,1,0
C063,C063_F244,0,0
C063,C063_F245,0,0
C063,C063_F246,2,0
C063,C063_F247,0,0
C063,C063_F248,1,1
C063,C063_F249,1,1
C063,C063_F250,0,0
C063,C063_F251,1,1
C063,C063_F252,0,0
C063,C063_F254,0,1
C063,C063_F255,0,2
C063,C063_F256,0,0
C063,C063_F257,0,1
C063,C063_F259,4,0
C063,C063_F261,0,1
C063,C063_F262,1,1
C063,C063_F263,0,0
C063,C063_F264,1,1
C063,C063_F265,1,0
C063,C063_F266,1,0
C063,C063_F269,1,0
C063,C063_F270,0,0
C063,C063_F271,1,1
C063,C063_F272,1,1
C063,C063_F273,0,0
C063,C063_F274,0,1
C063,C063_F275,0,0
C063,C063_F276,3,0
C063,C063_F277,2,0
C063,C063_F278,0,1
C063,C063_F279,0,2
C063,C063_F280,1,0
C063,C063_F281,0,1
C063,C063_F282,1,0
C063,C063_F283,0,0
C063,C063_F285,1,0
C063,C063_F286,1,1
C063,C063_F287,0,0
C063,C063_F288,1,1
C063,C063_F289,1,0
C063,C063_F290,0,1
C063,C063_F291,3,2
C063,C063_F292,0,0
C063,C063_F293,0,0
C063,C063_F294,0,0
C063,C063_F295,0,0
C063,C063_F296,1,0
C063,C063_F297,1,1
C063,C063_F298,0,0
C063,C063_F299,0,0
C063,C063_F300,0,0
C063,C063_F301,2,2
C063,C063_F303,0,2
C063,C063_F304,0,1
C063,C063_F305,1,2
C063,C063_F306,0,1
C065,C065_F001,0,2
C065,C065_F002,1,0
C065,C065_F003,0,0
C065,C065_F004,0,0
C065,C065_F005,0,2
C065,C065_F007,1,1
C065,C065_F008,1,3
C065,C065_F009,0,1
C065,C065_F010,0,1
C065,C065_F011,5,0
C065,C065_F012,0,0
C065,C065_F013,0,0
C065,C065_F014,2,2
C065,C065_F015,0,0
C065,C065_F016,0,2
C065,C065_F017,0,1
C065,C065_F018,2,1
C065,C065_F019,0,2
C065,C065_F020,1,0
C065,C065_F022,0,1
C065,C065_F023,0,1
C065,C065_F024,1,1
C065,C065_F025,1,0
C065,C065_F026,1,0
C065,C065_F029,1,0
C065,C065_F030,1,1
C065,C065_F031,1,0
C065,C065_F032,0,2
C065,C065_F033,1,1
C065,C065_F034,1,2
C065,C065_F035,1,0
C065,C065_F037,2,0
C065,C065_F038,0,0
C065,C065_F039,0,0
C065,C065_F040,0,0
C065,C065_F041,1,0
C065,C065_F042,0,0
C065,C065_F043,2,0
C065,C065_F044,1,1
C065,C065_F045,0,2
C065,C065_F046,0,0
C065,C065_F048,1,1
C065,C065_F049,2,0
C065,C065_F050,0,0
C065,C065_F051,4,1
C065,C065_F052,2,0
C065,C065_F053,1,0
C065,C065_F054,0,0
C065,C065_F055,0,2
C065,C065_F056,3,0
C065,C065_F057,1,1
C065,C065_F058,0,0
C065,C065_F059,2,1
C065,C065_F060,1,2
C065,C065_F061,0,0
C065,C065_F062,0,1
C065,C065_F063,2,1
C065,C065_F064,1,1
C065,C065_F065,1,1
C065,C065_F066,0,1
C065,C065_F067,0,2
C065,C065_F068,2,0
C065,C065_F069,1,0
C065,C065_F070,1,0
C065,C065_F071,1,0
C065,C065_F072,0,1
C065,C065_F073,1,1
C065,C065_F074,2,1
C065,C065_F075,0,0
C065,C065_F076,1,0
C065,C065_F077,0,2
C065,C065_F078,0,1
C065,C065_F079,2,0
C065,C065_F080,0,1
C065,C065_F081,3,1
C065,C065_F082,0,1
C065,C065_F083,1,0
C065,C065_F084,2,1
C065,C065_F085,0,0
C065,C065_F086,0,0
C065,C065_F087,0,1
C065,C065_F088,2,1
C065,C065_F089,1,0
C065,C065_F090,3,0
C065,C065_F091,0,1
C065,C065_F092,0,0
C065,C065_F093,1,1
C065,C065_F094,1,0
C065,C065_F095,0,0
C065,C065_F096,0,1
C065,C065_F097,0,0
C065,C065_F098,3,0
C065,C065_F099,1,1
C065,C065_F100,1,0
C065,C065_F101,3,0
C065,C065_F102,0,2
C065,C065_F103,0,0
C065,C065_F104,0,1
C065,C065_F105,0,1
C065,C065_F106,2,1
C065,C065_F107,1,0
C065,C065_F108,2,2
C065,C065_F109,1,0
C065,C065_F110,1,0
C065,C065_F111,1,0
C065,C065_F112,2,1
C065,C065_F113,0,0
C065,C065_F114,1,1
C065,C065_F115,1,0
C065,C065_F116,1,1
C065,C065_F117,2,0
C065,C065_F118,1,1
C065,C065_F119,1,0
C065,C065_F120,1,2
C065,C065_F121,0,1
C065,C065_F122,2,1
C065,C065_F123,0,3
C065,C065_F124,1,2
C065,C065_F125,1,1
C065,C065_F127,0,0
C065,C065_F128,0,0
C065,C065_F129,0,1
C065,C065_F130,1,0
C065,C065_F131,0,1
C065,C065_F133,0,0
C065,C065_F134,0,0
C065,C065_F135,1,0
C065,C065_F136,4,0
C065,C065_F138,0,1
C065,C065_F139,1,0
C065,C065_F140,0,0
C065,C065_F142,1,1
C065,C065_F143,1,2
C065,C065_F144,0,0
C065,C065_F145,0,0
C065,C065_F146,1,1
C065,C065_F147,0,1
C065,C065_F148,0,0
C065,C065_F149,2,1
C065,C065_F150,0,0
C065,C065_F151,2,0
C065,C065_F152,0,1
C065,C065_F153,1,0
C065,C065_F154,0,0
C065,C065_F155,0,0
C065,C065_F156,0,0
C065,C065_F157,4,0
C065,C065_F158,2,0
C065,C065_F159,0,0
C065,C065_F160,0,0
C065,C065_F161,3,0
C065,C065_F162,0,0
C065,C065_F164,0,3
C065,C065_F165,0,0
C065,C065_F166,1,0
C065,C065_F167,0,0
C065,C065_F168,1,1
C065,C065_F169,0,0
C065,C065_F170,1,2
C065,C065_F171,0,0
C065,C065_F172,2,0
C065,C065_F173,1,2
C065,C065_F174,1,1
C065,C065_F175,2,0
C065,C065_F176,2,0
C065,C065_F177,1,2
C065,C065_F178,1,1
C065,C065_F179,0,0
C065,C065_F180,1,0
C065,C065_F181,1,2
C065,C065_F182,0,0
C065,C065_F183,1,1
C065,C065_F184,1,0
C065,C065_F185,0,1
C065,C065_F186,1,1
C065,C065_F188,0,1
C065,C065_F189,0,1
C065,C065_F190,0,0
C065,C065_F191,0,1
C065,C065_F192,1,0
C065,C065_F193,0,3
C065,C065_F194,1,0
C065,C065_F195,3,1
C065,C065_F196,2,0
C065,C065_F197,0,0
C065,C065_F198,0,0
C065,C065_F199,1,0
C065,C065_F200,0,0
C065,C065_F201,1,2
C065,C065_F203,0,2
C065,C065_F204,0,1
C065,C065_F205,1,0
C065,C065_F206,1,0
C065,C065_F207,1,0
C065,C065_F208,1,3
C065,C065_F209,0,1
C065,C065_F210,1,1
C065,C065_F211,0,2
C065,C065_F212,0,1
C065,C065_F214,1,0
C065,C065_F216,1,1
C065,C065_F217,2,0
C065,C065_F219,0,1
C065,C065_F220,2,0
C065,C065_F221,2,0
C065,C065_F222,0,2
C065,C065_F223,3,1
C065,C065_F224,1,0
C065,C065_F225,1,1
C065,C065_F226,2,1
C065,C065_F228,2,0
C065,C065_F229,1,0
C065,C065_F230,0,0
C065,C065_F231,1,1
C065,C065_F232,1,2
C065,C065_F233,1,0
C065,C065_F234,0,0
C065,C065_F235,1,1
C065,C065_F236,1,0
C065,C065_F237,1,0
C065,C065_F238,0,2
C065,C065_F240,1,0
C067,C067_F001,1,2
C067,C067_F002,0,0
C067,C067_F003,2,2
C067,C067_F004,1,2
C067,C067_F005,1,0
C067,C067_F006,1,0
C067,C067_F007,1,1
C067,C067_F008,1,0
C067,C067_F009,2,1
C067,C067_F010,0,0
C067,C067_F011,0,0
C067,C067_F012,1,1
C067,C067_F013,0,0
C067,C067_F015,2,0
C067,C067_F016,1,0
C067,C067_F017,1,1
C067,C067_F018,0,0
C067,C067_F019,1,1
C067,C067_F020,0,0
C067,C067_F021,1,0
C067,C067_F023,1,1
C067,C067_F024,2,0
C067,C067_F026,0,0
C067,C067_F027,0,2
C067,C067_F028,1,1
C067,C067_F029,0,0
C067,C067_F030,0,0
C067,C067_F031,0,0
C067,C067_F032,1,1
C067,C067_F033,0,1
C067,C067_F034,0,0
C067,C067_F035,0,0
C067,C067_F036,1,0
C067,C067_F037,1,0
C067,C067_F038,1,0
C067,C067_F039,2,1
C067,C067_F040,0,0
C067,C067_F041,2,0
C067,C067_F042,0,1
C067,C067_F043,0,0
C067,C067_F044,1,0
C067,C067_F045,0,0
C067,C067_F046,1,0
C067,C067_F047,0,1
C067,C067_F048,0,0
C067,C067_F049,1,0
C067,C067_F050,1,0
C067,C067_F051,2,0
C067,C067_F052,0,1
C067,C067_F053,0,0
C067,C067_F054,1,0
C067,C067_F055,0,0
C067,C067_F056,1,0
C067,C067_F057,2,4
C067,C067_F058,1,1
C067,C067_F060,0,1
C067,C067_F061,2,1
C067,C067_F062,1,0
C067,C067_F063,0,1
C067,C067_F064,0,2
C067,C067_F065,1,0
C067,C067_F066,0,1
C067,C067_F067,0,0
C067,C067_F068,1,0
C067,C067_F070,0,0
C067,C067_F071,0,0
C067,C067_F072,1,0
C067,C067_F073,0,0
C067,C067_F074,1,0
C067,C067_F075,0,0
C067,C067_F076,1,1
C067,C067_F077,0,0
C067,C067_F078,1,0
C067,C067_F079,0,2
C067,C067_F080,0,1
C067,C067_F082,0,0
C067,C067_F083,1,0
C067,C067_F084,2,1
C067,C067_F085,1,1
C067,C067_F086,2,1
C067,C067_F087,0,0
C067,C067_F089,2,0
C067,C067_F090,1,0
C067,C067_F091,1,0
C067,C067_F092,0,1
C067,C067_F093,0,0
C067,C067_F094,0,0
C067,C067_F095,3,0
C067,C067_F096,1,0
C067,C067_F097,0,0
C067,C067_F098,1,2
C067,C067_F099,3,0
C067,C067_F100,2,2
C067,C067_F101,0,2
C067,C067_F103,0,0
C067,C067_F104,0,1
C067,C067_F105,0,0
C067,C067_F106,0,0
C067,C067_F107,3,0
C067,C067_F108,0,0
C067,C067_F109,2,0
C067,C067_F110,0,1
C067,C067_F111,0,0
C067,C067_F112,2,0
C067,C067_F113,0,0
C067,C067_F114,1,0
C067,C067_F115,1,0
C067,C067_F116,0,2
C067,C067_F117,0,0
C067,C067_F118,0,1
C067,C067_F119,0,0
C067,C067_F120,0,0
C067,C067_F121,1,1
C067,C067_F122,3,0
C067,C067_F123,1,2
C067,C067_F124,0,0
C067,C067_F125,0,1
C067,C067_F126,1,0
C067,C067_F127,1,1
C067,C067_F128,1,0
C067,C067_F129,0,0
C067,C067_F130,0,2
C067,C067_F131,0,0
C067,C067_F132,1,1
C067,C067_F133,1,0
C067,C067_F134,0,1
C067,C067_F135,1,1
C067,C067_F137,1,0
C067,C067_F138,1,0
C067,C067_F139,1,0
C067,C067_F140,1,2
C067,C067_F141,1,0
C067,C067_F142,1,0
C067,C067_F143,0,0
C067,C067_F144,1,0
C067,C067_F145,1,0
C067,C067_F146,0,1
C067,C067_F147,0,0
C067,C067_F148,0,0
C067,C067_F149,1,0
C067,C067_F150,1,0
C067,C067_F151,0,0
C067,C067_F152,1,0
C067,C067_F153,0,1
C067,C067_F154,1,0
C067,C067_F155,0,0
C067,C067_F156,1,1
C067,C067_F157,1,1
C067,C067_F158,0,1
C067,C067_F159,0,0
C067,C067_F160,1,0
C067,C067_F161,3,0
C067,C067_F162,1,1
C067,C067_F163,1,0
C067,C067_F164,1,0
C067,C067_F165,1,0
C067,C067_F166,2,0
C067,C067_F167,1,0
C067,C067_F168,0,0
C067,C067_F169,1,0
C067,C067_F170,1,1
C067,C067_F171,0,0
C067,C067_F172,0,0
C067,C067_F173,1,0
C067,C067_F174,1,0
C067,C067_F175,0,0
C067,C067_F177,1,0
C067,C067_F178,0,1
C067,C067_F179,0,1
C067,C067_F180,1,0
C067,C067_F181,0,0
C067,C067_F182,1,0
C067,C067_F183,0,2
C067,C067_F184,1,0
C067,C067_F185,1,1
C067,C067_F186,0,2
C067,C067_F187,0,0
C067,C067_F188,0,1
C067,C067_F189,1,0
C067,C067_F190,0,0
C067,C067_F191,1,0
C067,C067_F192,0,0
C067,C067_F193,0,0
C067,C067_F194,1,0
C067,C067_F195,1,0
C067,C067_F196,0,0
C067,C067_F197,1,0
C067,C067_F198,0,1
C067,C067_F199,1,1
C067,C067_F200,1,0
C067,C067_F201,0,1
C067,C067_F202,1,0
C067,C067_F204,0,1
C067,C067_F205,1,0
C067,C067_F206,0,0
C067,C067_F207,0,0
C067,C067_F208,0,1
C067,C067_F209,1,0
C067,C067_F210,0,2
C067,C067_F211,0,0
C067,C067_F212,1,1
C067,C067_F213,1,1
C067,C067_F214,0,1
C067,C067_F215,0,1
C067,C067_F216,0,1
C067,C067_F217,1,0
C067,C067_F218,0,0
C067,C067_F219,0,1
C067,C067_F220,1,1
C067,C067_F221,0,2
C067,C067_F222,2,0
C067,C067_F223,0,1
C067,C067_F224,0,1
C067,C067_F225,0,0
C067,C067_F226,1,0
C067,C067_F228,0,2
C067,C067_F229,1,2
C067,C067_F230,1,1
C067,C067_F231,0,0
C067,C067_F232,1,0
C067,C067_F233,0,0
C067,C067_F234,1,0
C067,C067_F235,0,0
C067,C067_F236,1,0
C067,C067_F237,1,1
C067,C067_F238,0,0
C067,C067_F239,1,0
C067,C067_F240,1,0
C067,C067_F241,0,0
C067,C067_F242,0,1
C067,C067_F244,2,0
C067,C067_F245,0,0
C067,C067_F246,0,1
C067,C067_F247,0,2
C067,C067_F248,1,0
C067,C067_F249,1,0
C067,C067_F250,2,0
C067,C067_F251,1,0
C067,C067_F252,0,0
C067,C067_F253,1,2
C067,C067_F254,0,0
C067,C067_F255,1,1
C067,C067_F257,1,0
C067,C067_F258,0,0
C067,C067_F260,1,1
C067,C067_F261,2,2
C067,C067_F262,0,0
C067,C067_F263,0,1
C067,C067_F264,0,1
C067,C067_F265,0,0
C067,C067_F266,1,0
C067,C067_F267,0,0
C067,C067_F268,0,2
C067,C067_F269,3,1
C067,C067_F270,0,1
C067,C067_F271,0,0
C067,C067_F272,1,1
C067,C067_F273,1,2
C067,C067_F274,2,0
C067,C067_F276,0,0
C067,C067_F277,1,0
C067,C067_F278,1,0
C067,C067_F279,0,1
C067,C067_F281,2,0
C067,C067_F283,0,0
C067,C067_F285,0,0
C067,C067_F286,1,1
C067,C067_F287,0,1
C067,C067_F288,1,0
C067,C067_F289,0,0
C067,C067_F290,0,1
C067,C067_F291,2,0
C067,C067_F292,0,0
C067,C067_F293,0,1
C067,C067_F294,0,0
C067,C067_F296,0,2
C067,C067_F297,0,0
C067,C067_F298,3,0
C067,C067_F299,0,0
C067,C067_F301,0,0
C067,C067_F302,1,1
C067,C067_F304,1,1
C067,C067_F305,0,0
C067,C067_F306,0,0
C067,C067_F307,0,1
C067,C067_F308,0,0
C067,C067_F309,1,1
C067,C067_F310,0,0
C067,C067_F311,0,0
C067,C067_F313,1,0
C067,C067_F314,0,0
C067,C067_F315,1,0
C067,C067_F317,1,2
C067,C067_F318,0,0
C067,C067_F319,2,2
C067,C067_F321,0,1
C067,C067_F322,0,1
C067,C067_F323,1,1
C067,C067_F324,1,1
C067,C067_F325,2,1
C067,C067_F326,0,0
C067,C067_F327,1,1
C067,C067_F328,1,1
C067,C067_F329,0,0
C067,C067_F330,1,1
C067,C067_F331,2,1
C067,C067_F332,2,3
C067,C067_F333,0,0
C067,C067_F334,2,0
C067,C067_F335,1,0
C067,C067_F336,0,0
C067,C067_F337,1,0
C067,C067_F338,0,1
C067,C067_F339,0,0
C067,C067_F340,1,2
C067,C067_F341,0,1
C067,C067_F343,0,1
C067,C067_F344,0,2
C067,C067_F345,0,1
C067,C067_F346,1,0
C067,C067_F347,1,1
C067,C067_F348,0,0
C067,C067_F349,1,0
C067,C067_F350,0,1
C067,C067_F351,2,0
C067,C067_F352,1,0
C067,C067_F353,0,2
C067,C067_F354,3,0
C067,C067_F355,3,1
C067,C067_F356,0,1
C067,C067_F357,0,0
C067,C067_F358,1,1
C067,C067_F359,0,0
C067,C067_F360,1,0
C067,C067_F361,0,0
C067,C067_F362,0,0
C067,C067_F363,0,1
C067,C067_F364,0,0
C067,C067_F365,1,0
C067,C067_F366,0,1
C067,C067_F367,0,0
C067,C067_F368,0,1
C067,C067_F370,0,0
C067,C067_F371,1,2
C067,C067_F372,2,0
C067,C067_F373,0,1
C067,C067_F375,0,1
C067,C067_F376,0,1
C067,C067_F377,1,0
C067,C067_F378,0,0
C067,C067_F379,1,0
C067,C067_F380,2,0
C067,C067_F381,1,3
C067,C067_F382,0,2
C067,C067_F383,3,0
C067,C067_F384,0,0
C067,C067_F386,1,0
C067,C067_F387,1,1
C067,C067_F388,1,1
C067,C067_F389,0,1
C067,C067_F390,0,0
C067,C067_F391,1,0
C067,C067_F392,0,1
C067,C067_F393,1,0
C067,C067_F394,0,2
C067,C067_F395,2,0
C067,C067_F396,0,1
C067,C067_F397,0,0
C067,C067_F398,0,1
C067,C067_F399,0,1
C067,C067_F400,1,0
C067,C067_F401,1,1
C067,C067_F402,1,1
C067,C067_F403,2,0
C067,C067_F404,1,0
C067,C067_F407,1,1
C067,C067_F408,1,0
C067,C067_F409,1,0
C067,C067_F410,0,0
C067,C067_F411,0,1
C067,C067_F412,1,0
C067,C067_F413,0,1
C067,C067_F414,1,2
C067,C067_F415,0,1
C067,C067_F416,1,0
C067,C067_F417,0,0
C067,C067_F418,1,0
C067,C067_F419,1,0
C067,C067_F420,1,0
C067,C067_F422,1,2
C067,C067_F423,0,0
C067,C067_F424,0,0
C067,C067_F425,2,1
C067,C067_F426,1,0
C067,C067_F427,0,0
C067,C067_F428,0,1
C067,C067_F429,0,1
C067,C067_F430,0,1
C067,C067_F431,0,0
C067,C067_F432,2,0
C067,C067_F433,0,1
C067,C067_F434,0,1
C067,C067_F435,2,0
C067,C067_F436,0,1
C067,C067_F438,0,0
C067,C067_F439,0,0
C067,C067_F440,0,0
C067,C067_F441,0,0
C067,C067_F442,2,0
C067,C067_F443,1,0
C067,C067_F444,0,0
C067,C067_F445,1,0
C067,C067_F446,1,0
C067,C067_F447,0,1
C067,C067_F448,1,1
C067,C067_F449,0,1
C067,C067_F450,1,0
C067,C067_F451,0,1
C067,C067_F452,0,0
C067,C067_F453,2,0
C067,C067_F454,1,1
C067,C067_F455,2,0
C067,C067_F456,1,1
C067,C067_F457,1,1
C067,C067_F458,0,0
C067,C067_F459,0,0
C067,C067_F461,1,1
C067,C067_F462,0,0
C067,C067_F463,1,0
C067,C067_F464,1,1
C067,C067_F465,0,0
C067,C067_F466,0,0
C067,C067_F468,0,1
C067,C067_F469,2,1
C067,C067_F470,0,0
C067,C067_F471,2,0
C067,C067_F473,0,0
C067,C067_F474,0,1
C067,C067_F475,0,0
C067,C067_F477,1,1
C067,C067_F478,1,1
C067,C067_F479,0,1
C067,C067_F480,0,1
C067,C067_F481,2,0
C067,C067_F482,0,0
C067,C067_F483,0,0
C067,C067_F484,2,0
C067,C067_F485,1,1
C067,C067_F486,1,0
C067,C067_F487,1,1
C067,C067_F490,1,0
C067,C067_F491,1,0
C067,C067_F492,1,0
C067,C067_F493,0,0
C067,C067_F494,1,0
C067,C067_F496,0,0
C067,C067_F498,0,1
C067,C067_F499,0,1
C067,C067_F500,1,0
C067,C067_F501,2,1
C067,C067_F502,0,1
C067,C067_F503,0,0
C067,C067_F504,0,0
C067,C067_F505,1,0
C067,C067_F506,1,0
C067,C067_F507,0,1
C067,C067_F508,2,0
C067,C067_F509,1,2
C067,C067_F510,2,0
C067,C067_F511,2,0
C067,C067_F512,0,1
C067,C067_F513,0,0
C067,C067_F514,1,0
C067,C067_F515,0,0
C067,C067_F516,0,0
C067,C067_F517,0,1
C067,C067_F518,3,1
C067,C067_F519,2,0
C067,C067_F521,0,0
C067,C067_F522,1,2
C067,C067_F523,0,1
C067,C067_F524,1,4
C067,C067_F526,0,1
C067,C067_F527,1,0
C067,C067_F528,1,2
C067,C067_F529,1,2
C067,C067_F530,1,1
C067,C067_F531,0,0
C067,C067_F532,1,1
C067,C067_F533,1,2
C067,C067_F534,1,0
C067,C067_F535,0,0
C067,C067_F536,0,0
C067,C067_F537,0,2
C067,C067_F538,2,1
C067,C067_F539,0,0
C067,C067_F540,0,0
C067,C067_F541,1,1
C067,C067_F542,0,0
C067,C067_F543,0,0
C067,C067_F544,1,0
C067,C067_F545,0,0
C067,C067_F546,0,1
C067,C067_F547,2,0
C067,C067_F548,1,1
C067,C067_F549,3,0
C067,C067_F550,1,0
C067,C067_F551,2,2
C067,C067_F552,0,0
C068,C068_F001,1,1
C068,C068_F002,0,0
C068,C068_F003,0,0
C068,C068_F004,0,0
C068,C068_F005,1,0
C068,C068_F006,0,0
C068,C068_F007,1,0
C068,C068_F008,1,0
C068,C068_F009,3,0
C068,C068_F010,0,0
C068,C068_F011,0,0
C068,C068_F012,0,2
C068,C068_F013,0,2
C068,C068_F014,0,0
C068,C068_F015,0,0
C068,C068_F016,2,1
C068,C068_F017,1,1
C068,C068_F018,1,0
C068,C068_F019,1,2
C068,C068_F020,0,1
C068,C068_F021,1,0
C068,C068_F022,0,1
C068,C068_F023,0,0
C068,C068_F024,2,0
C068,C068_F025,1,0
C068,C068_F026,1,0
C068,C068_F027,3,3
C068,C068_F028,1,1
C068,C068_F029,3,0
C068,C068_F030,1,1
C068,C068_F031,0,0
C068,C068_F032,0,1
C068,C068_F033,1,1
C068,C068_F034,3,0
C068,C068_F035,1,0
C068,C068_F036,1,0
C068,C068_F037,1,0
C068,C068_F038,0,0
C068,C068_F039,0,1
C068,C068_F040,0,3
C068,C068_F041,0,0
C068,C068_F042,0,0
C068,C068_F043,1,1
C068,C068_F044,1,0
C068,C068_F045,0,0
C068,C068_F046,0,0
C068,C068_F047,0,1
C068,C068_F049,0,1
C068,C068_F050,0,0
C068,C068_F051,0,1
C068,C068_F052,1,0
C068,C068_F053,0,3
C068,C068_F054,2,1
C068,C068_F055,0,0
C068,C068_F056,0,0
C068,C068_F057,1,1
C068,C068_F058,1,0
C068,C068_F059,1,0
C068,C068_F060,1,1
C068,C068_F061,1,0
C068,C068_F062,1,1
C068,C068_F063,0,1
C068,C068_F064,0,1
C068,C068_F065,0,2
C068,C068_F066,2,0
C068,C068_F067,1,2
C068,C068_F068,1,1
C068,C068_F069,0,1
C068,C068_F070,1,0
C068,C068_F071,1,0
C068,C068_F072,0,0
C068,C068_F073,1,2
C068,C068_F074,1,2
C068,C068_F075,1,0
C068,C068_F076,1,1
C068,C068_F077,0,0
C068,C068_F078,0,2
C068,C068_F079,1,0
C068,C068_F080,0,1
C068,C068_F081,2,0
C068,C068_F083,0,1
C068,C068_F084,1,1
C068,C068_F085,1,0
C068,C068_F086,0,2
C068,C068_F087,1,0
C068,C068_F088,1,1
C068,C068_F089,0,2
C068,C068_F090,2,0
C068,C068_F091,1,1
C068,C068_F092,1,0
C068,C068_F093,0,1
C068,C068_F094,0,0
C068,C068_F095,1,1
C068,C068_F096,2,0
C068,C068_F097,0,0
C068,C068_F098,0,0
C068,C068_F099,1,0
C068,C068_F100,1,1
C068,C068_F101,0,0
C068,C068_F102,0,2
C068,C068_F103,1,0
C068,C068_F104,0,2
C068,C068_F106,1,0
C068,C068_F108,0,0
C068,C068_F109,1,0
C068,C068_F110,0,0
C068,C068_F111,0,0
C068,C068_F112,1,2
C068,C068_F113,0,1
C068,C068_F114,1,0
C068,C068_F115,0,0
C068,C068_F116,1,0
C068,C068_F117,1,0
C068,C068_F118,0,0
C068,C068_F119,1,1
C068,C068_F120,0,0
C068,C068_F121,0,0
C068,C068_F122,0,1
C068,C068_F123,1,1
C068,C068_F124,1,0
C068,C068_F125,0,0
C068,C068_F126,0,3
C068,C068_F127,1,0
C068,C068_F128,0,0
C068,C068_F129,0,2
C068,C068_F130,1,0
C068,C068_F131,1,0
C068,C068_F132,0,1
C068,C068_F133,0,0
C068,C068_F134,1,0
C068,C068_F135,1,2
C068,C068_F136,2,1
C068,C068_F138,1,1
C068,C068_F139,0,0
C068,C068_F140,1,0
C068,C068_F141,0,1
C068,C068_F142,1,0
C068,C068_F143,3,1
C068,C068_F145,1,3
C068,C068_F146,0,0
C068,C068_F147,1,0
C068,C068_F148,0,2
C068,C068_F149,0,0
C068,C068_F150,2,0
C068,C068_F151,0,0
C068,C068_F152,0,1
C068,C068_F153,1,0
C068,C068_F154,0,1
C068,C068_F155,0,0
C068,C068_F156,1,0
C068,C068_F157,1,0
C068,C068_F158,1,0
C068,C068_F159,0,1
C068,C068_F160,0,0
C068,C068_F161,2,0
C068,C068_F162,0,1
C068,C068_F163,1,1
C068,C068_F164,1,1
C068,C068_F165,1,0
C068,C068_F166,1,0
C068,C068_F167,0,1
C068,C068_F168,0,0
C068,C068_F169,1,0
C068,C068_F170,0,2
C068,C068_F171,0,0
C068,C068_F172,0,0
C068,C068_F173,1,0
C068,C068_F174,0,1
C068,C068_F175,1,0
C068,C068_F176,1,1
C068,C068_F177,1,0
C068,C068_F178,1,1
C068,C068_F179,0,3
C068,C068_F180,2,0
C069,C069_F002,0,0
C069,C069_F003,1,0
C069,C069_F004,0,0
C069,C069_F005,0,1
C069,C069_F006,2,0
C069,C069_F007,1,0
C069,C069_F008,0,3
C069,C069_F009,3,1
C069,C069_F010,1,1
C069,C069_F011,0,1
C069,C069_F012,0,1
C069,C069_F013,3,0
C069,C069_F014,1,1
C069,C069_F016,1,2
C069,C069_F018,1,1
C069,C069_F019,1,1
C069,C069_F020,1,0
C069,C069_F021,1,0
C069,C069_F022,1,2
C069,C069_F023,0,0
C069,C069_F024,0,0
C069,C069_F025,1,0
C069,C069_F026,2,0
C069,C069_F027,2,0
C069,C069_F028,2,0
C069,C069_F029,2,1
C069,C069_F030,0,1
C069,C069_F033,1,0
C069,C069_F034,0,0
C069,C069_F035,1,0
C069,C069_F036,1,0
C069,C069_F037,2,1
C069,C069_F039,1,1
C069,C069_F040,0,1
C069,C069_F041,1,0
C069,C069_F042,1,0
C069,C069_F043,1,0
C069,C069_F045,2,0
C069,C069_F046,1,1
C069,C069_F048,1,2
C069,C069_F049,0,1
C069,C069_F050,0,1
C069,C069_F052,0,0
C069,C069_F053,0,0
C069,C069_F054,2,1
C069,C069_F055,0,0
C069,C069_F056,0,0
C069,C069_F057,1,0
C069,C069_F058,0,0
C069,C069_F059,0,0
C069,C069_F060,1,0
C069,C069_F061,0,3
C069,C069_F062,0,0
C069,C069_F063,1,0
C069,C069_F064,1,1
C069,C069_F065,1,0
C069,C069_F068,1,0
C069,C069_F069,0,1
C069,C069_F070,2,0
C069,C069_F071,0,1
C069,C069_F072,2,1
C069,C069_F073,1,1
C069,C069_F074,1,0
C069,C069_F076,0,0
C069,C069_F078,1,0
C069,C069_F079,1,2
C069,C069_F080,1,2
C069,C069_F081,0,1
C069,C069_F082,1,0
C069,C069_F083,1,1
C069,C069_F084,0,2
C069,C069_F085,0,0
C069,C069_F086,1,1
C069,C069_F087,2,0
C069,C069_F088,0,0
C069,C069_F089,0,2
C069,C069_F090,1,0
C069,C069_F091,1,1
C069,C069_F092,0,1
C069,C069_F093,0,3
C069,C069_F094,0,0
C069,C069_F095,0,1
C069,C069_F096,1,0
C069,C069_F097,0,1
C069,C069_F098,0,0
C069,C069_F099,1,0
C069,C069_F100,0,1
C069,C069_F102,0,0
C069,C069_F103,0,1
C069,C069_F104,0,1
C069,C069_F105,2,1
C069,C069_F106,2,0
C069,C069_F107,1,0
C069,C069_F109,0,0
C069,C069_F110,0,0
C069,C069_F111,0,0
C069,C069_F112,0,1
C069,C069_F113,0,0
C069,C069_F114,0,1
C069,C069_F115,1,0
C069,C069_F116,0,0
C069,C069_F118,2,0
C069,C069_F119,2,1
C069,C069_F120,1,0
C069,C069_F121,0,0
C069,C069_F122,0,1
C069,C069_F123,1,0
C069,C069_F124,0,0
C069,C069_F125,1,1
C069,C069_F126,0,1
C069,C069_F127,0,2
C069,C069_F128,0,0
C069,C069_F129,0,1
C069,C069_F130,1,1
C069,C069_F131,0,0
C069,C069_F133,0,0
C069,C069_F134,1,1
C069,C069_F135,1,0
C069,C069_F136,1,0
C069,C069_F137,1,2
C069,C069_F138,1,2
C069,C069_F139,0,0
C069,C069_F140,2,1
C069,C069_F141,0,1
C069,C069_F142,1,0
C069,C069_F143,3,0
C069,C069_F144,1,1
C069,C069_F145,1,0
C069,C069_F146,2,1
C069,C069_F147,1,0
C069,C069_F149,1,0
C069,C069_F150,1,0
C069,C069_F151,0,0
C069,C069_F152,2,1
C069,C069_F153,0,1
C069,C069_F154,0,2
C069,C069_F155,0,0
C069,C069_F156,1,0
C069,C069_F157,1,0
C069,C069_F158,0,0
C069,C069_F159,0,1
C069,C069_F160,1,0
C069,C069_F161,2,0
C069,C069_F162,2,0
C069,C069_F163,1,1
C069,C069_F164,1,0
C069,C069_F165,0,1
C069,C069_F167,2,0
C069,C069_F169,1,1
C069,C069_F170,1,0
C069,C069_F171,1,0
C069,C069_F172,4,0
C069,C069_F173,0,0
C069,C069_F174,0,0
C069,C069_F175,0,0
C069,C069_F176,1,1
C069,C069_F177,1,0
C069,C069_F178,2,0
C069,C069_F179,0,0
C069,C069_F180,0,0
C069,C069_F181,2,0
C069,C069_F182,0,0
C069,C069_F183,0,0
C069,C069_F184,0,0
C069,C069_F185,0,0
C069,C069_F186,1,0
C069,C069_F187,0,0
C069,C069_F188,1,0
C069,C069_F189,1,0
C069,C069_F190,1,0
C069,C069_F192,0,0
C069,C069_F194,1,0
C069,C069_F195,0,3
C069,C069_F196,1,2
C069,C069_F197,0,0
C069,C069_F198,1,2
C069,C069_F199,1,2
C069,C069_F200,0,1
C069,C069_F201,0,0
C069,C069_F202,1,1
C069,C069_F203,1,0
C069,C069_F204,3,0
C069,C069_F205,1,1
C069,C069_F206,0,0
C069,C069_F207,2,0
C069,C069_F208,1,0
C069,C069_F209,0,0
C069,C069_F210,1,0
C069,C069_F211,0,1
C069,C069_F212,1,2
C069,C069_F213,0,1
C069,C069_F214,0,0
C069,C069_F215,1,1
C069,C069_F216,0,0
C069,C069_F217,2,0
C069,C069_F218,1,0
C069,C069_F220,2,0
C069,C069_F221,0,1
C069,C069_F223,1,1
C069,C069_F224,2,0
C069,C069_F225,1,1
C069,C069_F226,0,0
C069,C069_F227,1,1
C069,C069_F228,1,0
C069,C069_F229,0,1
C069,C069_F230,0,2
C069,C069_F231,0,0
C069,C069_F232,1,0
C069,C069_F233,0,0
C069,C069_F234,1,1
C069,C069_F235,0,0
C069,C069_F236,0,0
C069,C069_F238,0,0
C069,C069_F240,0,2
C069,C069_F241,0,0
C069,C069_F242,0,0
C069,C069_F245,1,0
C069,C069_F247,0,0
C069,C069_F248,1,0
C069,C069_F249,0,0
C069,C069_F250,3,1
C069,C069_F251,0,1
C069,C069_F253,1,1
C069,C069_F254,0,1
C069,C069_F255,1,1
C069,C069_F256,0,0
C069,C069_F257,2,1
C069,C069_F259,0,0
C069,C069_F260,3,0
C069,C069_F261,0,1
C069,C069_F262,1,2
C069,C069_F263,1,0
C069,C069_F264,0,1
C069,C069_F265,2,0
C069,C069_F266,0,1
C069,C069_F267,0,1
C069,C069_F269,1,2
C069,C069_F270,1,0
C069,C069_F271,1,0
C069,C069_F272,2,1
C069,C069_F273,1,0
C069,C069_F274,1,0
C069,C069_F275,1,0
C069,C069_F276,1,0
C069,C069_F277,0,0
C069,C069_F278,1,0
C069,C069_F279,0,1
C069,C069_F280,0,0
C069,C069_F282,0,1
C069,C069_F283,1,0
C069,C069_F284,0,0
C069,C069_F285,0,1
C069,C069_F286,1,0
C069,C069_F287,3,3
C069,C069_F288,0,0
C069,C069_F289,0,1
C069,C069_F290,1,1
C069,C069_F291,0,0
C069,C069_F292,1,1
C069,C069_F293,2,0
C069,C069_F294,1,0
C069,C069_F295,1,0
C069,C069_F297,0,0
C069,C069_F298,2,0
C069,C069_F299,0,0
C069,C069_F300,0,0
C069,C069_F302,0,0
C069,C069_F303,1,1
C069,C069_F304,0,0
C069,C069_F305,1,0
C069,C069_F306,0,0
C069,C069_F307,1,1
C069,C069_F308,1,4
C069,C069_F309,0,2
C069,C069_F310,0,0
C069,C069_F311,0,0
C069,C069_F312,0,1
C069,C069_F313,0,1
C069,C069_F314,2,0
C069,C069_F315,0,0
C069,C069_F316,1,0
C069,C069_F317,0,0
C069,C069_F318,1,0
C069,C069_F319,0,0
C069,C069_F321,0,2
C069,C069_F322,1,0
C069,C069_F323,0,0
C069,C069_F324,0,2
C069,C069_F325,1,0
C069,C069_F326,0,2
C069,C069_F327,0,0
C069,C069_F329,1,1
C069,C069_F331,0,1
C069,C069_F332,0,0
C069,C069_F333,1,0
C069,C069_F334,0,0
C069,C069_F335,1,0
C069,C069_F336,1,0
C069,C069_F337,0,1
C069,C069_F339,0,0
C069,C069_F342,1,1
C069,C069_F343,2,0
C069,C069_F344,0,0
C069,C069_F345,3,1
C069,C069_F346,0,2
C069,C069_F347,0,0
C069,C069_F348,1,3
C069,C069_F349,0,0
C069,C069_F350,1,0
C069,C069_F351,0,2
C069,C069_F352,0,0
C069,C069_F353,1,1
C069,C069_F354,1,0
C069,C069_F355,0,0
C069,C069_F356,0,0
C069,C069_F357,0,0
C069,C069_F358,1,0
C069,C069_F359,0,0
C069,C069_F360,0,1
C069,C069_F361,1,3
C069,C069_F362,1,1
C069,C069_F364,0,1
C069,C069_F365,1,1
C069,C069_F367,0,0
C069,C069_F368,0,0
C069,C069_F369,1,0
C069,C069_F370,0,0
C069,C069_F371,3,1
C069,C069_F372,1,0
C069,C069_F373,2,1
C069,C069_F374,0,0
C069,C069_F375,0,2
C069,C069_F376,2,0
C069,C069_F377,0,0
C069,C069_F378,0,1
C069,C069_F379,2,1
C069,C069_F380,3,0
C070,C070_F001,4,1
C070,C070_F002,3,0
C070,C070_F003,2,0
C070,C070_F004,1,0
C070,C070_F005,0,0
C070,C070_F006,2,0
C070,C070_F007,0,0
C070,C070_F008,3,0
C070,C070_F009,0,0
C070,C070_F010,2,0
C070,C070_F011,1,1
C070,C070_F012,1,0
C070,C070_F014,1,0
C070,C070_F015,1,0
C070,C070_F016,0,0
C070,C070_F017,0,1
C070,C070_F018,1,0
C070,C070_F019,0,0
C070,C070_F020,0,1
C070,C070_F021,0,0
C070,C070_F022,1,0
C070,C070_F023,0,0
C070,C070_F024,1,0
C070,C070_F025,4,1
C070,C070_F026,1,0
C070,C070_F027,2,0
C070,C070_F028,0,2
C070,C070_F029,0,0
C070,C070_F030,0,0
C070,C070_F031,0,1
C070,C070_F032,2,2
C070,C070_F033,1,0
C070,C070_F034,0,1
C070,C070_F035,1,1
C070,C070_F036,0,0
C070,C070_F037,0,1
C070,C070_F038,3,0
C070,C070_F039,2,0
C070,C070_F040,2,1
C070,C070_F041,0,1
C070,C070_F042,0,5
C070,C070_F043,0,0
C070,C070_F044,1,0
C070,C070_F045,1,0
C070,C070_F046,3,2
C070,C070_F047,0,3
C070,C070_F048,1,0
C070,C070_F049,0,0
C070,C070_F050,1,0
C070,C070_F051,0,1
C070,C070_F052,0,1
C070,C070_F053,0,4
C070,C070_F054,0,1
C070,C070_F055,1,0
C070,C070_F056,3,0
C070,C070_F058,0,1
C070,C070_F059,2,0
C070,C070_F060,2,0
C070,C070_F061,0,0
C070,C070_F062,2,0
C070,C070_F064,1,1
C070,C070_F065,1,1
C070,C070_F066,0,0
C070,C070_F067,0,1
C070,C070_F068,2,0
C070,C070_F069,0,1
C070,C070_F071,3,0
C070,C070_F072,0,0
C070,C070_F073,2,1
C070,C070_F074,2,0
C070,C070_F075,3,0
C070,C070_F076,0,0
C070,C070_F077,0,2
C070,C070_F079,0,0
C070,C070_F080,1,1
C070,C070_F081,1,1
C070,C070_F082,1,1
C070,C070_F083,0,1
C070,C070_F084,0,1
C070,C070_F085,0,1
C070,C070_F086,1,2
C070,C070_F087,1,0
C070,C070_F088,1,1
C070,C070_F089,5,1
C070,C070_F090,1,0
C070,C070_F091,0,1
C070,C070_F092,0,2
C070,C070_F093,0,1
C070,C070_F094,1,0
C070,C070_F095,0,1
C070,C070_F096,0,0
C070,C070_F097,0,2
C070,C070_F098,1,1
C070,C070_F099,0,1
C070,C070_F100,1,2
C070,C070_F101,3,0
C070,C070_F102,0,1
C070,C070_F103,1,1
C070,C070_F104,0,0
C070,C070_F105,1,0
C070,C070_F106,0,1
C070,C070_F107,0,0
C070,C070_F108,1,1
C070,C070_F109,2,0
C070,C070_F110,1,1
C070,C070_F111,0,0
C070,C070_F112,2,0
C070,C070_F113,4,0
C070,C070_F114,0,0
C070,C070_F115,0,3
C070,C070_F116,0,0
C070,C070_F118,2,0
C070,C070_F119,1,0
C070,C070_F120,0,0
C070,C070_F121,1,1
C070,C070_F122,1,0
C070,C070_F123,2,1
C070,C070_F124,0,1
C070,C070_F125,3,1
C070,C070_F126,2,0
C070,C070_F127,1,1
C070,C070_F128,1,1
C070,C070_F129,0,1
C070,C070_F130,0,1
C070,C070_F131,0,1
C070,C070_F132,0,0
C070,C070_F133,1,1
C070,C070_F134,0,0
C070,C070_F135,3,0
C070,C070_F136,1,1
C070,C070_F137,0,1
C070,C070_F139,1,0
C070,C070_F140,1,2
C070,C070_F141,2,1
C070,C070_F142,0,2
C070,C070_F143,1,0
C070,C070_F144,0,1
C070,C070_F145,1,1
C070,C070_F147,1,0
C070,C070_F148,2,0
C070,C070_F149,1,0
C070,C070_F150,1,0
C070,C070_F151,2,0
C070,C070_F152,3,0
C070,C070_F153,1,1
C070,C070_F154,1,1
C070,C070_F155,1,1
C070,C070_F156,0,0
C070,C070_F157,1,0
C070,C070_F158,2,1
C070,C070_F159,2,0
C070,C070_F160,2,2
C070,C070_F161,2,2
C070,C070_F162,1,1
C070,C070_F164,2,0
C070,C070_F165,0,1
C070,C070_F166,0,0
C070,C070_F167,2,0
C070,C070_F168,1,0
C070,C070_F169,3,0
C070,C070_F170,1,0
C070,C070_F171,2,0
C070,C070_F172,0,1
C070,C070_F173,1,2
C070,C070_F174,1,0
C070,C070_F175,1,1
C070,C070_F176,1,1
C070,C070_F177,1,3
C070,C070_F178,0,0
C070,C070_F179,1,0
C070,C070_F180,0,0
C070,C070_F181,1,1
C070,C070_F182,1,2
C070,C070_F183,0,1
C070,C070_F184,0,0
C070,C070_F185,1,0
C070,C070_F186,1,1
C070,C070_F187,1,3
C070,C070_F188,0,0
C070,C070_F189,2,0
C070,C070_F190,1,1
C070,C070_F191,3,0
C070,C070_F192,0,2
C070,C070_F193,0,0
C070,C070_F194,0,1
C070,C070_F195,0,2
C070,C070_F197,3,0
C070,C070_F198,2,2
C070,C070_F199,2,0
C070,C070_F200,3,0
C070,C070_F201,0,0
C070,C070_F202,0,1
C070,C070_F203,1,0
C070,C070_F204,1,0
C070,C070_F205,1,0
C070,C070_F206,0,2
C070,C070_F207,2,1
C070,C070_F208,0,0
C070,C070_F209,0,0
C070,C070_F210,0,1
C070,C070_F211,0,0
C070,C070_F212,0,2
C070,C070_F213,2,0
C070,C070_F214,2,3
C070,C070_F215,1,0
C070,C070_F216,2,0
C070,C070_F217,0,0
C070,C070_F218,1,0
C070,C070_F219,0,0
C070,C070_F220,2,1
C070,C070_F221,1,0
C070,C070_F222,0,0
C070,C070_F223,0,0
C070,C070_F224,0,1
C070,C070_F225,1,1
C070,C070_F226,1,0
C070,C070_F227,1,0
C070,C070_F228,1,0
C070,C070_F230,4,0
C070,C070_F231,0,1
C070,C070_F232,0,1
C070,C070_F233,0,0
C070,C070_F234,0,0
C070,C070_F235,0,0
C070,C070_F236,3,1
C070,C070_F238,0,1
C070,C070_F239,1,1
C070,C070_F240,1,1
C070,C070_F241,1,0
C070,C070_F242,2,1
C070,C070_F243,0,0
C070,C070_F244,3,2
C070,C070_F245,0,0
C070,C070_F246,0,0
C070,C070_F247,1,0
C070,C070_F248,0,0
C070,C070_F249,0,0
C070,C070_F250,2,3
C070,C070_F251,0,0
C070,C070_F252,0,0
C070,C070_F253,0,0
C070,C070_F254,0,0
C070,C070_F255,0,0
C070,C070_F256,4,1
C070,C070_F257,0,0
C070,C070_F259,0,0
C070,C070_F260,1,0
C070,C070_F261,1,0
C070,C070_F262,0,4
C070,C070_F263,0,1
C070,C070_F264,0,1
C070,C070_F265,1,1
C070,C070_F266,1,0
C070,C070_F267,1,0
C070,C070_F268,1,0
C070,C070_F269,2,0
C070,C070_F270,2,2
C070,C070_F271,2,1
C070,C070_F272,0,3
C070,C070_F273,0,1
C070,C070_F274,0,0
C070,C070_F275,0,2
C070,C070_F276,2,0
C070,C070_F277,3,1
C070,C070_F279,0,1
C070,C070_F280,1,0
C070,C070_F281,3,0
C070,C070_F282,0,1
C070,C070_F283,2,0
C070,C070_F284,0,0
C070,C070_F285,0,3
C070,C070_F286,1,3
C070,C070_F287,1,0
C070,C070_F288,3,0
C070,C070_F289,1,1
C070,C070_F290,0,1
C070,C070_F291,4,0
C070,C070_F292,0,0
C070,C070_F293,0,0
C070,C070_F294,1,1
C070,C070_F295,1,0
C070,C070_F296,1,0
C070,C070_F297,1,0
C070,C070_F298,2,0
C070,C070_F299,0,1
C070,C070_F300,1,0
C070,C070_F301,2,0
C070,C070_F302,1,0
C070,C070_F303,1,0
C070,C070_F304,1,1
C070,C070_F306,0,1
C071,C071_F001,0,0
C071,C071_F002,0,0
C071,C071_F003,1,0
C071,C071_F004,2,0
C071,C071_F006,0,0
C071,C071_F007,0,1
C071,C071_F009,0,0
C071,C071_F010,2,1
C071,C071_F012,0,0
C071,C071_F013,0,0
C071,C071_F014,0,0
C071,C071_F015,1,1
C071,C071_F016,0,2
C071,C071_F017,0,0
C071,C071_F018,0,0
C071,C071_F019,0,0
C071,C071_F020,1,0
C071,C071_F021,1,1
C071,C071_F022,1,0
C071,C071_F023,2,0
C071,C071_F024,0,1
C071,C071_F026,1,0
C071,C071_F027,0,0
C071,C071_F028,3,1
C071,C071_F029,1,0
C071,C071_F030,0,0
C071,C071_F031,0,1
C071,C071_F032,0,0
C071,C071_F033,4,0
C071,C071_F034,1,2
C071,C071_F035,0,0
C071,C071_F037,0,1
C071,C071_F038,0,0
C071,C071_F039,2,2
C071,C071_F040,0,0
C071,C071_F041,0,3
C071,C071_F043,0,1
C071,C071_F044,0,0
C071,C071_F045,0,1
C071,C071_F047,1,0
C071,C071_F048,1,1
C071,C071_F049,1,0
C071,C071_F050,2,0
C071,C071_F051,0,0
C071,C071_F052,0,0
C071,C071_F053,1,0
C071,C071_F054,0,0
C071,C071_F055,1,1
C071,C071_F056,1,0
C071,C071_F057,0,2
C071,C071_F058,1,0
C071,C071_F059,0,0
C071,C071_F060,1,0
C071,C071_F061,1,0
C071,C071_F062,0,2
C071,C071_F063,0,0
C071,C071_F064,1,0
C071,C071_F065,1,3
C071,C071_F066,0,0
C071,C071_F067,2,1
C071,C071_F068,1,2
C071,C071_F069,0,1
C071,C071_F070,0,1
C071,C071_F071,1,0
C071,C071_F074,2,1
C071,C071_F075,1,0
C071,C071_F076,1,0
C071,C071_F077,2,2
C071,C071_F078,0,0
C071,C071_F079,1,1
C071,C071_F080,0,0
C071,C071_F081,1,1
C071,C071_F082,3,0
C071,C071_F083,0,0
C071,C071_F084,0,0
C071,C071_F085,0,0
C071,C071_F086,0,0
C071,C071_F087,0,1
C071,C071_F088,0,0
C071,C071_F089,0,0
C071,C071_F090,1,0
C071,C071_F091,3,1
C071,C071_F093,1,0
C071,C071_F094,0,1
C071,C071_F095,0,1
C071,C071_F097,0,1
C071,C071_F098,0,0
C071,C071_F099,0,3
C071,C071_F100,2,1
C071,C071_F101,2,1
C071,C071_F102,1,1
C071,C071_F103,1,1
C071,C071_F105,0,2
C071,C071_F106,1,0
C071,C071_F107,2,0
C071,C071_F108,1,1
C071,C071_F109,0,0
C071,C071_F110,0,0
C071,C071_F111,0,1
C071,C071_F112,0,3
C071,C071_F113,1,0
C071,C071_F114,0,0
C071,C071_F115,0,0
C071,C071_F116,0,0
C071,C071_F117,1,0
C071,C071_F118,2,0
C071,C071_F120,1,0
C071,C071_F121,1,0
C071,C071_F122,0,1
C071,C071_F123,2,0
C071,C071_F124,2,1
C071,C071_F125,0,0
C071,C071_F126,0,1
C071,C071_F127,1,0
C071,C071_F128,0,0
C071,C071_F129,1,1
C071,C071_F130,0,1
C071,C071_F132,0,1
C071,C071_F133,1,0
C071,C071_F135,2,0
C071,C071_F136,0,0
C071,C071_F138,0,2
C071,C071_F139,1,1
C071,C071_F140,1,1
C071,C071_F141,0,0
C071,C071_F142,0,0
C071,C071_F143,0,0
C071,C071_F144,0,0
C071,C071_F145,0,1
C071,C071_F146,0,2
C071,C071_F147,2,0
C071,C071_F148,1,0
C071,C071_F149,0,0
C071,C071_F150,1,1
C071,C071_F151,1,0
C071,C071_F152,0,0
C071,C071_F153,1,1
C071,C071_F154,0,0
C071,C071_F156,0,1
C071,C071_F157,0,0
C071,C071_F158,0,0
C071,C071_F159,2,0
C071,C071_F160,0,1
C071,C071_F161,1,0
C071,C071_F162,0,0
C071,C071_F163,1,1
C071,C071_F164,0,1
C071,C071_F165,0,0
C071,C071_F166,1,1
C071,C071_F167,1,0
C071,C071_F169,0,0
C071,C071_F170,0,0
C071,C071_F171,1,0
C071,C071_F172,1,0
C071,C071_F173,1,0
C071,C071_F174,0,1
C071,C071_F175,0,0
C071,C071_F176,1,0
C071,C071_F177,2,0
C071,C071_F178,0,2
C071,C071_F179,0,0
C071,C071_F180,1,2
C071,C071_F181,0,2
C071,C071_F182,0,0
C071,C071_F183,0,1
C071,C071_F184,0,1
C071,C071_F186,1,1
C071,C071_F187,1,1
C071,C071_F188,2,0
C071,C071_F189,0,1
C071,C071_F190,2,0
C071,C071_F191,0,0
C071,C071_F192,1,0
C071,C071_F193,1,1
C071,C071_F194,0,1
C071,C071_F195,1,0
C071,C071_F196,0,1
C071,C071_F197,2,1
C071,C071_F198,0,1
C071,C071_F199,0,0
C071,C071_F200,0,0
C071,C071_F201,0,0
C071,C071_F202,0,1
C071,C071_F203,0,0
C071,C071_F205,1,0
C071,C071_F206,0,0
C071,C071_F207,1,1
C071,C071_F209,3,0
C071,C071_F210,0,1
C071,C071_F211,0,0
C071,C071_F212,0,0
C071,C071_F213,0,0
C071,C071_F214,1,1
C071,C071_F215,0,0
C071,C071_F217,0,1
C071,C071_F218,1,1
C071,C071_F219,1,0
C071,C071_F220,0,0
C071,C071_F221,0,0
C071,C071_F222,1,1
C071,C071_F223,2,2
C071,C071_F224,1,0
C071,C071_F225,1,0
C071,C071_F226,0,0
C071,C071_F228,0,1
C071,C071_F229,1,0
C071,C071_F230,0,1
C071,C071_F231,2,0
C071,C071_F232,1,0
C071,C071_F233,0,0
C071,C071_F234,2,0
C071,C071_F235,1,0
C071,C071_F236,0,1
C071,C071_F237,0,1
C071,C071_F238,1,0
C071,C071_F239,0,1
C071,C071_F240,1,0
C071,C071_F241,0,1
C071,C071_F242,1,0
C071,C071_F243,0,1
C071,C071_F244,1,0
C071,C071_F245,1,0
C071,C071_F246,1,1
C071,C071_F247,0,0
C071,C071_F248,1,2
C071,C071_F249,0,0
C071,C071_F250,0,0
C071,C071_F251,1,1
C071,C071_F252,1,0
C071,C071_F253,0,0
C071,C071_F254,0,2
C071,C071_F255,0,1
C071,C071_F256,1,1
C071,C071_F257,1,3
C071,C071_F258,0,1
C071,C071_F259,0,3
C071,C071_F260,2,0
C071,C071_F261,0,0
C071,C071_F262,0,0
C071,C071_F263,0,0
C071,C071_F264,0,1
C071,C071_F265,1,0
C071,C071_F266,0,0
C071,C071_F267,0,0
C071,C071_F268,0,0
C071,C071_F269,0,1
C071,C071_F270,3,0
C071,C071_F272,1,0
C071,C071_F273,0,0
C071,C071_F274,0,1
C071,C071_F275,1,0
C071,C071_F276,0,1
C071,C071_F277,0,2
C071,C071_F278,0,1
C071,C071_F279,1,0
C071,C071_F280,1,1
C071,C071_F281,1,0
C071,C071_F282,1,1
C071,C071_F283,1,0
C071,C071_F284,1,0
C071,C071_F285,2,0
C071,C071_F286,0,0
C071,C071_F287,0,0
C071,C071_F288,0,1
C071,C071_F289,0,0
C071,C071_F290,1,0
C071,C071_F291,2,0
C071,C071_F293,0,0
C071,C071_F294,1,0
C071,C071_F295,0,0
C071,C071_F296,0,0
C071,C071_F297,0,1
C071,C071_F299,1,0
C071,C071_F300,1,1
C071,C071_F301,2,0
C071,C071_F302,0,0
C071,C071_F303,0,0
C071,C071_F304,2,0
C071,C071_F305,1,1
C071,C071_F306,1,0
C071,C071_F307,1,0
C071,C071_F308,0,0
C071,C071_F309,0,1
C071,C071_F310,0,0
C071,C071_F311,0,0
C071,C071_F312,0,1
C071,C071_F313,3,0
C071,C071_F314,0,0
C071,C071_F315,1,0
C071,C071_F316,1,0
C071,C071_F318,2,2
C071,C071_F319,1,1
C071,C071_F320,0,1
C071,C071_F321,0,0
C071,C071_F322,0,2
C071,C071_F323,0,1
C071,C071_F324,1,1
C071,C071_F326,0,0
C071,C071_F327,0,1
C071,C071_F328,0,1
C071,C071_F329,1,0
C071,C071_F330,1,1
C071,C071_F331,3,0
C071,C071_F333,1,0
C071,C071_F334,1,0
C071,C071_F335,0,1
C071,C071_F336,3,1
C071,C071_F337,2,0
C071,C071_F338,0,1
C071,C071_F340,2,0
C071,C071_F341,3,1
C071,C071_F342,1,1
C071,C071_F343,4,1
C071,C071_F344,1,1
C071,C071_F345,1,1
C071,C071_F346,2,0
C071,C071_F348,3,0
C071,C071_F349,0,0
C071,C071_F350,0,1
C071,C071_F351,1,1
C071,C071_F352,0,2
C071,C071_F353,0,0
C071,C071_F354,2,0
C071,C071_F355,0,2
C071,C071_F356,0,0
C071,C071_F357,0,1
C071,C071_F358,3,0
C071,C071_F359,0,1
C071,C071_F360,0,0
C071,C071_F362,1,0
C071,C071_F363,0,1
C071,C071_F365,2,0
C071,C071_F366,3,0
C071,C071_F367,0,1
C071,C071_F368,1,0
C071,C071_F369,0,0
C071,C071_F370,2,1
C071,C071_F371,0,0
C071,C071_F372,1,1
C071,C071_F373,0,0
C071,C071_F374,0,0
C071,C071_F375,0,0
C071,C071_F376,0,0
C071,C071_F377,0,0
C071,C071_F378,2,0
C071,C071_F379,0,0
C071,C071_F380,0,0
C072,C072_F001,0,1
C072,C072_F002,2,1
C072,C072_F003,1,0
C072,C072_F004,1,1
C072,C072_F005,1,0
C072,C072_F006,0,0
C072,C072_F007,0,0
C072,C072_F008,0,0
C072,C072_F009,1,1
C072,C072_F010,0,1
C072,C072_F011,0,0
C072,C072_F013,2,1
C072,C072_F014,1,1
C072,C072_F015,2,0
C072,C072_F016,1,2
C072,C072_F017,0,0
C072,C072_F018,2,1
C072,C072_F019,1,1
C072,C072_F020,1,0
C072,C072_F021,0,0
C072,C072_F022,0,0
C072,C072_F023,0,4
C072,C072_F024,0,2
C072,C072_F025,0,0
C072,C072_F026,1,0
C072,C072_F027,0,0
C072,C072_F028,0,1
C072,C072_F029,0,2
C072,C072_F030,0,0
C072,C072_F031,0,1
C072,C072_F032,0,3
C072,C072_F033,1,2
C072,C072_F034,1,0
C072,C072_F036,1,1
C072,C072_F037,2,0
C072,C072_F038,1,0
C072,C072_F039,0,0
C072,C072_F040,0,2
C072,C072_F041,1,0
C072,C072_F042,1,0
C072,C072_F043,1,0
C072,C072_F044,0,0
C072,C072_F045,0,0
C072,C072_F046,1,0
C072,C072_F047,1,1
C072,C072_F048,1,0
C072,C072_F049,1,1
C072,C072_F050,1,0
C072,C072_F051,2,0
C072,C072_F052,0,2
C072,C072_F053,0,0
C072,C072_F054,0,0
C072,C072_F056,0,0
C072,C072_F057,1,0
C072,C072_F058,0,0
C072,C072_F059,0,0
C072,C072_F060,2,0
C072,C072_F061,1,1
C072,C072_F062,1,0
C072,C072_F063,1,0
C072,C072_F064,0,1
C072,C072_F065,1,0
C072,C072_F066,0,0
C072,C072_F067,2,0
C072,C072_F068,0,0
C072,C072_F069,0,2
C072,C072_F070,0,1
C072,C072_F073,0,1
C072,C072_F074,0,1
C072,C072_F075,3,0
C072,C072_F076,0,1
C072,C072_F077,1,2
C072,C072_F078,1,0
C072,C072_F079,1,0
C072,C072_F080,0,2
C072,C072_F082,1,2
C072,C072_F083,1,3
C072,C072_F084,0,2
C072,C072_F085,0,1
C072,C072_F086,0,1
C072,C072_F087,3,1
C072,C072_F088,0,0
C072,C072_F089,1,1
C072,C072_F090,1,0
C072,C072_F091,0,1
C072,C072_F092,1,1
C072,C072_F094,1,0
C072,C072_F095,2,0
C072,C072_F096,0,1
C072,C072_F097,0,0
C072,C072_F098,1,0
C072,C072_F099,0,1
C072,C072_F100,1,0
C072,C072_F101,0,0
C072,C072_F102,2,0
C072,C072_F103,2,0
C072,C072_F104,1,0
C072,C072_F105,1,0
C072,C072_F106,1,1
C072,C072_F107,1,0
C072,C072_F108,0,0
C072,C072_F109,0,0
C072,C072_F110,0,1
C072,C072_F111,0,2
C072,C072_F112,0,0
C072,C072_F113,0,0
C072,C072_F115,3,0
C072,C072_F116,0,0
C072,C072_F117,0,3
C072,C072_F118,1,2
C072,C072_F119,0,1
C072,C072_F120,0,1
C072,C072_F121,0,2
C072,C072_F122,1,0
C072,C072_F123,0,1
C072,C072_F124,1,1
C072,C072_F125,0,0
C072,C072_F126,1,1
C072,C072_F127,0,1
C072,C072_F128,1,1
C072,C072_F129,1,0
C072,C072_F130,0,0
C072,C072_F131,3,0
C072,C072_F132,1,2
C072,C072_F133,2,0
C072,C072_F134,1,0
C072,C072_F135,1,0
C072,C072_F136,3,0
C072,C072_F137,0,0
C072,C072_F138,2,2
C072,C072_F139,1,0
C072,C072_F140,0,1
C072,C072_F141,0,1
C072,C072_F143,0,1
C072,C072_F144,0,1
C072,C072_F145,1,0
C072,C072_F146,3,1
C072,C072_F147,1,1
C072,C072_F148,0,1
C072,C072_F149,0,0
C072,C072_F150,0,1
C072,C072_F151,1,0
C072,C072_F152,0,1
C072,C072_F153,1,1
C072,C072_F154,3,0
C072,C072_F155,2,2
C072,C072_F156,3,0
C072,C072_F157,0,0
C072,C072_F158,1,1
C072,C072_F159,1,1
C072,C072_F160,1,1
C072,C072_F162,1,1
C072,C072_F163,1,0
C072,C072_F164,0,0
C072,C072_F165,1,2
C072,C072_F166,0,0
C072,C072_F167,1,1
C072,C072_F168,1,0
C072,C072_F169,2,0
C072,C072_F171,1,1
C072,C072_F172,1,1
C072,C072_F173,0,0
C072,C072_F174,0,3
C072,C072_F175,1,1
C072,C072_F176,2,2
C072,C072_F177,0,0
C072,C072_F178,2,0
C072,C072_F179,2,1
C072,C072_F180,0,0
C072,C072_F181,1,1
C072,C072_F182,1,0
C072,C072_F183,2,2
C072,C072_F184,3,0
C072,C072_F185,1,1
C072,C072_F186,0,1
C072,C072_F187,1,1
C072,C072_F188,0,2
C072,C072_F189,0,2
C072,C072_F190,1,1
C072,C072_F191,0,0
C072,C072_F192,1,1
C072,C072_F193,2,0
C072,C072_F194,2,1
C072,C072_F195,1,1
C072,C072_F196,0,0
C072,C072_F197,0,1
C072,C072_F198,0,1
C072,C072_F199,0,0
C072,C072_F200,1,1
C072,C072_F201,0,0
C072,C072_F202,3,0
C072,C072_F203,0,0
C072,C072_F204,0,1
C072,C072_F205,2,0
C072,C072_F206,0,1
C072,C072_F208,0,1
C072,C072_F209,0,1
C072,C072_F210,0,1
C072,C072_F211,2,0
C072,C072_F212,1,1
C072,C072_F213,1,0
C072,C072_F214,1,1
C072,C072_F215,4,0
C072,C072_F216,1,0
C072,C072_F217,1,0
C072,C072_F218,1,0
C072,C072_F219,2,0
C072,C072_F220,0,0
C072,C072_F221,0,0
C072,C072_F222,1,1
C072,C072_F223,0,0
C072,C072_F224,0,1
C072,C072_F228,1,0
C072,C072_F229,0,1
C072,C072_F230,1,0
C072,C072_F231,0,0
C072,C072_F232,0,1
C072,C072_F233,0,0
C072,C072_F234,1,1
C072,C072_F235,0,0
C072,C072_F236,1,0
C072,C072_F237,0,2
C072,C072_F238,0,0
C072,C072_F239,4,0
C072,C072_F240,1,0
C072,C072_F241,0,1
C072,C072_F242,0,0
C072,C072_F243,0,1
C072,C072_F244,0,1
C072,C072_F245,3,0
C072,C072_F246,0,1
C072,C072_F247,0,1
C072,C072_F248,1,1
C072,C072_F249,0,1
C072,C072_F250,1,0
C072,C072_F251,1,0
C072,C072_F252,1,2
C072,C072_F253,0,1
C072,C072_F255,1,2
C072,C072_F256,0,0
C072,C072_F258,0,0
C072,C072_F259,1,2
C072,C072_F260,1,0
C072,C072_F261,0,1
C072,C072_F262,1,2
C072,C072_F263,0,2
C072,C072_F264,1,0
C072,C072_F265,1,1
C072,C072_F266,0,2
C072,C072_F267,0,0
C072,C072_F268,0,1
C072,C072_F269,1,1
C072,C072_F270,1,1
C072,C072_F271,2,0
C072,C072_F272,2,0
C072,C072_F273,0,0
C072,C072_F274,0,1
C072,C072_F275,0,0
C072,C072_F276,1,1
C072,C072_F277,0,0
C072,C072_F278,0,0
C072,C072_F279,1,0
C072,C072_F280,1,0
C072,C072_F281,0,1
C072,C072_F282,0,0
C072,C072_F283,0,1
C072,C072_F284,0,0
C072,C072_F285,1,0
C072,C072_F286,1,1
C072,C072_F287,1,1
C072,C072_F288,2,0
C072,C072_F289,0,1
C072,C072_F290,2,1
C072,C072_F291,1,0
C072,C072_F292,0,1
C072,C072_F293,0,0
C072,C072_F294,0,1
C072,C072_F295,2,0
C072,C072_F296,1,0
C072,C072_F297,2,0
C072,C072_F298,0,0
C072,C072_F299,0,1
C072,C072_F300,1,0
C072,C072_F301,4,1
C072,C072_F302,3,0
C072,C072_F303,1,2
C072,C072_F304,0,1
C072,C072_F305,2,0
C072,C072_F306,0,1
C072,C072_F307,2,0
C072,C072_F308,1,0
C072,C072_F309,1,1
C072,C072_F310,1,1
C072,C072_F311,1,1
C072,C072_F313,2,0
C072,C072_F314,0,1
C072,C072_F315,0,2
C072,C072_F316,2,2
C072,C072_F317,3,0
C072,C072_F318,0,0
C072,C072_F319,0,1
C072,C072_F320,0,1
C072,C072_F321,2,0
C072,C072_F322,0,0
C072,C072_F323,0,0
C072,C072_F324,0,0
C072,C072_F325,0,2
C072,C072_F326,2,1
C072,C072_F328,1,1
C072,C072_F329,2,1
C072,C072_F330,1,1
C072,C072_F331,1,0
C072,C072_F332,1,0
C072,C072_F333,1,0
C072,C072_F334,2,0
C072,C072_F335,1,0
C072,C072_F336,0,0
C072,C072_F337,1,0
C072,C072_F338,1,0
C072,C072_F339,0,0
C072,C072_F340,0,1
C072,C072_F342,1,2
C072,C072_F343,0,1
C072,C072_F344,0,1
C072,C072_F345,0,0
C072,C072_F346,0,1
C072,C072_F347,2,0
C072,C072_F349,2,2
C072,C072_F350,0,1
C072,C072_F351,0,1
C072,C072_F352,1,1
C072,C072_F353,1,0
C072,C072_F354,0,1
C072,C072_F355,0,0
C072,C072_F356,1,0
C072,C072_F357,3,0
C072,C072_F358,1,0
C072,C072_F359,0,2
C072,C072_F360,1,2
C072,C072_F361,0,2
C072,C072_F362,1,2
C072,C072_F363,0,1
C072,C072_F364,1,2
C072,C072_F365,1,0
C072,C072_F366,0,1
C072,C072_F367,0,0
C072,C072_F368,0,0
C072,C072_F369,1,0
C072,C072_F370,0,0
C072,C072_F371,1,0
C072,C072_F372,1,1
C072,C072_F373,2,1
C072,C072_F374,1,0
C072,C072_F375,0,1
C072,C072_F376,0,3
C072,C072_F377,1,0
C072,C072_F378,0,1
C072,C072_F379,2,1
C072,C072_F380,1,2
C073,C073_F001,2,0
C073,C073_F002,1,0
C073,C073_F003,1,0
C073,C073_F004,1,0
C073,C073_F005,0,0
C073,C073_F006,0,1
C073,C073_F007,0,1
C073,C073_F008,1,1
C073,C073_F009,0,1
C073,C073_F010,0,1
C073,C073_F011,0,0
C073,C073_F012,1,0
C073,C073_F013,1,1
C073,C073_F014,2,0
C073,C073_F015,3,0
C073,C073_F017,0,0
C073,C073_F018,0,0
C073,C073_F019,0,0
C073,C073_F020,0,0
C073,C073_F021,0,1
C073,C073_F022,1,0
C073,C073_F023,1,0
C073,C073_F024,1,0
C073,C073_F026,1,0
C073,C073_F027,0,0
C073,C073_F028,0,0
C073,C073_F029,0,0
C073,C073_F030,0,0
C073,C073_F031,0,2
C073,C073_F032,3,0
C073,C073_F033,1,0
C073,C073_F034,2,0
C073,C073_F035,1,0
C073,C073_F036,0,0
C073,C073_F037,0,0
C073,C073_F038,0,1
C073,C073_F039,0,1
C073,C073_F040,1,0
C073,C073_F041,0,0
C073,C073_F042,0,0
C073,C073_F043,0,1
C073,C073_F044,2,2
C073,C073_F046,0,0
C073,C073_F047,2,1
C073,C073_F048,0,1
C073,C073_F049,0,1
C073,C073_F050,1,1
C073,C073_F051,0,0
C073,C073_F052,1,0
C073,C073_F053,0,0
C073,C073_F055,2,0
C073,C073_F056,0,0
C073,C073_F058,2,0
C073,C073_F059,0,0
C073,C073_F060,1,1
C073,C073_F061,0,1
C073,C073_F063,0,1
C073,C073_F064,1,1
C073,C073_F065,0,0
C073,C073_F066,0,1
C073,C073_F067,1,1
C073,C073_F068,1,1
C073,C073_F069,2,0
C073,C073_F070,0,1
C073,C073_F071,0,1
C073,C073_F074,0,0
C073,C073_F075,1,0
C073,C073_F077,1,0
C073,C073_F078,0,0
C073,C073_F079,1,0
C073,C073_F080,0,1
C073,C073_F081,0,1
C073,C073_F082,1,0
C073,C073_F083,1,0
C073,C073_F084,2,1
C073,C073_F086,1,0
C073,C073_F087,0,2
C073,C073_F088,0,1
C073,C073_F089,0,0
C073,C073_F090,0,1
C073,C073_F091,2,1
C073,C073_F092,0,1
C073,C073_F093,0,1
C073,C073_F094,1,0
C073,C073_F096,1,0
C073,C073_F097,1,0
C073,C073_F098,0,0
C073,C073_F100,0,0
C073,C073_F101,1,1
C073,C073_F102,1,1
C073,C073_F103,0,0
C073,C073_F104,0,2
C073,C073_F105,2,0
C073,C073_F106,1,2
C073,C073_F108,0,0
C073,C073_F109,1,0
C073,C073_F110,0,0
C073,C073_F111,1,0
C073,C073_F112,0,0
C073,C073_F113,2,0
C073,C073_F115,1,2
C073,C073_F116,0,1
C073,C073_F117,0,0
C073,C073_F118,0,0
C073,C073_F119,0,0
C073,C073_F120,1,0
C073,C073_F121,0,0
C073,C073_F122,2,1
C073,C073_F123,1,0
C073,C073_F124,0,0
C073,C073_F125,1,0
C073,C073_F126,1,0
C073,C073_F127,1,0
C073,C073_F128,0,0
C073,C073_F129,0,1
C073,C073_F130,0,1
C073,C073_F131,0,0
C073,C073_F132,1,0
C073,C073_F134,3,0
C073,C073_F135,0,1
C073,C073_F136,2,0
C073,C073_F137,0,0
C073,C073_F138,0,0
C073,C073_F139,0,0
C073,C073_F140,1,1
C073,C073_F142,0,2
C073,C073_F143,0,1
C073,C073_F144,1,1
C073,C073_F145,1,0
C073,C073_F146,0,2
C073,C073_F147,1,0
C073,C073_F148,0,0
C073,C073_F149,1,0
C073,C073_F150,0,0
C073,C073_F151,2,0
C073,C073_F152,0,0
C073,C073_F153,1,0
C073,C073_F155,1,1
C073,C073_F156,1,0
C073,C073_F157,2,0
C073,C073_F158,1,0
C073,C073_F159,1,1
C073,C073_F160,0,0
C073,C073_F161,1,1
C073,C073_F163,0,0
C073,C073_F164,0,0
C073,C073_F165,2,0
C073,C073_F166,0,1
C073,C073_F167,0,1
C073,C073_F168,2,0
C073,C073_F169,0,0
C073,C073_F170,0,1
C073,C073_F172,0,1
C073,C073_F173,1,1
C073,C073_F175,1,2
C073,C073_F176,0,2
C073,C073_F177,1,2
C073,C073_F178,0,1
C073,C073_F179,0,0
C073,C073_F180,1,0
C073,C073_F181,1,2
C073,C073_F182,2,0
C073,C073_F183,0,0
C073,C073_F184,0,0
C073,C073_F185,0,2
C073,C073_F186,1,0
C073,C073_F188,2,1
C073,C073_F189,0,0
C073,C073_F190,0,0
C073,C073_F191,2,0
C073,C073_F192,1,0
C073,C073_F193,0,0
C073,C073_F194,1,1
C073,C073_F195,0,0
C073,C073_F196,1,0
C073,C073_F197,0,0
C073,C073_F198,1,2
C073,C073_F199,1,0
C073,C073_F200,1,0
C073,C073_F203,0,0
C073,C073_F204,1,0
C073,C073_F205,0,0
C073,C073_F206,0,0
C073,C073_F207,2,1
C073,C073_F208,0,0
C073,C073_F209,1,0
C073,C073_F210,1,0
C073,C073_F211,0,0
C073,C073_F212,1,1
C073,C073_F213,0,2
C073,C073_F214,0,1
C073,C073_F215,0,1
C073,C073_F216,0,1
C073,C073_F217,1,0
C073,C073_F218,2,0
C073,C073_F219,2,0
C073,C073_F220,1,1
C073,C073_F221,2,1
C073,C073_F222,1,0
C073,C073_F223,1,0
C073,C073_F224,1,0
C073,C073_F225,0,1
C073,C073_F226,1,0
C073,C073_F227,2,0
C073,C073_F228,1,1
C073,C073_F229,0,2
C073,C073_F230,1,1
C073,C073_F231,0,1
C073,C073_F232,0,0
C073,C073_F233,2,1
C073,C073_F234,0,1
C073,C073_F235,0,1
C073,C073_F236,0,1
C073,C073_F238,0,2
C073,C073_F239,1,0
C073,C073_F240,1,0
C073,C073_F241,1,1
C073,C073_F242,1,2
C073,C073_F243,0,0
C073,C073_F244,0,0
C073,C073_F245,1,0
C073,C073_F246,2,1
C073,C073_F247,1,2
C073,C073_F248,0,0
C073,C073_F249,1,1
C073,C073_F250,1,0
C073,C073_F251,0,1
C073,C073_F252,0,1
C073,C073_F253,1,1
C073,C073_F254,1,0
C073,C073_F255,0,0
C073,C073_F256,1,1
C073,C073_F257,3,0
C073,C073_F258,0,3
C073,C073_F259,0,0
C073,C073_F260,0,1
C073,C073_F261,0,0
C073,C073_F262,1,0
C073,C073_F263,1,1
C073,C073_F264,0,1
C073,C073_F265,1,1
C073,C073_F266,1,0
C073,C073_F267,1,0
C073,C073_F268,1,0
C073,C073_F269,0,0
C073,C073_F270,0,0
C073,C073_F271,0,1
C073,C073_F272,1,2
C073,C073_F273,0,1
C073,C073_F274,0,0
C073,C073_F275,0,3
C073,C073_F276,0,0
C073,C073_F277,4,0
C073,C073_F278,0,1
C073,C073_F279,0,0
C073,C073_F280,2,2
C073,C073_F281,0,0
C073,C073_F282,0,1
C073,C073_F283,1,1
C073,C073_F284,1,0
C073,C073_F285,0,3
C073,C073_F286,0,0
C073,C073_F287,1,0
C073,C073_F288,1,0
C073,C073_F290,0,0
C073,C073_F292,1,0
C073,C073_F293,0,1
C073,C073_F294,1,1
C073,C073_F296,0,1
C073,C073_F297,0,0
C073,C073_F298,1,0
C073,C073_F299,1,0
C073,C073_F300,0,2
C073,C073_F301,2,0
C073,C073_F302,0,1
C073,C073_F303,1,0
C073,C073_F305,0,0
C073,C073_F306,0,1
C073,C073_F307,0,1
C073,C073_F308,1,0
C073,C073_F309,2,1
C073,C073_F310,1,1
C073,C073_F311,0,0
C073,C073_F312,1,2
C073,C073_F313,1,0
C073,C073_F314,1,2
C073,C073_F315,1,1
C073,C073_F317,0,2
C073,C073_F318,0,0
C073,C073_F319,0,1
C073,C073_F320,0,1
C073,C073_F321,3,1
C073,C073_F322,1,0
C073,C073_F323,1,0
C073,C073_F324,2,1
C073,C073_F325,0,0
C073,C073_F326,1,1
C073,C073_F327,1,0
C073,C073_F328,1,1
C073,C073_F329,0,1
C073,C073_F330,0,1
C073,C073_F331,1,0
C073,C073_F332,1,0
C073,C073_F333,0,2
C073,C073_F335,0,0
C073,C073_F336,1,1
C073,C073_F337,0,0
C073,C073_F338,1,1
C073,C073_F339,1,0
C073,C073_F340,0,1
C073,C073_F341,1,3
C073,C073_F342,0,0
C073,C073_F343,1,1
C073,C073_F344,0,2
C073,C073_F345,2,0
C073,C073_F346,1,0
C073,C073_F347,1,0
C073,C073_F348,1,1
C073,C073_F349,1,0
C073,C073_F350,0,0
C073,C073_F351,0,1
C073,C073_F352,0,1
C073,C073_F353,0,0
C073,C073_F354,0,2
C073,C073_F355,2,0
C073,C073_F356,0,0
C073,C073_F357,1,0
C073,C073_F358,0,2
C073,C073_F359,0,0
C073,C073_F360,0,0
C073,C073_F361,1,0
C073,C073_F363,1,0
C073,C073_F364,0,1
C073,C073_F365,0,1
C073,C073_F366,0,0
C073,C073_F367,0,0
C073,C073_F368,0,1
C073,C073_F369,0,0
C073,C073_F370,0,2
C073,C073_F371,0,1
C073,C073_F373,0,0
C073,C073_F374,0,1
C073,C073_F375,0,1
C073,C073_F377,1,0
C073,C073_F379,1,1
C073,C073_F380,0,2
C073,C073_F381,0,2
C073,C073_F382,2,0
C073,C073_F383,2,0
C073,C073_F384,1,0
C073,C073_F385,0,2
C073,C073_F386,0,1
C073,C073_F387,0,0
C073,C073_F388,0,0
C073,C073_F389,1,0
C073,C073_F390,0,0
C073,C073_F392,2,0
C073,C073_F396,2,0
C073,C073_F397,0,0
C073,C073_F399,1,0
C073,C073_F400,2,0
C073,C073_F401,1,0
C073,C073_F402,0,1
C073,C073_F403,0,0
C073,C073_F404,0,0
C073,C073_F406,0,0
C073,C073_F408,1,0
C073,C073_F409,0,2
C073,C073_F410,1,0
C073,C073_F412,2,0
C073,C073_F413,1,1
C073,C073_F414,2,0
C073,C073_F415,1,2
C073,C073_F416,1,1
C073,C073_F417,2,1
C073,C073_F418,0,0
C073,C073_F419,1,0
C073,C073_F420,1,2
C073,C073_F421,1,1
C073,C073_F422,0,0
C073,C073_F423,1,0
C073,C073_F424,1,1
C073,C073_F425,0,0
C073,C073_F426,1,0
C073,C073_F427,0,3
C073,C073_F428,2,0
C073,C073_F429,0,1
C073,C073_F430,2,1
C073,C073_F431,1,0
C073,C073_F432,1,0
C073,C073_F433,0,1
C073,C073_F434,0,0
C073,C073_F435,0,0
C073,C073_F436,0,1
C073,C073_F437,1,1
C073,C073_F438,3,1
C073,C073_F439,2,0
C073,C073_F440,0,1
C073,C073_F441,1,1
C073,C073_F442,0,0
C073,C073_F445,1,0
C073,C073_F446,0,0
C073,C073_F448,0,4
C073,C073_F449,0,1
C073,C073_F450,0,0
C073,C073_F451,0,1
C073,C073_F452,1,0
C073,C073_F453,2,0
C073,C073_F454,0,0
C073,C073_F455,1,0
C073,C073_F456,1,0
C073,C073_F457,2,0
C073,C073_F458,0,0
C073,C073_F459,0,0
C073,C073_F460,0,0
C073,C073_F461,1,0
C073,C073_F464,2,2
C073,C073_F466,1,0
C073,C073_F467,0,0
C073,C073_F470,1,0
C073,C073_F471,0,1
C073,C073_F472,1,0
C073,C073_F473,1,0
C073,C073_F474,0,0
C073,C073_F475,1,1
C073,C073_F476,1,0
C073,C073_F477,0,2
C073,C073_F479,2,0
C073,C073_F480,2,1
C073,C073_F481,0,1
C073,C073_F483,0,2
C073,C073_F484,0,1
C073,C073_F485,0,0
C073,C073_F486,0,0
C073,C073_F487,1,1
C073,C073_F488,0,0
C073,C073_F490,0,0
C073,C073_F491,1,0
C073,C073_F492,1,0
C073,C073_F493,0,2
C073,C073_F494,0,0
C073,C073_F495,1,0
C073,C073_F496,2,0
C073,C073_F497,0,1
C073,C073_F498,0,1
C073,C073_F499,0,2
C073,C073_F500,2,1
C073,C073_F501,0,0
C073,C073_F502,2,0
C073,C073_F503,1,0
C073,C073_F504,0,0
C073,C073_F505,0,0
C073,C073_F507,1,2
C073,C073_F508,1,2
C073,C073_F509,0,0
C073,C073_F510,0,0
C073,C073_F511,1,0
C073,C073_F513,0,0
C073,C073_F514,0,0
C073,C073_F515,0,0
C073,C073_F516,0,0
C073,C073_F517,0,0
C073,C073_F518,1,0
C073,C073_F520,0,0
C073,C073_F521,0,0
C073,C073_F522,1,1
C073,C073_F523,0,1
C073,C073_F524,0,0
C073,C073_F525,0,1
C073,C073_F526,1,1
C073,C073_F527,1,0
C073,C073_F528,1,1
C073,C073_F529,2,2
C073,C073_F530,0,1
C073,C073_F531,0,0
C073,C073_F532,1,0
C073,C073_F533,1,0
C073,C073_F534,1,0
C073,C073_F535,0,0
C073,C073_F536,1,0
C073,C073_F537,1,0
C073,C073_F538,1,0
C073,C073_F539,1,0
C073,C073_F540,0,0
C073,C073_F541,1,1
C073,C073_F542,0,0
C073,C073_F543,0,1
C073,C073_F544,0,0
C073,C073_F545,0,0
C073,C073_F546,1,0
C073,C073_F547,1,0
C073,C073_F548,0,0
C073,C073_F549,1,0
C073,C073_F550,0,0
C073,C073_F551,1,2
C073,C073_F552,0,1
C075,C075_F001,0,0
C075,C075_F002,0,0
C075,C075_F003,0,0
C075,C075_F004,0,1
C075,C075_F005,1,0
C075,C075_F006,0,2
C075,C075_F007,1,1
C075,C075_F008,1,0
C075,C075_F009,0,1
C075,C075_F011,1,1
C075,C075_F012,0,0
C075,C075_F013,0,1
C075,C075_F014,2,0
C075,C075_F015,0,1
C075,C075_F016,1,0
C075,C075_F017,0,0
C075,C075_F019,0,2
C075,C075_F020,1,3
C075,C075_F021,1,0
C075,C075_F022,0,0
C075,C075_F024,0,0
C075,C075_F025,0,1
C075,C075_F026,0,1
C075,C075_F027,3,0
C075,C075_F028,0,1
C075,C075_F030,3,0
C075,C075_F031,0,1
C075,C075_F032,3,3
C075,C075_F033,1,0
C075,C075_F034,0,1
C075,C075_F035,0,0
C075,C075_F036,0,1
C075,C075_F037,1,1
C075,C075_F038,0,0
C075,C075_F039,1,1
C075,C075_F040,0,2
C075,C075_F041,1,0
C075,C075_F042,0,1
C075,C075_F043,0,1
C075,C075_F044,0,0
C075,C075_F045,1,0
C075,C075_F046,2,0
C075,C075_F047,1,0
C075,C075_F048,0,0
C075,C075_F049,1,0
C075,C075_F050,0,0
C075,C075_F052,0,1
C075,C075_F053,0,1
C075,C075_F054,1,0
C075,C075_F055,1,0
C075,C075_F056,2,2
C075,C075_F057,0,0
C075,C075_F058,1,1
C075,C075_F060,2,0
C075,C075_F061,0,1
C075,C075_F062,0,1
C075,C075_F063,0,0
C075,C075_F064,0,1
C075,C075_F065,1,0
C075,C075_F066,0,2
C075,C075_F067,1,0
C075,C075_F068,1,1
C075,C075_F069,2,0
C075,C075_F070,0,2
C075,C075_F071,1,2
C075,C075_F072,1,1
C075,C075_F073,1,1
C075,C075_F074,0,0
C075,C075_F075,0,0
C075,C075_F076,0,2
C075,C075_F077,0,0
C075,C075_F078,0,0
C075,C075_F079,0,0
C075,C075_F080,0,1
C075,C075_F081,1,1
C075,C075_F082,2,1
C075,C075_F083,0,0
C075,C075_F084,0,0
C075,C075_F086,0,1
C075,C075_F087,0,1
C075,C075_F088,1,0
C075,C075_F089,1,1
C075,C075_F090,1,1
C075,C075_F091,0,1
C075,C075_F092,1,0
C075,C075_F093,0,3
C075,C075_F094,0,1
C075,C075_F095,0,0
C075,C075_F096,0,0
C075,C075_F097,0,1
C075,C075_F098,1,1
C075,C075_F099,1,3
C075,C075_F101,1,0
C075,C075_F102,0,0
C075,C075_F103,1,1
C075,C075_F104,2,2
C075,C075_F105,1,0
C075,C075_F106,1,0
C075,C075_F107,2,1
C075,C075_F108,0,1
C075,C075_F109,1,0
C075,C075_F110,0,1
C075,C075_F111,1,0
C075,C075_F112,0,0
C075,C075_F113,0,2
C075,C075_F114,1,0
C075,C075_F115,1,0
C075,C075_F116,0,0
C075,C075_F117,2,0
C075,C075_F118,0,1
C075,C075_F119,3,0
C075,C075_F120,1,0
C075,C075_F121,2,0
C075,C075_F122,1,1
C075,C075_F123,1,1
C075,C075_F124,0,0
C075,C075_F125,1,0
C075,C075_F126,1,0
C075,C075_F127,0,0
C075,C075_F128,0,1
C075,C075_F129,1,1
C075,C075_F130,1,1
C075,C075_F131,1,0
C075,C075_F132,1,0
C075,C075_F133,0,1
C075,C075_F134,2,1
C075,C075_F135,0,2
C075,C075_F136,0,1
C075,C075_F137,1,0
C075,C075_F138,1,2
C075,C075_F139,2,0
C075,C075_F140,0,3
C075,C075_F142,1,2
C075,C075_F143,0,1
C075,C075_F144,0,1
C075,C075_F145,1,0
C075,C075_F146,1,0
C075,C075_F147,0,1
C075,C075_F148,1,0
C075,C075_F149,0,1
C075,C075_F150,0,0
C075,C075_F151,0,1
C075,C075_F153,0,1
C075,C075_F154,0,0
C075,C075_F155,0,1
C075,C075_F156,2,1
C075,C075_F157,3,1
C075,C075_F158,1,0
C075,C075_F159,0,1
C075,C075_F160,1,0
C075,C075_F161,0,1
C075,C075_F162,1,0
C075,C075_F163,0,1
C075,C075_F164,2,0
C075,C075_F165,3,1
C075,C075_F166,2,2
C075,C075_F167,0,0
C075,C075_F168,1,0
C075,C075_F169,1,0
C075,C075_F170,2,1
C075,C075_F171,0,1
C075,C075_F172,1,2
C075,C075_F173,0,1
C075,C075_F174,1,0
C075,C075_F175,0,0
C075,C075_F176,0,0
C075,C075_F177,1,0
C075,C075_F178,1,1
C075,C075_F179,1,0
C075,C075_F180,2,0
C075,C075_F181,1,2
C075,C075_F182,0,0
C075,C075_F183,2,0
C075,C075_F184,1,0
C075,C075_F185,3,0
C075,C075_F186,1,0
C075,C075_F187,2,0
C075,C075_F188,2,0
C075,C075_F189,0,0
C075,C075_F190,4,0
C075,C075_F192,0,3
C075,C075_F193,0,0
C075,C075_F194,0,0
C075,C075_F195,1,2
C075,C075_F196,1,0
C075,C075_F197,1,3
C075,C075_F198,0,1
C075,C075_F199,0,2
C075,C075_F200,0,1
C075,C075_F201,0,1
C075,C075_F202,0,0
C075,C075_F203,0,0
C075,C075_F204,2,1
C075,C075_F205,0,0
C075,C075_F206,0,0
C075,C075_F207,1,0
C075,C075_F208,2,0
C075,C075_F209,2,0
C075,C075_F210,1,1
C075,C075_F211,0,2
C075,C075_F212,0,1
C075,C075_F213,0,1
C075,C075_F214,0,1
C075,C075_F215,0,0
C075,C075_F216,0,0
C075,C075_F217,0,0
C075,C075_F218,2,2
C075,C075_F219,0,0
C075,C075_F220,1,0
C075,C075_F221,1,0
C075,C075_F223,0,2
C075,C075_F224,1,0
C075,C075_F225,0,1
C075,C075_F226,1,0
C075,C075_F227,1,0
C075,C075_F228,1,0
C075,C075_F229,0,0
C075,C075_F230,0,2
C075,C075_F231,0,2
C075,C075_F232,3,1
C075,C075_F233,0,1
C075,C075_F234,0,0
C075,C075_F235,0,0
C075,C075_F236,0,0
C075,C075_F237,2,1
C075,C075_F238,0,1
C075,C075_F239,1,0
C075,C075_F241,0,0
C075,C075_F242,1,1
C075,C075_F243,0,1
C075,C075_F244,1,1
C075,C075_F245,0,0
C075,C075_F246,0,0
C075,C075_F247,3,0
C075,C075_F248,2,0
C075,C075_F249,3,0
C075,C075_F250,0,0
C075,C075_F251,1,0
C075,C075_F252,0,0
C075,C075_F253,3,1
C075,C075_F254,2,1
C075,C075_F255,2,0
C075,C075_F258,0,2
C075,C075_F259,1,2
C075,C075_F260,2,0
C075,C075_F261,1,2
C075,C075_F262,0,0
C075,C075_F263,1,0
C075,C075_F264,1,0
C075,C075_F265,1,1
C075,C075_F266,2,0
C075,C075_F267,1,0
C075,C075_F268,1,1
C075,C075_F269,0,0
C075,C075_F270,0,0
C075,C075_F271,0,2
C075,C075_F272,0,1
C075,C075_F273,0,0
C075,C075_F274,0,2
C075,C075_F275,1,0
C075,C075_F276,1,0
C075,C075_F277,1,0
C075,C075_F278,1,0
C075,C075_F279,2,0
C075,C075_F280,1,0
C075,C075_F281,0,0
C075,C075_F282,0,0
C075,C075_F283,0,0
C075,C075_F285,0,0
C075,C075_F286,1,0
C075,C075_F287,1,1
C075,C075_F288,0,2
C075,C075_F289,0,0
C075,C075_F290,0,0
C075,C075_F292,1,1
C075,C075_F293,1,2
C075,C075_F294,1,1
C075,C075_F295,0,0
C075,C075_F296,3,0
C075,C075_F297,0,0
C075,C075_F298,0,2
C075,C075_F299,0,2
C075,C075_F300,0,1
C075,C075_F301,1,0
C075,C075_F302,1,3
C075,C075_F303,0,0
C075,C075_F304,1,1
C075,C075_F306,2,0
C075,C075_F307,0,0
C075,C075_F308,0,1
C075,C075_F309,2,0
C075,C075_F310,0,0
C075,C075_F311,1,1
C075,C075_F312,4,1
C075,C075_F313,0,0
C075,C075_F314,0,0
C075,C075_F315,0,1
C075,C075_F316,0,0
C075,C075_F317,0,0
C075,C075_F318,1,0
C075,C075_F319,0,0
C075,C075_F320,0,0
C075,C075_F321,0,1
C075,C075_F322,2,1
C075,C075_F323,1,1
C075,C075_F324,0,0
C075,C075_F325,0,0
C075,C075_F327,1,2
C075,C075_F328,2,0
C075,C075_F329,1,2
C075,C075_F330,0,0
C075,C075_F331,1,1
C075,C075_F332,0,1
C075,C075_F333,2,0
C075,C075_F334,0,1
C075,C075_F335,1,0
C075,C075_F337,0,0
C075,C075_F338,2,0
C075,C075_F339,1,1
C075,C075_F341,0,0
C075,C075_F342,1,0
C075,C075_F343,0,0
C075,C075_F344,2,1
C075,C075_F345,3,2
C075,C075_F346,0,1
C075,C075_F347,1,0
C075,C075_F348,2,0
C075,C075_F349,1,0
C075,C075_F350,0,0
C075,C075_F351,0,1
C075,C075_F352,0,0
C075,C075_F353,1,0
C075,C075_F354,1,0
C075,C075_F355,0,1
C075,C075_F356,0,1
C075,C075_F357,0,3
C075,C075_F358,1,1
C075,C075_F359,4,1
C075,C075_F361,0,0
C075,C075_F362,2,0
C075,C075_F363,0,1
C075,C075_F364,1,2
C075,C075_F365,2,1
C075,C075_F366,0,1
C075,C075_F367,1,0
C075,C075_F368,0,0
C075,C075_F369,1,0
C075,C075_F370,1,0
C075,C075_F371,0,0
C075,C075_F372,1,0
C075,C075_F373,0,2
C075,C075_F374,1,1
C075,C075_F375,0,0
C075,C075_F376,0,1
C075,C075_F377,1,0
C075,C075_F378,1,2
C075,C075_F379,2,0
C075,C075_F380,0,0
C076,C076_F001,3,0
C076,C076_F002,1,0
C076,C076_F003,0,0
C076,C076_F004,1,0
C076,C076_F005,1,2
C076,C076_F006,4,0
C076,C076_F007,1,1
C076,C076_F008,0,1
C076,C076_F010,1,2
C076,C076_F011,1,0
C076,C076_F012,0,1
C076,C076_F013,0,2
C076,C076_F014,0,0
C076,C076_F015,1,1
C076,C076_F017,0,2
C076,C076_F018,2,1
C076,C076_F019,1,0
C076,C076_F020,0,0
C076,C076_F021,0,1
C076,C076_F022,1,0
C076,C076_F023,0,1
C076,C076_F024,0,0
C076,C076_F025,0,1
C076,C076_F026,1,0
C076,C076_F027,1,0
C076,C076_F028,1,1
C076,C076_F029,0,0
C076,C076_F030,1,0
C076,C076_F031,1,1
C076,C076_F032,1,0
C076,C076_F033,0,0
C076,C076_F034,0,2
C076,C076_F035,0,0
C076,C076_F036,0,0
C076,C076_F037,1,1
C076,C076_F038,0,2
C076,C076_F039,0,0
C076,C076_F040,1,0
C076,C076_F041,2,1
C076,C076_F042,1,0
C076,C076_F043,1,0
C076,C076_F044,0,0
C076,C076_F045,1,0
C076,C076_F046,2,0
C076,C076_F047,2,0
C076,C076_F048,0,0
C076,C076_F049,1,2
C076,C076_F051,0,1
C076,C076_F052,0,0
C076,C076_F053,0,0
C076,C076_F054,0,1
C076,C076_F055,0,4
C076,C076_F056,1,0
C076,C076_F057,0,1
C076,C076_F058,1,0
C076,C076_F059,1,1
C076,C076_F060,0,0
C076,C076_F061,0,0
C076,C076_F062,1,0
C076,C076_F063,1,1
C076,C076_F065,0,2
C076,C076_F066,1,0
C076,C076_F067,2,1
C076,C076_F068,1,0
C076,C076_F070,0,0
C076,C076_F071,0,1
C076,C076_F072,2,1
C076,C076_F073,1,0
C076,C076_F074,0,0
C076,C076_F075,0,0
C076,C076_F076,0,1
C076,C076_F077,1,1
C076,C076_F078,0,0
C076,C076_F079,1,0
C076,C076_F080,1,0
C076,C076_F081,1,0
C076,C076_F082,2,2
C076,C076_F083,1,0
C076,C076_F084,0,0
C076,C076_F085,0,1
C076,C076_F087,0,1
C076,C076_F088,2,0
C076,C076_F089,0,0
C076,C076_F090,0,0
C076,C076_F091,4,0
C076,C076_F092,0,3
C076,C076_F093,0,0
C076,C076_F094,2,1
C076,C076_F095,1,0
C076,C076_F096,0,0
C076,C076_F097,0,1
C076,C076_F098,0,0
C076,C076_F099,1,0
C076,C076_F100,1,1
C076,C076_F101,0,2
C076,C076_F102,2,0
C076,C076_F103,0,0
C076,C076_F104,0,0
C076,C076_F105,1,0
C076,C076_F106,0,0
C076,C076_F107,1,1
C076,C076_F108,0,1
C076,C076_F109,0,0
C076,C076_F110,1,3
C076,C076_F111,1,0
C076,C076_F112,1,0
C076,C076_F113,1,0
C076,C076_F114,1,1
C076,C076_F116,0,1
C076,C076_F117,1,0
C076,C076_F118,0,1
C076,C076_F119,1,1
C076,C076_F120,1,0
C076,C076_F121,1,3
C076,C076_F122,3,0
C076,C076_F123,0,0
C076,C076_F124,0,0
C076,C076_F125,1,2
C076,C076_F126,0,1
C076,C076_F127,0,1
C076,C076_F128,2,1
C076,C076_F129,0,1
C076,C076_F130,1,1
C076,C076_F131,2,1
C076,C076_F132,0,0
C076,C076_F133,0,1
C076,C076_F134,1,1
C076,C076_F135,0,2
C076,C076_F136,2,0
C076,C076_F137,0,0
C076,C076_F138,0,0
C076,C076_F139,2,0
C076,C076_F140,2,1
C076,C076_F141,0,1
C076,C076_F142,1,1
C076,C076_F143,0,1
C076,C076_F144,0,2
C076,C076_F145,1,0
C076,C076_F146,0,2
C076,C076_F147,1,0
C076,C076_F148,0,0
C076,C076_F149,0,0
C076,C076_F150,2,1
C076,C076_F151,4,1
C076,C076_F152,0,2
C076,C076_F153,1,0
C076,C076_F154,1,2
C076,C076_F155,0,0
C076,C076_F156,0,1
C076,C076_F158,0,1
C076,C076_F160,2,0
C076,C076_F161,2,0
C076,C076_F162,0,1
C076,C076_F163,2,1
C076,C076_F165,0,0
C076,C076_F166,0,2
C076,C076_F167,1,0
C076,C076_F168,1,1
C076,C076_F169,0,0
C076,C076_F170,0,2
C076,C076_F171,1,0
C076,C076_F172,0,2
C076,C076_F173,1,1
C076,C076_F174,3,0
C076,C076_F176,0,0
C076,C076_F177,1,1
C076,C076_F178,2,0
C076,C076_F179,1,0
C076,C076_F180,1,0
C076,C076_F181,0,0
C076,C076_F182,0,1
C076,C076_F183,0,1
C076,C076_F184,1,0
C076,C076_F185,0,0
C076,C076_F186,0,1
C076,C076_F187,1,0
C076,C076_F188,0,0
C076,C076_F189,0,0
C076,C076_F190,1,0
C076,C076_F191,1,0
C076,C076_F192,1,0
C076,C076_F193,0,7
C076,C076_F194,1,0
C076,C076_F195,0,0
C076,C076_F196,0,2
C076,C076_F197,2,0
C076,C076_F198,1,1
C076,C076_F199,0,1
C076,C076_F200,0,1
C076,C076_F201,0,2
C076,C076_F202,2,0
C076,C076_F203,1,1
C076,C076_F204,0,0
C076,C076_F205,1,2
C076,C076_F206,0,1
C076,C076_F207,1,1
C076,C076_F208,1,0
C076,C076_F209,0,1
C076,C076_F210,0,0
C076,C076_F211,0,1
C076,C076_F212,0,0
C076,C076_F213,0,0
C076,C076_F214,0,0
C076,C076_F216,2,1
C076,C076_F217,1,0
C076,C076_F218,1,0
C076,C076_F219,0,1
C076,C076_F220,0,1
C076,C076_F221,0,0
C076,C076_F222,1,0
C076,C076_F223,1,3
C076,C076_F225,1,0
C076,C076_F226,0,1
C076,C076_F227,0,1
C076,C076_F228,0,0
C076,C076_F229,0,1
C076,C076_F230,2,1
C076,C076_F231,0,0
C076,C076_F232,0,0
C076,C076_F233,0,0
C076,C076_F234,0,1
C076,C076_F235,0,0
C076,C076_F236,0,0
C076,C076_F237,1,1
C076,C076_F238,0,1
C076,C076_F240,2,1
C076,C076_F241,1,0
C076,C076_F242,1,2
C076,C076_F243,2,0
C076,C076_F244,2,1
C076,C076_F245,1,1
C076,C076_F246,0,0
C076,C076_F247,0,1
C076,C076_F248,1,1
C076,C076_F249,2,0
C076,C076_F250,0,0
C076,C076_F251,1,1
C076,C076_F252,0,0
C076,C076_F253,2,0
C076,C076_F254,1,0
C076,C076_F255,1,0
C076,C076_F257,1,0
C076,C076_F258,0,0
C076,C076_F259,1,1
C076,C076_F261,1,1
C076,C076_F262,0,0
C076,C076_F263,1,0
C076,C076_F264,0,0
C076,C076_F265,0,1
C076,C076_F266,2,0
C076,C076_F267,1,0
C076,C076_F268,1,0
C076,C076_F269,1,0
C076,C076_F270,0,0
C076,C076_F272,3,0
C076,C076_F273,1,1
C076,C076_F274,0,1
C076,C076_F276,1,0
C076,C076_F277,1,1
C076,C076_F278,1,1
C076,C076_F279,1,0
C076,C076_F280,2,0
C076,C076_F281,0,1
C076,C076_F282,1,0
C076,C076_F285,0,1
C076,C076_F286,1,1
C076,C076_F287,1,0
C076,C076_F288,0,0
C076,C076_F289,0,1
C076,C076_F290,0,1
C076,C076_F291,0,1
C076,C076_F292,2,0
C076,C076_F293,2,0
C076,C076_F294,0,0
C076,C076_F295,2,1
C076,C076_F297,0,2
C076,C076_F298,1,0
C076,C076_F299,0,1
C076,C076_F300,0,1
C076,C076_F301,0,0
C076,C076_F302,0,0
C076,C076_F303,0,0
C076,C076_F304,0,0
C076,C076_F305,0,1
C076,C076_F306,2,0
C077,C077_F001,0,0
C077,C077_F002,0,0
C077,C077_F003,0,0
C077,C077_F005,4,2
C077,C077_F006,2,0
C077,C077_F007,1,0
C077,C077_F008,0,0
C077,C077_F009,0,0
C077,C077_F010,0,1
C077,C077_F011,1,1
C077,C077_F012,0,2
C077,C077_F013,1,1
C077,C077_F014,0,0
C077,C077_F015,1,1
C077,C077_F016,0,0
C077,C077_F017,1,0
C077,C077_F018,1,0
C077,C077_F019,1,0
C077,C077_F020,0,1
C077,C077_F021,0,0
C077,C077_F022,0,0
C077,C077_F023,1,0
C077,C077_F026,4,0
C077,C077_F027,1,0
C077,C077_F028,2,1
C077,C077_F029,0,1
C077,C077_F030,1,0
C077,C077_F031,2,0
C077,C077_F032,0,0
C077,C077_F033,2,0
C077,C077_F034,0,2
C077,C077_F035,3,0
C077,C077_F036,1,1
C077,C077_F037,0,1
C077,C077_F038,1,2
C077,C077_F039,0,0
C077,C077_F040,1,0
C077,C077_F041,0,0
C077,C077_F042,2,0
C077,C077_F043,1,0
C077,C077_F044,0,0
C077,C077_F045,1,1
C077,C077_F046,0,1
C077,C077_F047,1,0
C077,C077_F049,0,0
C077,C077_F050,2,0
C077,C077_F051,2,1
C077,C077_F052,0,0
C077,C077_F053,0,2
C077,C077_F054,0,0
C077,C077_F055,0,1
C077,C077_F056,1,0
C077,C077_F057,2,0
C077,C077_F058,0,0
C077,C077_F060,0,2
C077,C077_F061,0,3
C077,C077_F062,1,1
C077,C077_F063,1,0
C077,C077_F064,3,1
C077,C077_F065,1,1
C077,C077_F066,1,0
C077,C077_F067,2,0
C077,C077_F068,0,1
C077,C077_F069,1,2
C077,C077_F070,2,0
C077,C077_F071,1,0
C077,C077_F072,1,1
C077,C077_F073,0,1
C077,C077_F074,3,0
C077,C077_F075,2,2
C077,C077_F076,0,0
C077,C077_F077,0,1
C077,C077_F078,1,1
C077,C077_F079,1,1
C077,C077_F080,3,1
C077,C077_F081,0,0
C077,C077_F082,2,0
C077,C077_F083,1,2
C077,C077_F084,0,2
C077,C077_F085,1,1
C077,C077_F086,0,1
C077,C077_F087,0,0
C077,C077_F088,0,1
C077,C077_F089,1,0
C077,C077_F090,1,0
C077,C077_F091,2,1
C077,C077_F092,2,0
C077,C077_F093,1,1
C077,C077_F094,0,1
C077,C077_F096,1,1
C077,C077_F097,0,1
C077,C077_F098,2,2
C077,C077_F099,2,1
C077,C077_F100,0,1
C077,C077_F101,2,1
C077,C077_F102,3,0
C077,C077_F103,2,1
C077,C077_F104,0,0
C077,C077_F105,1,0
C077,C077_F106,1,0
C077,C077_F107,0,1
C077,C077_F108,2,1
C077,C077_F109,1,0
C077,C077_F110,2,1
C077,C077_F111,0,0
C077,C077_F113,2,0
C077,C077_F114,2,0
C077,C077_F115,0,2
C077,C077_F116,0,1
C077,C077_F117,1,1
C077,C077_F119,0,1
C077,C077_F121,0,0
C077,C077_F122,0,1
C077,C077_F123,1,0
C077,C077_F124,0,0
C077,C077_F125,0,0
C077,C077_F126,0,1
C077,C077_F127,0,0
C077,C077_F128,2,1
C077,C077_F129,1,1
C077,C077_F130,0,0
C077,C077_F132,0,0
C077,C077_F133,0,0
C077,C077_F134,0,0
C077,C077_F135,1,0
C077,C077_F136,1,0
C077,C077_F137,1,1
C077,C077_F138,2,0
C077,C077_F139,0,1
C077,C077_F140,0,1
C077,C077_F141,1,0
C077,C077_F142,0,1
C077,C077_F143,2,0
C077,C077_F144,1,1
C077,C077_F145,0,0
C077,C077_F146,0,0
C077,C077_F147,0,1
C077,C077_F148,1,2
C077,C077_F149,0,1
C077,C077_F150,1,1
C077,C077_F151,3,0
C077,C077_F152,0,2
C077,C077_F153,1,0
C077,C077_F154,1,1
C077,C077_F155,1,0
C077,C077_F156,0,1
C077,C077_F157,2,0
C077,C077_F158,1,0
C077,C077_F159,0,1
C077,C077_F160,1,1
C077,C077_F161,0,0
C077,C077_F162,2,0
C077,C077_F163,1,0
C077,C077_F164,1,0
C077,C077_F165,0,1
C077,C077_F166,1,0
C077,C077_F167,2,0
C077,C077_F168,1,1
C077,C077_F169,0,3
C077,C077_F170,0,0
C077,C077_F171,0,0
C077,C077_F172,0,1
C077,C077_F173,2,0
C077,C077_F174,2,0
C077,C077_F175,0,1
C077,C077_F176,0,0
C077,C077_F177,1,0
C077,C077_F179,0,0
C077,C077_F180,1,0
C077,C077_F181,1,0
C077,C077_F183,1,0
C077,C077_F184,1,2
C077,C077_F185,1,0
C077,C077_F187,0,1
C077,C077_F188,1,1
C077,C077_F189,1,0
C077,C077_F191,1,0
C077,C077_F192,0,0
C077,C077_F193,1,1
C077,C077_F194,1,0
C077,C077_F195,0,0
C077,C077_F196,2,0
C077,C077_F197,2,0
C077,C077_F198,1,0
C077,C077_F199,0,1
C077,C077_F200,0,2
C077,C077_F201,2,0
C077,C077_F202,1,1
C077,C077_F203,1,1
C077,C077_F204,2,0
C077,C077_F205,0,0
C077,C077_F207,0,0
C077,C077_F208,1,0
C077,C077_F209,0,1
C077,C077_F210,0,2
C077,C077_F211,0,0
C077,C077_F212,0,1
C077,C077_F213,1,1
C077,C077_F214,0,0
C077,C077_F215,1,0
C077,C077_F216,2,0
C077,C077_F217,2,0
C077,C077_F218,0,1
C077,C077_F219,0,1
C077,C077_F220,1,1
C077,C077_F221,1,0
C077,C077_F222,0,2
C077,C077_F224,1,0
C077,C077_F225,0,0
C077,C077_F226,1,1
C077,C077_F227,0,0
C077,C077_F228,0,1
C077,C077_F229,0,0
C077,C077_F230,3,0
C077,C077_F231,0,2
C077,C077_F232,1,1
C077,C077_F233,0,2
C077,C077_F234,0,0
C077,C077_F235,1,0
C077,C077_F236,1,0
C077,C077_F237,4,0
C077,C077_F238,1,0
C077,C077_F239,1,1
C077,C077_F241,0,2
C077,C077_F242,0,4
C077,C077_F243,0,0
C077,C077_F244,0,0
C077,C077_F245,0,0
C077,C077_F246,1,0
C077,C077_F247,0,1
C077,C077_F248,0,0
C077,C077_F249,2,0
C077,C077_F250,0,2
C077,C077_F251,1,0
C077,C077_F253,0,1
C077,C077_F255,1,1
C077,C077_F256,0,0
C077,C077_F257,1,0
C077,C077_F258,0,0
C077,C077_F259,1,2
C077,C077_F261,0,0
C077,C077_F262,1,0
C077,C077_F263,1,2
C077,C077_F264,0,0
C077,C077_F265,1,2
C077,C077_F266,0,0
C077,C077_F267,1,1
C077,C077_F268,0,1
C077,C077_F269,0,0
C077,C077_F270,0,3
C077,C077_F271,1,1
C077,C077_F272,0,2
C077,C077_F273,2,0
C077,C077_F274,0,2
C077,C077_F275,1,0
C077,C077_F276,1,0
C077,C077_F278,1,2
C077,C077_F279,0,0
C077,C077_F280,0,1
C077,C077_F281,0,1
C077,C077_F282,0,0
C077,C077_F283,0,0
C077,C077_F285,0,3
C077,C077_F286,2,2
C077,C077_F287,0,0
C077,C077_F288,1,1
C077,C077_F289,1,1
C077,C077_F290,2,1
C077,C077_F291,0,0
C077,C077_F292,0,2
C077,C077_F293,1,1
C077,C077_F294,2,0
C077,C077_F295,2,0
C077,C077_F296,3,0
C077,C077_F297,1,1
C077,C077_F298,1,0
C077,C077_F299,1,0
C077,C077_F300,3,0
C077,C077_F301,0,0
C077,C077_F302,0,0
C077,C077_F303,0,0
C077,C077_F304,0,0
C077,C077_F305,0,1
C077,C077_F306,4,0
C077,C077_F307,1,0
C077,C077_F308,1,0
C077,C077_F309,1,0
C077,C077_F310,1,0
C077,C077_F311,1,0
C077,C077_F312,0,0
C077,C077_F313,0,1
C077,C077_F314,2,0
C077,C077_F315,2,0
C077,C077_F316,1,0
C077,C077_F317,1,2
C077,C077_F318,1,0
C077,C077_F319,0,1
C077,C077_F320,1,0
C077,C077_F321,1,1
C077,C077_F322,2,0
C077,C077_F323,0,0
C077,C077_F324,0,1
C077,C077_F325,1,1
C077,C077_F326,0,1
C077,C077_F327,0,1
C077,C077_F328,0,1
C077,C077_F329,1,0
C077,C077_F330,0,1
C077,C077_F332,0,1
C077,C077_F333,0,2
C077,C077_F334,0,0
C077,C077_F335,1,1
C077,C077_F336,0,1
C077,C077_F337,0,1
C077,C077_F338,0,1
C077,C077_F339,0,1
C077,C077_F341,1,0
C077,C077_F343,0,0
C077,C077_F344,0,0
C077,C077_F345,1,0
C077,C077_F346,1,1
C077,C077_F347,2,1
C077,C077_F348,1,1
C077,C077_F349,0,0
C077,C077_F350,0,0
C077,C077_F351,0,1
C077,C077_F352,2,0
C077,C077_F353,0,1
C077,C077_F354,1,0
C077,C077_F355,0,1
C077,C077_F356,1,1
C077,C077_F357,0,0
C077,C077_F358,0,1
C077,C077_F359,0,0
C077,C077_F360,1,0
C077,C077_F361,1,2
C077,C077_F362,1,0
C077,C077_F363,2,0
C077,C077_F364,0,0
C077,C077_F365,0,0
C077,C077_F367,0,0
C077,C077_F368,0,0
C077,C077_F369,2,0
C077,C077_F370,1,0
C077,C077_F371,0,0
C077,C077_F372,0,0
C077,C077_F373,2,0
C077,C077_F374,0,0
C077,C077_F375,1,0
C077,C077_F376,0,0
C077,C077_F377,1,0
C077,C077_F378,0,1
C077,C077_F379,0,0
C078,C078_F001,0,1
C078,C078_F002,2,1
C078,C078_F003,2,0
C078,C078_F004,0,0
C078,C078_F005,0,0
C078,C078_F006,2,0
C078,C078_F007,0,0
C078,C078_F008,0,0
C078,C078_F009,0,0
C078,C078_F013,2,0
C078,C078_F014,0,1
C078,C078_F015,3,1
C078,C078_F016,1,0
C078,C078_F017,0,0
C078,C078_F018,1,0
C078,C078_F019,0,1
C078,C078_F020,1,0
C078,C078_F021,1,0
C078,C078_F022,1,1
C078,C078_F023,1,0
C078,C078_F024,2,1
C078,C078_F025,0,1
C078,C078_F026,0,0
C078,C078_F027,0,1
C078,C078_F028,1,0
C078,C078_F029,0,1
C078,C078_F030,1,0
C078,C078_F031,2,0
C078,C078_F032,1,0
C078,C078_F033,1,2
C078,C078_F034,3,1
C078,C078_F035,3,0
C078,C078_F036,1,0
C078,C078_F037,1,0
C078,C078_F038,0,1
C078,C078_F039,0,0
C078,C078_F040,1,1
C078,C078_F041,1,0
C078,C078_F042,2,0
C078,C078_F043,1,1
C078,C078_F044,0,0
C078,C078_F045,2,0
C078,C078_F046,0,1
C078,C078_F047,0,0
C078,C078_F048,1,0
C078,C078_F049,0,1
C078,C078_F050,0,0
C078,C078_F052,0,0
C078,C078_F053,0,1
C078,C078_F054,1,0
C078,C078_F056,1,1
C078,C078_F057,0,0
C078,C078_F058,1,1
C078,C078_F059,1,1
C078,C078_F060,0,0
C078,C078_F061,0,0
C078,C078_F062,0,1
C078,C078_F063,1,2
C078,C078_F064,2,2
C078,C078_F065,1,0
C078,C078_F066,2,0
C078,C078_F067,0,0
C078,C078_F068,0,0
C078,C078_F069,1,0
C078,C078_F070,1,0
C078,C078_F071,1,1
C078,C078_F072,0,0
C078,C078_F073,1,0
C078,C078_F074,1,0
C078,C078_F075,1,0
C078,C078_F076,2,0
C078,C078_F077,1,0
C078,C078_F078,0,0
C078,C078_F080,1,1
C078,C078_F081,0,0
C078,C078_F082,0,0
C078,C078_F083,1,0
C078,C078_F084,0,0
C078,C078_F085,0,1
C078,C078_F086,3,0
C078,C078_F087,1,1
C078,C078_F088,1,0
C078,C078_F089,0,3
C078,C078_F090,1,0
C078,C078_F091,0,0
C078,C078_F092,3,0
C078,C078_F093,1,0
C078,C078_F094,0,0
C078,C078_F095,0,0
C078,C078_F096,1,0
C078,C078_F097,0,1
C078,C078_F098,1,0
C078,C078_F099,1,0
C078,C078_F100,1,0
C078,C078_F101,0,2
C078,C078_F102,1,1
C078,C078_F103,0,0
C078,C078_F106,0,0
C078,C078_F107,0,2
C078,C078_F108,1,0
C078,C078_F109,0,0
C078,C078_F111,2,0
C078,C078_F112,1,0
C078,C078_F113,1,0
C078,C078_F114,2,0
C078,C078_F116,0,0
C078,C078_F117,0,1
C078,C078_F118,0,1
C078,C078_F119,2,0
C078,C078_F120,0,0
C078,C078_F121,0,1
C078,C078_F122,1,0
C078,C078_F123,0,2
C078,C078_F124,0,1
C078,C078_F125,1,0
C078,C078_F127,2,0
C078,C078_F128,1,0
C078,C078_F129,0,0
C078,C078_F130,2,0
C078,C078_F131,2,0
C078,C078_F132,1,2
C078,C078_F133,0,2
C078,C078_F134,0,0
C078,C078_F135,0,0
C078,C078_F136,1,3
C078,C078_F137,0,0
C078,C078_F139,0,0
C078,C078_F140,0,1
C078,C078_F141,0,1
C078,C078_F142,0,0
C078,C078_F143,1,0
C078,C078_F144,0,0
C078,C078_F145,1,1
C078,C078_F146,0,3
C078,C078_F147,1,1
C078,C078_F148,0,2
C078,C078_F149,1,0
C078,C078_F150,1,1
C078,C078_F151,1,0
C078,C078_F152,1,0
C078,C078_F153,1,0
C078,C078_F154,1,1
C078,C078_F155,1,1
C078,C078_F156,0,1
C078,C078_F157,0,2
C078,C078_F158,0,1
C078,C078_F159,0,0
C078,C078_F160,1,0
C078,C078_F161,0,1
C078,C078_F162,1,2
C078,C078_F163,1,0
C078,C078_F164,0,0
C078,C078_F165,1,0
C078,C078_F166,2,0
C078,C078_F167,1,0
C078,C078_F168,0,0
C078,C078_F169,1,1
C078,C078_F170,2,0
C078,C078_F171,3,0
C078,C078_F172,1,0
C078,C078_F173,1,1
C078,C078_F174,1,0
C078,C078_F175,0,0
C078,C078_F176,0,1
C078,C078_F177,0,1
C078,C078_F178,1,1
C078,C078_F179,1,1
C078,C078_F180,0,0
C078,C078_F181,1,0
C078,C078_F182,0,0
C078,C078_F183,1,0
C078,C078_F184,1,1
C078,C078_F185,0,0
C078,C078_F186,0,0
C078,C078_F187,1,1
C078,C078_F188,1,1
C078,C078_F189,0,1
C078,C078_F191,2,0
C078,C078_F192,2,1
C078,C078_F193,1,2
C078,C078_F194,1,1
C078,C078_F195,0,2
C078,C078_F196,1,0
C078,C078_F197,0,0
C078,C078_F198,0,0
C078,C078_F199,0,0
C078,C078_F200,0,1
C078,C078_F201,2,0
C078,C078_F202,0,0
C078,C078_F203,1,0
C078,C078_F204,0,0
C078,C078_F205,0,0
C078,C078_F206,1,0
C078,C078_F207,1,0
C078,C078_F208,0,0
C078,C078_F210,2,1
C078,C078_F212,0,2
C078,C078_F213,1,2
C078,C078_F214,2,1
C078,C078_F215,2,0
C078,C078_F216,0,1
C078,C078_F217,0,0
C078,C078_F218,1,0
C078,C078_F219,0,1
C078,C078_F220,1,0
C078,C078_F221,0,0
C078,C078_F222,0,1
C078,C078_F223,0,0
C078,C078_F224,0,1
C078,C078_F225,2,2
C078,C078_F226,1,0
C078,C078_F227,2,2
C078,C078_F228,1,1
C078,C078_F229,2,0
C078,C078_F230,2,0
C078,C078_F231,0,1
C078,C078_F232,1,1
C078,C078_F234,3,1
C078,C078_F235,1,0
C078,C078_F236,2,0
C078,C078_F237,0,1
C078,C078_F238,3,1
C078,C078_F239,2,1
C078,C078_F240,1,0
C078,C078_F241,1,0
C078,C078_F243,0,1
C078,C078_F244,1,0
C078,C078_F245,1,0
C078,C078_F246,1,0
C078,C078_F247,0,0
C078,C078_F248,0,0
C078,C078_F249,0,1
C078,C078_F250,1,1
C078,C078_F251,1,0
C078,C078_F252,0,1
C078,C078_F253,2,1
C078,C078_F254,1,0
C078,C078_F256,1,0
C078,C078_F257,0,1
C078,C078_F258,2,1
C078,C078_F259,1,0
C078,C078_F260,1,1
C078,C078_F261,1,1
C078,C078_F262,1,2
C078,C078_F263,0,0
C078,C078_F264,1,0
C078,C078_F265,1,0
C078,C078_F266,3,0
C078,C078_F267,2,0
C078,C078_F268,0,1
C078,C078_F269,1,1
C078,C078_F270,1,0
C078,C078_F271,1,1
C078,C078_F272,0,0
C078,C078_F273,1,0
C078,C078_F274,2,1
C078,C078_F275,0,0
C078,C078_F276,3,0
C078,C078_F277,1,1
C078,C078_F278,1,2
C078,C078_F279,1,1
C078,C078_F280,2,0
C078,C078_F281,1,0
C078,C078_F282,1,0
C078,C078_F283,1,0
C078,C078_F284,1,0
C078,C078_F285,1,0
C078,C078_F286,1,0
C078,C078_F287,0,0
C078,C078_F288,0,0
C078,C078_F289,1,5
C078,C078_F290,0,1
C078,C078_F292,2,0
C078,C078_F293,1,1
C078,C078_F294,1,1
C078,C078_F295,0,0
C078,C078_F296,0,0
C078,C078_F297,0,0
C078,C078_F298,0,0
C078,C078_F299,0,1
C078,C078_F300,0,1
C078,C078_F301,2,0
C078,C078_F303,0,0
C078,C078_F304,1,1
C078,C078_F305,1,0
C078,C078_F306,1,1
C078,C078_F307,0,2
C078,C078_F308,1,0
C078,C078_F309,1,1
C078,C078_F310,1,0
C078,C078_F311,0,0
C078,C078_F313,0,2
C078,C078_F314,1,0
C078,C078_F315,2,1
C078,C078_F316,0,0
C078,C078_F317,0,0
C078,C078_F318,0,0
C078,C078_F319,1,0
C078,C078_F320,0,1
C078,C078_F321,2,0
C078,C078_F322,1,0
C078,C078_F323,1,1
C078,C078_F324,1,2
C078,C078_F325,1,1
C078,C078_F326,0,2
C078,C078_F327,2,1
C078,C078_F328,0,0
C078,C078_F329,0,1
C078,C078_F330,0,1
C078,C078_F331,0,3
C078,C078_F332,1,0
C078,C078_F334,1,0
C078,C078_F336,0,0
C078,C078_F337,1,1
C078,C078_F338,1,1
C078,C078_F339,0,1
C078,C078_F340,1,0
C078,C078_F341,1,1
C078,C078_F342,0,0
C078,C078_F343,1,0
C078,C078_F344,0,0
C078,C078_F345,0,0
C078,C078_F346,1,0
C078,C078_F347,0,1
C078,C078_F348,0,1
C078,C078_F349,0,0
C078,C078_F350,0,0
C078,C078_F351,0,1
C078,C078_F352,0,0
C078,C078_F353,0,0
C078,C078_F354,0,0
C078,C078_F355,1,0
C078,C078_F356,0,1
C078,C078_F357,1,2
C078,C078_F358,1,1
C078,C078_F359,0,0
C078,C078_F360,1,0
C078,C078_F361,0,0
C078,C078_F362,0,1
C078,C078_F363,1,1
C078,C078_F365,0,1
C078,C078_F366,0,0
C078,C078_F367,1,1
C078,C078_F368,2,1
C078,C078_F369,1,0
C078,C078_F370,0,1
C078,C078_F371,0,0
C078,C078_F372,0,1
C078,C078_F373,1,0
C078,C078_F374,0,0
C078,C078_F375,0,2
C078,C078_F376,2,1
C078,C078_F377,2,1
C078,C078_F378,1,0
C078,C078_F379,1,0
C078,C078_F380,0,0
C079,C079_F001,0,0
C079,C079_F002,0,2
C079,C079_F003,0,0
C079,C079_F004,1,0
C079,C079_F005,1,0
C079,C079_F006,0,2
C079,C079_F007,1,0
C079,C079_F008,1,1
C079,C079_F009,3,0
C079,C079_F010,1,1
C079,C079_F011,0,2
C079,C079_F012,1,1
C079,C079_F013,0,1
C079,C079_F015,0,2
C079,C079_F016,0,0
C079,C079_F017,0,0
C079,C079_F018,2,1
C079,C079_F019,1,0
C079,C079_F020,0,1
C079,C079_F021,1,0
C079,C079_F022,1,0
C079,C079_F024,0,1
C079,C079_F025,1,0
C079,C079_F026,1,0
C079,C079_F027,1,1
C079,C079_F028,1,0
C079,C079_F029,1,1
C079,C079_F030,2,0
C079,C079_F031,0,0
C079,C079_F032,1,0
C079,C079_F033,3,0
C079,C079_F034,0,0
C079,C079_F035,0,0
C079,C079_F036,2,0
C079,C079_F037,2,1
C079,C079_F039,0,1
C079,C079_F040,1,0
C079,C079_F041,1,1
C079,C079_F042,0,0
C079,C079_F043,1,0
C079,C079_F044,1,1
C079,C079_F045,0,1
C079,C079_F046,0,0
C079,C079_F047,2,1
C079,C079_F048,0,0
C079,C079_F049,1,0
C079,C079_F050,1,1
C079,C079_F051,0,2
C079,C079_F052,0,1
C079,C079_F055,0,0
C079,C079_F056,0,2
C079,C079_F057,0,0
C079,C079_F058,1,0
C079,C079_F059,2,0
C079,C079_F060,1,3
C079,C079_F061,0,1
C079,C079_F062,0,1
C079,C079_F063,2,0
C079,C079_F064,1,2
C079,C079_F065,1,0
C079,C079_F066,1,1
C079,C079_F067,1,0
C079,C079_F068,1,0
C079,C079_F069,3,1
C079,C079_F070,0,0
C079,C079_F071,1,1
C079,C079_F073,2,0
C079,C079_F074,2,1
C079,C079_F075,0,0
C079,C079_F076,1,1
C079,C079_F077,1,0
C079,C079_F078,0,0
C079,C079_F079,1,0
C079,C079_F080,2,0
C079,C079_F081,2,0
C079,C079_F082,4,0
C079,C079_F083,1,0
C079,C079_F084,2,0
C079,C079_F085,0,0
C079,C079_F086,1,2
C079,C079_F087,1,2
C079,C079_F088,3,0
C079,C079_F089,1,2
C079,C079_F090,1,0
C079,C079_F091,1,0
C079,C079_F093,0,1
C079,C079_F094,0,2
C079,C079_F095,1,0
C079,C079_F096,1,0
C079,C079_F097,0,0
C079,C079_F098,0,2
C079,C079_F099,2,0
C079,C079_F100,1,1
C079,C079_F101,2,0
C079,C079_F102,1,0
C079,C079_F103,0,1
C079,C079_F104,2,0
C079,C079_F105,0,1
C079,C079_F106,1,0
C079,C079_F107,1,0
C079,C079_F108,1,2
C079,C079_F109,0,0
C079,C079_F110,0,0
C079,C079_F111,0,0
C079,C079_F112,1,0
C079,C079_F113,1,0
C079,C079_F114,0,0
C079,C079_F115,0,2
C079,C079_F116,2,0
C079,C079_F117,1,0
C079,C079_F118,0,0
C079,C079_F121,1,0
C079,C079_F122,1,1
C079,C079_F123,2,1
C079,C079_F124,0,2
C079,C079_F125,1,1
C079,C079_F126,0,0
C079,C079_F127,1,1
C079,C079_F128,1,2
C079,C079_F129,1,0
C079,C079_F130,0,1
C079,C079_F131,1,0
C079,C079_F132,0,1
C079,C079_F133,1,1
C079,C079_F134,1,0
C079,C079_F135,2,1
C079,C079_F136,1,0
C079,C079_F137,0,1
C079,C079_F138,0,0
C079,C079_F139,1,0
C079,C079_F140,1,1
C079,C079_F141,1,2
C079,C079_F143,1,0
C079,C079_F144,0,0
C079,C079_F145,0,0
C079,C079_F146,0,0
C079,C079_F147,1,0
C079,C079_F148,3,0
C079,C079_F149,2,0
C079,C079_F150,1,0
C079,C079_F151,1,0
C079,C079_F152,0,1
C079,C079_F153,0,0
C079,C079_F154,1,0
C079,C079_F155,0,0
C079,C079_F156,0,1
C079,C079_F158,1,0
C079,C079_F159,1,0
C079,C079_F160,2,0
C079,C079_F161,1,1
C079,C079_F162,1,0
C079,C079_F163,1,0
C079,C079_F165,0,2
C079,C079_F167,0,1
C079,C079_F168,1,1
C079,C079_F169,3,0
C079,C079_F170,1,1
C079,C079_F171,0,3
C079,C079_F172,0,0
C079,C079_F173,1,0
C079,C079_F174,0,0
C079,C079_F175,0,1
C079,C079_F176,1,2
C079,C079_F177,0,0
C079,C079_F178,1,2
C079,C079_F179,0,0
C079,C079_F180,1,1
C079,C079_F181,3,0
C079,C079_F182,2,0
C079,C079_F183,0,0
C079,C079_F184,1,0
C079,C079_F185,0,0
C079,C079_F186,0,0
C079,C079_F187,0,2
C079,C079_F188,1,1
C079,C079_F189,0,1
C079,C079_F190,1,0
C079,C079_F191,3,0
C079,C079_F193,1,0
C079,C079_F194,0,2
C079,C079_F196,0,1
C079,C079_F197,0,1
C079,C079_F198,0,1
C079,C079_F199,0,1
C079,C079_F200,1,0
C079,C079_F201,3,0
C079,C079_F202,1,0
C079,C079_F203,1,0
C079,C079_F204,1,0
C079,C079_F205,0,2
C079,C079_F206,0,0
C079,C079_F207,1,1
C079,C079_F208,0,0
C079,C079_F209,1,0
C079,C079_F210,0,0
C079,C079_F211,0,1
C079,C079_F212,0,0
C079,C079_F213,1,1
C079,C079_F214,0,0
C079,C079_F215,2,0
C079,C079_F216,0,0
C079,C079_F217,0,1
C079,C079_F218,2,0
C079,C079_F219,0,0
C079,C079_F221,1,1
C079,C079_F222,0,1
C079,C079_F223,0,0
C079,C079_F224,2,1
C079,C079_F225,0,0
C079,C079_F226,3,0
C079,C079_F227,1,0
C079,C079_F228,1,0
C079,C079_F229,1,0
C079,C079_F230,1,0
C079,C079_F231,1,1
C079,C079_F232,2,1
C079,C079_F233,2,1
C079,C079_F234,0,1
C079,C079_F235,0,0
C079,C079_F236,0,0
C079,C079_F237,5,0
C079,C079_F238,0,2
C079,C079_F239,0,0
C079,C079_F240,1,1
C079,C079_F241,3,0
C079,C079_F242,1,1
C079,C079_F243,1,0
C079,C079_F244,1,1
C079,C079_F245,2,1
C079,C079_F247,2,2
C079,C079_F249,0,2
C079,C079_F250,0,0
C079,C079_F251,0,1
C079,C079_F252,0,0
C079,C079_F253,2,0
C079,C079_F254,1,0
C079,C079_F255,0,2
C079,C079_F256,2,2
C079,C079_F257,0,0
C079,C079_F258,0,0
C079,C079_F259,0,1
C079,C079_F260,0,1
C079,C079_F261,1,0
C079,C079_F262,1,1
C079,C079_F264,0,0
C079,C079_F265,1,1
C079,C079_F266,1,1
C079,C079_F267,0,1
C079,C079_F268,2,0
C079,C079_F269,0,0
C079,C079_F270,1,0
C079,C079_F271,0,1
C079,C079_F272,0,0
C079,C079_F273,1,1
C079,C079_F274,1,0
C079,C079_F275,0,0
C079,C079_F277,0,0
C079,C079_F278,1,1
C079,C079_F279,0,0
C079,C079_F280,0,1
C079,C079_F281,1,1
C079,C079_F282,2,0
C079,C079_F283,1,1
C079,C079_F284,2,0
C079,C079_F285,0,1
C079,C079_F286,1,0
C079,C079_F287,3,1
C079,C079_F288,2,1
C079,C079_F290,3,0
C079,C079_F292,4,0
C079,C079_F293,0,0
C079,C079_F294,0,1
C079,C079_F295,0,1
C079,C079_F296,1,0
C079,C079_F297,1,2
C079,C079_F298,0,0
C079,C079_F299,0,1
C079,C079_F300,0,1
C079,C079_F301,1,0
C079,C079_F302,1,1
C079,C079_F303,0,0
C079,C079_F304,3,0
C079,C079_F305,1,1
C079,C079_F306,1,0
C081,C081_F001,0,2
C081,C081_F002,1,1
C081,C081_F003,1,0
C081,C081_F004,1,0
C081,C081_F005,0,1
C081,C081_F006,0,0
C081,C081_F007,0,1
C081,C081_F009,1,0
C081,C081_F010,0,1
C081,C081_F011,2,0
C081,C081_F012,1,0
C081,C081_F013,0,1
C081,C081_F014,1,1
C081,C081_F015,0,2
C081,C081_F016,1,0
C081,C081_F017,1,0
C081,C081_F018,2,1
C081,C081_F019,0,0
C081,C081_F020,0,1
C081,C081_F021,0,0
C081,C081_F022,0,0
C081,C081_F023,2,0
C081,C081_F024,0,1
C081,C081_F025,1,2
C081,C081_F026,0,0
C081,C081_F027,0,0
C081,C081_F028,1,1
C081,C081_F029,0,1
C081,C081_F030,2,0
C081,C081_F031,0,1
C081,C081_F032,0,0
C081,C081_F033,1,1
C081,C081_F034,0,0
C081,C081_F035,1,0
C081,C081_F036,1,1
C081,C081_F037,1,1
C081,C081_F038,1,0
C081,C081_F040,0,1
C081,C081_F041,0,1
C081,C081_F042,0,1
C081,C081_F043,0,2
C081,C081_F044,1,0
C081,C081_F045,1,1
C081,C081_F046,1,0
C081,C081_F047,0,1
C081,C081_F048,0,1
C081,C081_F049,1,0
C081,C081_F050,1,2
C081,C081_F051,0,0
C081,C081_F052,0,1
C081,C081_F053,3,0
C081,C081_F054,0,2
C081,C081_F057,2,0
C081,C081_F058,0,1
C081,C081_F059,0,1
C081,C081_F060,0,1
C081,C081_F061,0,1
C081,C081_F062,0,1
C081,C081_F063,1,0
C081,C081_F064,1,0
C081,C081_F065,0,1
C081,C081_F066,0,0
C081,C081_F067,1,0
C081,C081_F068,0,2
C081,C081_F069,0,0
C081,C081_F070,0,2
C081,C081_F071,2,2
C081,C081_F072,1,1
C081,C081_F073,3,2
C081,C081_F074,1,0
C081,C081_F075,0,0
C081,C081_F076,0,1
C081,C081_F077,0,1
C081,C081_F078,2,1
C081,C081_F079,0,1
C081,C081_F080,0,0
C081,C081_F082,2,1
C081,C081_F083,1,1
C081,C081_F084,0,0
C081,C081_F085,1,1
C081,C081_F086,2,0
C081,C081_F087,1,0
C081,C081_F088,0,0
C081,C081_F090,0,1
C081,C081_F091,1,0
C081,C081_F092,3,0
C081,C081_F093,0,0
C081,C081_F094,0,0
C081,C081_F095,0,1
C081,C081_F096,0,1
C081,C081_F097,1,0
C081,C081_F098,0,1
C081,C081_F100,0,1
C081,C081_F101,0,0
C081,C081_F102,0,0
C081,C081_F103,1,0
C081,C081_F104,0,0
C081,C081_F105,0,0
C081,C081_F106,1,1
C081,C081_F107,0,1
C081,C081_F108,0,0
C081,C081_F109,0,1
C081,C081_F110,1,0
C081,C081_F111,0,0
C081,C081_F112,2,0
C081,C081_F114,0,0
C081,C081_F115,0,0
C081,C081_F116,1,0
C081,C081_F117,1,1
C081,C081_F118,1,0
C081,C081_F119,1,0
C081,C081_F120,1,1
C081,C081_F122,0,1
C081,C081_F123,1,1
C081,C081_F124,0,1
C081,C081_F125,2,0
C081,C081_F127,0,1
C081,C081_F128,2,0
C081,C081_F129,0,0
C081,C081_F131,2,0
C081,C081_F132,0,0
C081,C081_F133,0,1
C081,C081_F134,0,0
C081,C081_F135,0,1
C081,C081_F136,0,1
C081,C081_F137,0,0
C081,C081_F138,1,0
C081,C081_F139,0,1
C081,C081_F140,2,0
C081,C081_F141,1,0
C081,C081_F142,0,0
C081,C081_F143,0,0
C081,C081_F144,0,0
C081,C081_F145,0,0
C081,C081_F146,0,0
C081,C081_F147,1,2
C081,C081_F148,0,0
C081,C081_F149,0,1
C081,C081_F151,1,2
C081,C081_F153,1,2
C081,C081_F154,1,0
C081,C081_F155,1,0
C081,C081_F156,0,0
C081,C081_F157,0,0
C081,C081_F158,1,0
C081,C081_F159,2,0
C081,C081_F160,2,0
C081,C081_F161,0,1
C081,C081_F162,1,0
C081,C081_F163,0,0
C081,C081_F164,1,0
C081,C081_F165,2,1
C081,C081_F166,1,1
C081,C081_F167,0,1
C081,C081_F168,2,0
C081,C081_F169,0,1
C081,C081_F170,0,2
C081,C081_F171,0,2
C081,C081_F172,1,0
C081,C081_F173,0,1
C081,C081_F174,2,0
C081,C081_F176,2,0
C081,C081_F177,1,0
C081,C081_F178,0,0
C081,C081_F179,1,0
C081,C081_F180,1,0
C081,C081_F181,1,0
C081,C081_F182,0,0
C081,C081_F183,0,1
C081,C081_F184,1,2
C081,C081_F185,0,0
C081,C081_F186,1,0
C081,C081_F187,0,0
C081,C081_F188,2,0
C081,C081_F189,0,0
C081,C081_F190,0,0
C081,C081_F191,1,0
C081,C081_F192,1,0
C081,C081_F193,1,0
C081,C081_F194,1,0
C081,C081_F195,1,0
C081,C081_F196,1,0
C081,C081_F197,1,0
C081,C081_F199,0,0
C081,C081_F200,1,0
C081,C081_F201,0,0
C081,C081_F202,0,0
C081,C081_F204,3,0
C081,C081_F205,0,0
C081,C081_F206,0,1
C081,C081_F207,1,0
C081,C081_F208,1,0
C081,C081_F209,0,0
C081,C081_F210,1,0
C081,C081_F211,0,1
C081,C081_F212,1,0
C081,C081_F213,1,1
C081,C081_F214,0,1
C081,C081_F215,1,1
C081,C081_F216,0,1
C081,C081_F217,0,1
C081,C081_F218,1,2
C081,C081_F219,1,1
C081,C081_F220,1,0
C081,C081_F221,0,0
C081,C081_F222,2,0
C081,C081_F223,0,0
C081,C081_F224,1,0
C081,C081_F225,1,1
C081,C081_F226,0,2
C081,C081_F227,0,0
C081,C081_F228,0,0
C081,C081_F229,2,2
C081,C081_F231,2,0
C081,C081_F232,1,0
C081,C081_F234,0,1
C081,C081_F235,1,0
C081,C081_F236,0,0
C081,C081_F237,0,1
C081,C081_F239,0,0
C081,C081_F240,0,0
C081,C081_F241,0,0
C081,C081_F242,1,0
C081,C081_F243,0,0
C081,C081_F244,0,0
C081,C081_F245,1,0
C081,C081_F246,0,0
C081,C081_F247,0,1
C081,C081_F248,2,0
C081,C081_F249,0,2
C081,C081_F250,2,0
C081,C081_F251,1,1
C081,C081_F252,1,1
C081,C081_F253,1,0
C081,C081_F254,2,0
C081,C081_F255,2,0
C081,C081_F256,1,0
C081,C081_F257,0,1
C081,C081_F258,0,1
C081,C081_F259,1,1
C081,C081_F260,1,0
C081,C081_F261,0,1
C081,C081_F262,1,0
C081,C081_F263,0,1
C081,C081_F264,1,1
C081,C081_F265,1,0
C081,C081_F268,0,0
C081,C081_F269,4,0
C081,C081_F270,1,0
C081,C081_F271,0,0
C081,C081_F272,2,1
C081,C081_F273,0,0
C081,C081_F274,1,0
C081,C081_F275,1,0
C081,C081_F276,0,0
C081,C081_F277,0,1
C081,C081_F278,1,0
C081,C081_F279,0,0
C081,C081_F280,0,0
C081,C081_F281,0,1
C081,C081_F282,0,1
C081,C081_F283,1,1
C081,C081_F284,0,1
C081,C081_F285,0,0
C081,C081_F287,1,0
C081,C081_F288,0,0
C081,C081_F289,2,1
C081,C081_F290,1,0
C081,C081_F291,0,1
C081,C081_F292,3,0
C081,C081_F293,0,0
C081,C081_F294,0,0
C081,C081_F295,0,0
C081,C081_F296,0,0
C081,C081_F297,2,0
C081,C081_F298,0,0
C081,C081_F299,0,2
C081,C081_F300,0,1
C081,C081_F302,0,3
C081,C081_F303,1,0
C081,C081_F304,0,2
C081,C081_F305,0,0
C081,C081_F306,3,0
C083,C083_F001,0,3
C083,C083_F002,0,1
C083,C083_F003,4,0
C083,C083_F004,1,0
C083,C083_F005,1,0
C083,C083_F006,3,0
C083,C083_F007,1,0
C083,C083_F008,3,0
C083,C083_F009,2,2
C083,C083_F010,1,2
C083,C083_F011,0,2
C083,C083_F012,1,2
C083,C083_F013,1,1
C083,C083_F014,2,1
C083,C083_F015,0,1
C083,C083_F016,1,0
C083,C083_F017,0,1
C083,C083_F018,0,3
C083,C083_F019,0,1
C083,C083_F020,0,0
C083,C083_F021,0,1
C083,C083_F022,2,0
C083,C083_F024,1,0
C083,C083_F025,1,0
C083,C083_F026,2,1
C083,C083_F027,0,3
C083,C083_F028,1,0
C083,C083_F029,0,0
C083,C083_F030,0,1
C083,C083_F031,1,0
C083,C083_F032,1,0
C083,C083_F033,0,1
C083,C083_F034,1,0
C083,C083_F035,1,1
C083,C083_F036,0,1
C083,C083_F038,0,4
C083,C083_F039,0,1
C083,C083_F040,2,1
C083,C083_F041,1,1
C083,C083_F042,2,0
C083,C083_F043,0,2
C083,C083_F044,1,1
C083,C083_F045,1,3
C083,C083_F046,0,0
C083,C083_F047,1,0
C083,C083_F048,0,0
C083,C083_F049,1,1
C083,C083_F050,1,1
C083,C083_F051,0,0
C083,C083_F052,0,1
C083,C083_F053,0,0
C083,C083_F054,0,0
C083,C083_F055,0,1
C083,C083_F056,0,0
C083,C083_F057,1,0
C083,C083_F058,2,1
C083,C083_F059,0,0
C083,C083_F060,0,1
C083,C083_F061,1,0
C083,C083_F062,1,0
C083,C083_F063,1,1
C083,C083_F064,1,1
C083,C083_F065,1,2
C083,C083_F066,1,2
C083,C083_F067,1,0
C083,C083_F068,1,0
C083,C083_F069,2,2
C083,C083_F070,2,2
C083,C083_F071,3,0
C083,C083_F072,0,1
C083,C083_F073,1,0
C083,C083_F074,2,0
C083,C083_F075,0,1
C083,C083_F076,1,0
C083,C083_F077,0,0
C083,C083_F078,0,1
C083,C083_F079,2,2
C083,C083_F080,0,0
C083,C083_F081,0,0
C083,C083_F082,0,2
C083,C083_F083,1,1
C083,C083_F084,1,0
C083,C083_F085,0,0
C083,C083_F086,0,1
C083,C083_F087,1,0
C083,C083_F088,1,0
C083,C083_F089,1,0
C083,C083_F090,1,1
C083,C083_F091,1,1
C083,C083_F092,0,0
C083,C083_F093,0,1
C083,C083_F094,1,0
C083,C083_F096,1,2
C083,C083_F097,3,0
C083,C083_F098,1,0
C083,C083_F099,0,0
C083,C083_F100,0,2
C083,C083_F101,0,0
C083,C083_F102,1,0
C083,C083_F103,0,0
C083,C083_F104,0,1
C083,C083_F105,1,0
C083,C083_F106,1,0
C083,C083_F107,1,0
C083,C083_F108,0,1
C083,C083_F109,2,0
C083,C083_F110,1,0
C083,C083_F111,0,1
C083,C083_F112,0,1
C083,C083_F113,1,1
C083,C083_F114,2,1
C083,C083_F115,1,0
C083,C083_F116,0,0
C083,C083_F117,2,2
C083,C083_F118,1,0
C083,C083_F119,3,0
C083,C083_F120,1,2
C083,C083_F121,1,0
C083,C083_F122,3,0
C083,C083_F123,3,0
C083,C083_F124,0,1
C083,C083_F125,1,2
C083,C083_F126,0,0
C083,C083_F127,0,0
C083,C083_F128,0,1
C083,C083_F129,0,1
C083,C083_F130,1,1
C083,C083_F131,1,1
C083,C083_F132,0,2
C083,C083_F133,0,0
C083,C083_F134,0,1
C083,C083_F135,1,2
C083,C083_F136,2,0
C083,C083_F138,1,0
C083,C083_F139,0,0
C083,C083_F140,2,2
C083,C083_F141,0,1
C083,C083_F142,2,0
C083,C083_F143,0,2
C083,C083_F144,1,0
C083,C083_F145,2,0
C083,C083_F146,1,1
C083,C083_F147,1,1
C083,C083_F148,0,0
C083,C083_F149,0,3
C083,C083_F150,0,0
C083,C083_F151,1,0
C083,C083_F152,0,0
C083,C083_F153,1,1
C083,C083_F154,1,0
C083,C083_F155,0,0
C083,C083_F156,0,3
C083,C083_F157,0,0
C083,C083_F158,2,0
C083,C083_F159,0,0
C083,C083_F160,1,1
C083,C083_F161,2,0
C083,C083_F162,1,1
C083,C083_F163,0,0
C083,C083_F164,1,0
C083,C083_F165,1,2
C083,C083_F166,1,1
C083,C083_F167,0,0
C083,C083_F168,1,1
C083,C083_F169,0,1
C083,C083_F170,1,0
C083,C083_F171,1,0
C083,C083_F172,0,1
C083,C083_F173,0,0
C083,C083_F175,1,2
C083,C083_F176,2,0
C083,C083_F177,1,0
C083,C083_F178,0,1
C083,C083_F179,2,0
C083,C083_F180,0,2
C083,C083_F181,0,1
C083,C083_F182,1,0
C083,C083_F183,1,1
C083,C083_F184,0,0
C083,C083_F185,2,1
C083,C083_F186,1,0
C083,C083_F187,1,1
C083,C083_F188,2,0
C083,C083_F189,0,1
C083,C083_F190,0,1
C083,C083_F191,0,1
C083,C083_F192,1,1
C083,C083_F193,0,0
C083,C083_F194,1,0
C083,C083_F195,1,1
C083,C083_F196,4,1
C083,C083_F197,1,1
C083,C083_F198,0,2
C083,C083_F199,0,5
C083,C083_F200,0,0
C083,C083_F201,0,0
C083,C083_F202,0,0
C083,C083_F203,0,0
C083,C083_F204,0,2
C083,C083_F205,1,1
C083,C083_F206,2,0
C083,C083_F207,1,0
C083,C083_F208,2,0
C083,C083_F209,1,0
C083,C083_F210,1,0
C083,C083_F211,0,0
C083,C083_F212,1,0
C083,C083_F213,0,0
C083,C083_F214,0,1
C083,C083_F215,1,0
C083,C083_F216,2,1
C083,C083_F217,0,0
C083,C083_F218,0,1
C083,C083_F219,1,0
C083,C083_F220,0,0
C083,C083_F221,3,1
C083,C083_F222,1,1
C083,C083_F223,1,0
C083,C083_F224,1,0
C083,C083_F226,0,3
C083,C083_F227,0,0
C083,C083_F228,0,2
C083,C083_F229,1,0
C083,C083_F230,2,0
C083,C083_F231,2,0
C083,C083_F232,2,1
C083,C083_F233,0,1
C083,C083_F234,0,0
C083,C083_F235,1,0
C083,C083_F236,0,0
C083,C083_F237,0,0
C083,C083_F238,1,0
C083,C083_F239,0,2
C083,C083_F240,0,0
C083,C083_F241,0,0
C083,C083_F242,2,1
C083,C083_F243,1,0
C083,C083_F244,0,0
C083,C083_F245,0,0
C083,C083_F246,1,0
C083,C083_F247,0,1
C083,C083_F248,0,1
C083,C083_F249,0,0
C083,C083_F250,0,0
C083,C083_F251,0,1
C083,C083_F252,0,0
C083,C083_F253,0,0
C083,C083_F254,1,0
C083,C083_F255,2,0
C083,C083_F256,2,1
C083,C083_F257,0,0
C083,C083_F258,0,0
C083,C083_F259,1,1
C083,C083_F260,0,1
C083,C083_F261,1,1
C083,C083_F262,0,0
C083,C083_F263,0,0
C083,C083_F264,0,0
C083,C083_F265,2,0
C083,C083_F267,0,0
C083,C083_F269,2,0
C083,C083_F270,1,0
C083,C083_F271,1,0
C083,C083_F272,1,0
C083,C083_F273,0,0
C083,C083_F274,1,1
C083,C083_F275,1,2
C083,C083_F276,0,2
C083,C083_F277,2,1
C083,C083_F278,1,1
C083,C083_F279,0,2
C083,C083_F280,1,0
C083,C083_F281,1,1
C083,C083_F282,1,2
C083,C083_F283,0,1
C083,C083_F284,2,0
C083,C083_F285,0,1
C083,C083_F286,0,0
C083,C083_F287,1,0
C083,C083_F288,0,0
C083,C083_F289,0,0
C083,C083_F290,1,1
C083,C083_F291,1,1
C083,C083_F292,1,2
C083,C083_F293,3,0
C083,C083_F294,2,1
C083,C083_F295,0,1
C083,C083_F296,1,0
C083,C083_F297,1,1
C083,C083_F298,1,0
C083,C083_F300,1,0
C083,C083_F302,0,2
C083,C083_F303,0,0
C083,C083_F304,1,1
C083,C083_F305,2,0
C083,C083_F307,0,0
C083,C083_F308,0,1
C083,C083_F309,1,0
C083,C083_F310,0,1
C083,C083_F311,0,0
C083,C083_F312,1,1
C083,C083_F313,0,1
C083,C083_F314,2,0
C083,C083_F315,2,1
C083,C083_F316,0,0
C083,C083_F317,0,0
C083,C083_F318,1,1
C083,C083_F319,2,0
C083,C083_F320,0,0
C083,C083_F321,0,0
C083,C083_F322,0,0
C083,C083_F323,0,0
C083,C083_F324,3,0
C083,C083_F325,1,1
C083,C083_F326,2,0
C083,C083_F327,1,0
C083,C083_F328,0,2
C083,C083_F329,0,1
C083,C083_F330,0,2
C083,C083_F331,1,1
C083,C083_F332,1,0
C083,C083_F333,2,0
C083,C083_F334,0,0
C083,C083_F335,0,0
C083,C083_F336,0,0
C083,C083_F337,0,2
C083,C083_F338,2,0
C083,C083_F339,0,1
C083,C083_F340,0,1
C083,C083_F341,0,0
C083,C083_F342,2,1
C083,C083_F343,0,1
C083,C083_F344,0,2
C083,C083_F345,1,1
C083,C083_F346,1,1
C083,C083_F347,0,1
C083,C083_F348,0,1
C083,C083_F349,1,1
C083,C083_F350,0,4
C083,C083_F351,1,1
C083,C083_F352,2,0
C083,C083_F353,0,1
C083,C083_F354,0,0
C083,C083_F355,2,0
C083,C083_F356,0,0
C083,C083_F357,2,2
C083,C083_F358,2,0
C083,C083_F359,0,1
C083,C083_F360,1,1
C083,C083_F361,0,1
C083,C083_F362,0,0
C083,C083_F363,1,1
C083,C083_F364,1,1
C083,C083_F365,0,0
C083,C083_F366,1,1
C083,C083_F367,0,2
C083,C083_F368,0,0
C083,C083_F369,1,2
C083,C083_F370,0,0
C083,C083_F371,1,1
C083,C083_F372,0,0
C083,C083_F373,1,0
C083,C083_F374,1,1
C083,C083_F375,1,0
C083,C083_F376,2,0
C083,C083_F377,2,0
C083,C083_F378,1,0
C083,C083_F379,0,0
C083,C083_F380,0,2
C085,C085_F001,0,1
C085,C085_F003,3,0
C085,C085_F004,0,1
C085,C085_F005,0,1
C085,C085_F006,0,0
C085,C085_F007,0,0
C085,C085_F008,0,0
C085,C085_F009,0,0
C085,C085_F010,3,1
C085,C085_F012,2,0
C085,C085_F013,0,0
C085,C085_F014,1,2
C085,C085_F015,0,0
C085,C085_F016,0,2
C085,C085_F017,0,0
C085,C085_F018,0,2
C085,C085_F019,0,0
C085,C085_F020,1,3
C085,C085_F021,2,1
C085,C085_F022,0,1
C085,C085_F023,0,0
C085,C085_F024,0,2
C085,C085_F025,0,0
C085,C085_F026,1,0
C085,C085_F027,0,1
C085,C085_F028,0,0
C085,C085_F030,0,1
C085,C085_F031,0,1
C085,C085_F032,1,1
C085,C085_F033,1,0
C085,C085_F034,0,0
C085,C085_F035,0,3
C085,C085_F036,0,0
C085,C085_F037,1,0
C085,C085_F038,2,1
C085,C085_F039,1,1
C085,C085_F040,0,1
C085,C085_F041,1,2
C085,C085_F042,1,0
C085,C085_F043,1,1
C085,C085_F044,0,0
C085,C085_F045,0,0
C085,C085_F046,1,0
C085,C085_F047,0,0
C085,C085_F048,0,0
C085,C085_F049,1,0
C085,C085_F050,1,1
C085,C085_F051,1,0
C085,C085_F053,0,1
C085,C085_F054,1,0
C085,C085_F055,2,0
C085,C085_F056,0,1
C085,C085_F057,1,0
C085,C085_F058,1,0
C085,C085_F059,1,0
C085,C085_F060,2,0
C085,C085_F061,1,0
C085,C085_F062,2,0
C085,C085_F063,0,0
C085,C085_F064,2,0
C085,C085_F065,0,4
C085,C085_F066,0,0
C085,C085_F067,1,1
C085,C085_F068,0,0
C085,C085_F069,0,1
C085,C085_F070,0,1
C085,C085_F071,1,0
C085,C085_F072,0,0
C085,C085_F073,0,1
C085,C085_F074,0,0
C085,C085_F075,1,0
C085,C085_F076,2,0
C085,C085_F077,2,1
C085,C085_F078,2,0
C085,C085_F079,1,0
C085,C085_F080,0,2
C085,C085_F081,0,0
C085,C085_F082,0,0
C085,C085_F083,0,0
C085,C085_F084,0,0
C085,C085_F085,1,0
C085,C085_F086,0,0
C085,C085_F088,1,0
C085,C085_F089,1,0
C085,C085_F090,0,0
C085,C085_F091,0,0
C085,C085_F092,1,0
C085,C085_F093,0,1
C085,C085_F094,0,0
C085,C085_F095,0,1
C085,C085_F096,0,1
C085,C085_F097,0,0
C085,C085_F098,2,0
C085,C085_F099,0,0
C085,C085_F101,1,0
C085,C085_F103,2,0
C085,C085_F104,0,3
C085,C085_F105,0,0
C085,C085_F106,1,0
C085,C085_F107,1,2
C085,C085_F108,0,0
C085,C085_F109,1,0
C085,C085_F110,1,2
C085,C085_F111,0,1
C085,C085_F112,1,0
C085,C085_F113,1,1
C085,C085_F114,1,1
C085,C085_F115,0,0
C085,C085_F116,1,0
C085,C085_F117,3,0
C085,C085_F119,0,1
C085,C085_F120,1,1
C085,C085_F121,1,0
C085,C085_F122,0,3
C085,C085_F123,1,1
C085,C085_F124,0,0
C085,C085_F125,1,1
C085,C085_F126,1,1
C085,C085_F127,1,0
C085,C085_F128,0,1
C085,C085_F130,1,0
C085,C085_F131,2,0
C085,C085_F132,1,0
C085,C085_F134,0,0
C085,C085_F135,1,0
C085,C085_F137,0,1
C085,C085_F138,0,1
C085,C085_F139,2,1
C085,C085_F140,0,0
C085,C085_F141,0,0
C085,C085_F142,3,0
C085,C085_F143,1,1
C085,C085_F145,3,0
C085,C085_F146,0,0
C085,C085_F147,0,0
C085,C085_F149,2,0
C085,C085_F150,1,0
C085,C085_F151,1,0
C085,C085_F152,1,0
C085,C085_F153,0,1
C085,C085_F154,1,0
C085,C085_F155,4,1
C085,C085_F156,0,0
C085,C085_F157,2,0
C085,C085_F158,0,0
C085,C085_F161,0,1
C085,C085_F162,1,0
C085,C085_F163,0,1
C085,C085_F164,3,0
C085,C085_F165,1,1
C085,C085_F166,1,1
C085,C085_F167,0,1
C085,C085_F169,0,0
C085,C085_F170,0,1
C085,C085_F171,1,1
C085,C085_F172,1,2
C085,C085_F173,0,0
C085,C085_F174,1,0
C085,C085_F175,0,0
C085,C085_F176,0,0
C085,C085_F177,2,1
C085,C085_F178,0,0
C085,C085_F179,2,1
C085,C085_F180,1,1
C085,C085_F181,0,2
C085,C085_F182,0,0
C085,C085_F183,0,2
C085,C085_F184,0,0
C085,C085_F185,0,2
C085,C085_F186,1,1
C085,C085_F187,1,0
C085,C085_F188,0,0
C085,C085_F190,0,0
C085,C085_F191,0,0
C085,C085_F192,1,1
C085,C085_F193,1,1
C085,C085_F194,1,0
C085,C085_F195,0,1
C085,C085_F196,1,0
C085,C085_F198,0,2
C085,C085_F199,2,0
C085,C085_F201,0,0
C085,C085_F202,0,0
C085,C085_F203,1,1
C085,C085_F204,1,0
C085,C085_F205,0,0
C085,C085_F206,1,0
C085,C085_F207,1,1
C085,C085_F209,0,1
C085,C085_F210,0,0
C085,C085_F211,0,0
C085,C085_F212,0,0
C085,C085_F214,0,0
C085,C085_F215,0,1
C085,C085_F216,1,1
C085,C085_F218,1,0
C085,C085_F219,1,1
C085,C085_F220,0,0
C085,C085_F221,0,0
C085,C085_F222,0,0
C085,C085_F223,1,0
C085,C085_F224,0,1
C085,C085_F225,0,3
C085,C085_F226,0,1
C085,C085_F227,2,1
C085,C085_F228,0,1
C085,C085_F229,2,0
C085,C085_F230,2,1
C085,C085_F231,1,0
C085,C085_F232,0,1
C085,C085_F233,0,1
C085,C085_F234,0,1
C085,C085_F235,1,0
C085,C085_F236,0,0
C085,C085_F237,1,0
C085,C085_F238,1,0
C085,C085_F239,0,0
C085,C085_F240,0,0
C085,C085_F241,2,1
C085,C085_F242,0,0
C085,C085_F243,0,1
C085,C085_F244,0,0
C085,C085_F245,1,1
C085,C085_F246,0,0
C085,C085_F247,0,1
C085,C085_F248,0,0
C085,C085_F249,0,0
C085,C085_F250,0,2
C085,C085_F251,1,0
C085,C085_F252,3,0
C085,C085_F253,0,0
C085,C085_F254,2,1
C085,C085_F255,0,2
C085,C085_F256,1,0
C085,C085_F257,0,0
C085,C085_F258,3,1
C085,C085_F259,0,0
C085,C085_F260,0,1
C085,C085_F261,0,0
C085,C085_F262,0,0
C085,C085_F263,0,0
C085,C085_F264,1,2
C085,C085_F265,0,1
C085,C085_F266,1,1
C085,C085_F267,1,1
C085,C085_F268,0,2
C085,C085_F269,1,1
C085,C085_F270,1,0
C085,C085_F271,1,1
C085,C085_F272,2,1
C085,C085_F273,2,0
C085,C085_F274,1,0
C085,C085_F275,1,1
C085,C085_F276,0,0
C085,C085_F277,0,0
C085,C085_F278,1,1
C085,C085_F279,0,0
C085,C085_F280,0,0
C085,C085_F281,0,1
C085,C085_F282,3,1
C085,C085_F283,1,0
C085,C085_F284,1,0
C085,C085_F285,0,0
C085,C085_F286,0,2
C085,C085_F287,1,0
C085,C085_F288,0,0
C085,C085_F289,0,0
C085,C085_F290,0,0
C085,C085_F291,1,0
C085,C085_F292,0,0
C085,C085_F293,0,0
C085,C085_F294,0,1
C085,C085_F295,0,2
C085,C085_F296,0,0
C085,C085_F297,0,1
C085,C085_F298,0,0
C085,C085_F299,1,0
C085,C085_F300,1,0
C085,C085_F301,0,1
C085,C085_F303,0,1
C085,C085_F304,1,0
C085,C085_F305,0,0
C085,C085_F306,0,1
C086,C086_F001,0,0
C086,C086_F002,1,2
C086,C086_F003,2,0
C086,C086_F004,0,0
C086,C086_F005,1,0
C086,C086_F006,0,0
C086,C086_F007,0,0
C086,C086_F008,2,1
C086,C086_F009,2,2
C086,C086_F011,1,0
C086,C086_F012,0,1
C086,C086_F013,3,0
C086,C086_F014,1,1
C086,C086_F015,1,0
C086,C086_F016,0,2
C086,C086_F017,3,0
C086,C086_F018,0,2
C086,C086_F019,0,2
C086,C086_F020,0,0
C086,C086_F021,0,0
C086,C086_F022,0,0
C086,C086_F023,1,0
C086,C086_F024,0,0
C086,C086_F026,3,2
C086,C086_F027,1,1
C086,C086_F029,0,1
C086,C086_F030,0,0
C086,C086_F031,4,0
C086,C086_F032,0,1
C086,C086_F033,0,1
C086,C086_F034,0,2
C086,C086_F035,2,2
C086,C086_F036,2,0
C086,C086_F037,2,0
C086,C086_F039,4,0
C086,C086_F040,2,1
C086,C086_F041,1,0
C086,C086_F042,1,2
C086,C086_F043,0,0
C086,C086_F044,1,0
C086,C086_F045,2,1
C086,C086_F046,0,0
C086,C086_F047,2,0
C086,C086_F048,1,1
C086,C086_F049,0,0
C086,C086_F051,0,2
C086,C086_F052,0,0
C086,C086_F053,0,2
C086,C086_F054,0,0
C086,C086_F055,0,1
C086,C086_F056,1,1
C086,C086_F057,2,2
C086,C086_F058,0,0
C086,C086_F059,2,0
C086,C086_F060,1,1
C086,C086_F061,0,0
C086,C086_F062,0,2
C086,C086_F063,0,1
C086,C086_F064,1,3
C086,C086_F065,1,1
C086,C086_F066,2,0
C086,C086_F067,1,2
C086,C086_F068,0,0
C086,C086_F069,1,0
C086,C086_F070,1,1
C086,C086_F071,3,1
C086,C086_F072,1,0
C086,C086_F073,2,0
C086,C086_F074,1,1
C086,C086_F075,0,0
C086,C086_F076,1,1
C086,C086_F078,0,1
C086,C086_F079,1,2
C086,C086_F080,0,0
C086,C086_F081,1,0
C086,C086_F082,0,1
C086,C086_F083,2,0
C086,C086_F084,1,1
C086,C086_F085,1,0
C086,C086_F086,0,1
C086,C086_F087,0,2
C086,C086_F088,0,0
C086,C086_F089,0,1
C086,C086_F090,2,0
C086,C086_F091,0,0
C086,C086_F092,0,1
C086,C086_F093,3,1
C086,C086_F094,1,0
C086,C086_F095,0,1
C086,C086_F096,0,2
C086,C086_F097,0,0
C086,C086_F099,0,1
C086,C086_F100,0,0
C086,C086_F101,2,0
C086,C086_F102,0,0
C086,C086_F103,1,2
C086,C086_F104,1,1
C086,C086_F105,0,0
C086,C086_F106,0,0
C086,C086_F107,0,0
C086,C086_F108,0,1
C086,C086_F109,1,2
C086,C086_F110,0,2
C086,C086_F111,0,0
C086,C086_F112,2,0
C086,C086_F113,0,0
C086,C086_F114,0,3
C086,C086_F115,1,0
C086,C086_F116,0,1
C086,C086_F117,0,0
C086,C086_F118,2,0
C086,C086_F119,0,0
C086,C086_F120,1,1
C086,C086_F121,0,2
C086,C086_F122,1,0
C086,C086_F123,1,0
C086,C086_F124,0,0
C086,C086_F125,0,1
C086,C086_F126,1,1
C086,C086_F127,0,0
C086,C086_F129,1,1
C086,C086_F130,1,1
C086,C086_F131,4,2
C086,C086_F132,1,0
C086,C086_F133,1,1
C086,C086_F134,2,0
C086,C086_F135,0,0
C086,C086_F136,0,1
C086,C086_F137,1,1
C086,C086_F138,0,0
C086,C086_F140,1,0
C086,C086_F141,1,1
C086,C086_F142,1,2
C086,C086_F143,0,1
C086,C086_F144,0,0
C086,C086_F145,0,1
C086,C086_F146,0,1
C086,C086_F147,3,0
C086,C086_F148,1,1
C086,C086_F149,1,0
C086,C086_F150,0,0
C086,C086_F151,0,1
C086,C086_F152,1,0
C086,C086_F153,0,1
C086,C086_F154,2,1
C086,C086_F155,0,0
C086,C086_F156,0,1
C086,C086_F157,0,1
C086,C086_F158,0,1
C086,C086_F160,0,1
C086,C086_F161,0,0
C086,C086_F162,2,0
C086,C086_F163,0,0
C086,C086_F164,0,1
C086,C086_F165,1,0
C086,C086_F166,0,2
C086,C086_F167,1,0
C086,C086_F168,2,0
C086,C086_F169,2,0
C086,C086_F170,2,1
C086,C086_F171,0,2
C086,C086_F173,1,1
C086,C086_F174,0,1
C086,C086_F175,0,0
C086,C086_F176,0,1
C086,C086_F177,1,1
C086,C086_F179,2,0
C086,C086_F180,0,0
C086,C086_F181,0,0
C086,C086_F182,1,1
C086,C086_F183,1,1
C086,C086_F184,0,3
C086,C086_F185,0,0
C086,C086_F186,2,2
C086,C086_F188,0,0
C086,C086_F189,0,0
C086,C086_F190,1,0
C086,C086_F191,0,2
C086,C086_F192,0,1
C086,C086_F193,1,0
C086,C086_F195,0,0
C086,C086_F196,2,0
C086,C086_F197,1,0
C086,C086_F198,0,0
C086,C086_F199,1,0
C086,C086_F200,2,2
C086,C086_F201,2,1
C086,C086_F202,3,0
C086,C086_F203,1,0
C086,C086_F204,1,0
C086,C086_F205,1,1
C086,C086_F206,1,0
C086,C086_F207,4,0
C086,C086_F208,0,0
C086,C086_F209,1,0
C086,C086_F210,2,0
C086,C086_F211,0,1
C086,C086_F212,1,0
C086,C086_F213,0,0
C086,C086_F214,2,0
C086,C086_F215,1,1
C086,C086_F216,1,2
C086,C086_F217,0,1
C086,C086_F218,3,1
C086,C086_F219,0,0
C086,C086_F220,1,1
C086,C086_F221,0,0
C086,C086_F222,1,1
C086,C086_F223,0,0
C086,C086_F224,1,0
C086,C086_F225,1,1
C086,C086_F226,0,1
C086,C086_F227,1,1
C086,C086_F228,0,0
C086,C086_F229,0,0
C086,C086_F230,0,0
C086,C086_F231,1,0
C086,C086_F232,2,2
C086,C086_F233,0,0
C086,C086_F234,0,2
C086,C086_F235,0,0
C086,C086_F237,0,2
C086,C086_F238,0,2
C086,C086_F239,1,0
C086,C086_F240,0,0
C086,C086_F241,0,1
C086,C086_F242,1,0
C086,C086_F243,0,1
C086,C086_F244,1,0
C086,C086_F245,0,0
C086,C086_F246,0,0
C086,C086_F247,2,1
C086,C086_F248,0,0
C086,C086_F249,0,0
C086,C086_F250,0,1
C086,C086_F252,0,3
C086,C086_F253,1,0
C086,C086_F254,0,1
C086,C086_F255,0,1
C086,C086_F256,1,3
C086,C086_F257,0,0
C086,C086_F258,1,0
C086,C086_F259,1,1
C086,C086_F260,1,1
C086,C086_F261,0,2
C086,C086_F262,2,1
C086,C086_F263,1,0
C086,C086_F264,1,0
C086,C086_F265,0,0
C086,C086_F266,1,1
C086,C086_F267,1,1
C086,C086_F268,1,0
C086,C086_F269,0,0
C086,C086_F270,1,0
C086,C086_F271,1,0
C086,C086_F272,0,2
C086,C086_F273,2,1
C086,C086_F274,3,0
C086,C086_F275,0,0
C086,C086_F276,0,1
C086,C086_F277,0,1
C086,C086_F278,0,1
C086,C086_F279,1,1
C086,C086_F280,0,0
C086,C086_F281,0,1
C086,C086_F282,0,0
C086,C086_F283,1,1
C086,C086_F284,0,0
C086,C086_F285,0,1
C086,C086_F286,1,0
C086,C086_F287,0,0
C086,C086_F288,1,0
C086,C086_F289,2,0
C086,C086_F290,1,1
C086,C086_F291,2,0
C086,C086_F292,1,0
C086,C086_F293,0,3
C086,C086_F294,2,1
C086,C086_F296,0,3
C086,C086_F297,0,1
C086,C086_F298,1,0
C086,C086_F299,0,2
C086,C086_F300,2,0
C086,C086_F302,1,0
C086,C086_F303,0,2
C086,C086_F304,2,2
C086,C086_F305,0,0
C086,C086_F306,0,1
C087,C087_F001,1,0
C087,C087_F002,0,0
C087,C087_F003,1,0
C087,C087_F005,0,0
C087,C087_F006,1,1
C087,C087_F008,0,1
C087,C087_F009,0,3
C087,C087_F010,0,1
C087,C087_F012,0,0
C087,C087_F013,2,1
C087,C087_F014,1,0
C087,C087_F015,0,0
C087,C087_F016,0,3
C087,C087_F017,1,0
C087,C087_F018,2,0
C087,C087_F019,2,0
C087,C087_F020,1,0
C087,C087_F021,0,1
C087,C087_F022,0,1
C087,C087_F023,1,0
C087,C087_F024,1,0
C087,C087_F025,1,0
C087,C087_F026,0,1
C087,C087_F027,1,1
C087,C087_F028,1,0
C087,C087_F029,0,1
C087,C087_F030,1,0
C087,C087_F031,1,0
C087,C087_F032,1,0
C087,C087_F033,1,0
C087,C087_F034,1,2
C087,C087_F035,0,1
C087,C087_F036,0,2
C087,C087_F038,0,2
C087,C087_F039,0,0
C087,C087_F040,1,0
C087,C087_F041,0,0
C087,C087_F042,1,0
C087,C087_F043,0,2
C087,C087_F044,2,0
C087,C087_F045,1,0
C087,C087_F046,1,2
C087,C087_F047,0,1
C087,C087_F048,1,1
C087,C087_F049,1,0
C087,C087_F051,0,1
C087,C087_F052,1,0
C087,C087_F053,0,2
C087,C087_F054,0,0
C087,C087_F055,0,1
C087,C087_F056,0,0
C087,C087_F057,1,1
C087,C087_F058,2,1
C087,C087_F059,1,1
C087,C087_F060,0,1
C087,C087_F061,0,1
C087,C087_F062,1,1
C087,C087_F063,0,1
C087,C087_F064,1,0
C087,C087_F065,0,0
C087,C087_F066,0,0
C087,C087_F067,3,0
C087,C087_F068,1,0
C087,C087_F069,0,0
C087,C087_F070,2,0
C087,C087_F071,1,1
C087,C087_F072,0,2
C087,C087_F074,1,0
C087,C087_F075,0,1
C087,C087_F076,0,1
C087,C087_F077,2,0
C087,C087_F078,0,0
C087,C087_F079,0,0
C087,C087_F080,1,0
C087,C087_F081,1,0
C087,C087_F082,0,1
C087,C087_F083,0,0
C087,C087_F085,0,0
C087,C087_F086,1,0
C087,C087_F087,2,0
C087,C087_F088,2,0
C087,C087_F090,0,2
C087,C087_F091,1,0
C087,C087_F092,0,0
C087,C087_F093,0,0
C087,C087_F094,0,1
C087,C087_F095,1,2
C087,C087_F096,0,0
C087,C087_F097,0,0
C087,C087_F098,0,1
C087,C087_F099,1,1
C087,C087_F100,1,0
C087,C087_F102,1,0
C087,C087_F103,0,1
C087,C087_F104,0,0
C087,C087_F105,1,1
C087,C087_F106,3,0
C087,C087_F107,0,0
C087,C087_F108,0,1
C087,C087_F109,4,0
C087,C087_F110,2,0
C087,C087_F111,1,1
C087,C087_F112,2,0
C087,C087_F113,1,1
C087,C087_F114,1,1
C087,C087_F115,0,1
C087,C087_F117,1,0
C087,C087_F118,2,0
C087,C087_F119,1,2
C087,C087_F120,0,1
C087,C087_F122,0,0
C087,C087_F123,0,1
C087,C087_F124,1,1
C087,C087_F125,0,1
C087,C087_F126,0,0
C087,C087_F127,1,0
C087,C087_F128,0,3
C087,C087_F129,0,1
C087,C087_F130,1,0
C087,C087_F132,1,2
C088,C088_F001,1,1
C088,C088_F002,0,0
C088,C088_F003,0,0
C088,C088_F004,1,1
C088,C088_F005,0,0
C088,C088_F006,3,0
C088,C088_F007,2,0
C088,C088_F008,1,0
C088,C088_F009,1,0
C088,C088_F010,0,0
C088,C088_F011,2,1
C088,C088_F012,1,2
C088,C088_F013,1,0
C088,C088_F014,0,0
C088,C088_F015,0,2
C088,C088_F017,0,0
C088,C088_F018,0,0
C088,C088_F019,0,1
C088,C088_F020,1,2
C088,C088_F021,0,1
C088,C088_F022,1,0
C088,C088_F023,0,0
C088,C088_F024,1,0
C088,C088_F025,3,1
C088,C088_F026,0,0
C088,C088_F027,1,0
C088,C088_F029,1,0
C088,C088_F030,0,1
C088,C088_F031,1,2
C088,C088_F032,0,1
C088,C088_F033,3,1
C088,C088_F034,2,0
C088,C088_F035,0,0
C088,C088_F037,1,0
C088,C088_F038,1,1
C088,C088_F040,0,0
C088,C088_F041,2,0
C088,C088_F042,0,0
C088,C088_F043,2,1
C088,C088_F044,0,0
C088,C088_F046,1,0
C088,C088_F047,0,0
C088,C088_F048,0,2
C088,C088_F049,1,0
C088,C088_F050,2,0
C088,C088_F051,1,1
C088,C088_F052,0,0
C088,C088_F054,1,0
C088,C088_F055,0,0
C088,C088_F056,2,0
C088,C088_F057,1,0
C088,C088_F058,0,0
C088,C088_F059,0,0
C088,C088_F060,0,0
C088,C088_F061,2,0
C088,C088_F062,0,0
C088,C088_F063,1,0
C088,C088_F064,2,1
C088,C088_F065,0,0
C088,C088_F066,0,0
C088,C088_F067,1,0
C088,C088_F068,2,1
C088,C088_F069,1,0
C088,C088_F070,0,1
C088,C088_F072,1,2
C088,C088_F073,0,1
C088,C088_F074,0,0
C088,C088_F075,0,0
C088,C088_F076,1,1
C088,C088_F077,2,0
C088,C088_F078,0,0
C088,C088_F079,0,1
C088,C088_F080,0,0
C088,C088_F081,1,0
C088,C088_F082,0,0
C088,C088_F083,1,1
C088,C088_F084,1,1
C088,C088_F085,1,0
C088,C088_F086,1,0
C088,C088_F087,0,1
C088,C088_F088,1,2
C088,C088_F090,0,0
C088,C088_F091,0,0
C088,C088_F092,0,1
C088,C088_F093,0,0
C088,C088_F094,0,0
C088,C088_F095,0,0
C088,C088_F096,0,2
C088,C088_F097,0,1
C088,C088_F098,0,0
C088,C088_F099,0,0
C088,C088_F100,0,0
C088,C088_F101,1,0
C088,C088_F102,1,0
C088,C088_F103,0,0
C088,C088_F104,0,1
C088,C088_F106,0,1
C088,C088_F107,1,1
C088,C088_F108,0,1
C088,C088_F109,1,0
C088,C088_F110,1,0
C088,C088_F111,0,3
C088,C088_F112,0,0
C088,C088_F113,0,0
C088,C088_F114,0,0
C088,C088_F116,2,0
C088,C088_F117,0,0
C088,C088_F118,0,0
C088,C088_F120,1,1
C088,C088_F121,0,0
C088,C088_F122,1,0
C088,C088_F124,2,1
C088,C088_F125,1,3
C088,C088_F127,2,0
C088,C088_F128,1,1
C088,C088_F130,0,1
C088,C088_F131,2,1
C088,C088_F132,0,1
C088,C088_F133,0,1
C088,C088_F134,1,1
C088,C088_F135,0,0
C088,C088_F136,1,1
C088,C088_F137,2,0
C088,C088_F139,0,1
C088,C088_F140,1,1
C088,C088_F141,2,0
C088,C088_F142,1,0
C088,C088_F143,0,1
C088,C088_F144,0,0
C088,C088_F145,1,0
C088,C088_F146,1,0
C088,C088_F147,0,0
C088,C088_F148,0,1
C088,C088_F149,0,0
C088,C088_F151,0,0
C088,C088_F152,0,1
C088,C088_F153,1,1
C088,C088_F154,1,0
C088,C088_F155,0,0
C088,C088_F156,1,0
C088,C088_F159,0,0
C088,C088_F160,1,0
C088,C088_F161,0,1
C088,C088_F162,0,0
C088,C088_F163,1,0
C088,C088_F164,2,0
C088,C088_F166,1,0
C088,C088_F167,1,3
C088,C088_F168,4,1
C088,C088_F169,0,2
C088,C088_F170,0,1
C088,C088_F171,2,0
C088,C088_F172,0,0
C088,C088_F173,2,0
C088,C088_F174,0,0
C088,C088_F176,1,0
C088,C088_F177,0,1
C088,C088_F178,0,1
C088,C088_F179,0,0
C088,C088_F180,1,0
C088,C088_F181,0,0
C088,C088_F182,2,1
C088,C088_F184,1,0
C088,C088_F185,1,0
C088,C088_F186,0,0
C088,C088_F187,1,0
C088,C088_F188,2,3
C088,C088_F189,0,0
C088,C088_F190,3,1
C088,C088_F191,0,1
C088,C088_F192,0,2
C088,C088_F193,0,0
C088,C088_F194,1,0
C088,C088_F195,3,1
C088,C088_F196,2,0
C088,C088_F197,0,1
C088,C088_F198,0,0
C088,C088_F199,1,2
C088,C088_F200,0,1
C088,C088_F201,1,0
C088,C088_F202,1,2
C088,C088_F203,0,2
C088,C088_F204,0,0
C088,C088_F205,1,0
C088,C088_F206,1,0
C088,C088_F207,0,1
C088,C088_F208,0,0
C088,C088_F209,2,0
C088,C088_F210,0,1
C088,C088_F211,0,0
C088,C088_F212,1,2
C088,C088_F213,2,0
C088,C088_F214,0,0
C088,C088_F215,0,0
C088,C088_F216,0,1
C088,C088_F217,0,0
C088,C088_F218,1,0
C088,C088_F219,1,1
C088,C088_F220,2,0
C088,C088_F221,0,0
C088,C088_F222,2,1
C088,C088_F223,0,0
C088,C088_F224,0,0
C088,C088_F226,2,0
C088,C088_F227,0,1
C088,C088_F228,1,1
C088,C088_F229,0,1
C088,C088_F230,1,0
C088,C088_F231,3,1
C088,C088_F232,2,1
C088,C088_F233,2,1
C088,C088_F234,0,1
C088,C088_F236,1,1
C088,C088_F238,0,1
C088,C088_F239,2,0
C088,C088_F240,1,1
C088,C088_F241,1,1
C088,C088_F242,0,0
C088,C088_F243,1,0
C088,C088_F244,1,3
C088,C088_F245,1,0
C088,C088_F246,3,0
C088,C088_F247,0,0
C088,C088_F249,0,1
C088,C088_F250,2,0
C088,C088_F251,1,0
C088,C088_F252,0,1
C088,C088_F253,1,1
C088,C088_F254,0,0
C088,C088_F255,0,0
C088,C088_F256,0,1
C088,C088_F257,4,0
C088,C088_F258,1,0
C088,C088_F259,0,0
C088,C088_F260,3,0
C088,C088_F261,0,0
C088,C088_F262,1,0
C088,C088_F263,0,1
C088,C088_F264,1,1
C088,C088_F265,1,0
C088,C088_F266,0,0
C088,C088_F267,0,0
C088,C088_F268,1,0
C088,C088_F269,0,0
C088,C088_F270,2,2
C088,C088_F271,0,0
C088,C088_F272,1,0
C088,C088_F274,1,2
C088,C088_F275,0,1
C088,C088_F278,0,1
C088,C088_F279,0,0
C088,C088_F280,0,0
C088,C088_F281,1,1
C088,C088_F282,1,0
C088,C088_F283,0,1
C088,C088_F284,1,0
C088,C088_F285,2,0
C088,C088_F286,0,0
C088,C088_F287,0,1
C088,C088_F288,0,2
C088,C088_F289,0,1
C088,C088_F291,0,0
C088,C088_F292,0,0
C088,C088_F293,1,0
C088,C088_F294,0,1
C088,C088_F296,0,0
C088,C088_F297,1,0
C088,C088_F298,0,0
C088,C088_F299,1,0
C088,C088_F300,0,0
C088,C088_F301,1,0
C088,C088_F302,0,1
C088,C088_F303,0,1
C088,C088_F304,2,0
C088,C088_F305,0,2
C088,C088_F306,2,0
C088,C088_F307,0,0
C088,C088_F308,0,1
C088,C088_F310,0,1
C088,C088_F311,0,1
C088,C088_F312,0,1
C088,C088_F313,0,1
C088,C088_F314,0,0
C088,C088_F315,2,0
C088,C088_F316,1,3
C088,C088_F317,0,3
C088,C088_F319,0,0
C088,C088_F320,0,0
C088,C088_F321,0,0
C088,C088_F322,0,1
C088,C088_F323,2,1
C088,C088_F324,1,1
C088,C088_F325,0,1
C088,C088_F326,0,0
C088,C088_F327,0,0
C088,C088_F328,0,0
C088,C088_F329,1,0
C088,C088_F330,1,1
C088,C088_F331,0,1
C088,C088_F332,2,0
C088,C088_F333,0,0
C088,C088_F334,0,1
C088,C088_F335,0,0
C088,C088_F336,1,0
C088,C088_F337,0,1
C088,C088_F338,0,0
C088,C088_F339,0,1
C088,C088_F340,0,1
C088,C088_F341,1,0
C088,C088_F342,1,0
C088,C088_F344,0,1
C088,C088_F345,1,0
C088,C088_F346,0,0
C088,C088_F347,1,0
C088,C088_F348,0,1
C088,C088_F349,2,0
C088,C088_F350,1,0
C088,C088_F351,0,0
C088,C088_F352,0,2
C088,C088_F353,0,0
C088,C088_F354,0,1
C088,C088_F355,1,0
C088,C088_F356,0,0
C088,C088_F357,1,1
C088,C088_F358,0,1
C088,C088_F359,1,0
C088,C088_F360,0,0
C088,C088_F361,0,1
C088,C088_F362,0,0
C088,C088_F363,1,0
C088,C088_F364,1,0
C088,C088_F365,0,0
C088,C088_F366,1,0
C088,C088_F367,0,1
C088,C088_F368,0,2
C088,C088_F369,0,0
C088,C088_F370,1,2
C088,C088_F371,1,1
C088,C088_F373,1,0
C088,C088_F374,1,1
C088,C088_F375,1,0
C088,C088_F376,0,2
C088,C088_F377,1,2
C088,C088_F378,1,0
C088,C088_F379,2,0
C088,C088_F380,1,1
C089,C089_F001,1,2
C089,C089_F002,0,0
C089,C089_F003,2,2
C089,C089_F004,0,0
C089,C089_F005,0,0
C089,C089_F006,0,1
C089,C089_F007,1,0
C089,C089_F008,1,1
C089,C089_F009,0,0
C089,C089_F010,2,0
C089,C089_F011,2,0
C089,C089_F012,1,0
C089,C089_F013,2,0
C089,C089_F014,1,1
C089,C089_F015,2,0
C089,C089_F016,0,2
C089,C089_F017,0,1
C089,C089_F019,1,0
C089,C089_F020,2,0
C089,C089_F021,1,0
C089,C089_F022,1,1
C089,C089_F023,0,1
C089,C089_F024,0,0
C089,C089_F025,0,0
C089,C089_F026,0,1
C089,C089_F027,1,0
C089,C089_F028,0,1
C089,C089_F029,2,0
C089,C089_F030,1,0
C089,C089_F031,0,0
C089,C089_F032,0,1
C089,C089_F033,0,1
C089,C089_F034,0,1
C089,C089_F035,0,0
C089,C089_F036,0,0
C089,C089_F038,0,0
C089,C089_F039,0,2
C089,C089_F040,1,1
C089,C089_F041,0,0
C089,C089_F042,1,0
C089,C089_F043,1,1
C089,C089_F044,0,1
C089,C089_F045,1,0
C089,C089_F046,0,1
C089,C089_F047,0,0
C089,C089_F048,1,0
C089,C089_F049,1,0
C089,C089_F050,1,0
C089,C089_F051,0,1
C089,C089_F052,0,0
C089,C089_F053,2,1
C089,C089_F054,0,2
C089,C089_F055,0,0
C089,C089_F056,0,1
C089,C089_F057,1,0
C089,C089_F058,0,1
C089,C089_F059,2,0
C089,C089_F060,1,0
C089,C089_F061,0,0
C089,C089_F062,0,0
C089,C089_F063,0,0
C089,C089_F064,1,0
C089,C089_F065,2,0
C089,C089_F066,0,0
C089,C089_F068,1,0
C089,C089_F069,0,1
C089,C089_F070,2,1
C089,C089_F071,0,0
C089,C089_F072,0,2
C089,C089_F073,0,1
C089,C089_F074,2,0
C089,C089_F075,2,2
C089,C089_F076,0,0
C089,C089_F077,1,0
C089,C089_F078,1,0
C089,C089_F079,0,1
C089,C089_F080,0,3
C089,C089_F081,1,0
C089,C089_F082,0,0
C089,C089_F083,1,2
C089,C089_F084,0,0
C089,C089_F085,0,0
C089,C089_F086,0,4
C089,C089_F087,1,1
C089,C089_F088,0,1
C089,C089_F089,0,0
C089,C089_F090,1,0
C089,C089_F091,1,0
C089,C089_F092,1,0
C089,C089_F093,0,1
C089,C089_F094,0,2
C089,C089_F095,1,1
C089,C089_F096,3,0
C089,C089_F097,0,1
C089,C089_F098,0,0
C089,C089_F099,0,1
C089,C089_F100,2,0
C089,C089_F101,0,1
C089,C089_F102,1,0
C089,C089_F103,0,1
C089,C089_F104,0,0
C089,C089_F105,0,2
C089,C089_F106,2,1
C089,C089_F107,3,1
C089,C089_F108,0,1
C089,C089_F109,3,0
C089,C089_F110,1,0
C089,C089_F111,1,1
C089,C089_F112,1,1
C089,C089_F113,0,0
C089,C089_F114,0,2
C089,C089_F115,0,0
C089,C089_F116,2,1
C089,C089_F117,0,4
C089,C089_F118,0,0
C089,C089_F119,0,0
C089,C089_F120,1,0
C089,C089_F121,0,0
C089,C089_F122,0,0
C089,C089_F123,1,0
C089,C089_F124,0,1
C089,C089_F125,2,1
C089,C089_F126,2,0
C089,C089_F127,0,1
C089,C089_F128,0,0
C089,C089_F130,0,1
C089,C089_F132,3,2
C089,C089_F133,1,0
C089,C089_F134,1,0
C089,C089_F135,1,0
C089,C089_F136,0,0
C089,C089_F137,1,1
C089,C089_F138,0,0
C089,C089_F139,0,1
C089,C089_F140,0,0
C089,C089_F141,0,0
C089,C089_F142,0,0
C089,C089_F143,0,0
C089,C089_F144,1,0
C089,C089_F145,0,0
C089,C089_F146,1,0
C089,C089_F148,0,2
C089,C089_F149,2,1
C089,C089_F150,3,0
C089,C089_F151,1,0
C089,C089_F152,1,1
C089,C089_F153,0,2
C089,C089_F154,1,0
C089,C089_F155,1,1
C089,C089_F156,0,1
C089,C089_F157,0,0
C089,C089_F158,1,0
C089,C089_F159,1,1
C089,C089_F160,0,1
C089,C089_F161,4,0
C089,C089_F162,2,1
C089,C089_F163,1,1
C089,C089_F164,0,1
C089,C089_F165,0,0
C089,C089_F166,0,1
C089,C089_F167,1,1
C089,C089_F168,1,1
C089,C089_F169,0,1
C089,C089_F170,0,0
C089,C089_F171,1,1
C089,C089_F172,0,2
C089,C089_F174,0,0
C089,C089_F175,1,0
C089,C089_F176,1,1
C089,C089_F177,1,0
C089,C089_F178,0,0
C089,C089_F179,0,1
C089,C089_F180,2,0
C089,C089_F182,0,0
C089,C089_F183,0,3
C089,C089_F184,1,0
C089,C089_F185,0,0
C089,C089_F186,0,0
C089,C089_F188,1,0
C089,C089_F189,2,0
C089,C089_F190,1,3
C089,C089_F191,1,0
C089,C089_F192,0,0
C089,C089_F193,1,2
C089,C089_F194,1,1
C089,C089_F196,1,0
C089,C089_F197,0,0
C089,C089_F198,2,0
C089,C089_F199,0,2
C089,C089_F200,1,0
C089,C089_F201,1,0
C089,C089_F202,0,1
C089,C089_F204,1,1
C089,C089_F205,0,1
C089,C089_F207,1,0
C089,C089_F208,1,0
C089,C089_F210,0,1
C089,C089_F211,0,0
C089,C089_F212,2,0
C089,C089_F213,1,1
C089,C089_F214,0,2
C089,C089_F215,1,3
C089,C089_F216,0,0
C089,C089_F218,0,2
C089,C089_F219,3,0
C089,C089_F220,2,0
C089,C089_F221,1,1
C089,C089_F222,0,1
C089,C089_F223,1,0
C089,C089_F224,2,0
C089,C089_F225,1,0
C089,C089_F226,1,0
C089,C089_F227,0,1
C089,C089_F228,0,1
C089,C089_F229,0,0
C089,C089_F230,0,1
C089,C089_F231,1,0
C089,C089_F232,0,1
C089,C089_F233,0,0
C089,C089_F235,0,0
C089,C089_F236,1,1
C089,C089_F237,1,0
C089,C089_F239,0,0
C089,C089_F240,0,1
C089,C089_F241,1,0
C089,C089_F242,0,0
C089,C089_F243,1,1
C089,C089_F244,0,0
C089,C089_F245,0,0
C089,C089_F246,0,1
C089,C089_F247,1,1
C089,C089_F248,0,0
C089,C089_F249,1,0
C089,C089_F250,0,0
C089,C089_F251,1,0
C089,C089_F252,0,0
C089,C089_F253,0,0
C089,C089_F254,0,0
C089,C089_F255,0,0
C089,C089_F256,3,0
C089,C089_F257,0,2
C089,C089_F258,0,1
C089,C089_F259,0,0
C089,C089_F260,0,0
C089,C089_F261,0,0
C089,C089_F262,0,2
C089,C089_F263,3,1
C089,C089_F264,1,0
C089,C089_F265,2,0
C089,C089_F266,1,1
C089,C089_F268,1,2
C089,C089_F269,0,2
C089,C089_F270,0,3
C089,C089_F271,0,1
C089,C089_F272,0,1
C089,C089_F273,2,0
C089,C089_F274,2,1
C089,C089_F275,1,0
C089,C089_F276,0,0
C089,C089_F277,1,0
C089,C089_F278,0,1
C089,C089_F279,1,0
C089,C089_F280,0,2
C089,C089_F281,0,0
C089,C089_F282,3,0
C089,C089_F283,2,0
C089,C089_F285,1,1
C089,C089_F286,1,0
C089,C089_F287,0,0
C089,C089_F288,0,1
C089,C089_F289,0,1
C089,C089_F290,1,0
C089,C089_F291,2,1
C089,C089_F292,0,2
C089,C089_F293,0,2
C089,C089_F294,0,2
C089,C089_F295,0,0
C089,C089_F296,1,1
C089,C089_F297,2,2
C089,C089_F298,1,0
C089,C089_F299,1,1
C089,C089_F300,2,1
C089,C089_F301,0,0
C089,C089_F302,1,0
C089,C089_F303,1,2
C089,C089_F304,0,0
C089,C089_F305,1,0
C089,C089_F306,1,0
C089,C089_F307,0,2
C089,C089_F308,1,2
C089,C089_F309,1,0
C089,C089_F310,1,1
C089,C089_F311,1,1
C089,C089_F312,0,0
C089,C089_F313,1,0
C089,C089_F314,0,0
C089,C089_F315,0,2
C089,C089_F316,0,0
C089,C089_F317,2,0
C089,C089_F318,1,0
C089,C089_F319,1,1
C089,C089_F320,3,0
C089,C089_F321,0,0
C089,C089_F322,2,0
C089,C089_F323,1,0
C089,C089_F324,2,0
C089,C089_F325,1,1
C089,C089_F326,3,0
C089,C089_F327,1,0
C089,C089_F328,3,0
C089,C089_F329,1,2
C089,C089_F330,2,1
C089,C089_F331,2,1
C089,C089_F332,1,2
C089,C089_F333,2,1
C089,C089_F335,1,2
C089,C089_F336,1,1
C089,C089_F337,0,0
C089,C089_F338,1,2
C089,C089_F339,0,0
C089,C089_F340,2,3
C089,C089_F343,0,0
C089,C089_F344,1,0
C089,C089_F345,0,1
C089,C089_F346,1,0
C089,C089_F347,1,0
C089,C089_F348,1,0
C089,C089_F349,1,0
C089,C089_F350,0,3
C089,C089_F351,0,0
C089,C089_F352,1,1
C089,C089_F353,1,1
C089,C089_F354,0,1
C089,C089_F355,1,0
C089,C089_F356,0,1
C089,C089_F357,1,1
C089,C089_F358,3,1
C089,C089_F359,0,0
C089,C089_F360,2,0
C089,C089_F361,0,0
C089,C089_F362,0,0
C089,C089_F363,0,2
C089,C089_F364,3,0
C089,C089_F365,1,2
C089,C089_F366,1,0
C089,C089_F367,0,0
C089,C089_F368,1,2
C089,C089_F369,0,2
C089,C089_F370,2,1
C089,C089_F372,0,3
C089,C089_F373,0,2
C089,C089_F374,0,0
C089,C089_F375,0,1
C089,C089_F376,2,0
C089,C089_F377,2,0
C089,C089_F378,0,0
C089,C089_F379,1,1
C089,C089_F380,1,2
C090,C090_F002,1,0
C090,C090_F003,1,1
C090,C090_F005,1,1
C090,C090_F006,0,1
C090,C090_F007,0,1
C090,C090_F008,3,1
C090,C090_F009,1,1
C090,C090_F010,3,0
C090,C090_F011,0,1
C090,C090_F012,0,0
C090,C090_F013,1,0
C090,C090_F014,0,1
C090,C090_F015,0,0
C090,C090_F016,0,0
C090,C090_F017,1,2
C090,C090_F018,2,1
C090,C090_F020,2,0
C090,C090_F021,0,0
C090,C090_F022,0,0
C090,C090_F023,0,1
C090,C090_F024,0,0
C090,C090_F025,2,1
C090,C090_F026,0,1
C090,C090_F027,1,0
C090,C090_F028,1,0
C090,C090_F029,1,2
C090,C090_F030,0,1
C090,C090_F031,1,0
C090,C090_F032,0,0
C090,C090_F034,2,1
C090,C090_F038,0,0
C090,C090_F039,1,0
C090,C090_F040,0,0
C090,C090_F041,0,0
C090,C090_F042,0,0
C090,C090_F043,0,1
C090,C090_F044,1,2
C090,C090_F045,1,0
C090,C090_F046,1,1
C090,C090_F047,0,2
C090,C090_F048,2,0
C090,C090_F050,1,2
C090,C090_F051,1,0
C090,C090_F052,2,0
C090,C090_F054,1,0
C090,C090_F056,1,1
C090,C090_F057,0,0
C090,C090_F058,1,0
C090,C090_F059,0,1
C090,C090_F060,0,1
C090,C090_F061,0,0
C090,C090_F062,0,0
C090,C090_F064,0,2
C090,C090_F065,1,1
C090,C090_F066,0,2
C090,C090_F067,0,1
C090,C090_F068,0,0
C090,C090_F069,3,0
C090,C090_F070,1,1
C090,C090_F071,1,2
C090,C090_F072,0,0
C090,C090_F073,0,1
C090,C090_F074,1,0
C090,C090_F075,0,0
C090,C090_F076,0,0
C090,C090_F077,2,0
C090,C090_F078,3,2
C090,C090_F079,0,1
C090,C090_F080,0,1
C090,C090_F081,0,0
C090,C090_F082,2,1
C090,C090_F083,0,0
C090,C090_F084,0,2
C090,C090_F085,1,1
C090,C090_F086,0,1
C090,C090_F087,0,1
C090,C090_F088,3,0
C090,C090_F089,2,0
C090,C090_F090,0,0
C090,C090_F091,0,0
C090,C090_F092,0,2
C090,C090_F093,0,0
C090,C090_F094,0,0
C090,C090_F095,0,1
C090,C090_F096,0,0
C090,C090_F097,0,0
C090,C090_F098,0,0
C090,C090_F099,0,0
C090,C090_F100,0,1
C090,C090_F101,0,0
C090,C090_F102,1,1
C090,C090_F103,2,3
C090,C090_F105,1,0
C090,C090_F107,1,0
C090,C090_F108,1,1
C090,C090_F109,1,0
C090,C090_F110,1,0
C090,C090_F111,1,0
C090,C090_F112,0,0
C090,C090_F113,1,0
C090,C090_F114,0,1
C090,C090_F115,1,0
C090,C090_F116,1,1
C090,C090_F117,0,0
C090,C090_F118,0,0
C090,C090_F119,2,0
C090,C090_F120,0,1
C090,C090_F121,1,0
C090,C090_F122,1,2
C090,C090_F123,1,1
C090,C090_F124,1,1
C090,C090_F125,1,0
C090,C090_F126,0,0
C090,C090_F127,0,0
C090,C090_F129,1,2
C090,C090_F130,1,2
C090,C090_F132,1,2
C090,C090_F133,0,2
C090,C090_F134,2,0
C090,C090_F135,1,0
C090,C090_F136,0,0
C090,C090_F137,1,0
C090,C090_F138,0,0
C090,C090_F139,1,1
C090,C090_F140,0,1
C090,C090_F141,1,0
C090,C090_F142,1,1
C090,C090_F143,1,0
C090,C090_F144,0,0
C090,C090_F146,1,2
C090,C090_F147,1,0
C090,C090_F148,0,1
C090,C090_F149,1,0
C090,C090_F150,2,0
C090,C090_F153,1,1
C090,C090_F154,0,1
C090,C090_F156,2,1
C090,C090_F157,0,1
C090,C090_F158,0,1
C090,C090_F159,1,1
C090,C090_F160,1,1
C090,C090_F161,0,1
C090,C090_F162,0,1
C090,C090_F163,0,1
C090,C090_F164,0,0
C090,C090_F165,1,1
C090,C090_F166,0,1
C090,C090_F167,1,0
C090,C090_F168,2,0
C090,C090_F169,0,1
C090,C090_F170,1,1
C090,C090_F171,0,0
C090,C090_F172,2,0
C090,C090_F174,0,0
C090,C090_F175,0,0
C090,C090_F176,1,1
C090,C090_F177,2,0
C090,C090_F178,0,0
C090,C090_F179,2,1
C090,C090_F180,0,0
C090,C090_F181,1,1
C090,C090_F183,1,0
C090,C090_F184,1,0
C090,C090_F185,1,1
C090,C090_F186,1,0
C090,C090_F187,1,0
C090,C090_F188,1,0
C090,C090_F189,0,0
C090,C090_F190,0,0
C090,C090_F191,0,2
C090,C090_F192,1,0
C090,C090_F193,1,0
C090,C090_F194,3,0
C090,C090_F195,0,1
C090,C090_F196,0,0
C090,C090_F197,0,1
C090,C090_F198,3,0
C090,C090_F199,0,0
C090,C090_F200,0,0
C090,C090_F202,1,1
C090,C090_F203,1,0
C090,C090_F204,0,1
C090,C090_F205,4,0
C090,C090_F206,0,0
C090,C090_F207,2,0
C090,C090_F208,0,1
C090,C090_F209,2,0
C090,C090_F210,0,0
C090,C090_F211,1,1
C090,C090_F212,0,0
C090,C090_F213,1,0
C090,C090_F214,2,1
C090,C090_F215,1,1
C090,C090_F216,0,1
C090,C090_F217,1,0
C090,C090_F218,1,1
C090,C090_F219,1,1
C090,C090_F220,0,1
C090,C090_F221,0,0
C090,C090_F222,0,2
C090,C090_F223,0,1
C090,C090_F224,1,1
C090,C090_F225,0,0
C090,C090_F226,2,0
C090,C090_F228,0,0
C090,C090_F229,0,1
C090,C090_F230,1,0
C090,C090_F231,2,1
C090,C090_F232,2,0
C090,C090_F233,1,1
C090,C090_F234,0,0
C090,C090_F235,1,0
C090,C090_F236,0,0
C090,C090_F237,1,0
C090,C090_F239,1,0
C090,C090_F240,0,0
C090,C090_F241,0,2
C090,C090_F242,1,0
C090,C090_F243,0,0
C090,C090_F244,0,0
C090,C090_F245,1,0
C090,C090_F246,0,0
C090,C090_F247,1,0
C090,C090_F250,0,1
C090,C090_F251,0,0
C090,C090_F252,2,0
C090,C090_F253,0,0
C090,C090_F254,1,0
C090,C090_F255,0,0
C090,C090_F256,0,1
C090,C090_F257,1,1
C090,C090_F260,0,3
C090,C090_F261,0,0
C090,C090_F263,0,1
C090,C090_F264,0,0
C090,C090_F265,1,0
C090,C090_F266,0,1
C090,C090_F267,1,1
C090,C090_F268,1,0
C090,C090_F269,0,0
C090,C090_F270,1,0
C090,C090_F271,2,2
C090,C090_F272,1,1
C090,C090_F273,1,0
C090,C090_F274,1,1
C090,C090_F275,1,0
C090,C090_F276,0,1
C090,C090_F277,0,0
C090,C090_F278,2,0
C090,C090_F279,0,0
C090,C090_F280,1,3
C090,C090_F281,0,0
C090,C090_F282,0,0
C090,C090_F283,0,0
C090,C090_F284,1,1
C090,C090_F285,2,1
C090,C090_F287,1,0
C090,C090_F288,3,0
C090,C090_F290,0,1
C090,C090_F291,0,0
C090,C090_F292,1,2
C090,C090_F293,1,1
C090,C090_F294,3,1
C090,C090_F295,1,0
C090,C090_F296,2,1
C090,C090_F297,1,0
C090,C090_F298,1,0
C090,C090_F299,2,0
C090,C090_F300,0,0
C090,C090_F301,2,1
C090,C090_F302,0,1
C090,C090_F303,1,2
C090,C090_F304,0,0
C090,C090_F305,0,0
C090,C090_F307,0,1
C090,C090_F308,1,0
C090,C090_F309,1,2
C090,C090_F310,2,0
C090,C090_F311,1,2
C090,C090_F312,1,1
C090,C090_F313,0,1
C090,C090_F314,0,0
C090,C090_F315,1,1
C090,C090_F316,0,0
C090,C090_F318,0,1
C090,C090_F319,2,0
C090,C090_F320,2,0
C090,C090_F321,0,0
C090,C090_F322,2,0
C090,C090_F323,1,0
C090,C090_F324,1,0
C090,C090_F326,0,2
C090,C090_F327,1,1
C090,C090_F329,1,0
C090,C090_F331,0,1
C090,C090_F332,0,1
C090,C090_F333,0,0
C090,C090_F334,0,1
C090,C090_F335,3,0
C090,C090_F336,0,0
C090,C090_F337,0,1
C090,C090_F338,1,0
C090,C090_F340,0,0
C090,C090_F341,0,1
C090,C090_F342,1,1
C090,C090_F343,1,1
C090,C090_F345,2,0
C090,C090_F346,0,0
C090,C090_F347,0,1
C090,C090_F348,1,1
C090,C090_F349,1,0
C090,C090_F350,0,0
C090,C090_F351,0,0
C090,C090_F352,0,1
C090,C090_F353,2,0
C090,C090_F355,2,0
C090,C090_F356,1,0
C090,C090_F357,0,0
C090,C090_F358,2,0
C090,C090_F359,0,2
C090,C090_F360,0,1
C090,C090_F361,0,0
C090,C090_F362,0,1
C090,C090_F363,0,1
C090,C090_F364,0,1
C090,C090_F365,1,0
C090,C090_F366,0,0
C090,C090_F367,2,0
C090,C090_F368,1,0
C090,C090_F369,0,0
C090,C090_F370,1,0
C090,C090_F371,1,0
C090,C090_F372,0,0
C090,C090_F373,0,0
C090,C090_F374,0,0
C090,C090_F375,1,0
C090,C090_F376,0,1
C090,C090_F377,0,1
C090,C090_F378,1,0
C090,C090_F379,0,0
C090,C090_F380,0,0
C090,C090_F381,1,0
C090,C090_F382,1,0
C090,C090_F384,0,0
C090,C090_F385,2,0
C090,C090_F386,1,0
C090,C090_F387,1,1
C090,C090_F388,1,1
C090,C090_F389,0,0
C090,C090_F390,1,0
C090,C090_F391,1,2
C090,C090_F392,0,1
C090,C090_F393,0,0
C090,C090_F395,1,0
C090,C090_F396,0,0
C090,C090_F397,1,0
C090,C090_F398,0,2
C090,C090_F399,0,0
C090,C090_F400,0,1
C090,C090_F401,0,1
C090,C090_F402,1,1
C090,C090_F403,1,1
C090,C090_F404,3,0
C090,C090_F405,0,3
C090,C090_F406,1,1
C090,C090_F407,0,1
C090,C090_F408,0,2
C090,C090_F410,0,1
C090,C090_F411,0,0
C090,C090_F412,0,0
C090,C090_F413,0,0
C090,C090_F414,2,1
C090,C090_F416,2,0
C090,C090_F417,0,0
C090,C090_F418,0,1
C090,C090_F419,1,0
C090,C090_F420,1,0
C090,C090_F421,0,3
C090,C090_F422,1,0
C090,C090_F423,0,1
C090,C090_F424,1,2
C090,C090_F425,1,0
C090,C090_F426,0,0
C090,C090_F427,1,0
C090,C090_F428,3,0
C090,C090_F429,1,1
C090,C090_F430,1,1
C090,C090_F431,3,1
C090,C090_F432,1,0
C090,C090_F433,1,3
C090,C090_F434,0,2
C090,C090_F435,3,1
C090,C090_F436,0,0
C090,C090_F437,1,0
C090,C090_F438,1,0
C090,C090_F439,1,0
C090,C090_F440,1,0
C090,C090_F441,0,0
C090,C090_F442,1,1
C090,C090_F443,1,0
C090,C090_F444,0,0
C090,C090_F445,0,0
C090,C090_F446,1,0
C090,C090_F447,0,1
C090,C090_F448,0,1
C090,C090_F449,0,1
C090,C090_F450,0,0
C090,C090_F451,0,0
C090,C090_F452,0,2
C090,C090_F453,1,1
C090,C090_F454,1,0
C090,C090_F455,0,0
C090,C090_F456,0,0
C090,C090_F457,0,1
C090,C090_F458,2,0
C090,C090_F459,1,0
C090,C090_F460,1,2
C090,C090_F462,2,2
C090,C090_F463,0,1
C090,C090_F465,2,1
C090,C090_F466,0,0
C090,C090_F467,0,2
C090,C090_F468,1,1
C090,C090_F469,1,0
C090,C090_F470,0,0
C090,C090_F472,0,0
C090,C090_F473,0,0
C090,C090_F474,1,1
C090,C090_F475,4,2
C090,C090_F476,1,1
C090,C090_F478,1,0
C090,C090_F479,1,0
C090,C090_F480,1,0
C090,C090_F481,0,1
C090,C090_F482,0,0
C090,C090_F483,0,2
C090,C090_F486,0,0
C090,C090_F488,1,0
C090,C090_F489,1,0
C090,C090_F490,2,0
C090,C090_F492,0,1
C090,C090_F493,1,2
C090,C090_F494,0,1
C090,C090_F495,1,0
C090,C090_F496,1,1
C090,C090_F497,1,0
C090,C090_F498,0,1
C090,C090_F499,0,0
C090,C090_F500,1,0
C090,C090_F501,0,1
C090,C090_F502,1,0
C090,C090_F503,0,1
C090,C090_F504,1,1
C090,C090_F506,0,1
C090,C090_F507,1,2
C090,C090_F509,1,0
C090,C090_F510,0,2
C090,C090_F511,0,1
C090,C090_F512,0,2
C090,C090_F515,1,1
C090,C090_F516,0,0
C090,C090_F517,0,0
C090,C090_F518,0,0
C090,C090_F519,0,1
C090,C090_F520,0,0
C090,C090_F521,1,1
C090,C090_F522,0,2
C090,C090_F523,2,2
C090,C090_F524,1,0
C090,C090_F525,0,2
C090,C090_F527,0,1
C090,C090_F528,0,0
C090,C090_F529,1,0
C090,C090_F530,0,0
C090,C090_F531,1,1
C090,C090_F532,1,1
C090,C090_F533,0,1
C090,C090_F534,1,0
C090,C090_F535,0,1
C090,C090_F536,4,0
C090,C090_F537,1,1
C090,C090_F538,0,0
C090,C090_F539,1,1
C090,C090_F540,0,1
C090,C090_F541,2,1
C090,C090_F542,1,0
C090,C090_F543,0,1
C090,C090_F544,0,0
C090,C090_F545,3,0
C090,C090_F547,0,0
C090,C090_F548,1,1
C090,C090_F549,0,1
C090,C090_F550,0,0
C090,C090_F551,0,1
C090,C090_F552,1,0
C091,C091_F001,0,0
C091,C091_F002,0,0
C091,C091_F003,0,1
C091,C091_F004,1,0
C091,C091_F005,0,1
C091,C091_F006,3,0
C091,C091_F007,1,0
C091,C091_F008,1,0
C091,C091_F009,2,0
C091,C091_F010,0,0
C091,C091_F011,0,1
C091,C091_F012,0,1
C091,C091_F013,2,0
C091,C091_F014,0,1
C091,C091_F015,2,0
C091,C091_F016,0,3
C091,C091_F017,0,0
C091,C091_F018,0,1
C091,C091_F019,1,1
C091,C091_F020,0,2
C091,C091_F021,0,0
C091,C091_F022,2,1
C091,C091_F023,0,0
C091,C091_F024,1,0
C091,C091_F025,0,0
C091,C091_F026,0,0
C091,C091_F027,0,1
C091,C091_F028,2,0
C091,C091_F029,1,0
C091,C091_F030,0,0
C091,C091_F031,0,1
C091,C091_F032,0,1
C091,C091_F033,1,0
C091,C091_F034,1,1
C091,C091_F035,0,0
C091,C091_F036,1,0
C091,C091_F039,2,0
C091,C091_F040,0,0
C091,C091_F041,1,0
C091,C091_F042,0,4
C091,C091_F043,1,0
C091,C091_F044,1,1
C091,C091_F045,1,0
C091,C091_F046,0,1
C091,C091_F047,0,0
C091,C091_F048,1,1
C091,C091_F049,0,1
C091,C091_F050,0,0
C091,C091_F051,0,0
C091,C091_F052,2,0
C091,C091_F054,2,0
C091,C091_F055,3,0
C091,C091_F056,2,0
C091,C091_F058,2,0
C091,C091_F059,0,0
C091,C091_F060,1,1
C091,C091_F061,0,0
C091,C091_F062,0,0
C091,C091_F063,1,0
C091,C091_F064,0,0
C091,C091_F065,0,0
C091,C091_F066,1,0
C091,C091_F067,0,0
C091,C091_F068,1,1
C091,C091_F070,1,0
C091,C091_F071,1,1
C091,C091_F072,0,0
C091,C091_F073,0,0
C091,C091_F074,3,1
C091,C091_F075,0,0
C091,C091_F076,1,0
C091,C091_F077,0,0
C091,C091_F078,0,0
C091,C091_F079,0,0
C091,C091_F080,0,0
C091,C091_F081,0,1
C091,C091_F082,0,0
C091,C091_F083,0,2
C091,C091_F084,1,0
C091,C091_F085,1,0
C091,C091_F086,0,1
C091,C091_F087,1,0
C091,C091_F088,0,0
C091,C091_F089,0,0
C091,C091_F090,0,0
C091,C091_F091,1,0
C091,C091_F092,0,1
C091,C091_F093,0,1
C091,C091_F094,2,0
C091,C091_F095,0,0
C091,C091_F096,1,0
C091,C091_F098,0,1
C091,C091_F099,0,0
C091,C091_F100,0,0
C091,C091_F101,1,0
C091,C091_F102,0,1
C091,C091_F104,1,0
C091,C091_F105,0,1
C091,C091_F106,0,0
C091,C091_F107,3,3
C091,C091_F109,1,3
C091,C091_F110,0,2
C091,C091_F111,1,0
C091,C091_F112,0,1
C091,C091_F113,1,3
C091,C091_F115,0,0
C091,C091_F116,0,2
C091,C091_F117,1,2
C091,C091_F118,2,0
C091,C091_F120,1,0
C091,C091_F121,2,0
C091,C091_F122,1,0
C091,C091_F123,1,0
C091,C091_F124,1,0
C091,C091_F125,0,1
C091,C091_F126,0,1
C091,C091_F128,0,0
C091,C091_F129,0,1
C091,C091_F131,0,1
C091,C091_F132,0,0
C091,C091_F133,0,1
C091,C091_F134,2,1
C091,C091_F135,0,0
C091,C091_F136,1,0
C091,C091_F137,0,1
C091,C091_F138,1,1
C091,C091_F139,0,0
C091,C091_F140,0,0
C091,C091_F141,0,1
C091,C091_F142,0,0
C091,C091_F143,2,0
C091,C091_F144,0,2
C091,C091_F145,1,0
C091,C091_F146,0,0
C091,C091_F147,0,2
C091,C091_F148,1,0
C091,C091_F149,0,0
C091,C091_F150,1,1
C091,C091_F151,0,2
C091,C091_F152,0,0
C091,C091_F153,2,2
C091,C091_F154,0,0
C091,C091_F155,2,0
C091,C091_F156,1,0
C091,C091_F157,1,1
C091,C091_F158,0,0
C091,C091_F160,0,0
C091,C091_F161,1,0
C091,C091_F162,0,0
C091,C091_F163,1,1
C091,C091_F164,1,0
C091,C091_F165,2,1
C091,C091_F166,0,1
C091,C091_F167,0,0
C091,C091_F168,0,1
C091,C091_F169,2,0
C091,C091_F170,1,0
C091,C091_F171,0,1
C091,C091_F172,1,2
C091,C091_F173,2,2
C091,C091_F174,1,1
C091,C091_F175,1,0
C091,C091_F176,0,0
C091,C091_F177,1,0
C091,C091_F178,1,0
C091,C091_F179,1,0
C091,C091_F180,2,0
C091,C091_F181,0,0
C091,C091_F182,0,1
C091,C091_F183,0,1
C091,C091_F184,1,0
C091,C091_F185,1,0
C091,C091_F186,1,2
C091,C091_F187,0,0
C091,C091_F188,1,0
C091,C091_F189,1,1
C091,C091_F190,1,1
C091,C091_F191,1,0
C091,C091_F192,0,0
C091,C091_F193,1,0
C091,C091_F194,2,0
C091,C091_F195,0,1
C091,C091_F197,0,1
C091,C091_F198,2,1
C091,C091_F200,0,1
C091,C091_F201,0,0
C091,C091_F202,0,1
C091,C091_F203,0,1
C091,C091_F204,0,0
C091,C091_F205,0,0
C091,C091_F206,1,0
C091,C091_F207,0,0
C091,C091_F208,1,0
C091,C091_F209,1,0
C091,C091_F211,1,1
C091,C091_F212,1,2
C091,C091_F213,1,0
C091,C091_F214,1,1
C091,C091_F215,1,0
C091,C091_F216,0,0
C091,C091_F217,0,0
C091,C091_F218,0,0
C091,C091_F219,1,0
C091,C091_F220,1,0
C091,C091_F222,0,0
C091,C091_F223,0,0
C091,C091_F224,1,0
C091,C091_F225,0,1
C091,C091_F226,1,0
C091,C091_F227,2,0
C091,C091_F228,1,0
C091,C091_F230,1,0
C091,C091_F231,2,0
C091,C091_F233,0,0
C091,C091_F234,0,1
C091,C091_F235,1,0
C091,C091_F237,0,0
C091,C091_F238,1,0
C091,C091_F239,1,0
C091,C091_F240,1,0
C091,C091_F241,0,0
C091,C091_F242,1,0
C091,C091_F243,1,1
C091,C091_F244,3,0
C091,C091_F245,1,0
C091,C091_F246,1,1
C091,C091_F247,0,1
C091,C091_F248,1,0
C091,C091_F249,0,0
C091,C091_F250,0,0
C091,C091_F251,0,0
C091,C091_F252,1,1
C091,C091_F253,0,1
C091,C091_F254,1,0
C091,C091_F255,0,0
C091,C091_F256,0,1
C091,C091_F257,0,1
C091,C091_F258,1,1
C091,C091_F259,0,0
C091,C091_F260,0,0
C091,C091_F262,0,0
C091,C091_F263,0,1
C091,C091_F265,0,0
C091,C091_F266,0,1
C091,C091_F267,0,0
C091,C091_F268,2,1
C091,C091_F269,2,0
C091,C091_F270,1,2
C091,C091_F272,2,0
C091,C091_F273,0,1
C091,C091_F275,2,1
C091,C091_F276,0,1
C091,C091_F277,0,0
C091,C091_F278,1,0
C091,C091_F279,0,0
C091,C091_F280,0,0
C091,C091_F281,2,0
C091,C091_F282,1,1
C091,C091_F283,2,1
C091,C091_F284,0,1
C091,C091_F285,1,0
C091,C091_F287,1,1
C091,C091_F288,0,0
C091,C091_F289,0,0
C091,C091_F290,0,1
C091,C091_F291,0,2
C091,C091_F292,1,0
C091,C091_F293,1,0
C091,C091_F294,1,0
C091,C091_F295,0,1
C091,C091_F296,1,1
C091,C091_F297,1,1
C091,C091_F298,1,0
C091,C091_F299,2,1
C091,C091_F300,1,0
C091,C091_F301,1,1
C091,C091_F302,2,0
C091,C091_F303,2,1
C091,C091_F304,1,0
C091,C091_F305,0,0
C091,C091_F306,0,0
C092,C092_F001,1,0
C092,C092_F002,1,0
C092,C092_F003,1,0
C092,C092_F004,0,0
C092,C092_F005,1,3
C092,C092_F006,1,1
C092,C092_F007,0,0
C092,C092_F008,2,0
C092,C092_F010,0,1
C092,C092_F011,2,1
C092,C092_F012,0,0
C092,C092_F013,0,0
C092,C092_F014,2,0
C092,C092_F015,1,1
C092,C092_F016,2,0
C092,C092_F017,1,0
C092,C092_F018,2,0
C092,C092_F019,1,1
C092,C092_F020,2,0
C092,C092_F021,0,0
C092,C092_F022,1,2
C092,C092_F023,1,0
C092,C092_F024,0,0
C092,C092_F025,2,0
C092,C092_F026,3,0
C092,C092_F027,1,1
C092,C092_F028,2,1
C092,C092_F029,0,3
C092,C092_F030,0,1
C092,C092_F031,0,1
C092,C092_F032,0,1
C092,C092_F033,0,1
C092,C092_F034,1,0
C092,C092_F035,0,0
C092,C092_F036,2,0
C092,C092_F037,1,0
C092,C092_F039,1,0
C092,C092_F040,1,0
C092,C092_F041,2,0
C092,C092_F042,2,0
C092,C092_F043,0,0
C092,C092_F044,0,1
C092,C092_F045,1,3
C092,C092_F046,1,0
C092,C092_F048,1,0
C092,C092_F049,1,0
C092,C092_F050,0,0
C092,C092_F051,1,1
C092,C092_F052,5,0
C092,C092_F053,0,0
C092,C092_F054,0,0
C092,C092_F055,1,0
C092,C092_F056,1,0
C092,C092_F057,2,0
C092,C092_F058,2,0
C092,C092_F059,1,0
C092,C092_F060,1,1
C092,C092_F061,1,1
C092,C092_F062,2,0
C092,C092_F063,0,1
C092,C092_F064,1,1
C092,C092_F065,0,2
C092,C092_F066,1,0
C092,C092_F067,0,0
C092,C092_F068,1,1
C092,C092_F069,3,0
C092,C092_F070,0,0
C092,C092_F071,0,1
C092,C092_F072,0,1
C092,C092_F075,1,0
C092,C092_F076,1,0
C092,C092_F077,0,1
C092,C092_F078,0,2
C092,C092_F079,0,0
C092,C092_F080,1,1
C092,C092_F081,2,0
C092,C092_F082,0,1
C092,C092_F083,3,0
C092,C092_F084,1,2
C092,C092_F085,4,0
C092,C092_F086,0,1
C092,C092_F087,2,0
C092,C092_F088,1,1
C092,C092_F089,1,0
C092,C092_F090,5,0
C092,C092_F092,0,1
C092,C092_F093,0,0
C092,C092_F094,0,0
C092,C092_F096,1,0
C092,C092_F097,3,1
C092,C092_F098,0,0
C092,C092_F099,0,1
C092,C092_F100,1,0
C092,C092_F101,1,1
C092,C092_F102,2,0
C092,C092_F103,0,0
C092,C092_F104,2,2
C092,C092_F106,2,0
C092,C092_F107,0,0
C092,C092_F108,1,2
C092,C092_F109,0,0
C092,C092_F110,1,1
C092,C092_F111,0,3
C092,C092_F112,0,0
C092,C092_F113,0,2
C092,C092_F114,1,0
C092,C092_F115,0,1
C092,C092_F116,0,0
C092,C092_F117,0,2
C092,C092_F118,0,3
C092,C092_F119,1,1
C092,C092_F120,0,0
C092,C092_F121,3,0
C092,C092_F122,2,0
C092,C092_F123,1,1
C092,C092_F124,0,2
C092,C092_F125,1,1
C092,C092_F126,2,1
C092,C092_F127,1,1
C092,C092_F128,0,0
C092,C092_F129,2,0
C092,C092_F130,1,0
C092,C092_F131,1,1
C092,C092_F132,2,1
C092,C092_F133,1,2
C092,C092_F134,0,1
C092,C092_F136,0,0
C092,C092_F137,0,0
C092,C092_F138,2,0
C092,C092_F139,2,2
C092,C092_F140,0,3
C092,C092_F141,3,1
C092,C092_F142,0,2
C092,C092_F144,1,1
C092,C092_F145,0,1
C092,C092_F146,1,1
C092,C092_F147,0,1
C092,C092_F148,1,0
C092,C092_F150,1,0
C092,C092_F151,0,2
C092,C092_F153,0,1
C092,C092_F154,3,0
C092,C092_F155,1,1
C092,C092_F156,1,1
C092,C092_F157,1,0
C092,C092_F158,2,0
C092,C092_F159,1,0
C092,C092_F160,0,0
C092,C092_F161,0,0
C092,C092_F162,1,2
C092,C092_F163,1,1
C092,C092_F164,2,1
C092,C092_F165,3,1
C092,C092_F166,0,0
C092,C092_F167,0,2
C092,C092_F168,1,2
C092,C092_F169,1,1
C092,C092_F170,0,1
C092,C092_F171,0,0
C092,C092_F172,2,0
C092,C092_F173,2,0
C092,C092_F174,0,0
C092,C092_F175,1,0
C092,C092_F176,3,1
C092,C092_F177,0,0
C092,C092_F178,0,0
C092,C092_F180,2,0
C092,C092_F181,0,1
C092,C092_F182,0,0
C092,C092_F183,0,0
C092,C092_F184,1,0
C092,C092_F186,0,0
C092,C092_F187,0,2
C092,C092_F188,0,0
C092,C092_F189,1,1
C092,C092_F190,2,0
C092,C092_F191,0,0
C092,C092_F192,1,0
C092,C092_F193,0,0
C092,C092_F195,2,0
C092,C092_F196,0,0
C092,C092_F197,0,1
C092,C092_F198,1,0
C092,C092_F199,0,2
C092,C092_F200,0,1
C092,C092_F201,1,0
C092,C092_F202,0,2
C092,C092_F203,0,1
C092,C092_F204,0,1
C092,C092_F205,2,1
C092,C092_F206,1,0
C092,C092_F207,0,0
C092,C092_F208,0,0
C092,C092_F209,0,0
C092,C092_F210,1,1
C092,C092_F212,0,1
C092,C092_F213,1,0
C092,C092_F214,0,1
C092,C092_F215,0,0
C092,C092_F216,1,0
C092,C092_F217,1,0
C092,C092_F218,1,0
C092,C092_F219,1,1
C092,C092_F220,1,0
C092,C092_F222,0,2
C092,C092_F223,1,0
C092,C092_F225,0,0
C092,C092_F226,1,1
C092,C092_F228,1,0
C092,C092_F229,0,1
C092,C092_F230,1,1
C092,C092_F231,1,2
C092,C092_F232,1,1
C092,C092_F234,1,0
C092,C092_F236,1,1
C092,C092_F237,0,0
C092,C092_F238,0,0
C092,C092_F239,2,0
C092,C092_F240,0,0
C092,C092_F241,1,2
C092,C092_F242,1,1
C092,C092_F243,2,1
C092,C092_F244,1,1
C092,C092_F245,0,0
C092,C092_F246,1,0
C092,C092_F247,1,3
C092,C092_F248,0,1
C092,C092_F249,1,2
C092,C092_F250,0,2
C092,C092_F251,1,2
C092,C092_F253,0,0
C092,C092_F254,1,0
C092,C092_F255,0,1
C092,C092_F256,0,3
C092,C092_F257,0,0
C092,C092_F258,1,2
C092,C092_F259,2,1
C092,C092_F261,0,0
C092,C092_F262,0,2
C092,C092_F263,1,0
C092,C092_F264,0,2
C092,C092_F265,0,0
C092,C092_F266,1,2
C092,C092_F267,0,0
C092,C092_F268,1,0
C092,C092_F269,2,1
C092,C092_F270,1,0
C092,C092_F271,2,0
C092,C092_F272,1,0
C092,C092_F273,0,0
C092,C092_F274,0,1
C092,C092_F275,0,1
C092,C092_F276,0,0
C092,C092_F277,0,0
C092,C092_F278,1,1
C092,C092_F279,3,0
C092,C092_F280,1,1
C092,C092_F281,0,2
C092,C092_F282,0,0
C092,C092_F283,0,1
C092,C092_F284,2,1
C092,C092_F285,0,0
C092,C092_F286,2,1
C092,C092_F287,0,2
C092,C092_F288,0,0
C092,C092_F289,0,0
C092,C092_F290,1,0
C092,C092_F291,1,1
C092,C092_F292,3,1
C092,C092_F293,0,0
C092,C092_F294,2,1
C092,C092_F295,1,1
C092,C092_F297,0,2
C092,C092_F298,0,0
C092,C092_F300,0,1
C092,C092_F301,1,0
C092,C092_F302,1,0
C092,C092_F303,3,3
C092,C092_F304,1,1
C092,C092_F305,2,0
C092,C092_F306,0,0
C093,C093_F001,0,1
C093,C093_F002,1,1
C093,C093_F003,1,1
C093,C093_F004,0,0
C093,C093_F005,0,2
C093,C093_F007,1,0
C093,C093_F008,1,0
C093,C093_F010,0,0
C093,C093_F011,0,2
C093,C093_F012,0,0
C093,C093_F013,0,3
C093,C093_F014,2,2
C093,C093_F015,1,0
C093,C093_F016,0,1
C093,C093_F017,4,0
C093,C093_F018,1,0
C093,C093_F019,0,1
C093,C093_F020,1,0
C093,C093_F021,2,0
C093,C093_F022,0,2
C093,C093_F023,0,0
C093,C093_F024,2,1
C093,C093_F025,0,0
C093,C093_F026,0,0
C093,C093_F027,0,0
C093,C093_F028,0,1
C093,C093_F029,0,1
C093,C093_F030,0,1
C093,C093_F031,0,1
C093,C093_F032,1,0
C093,C093_F033,1,1
C093,C093_F034,0,1
C093,C093_F035,1,0
C093,C093_F036,0,0
C093,C093_F037,0,0
C093,C093_F038,1,0
C093,C093_F039,2,0
C093,C093_F041,1,1
C093,C093_F042,0,1
C093,C093_F044,0,2
C093,C093_F046,2,0
C093,C093_F047,0,2
C093,C093_F048,1,1
C093,C093_F049,1,2
C093,C093_F050,0,1
C093,C093_F051,1,0
C093,C093_F052,2,0
C093,C093_F053,3,0
C093,C093_F054,2,1
C093,C093_F055,0,3
C093,C093_F056,2,1
C093,C093_F057,0,0
C093,C093_F059,0,0
C093,C093_F060,0,0
C093,C093_F061,0,2
C093,C093_F062,2,1
C093,C093_F063,3,0
C093,C093_F064,0,1
C093,C093_F065,0,0
C093,C093_F066,2,0
C093,C093_F067,0,0
C093,C093_F068,0,1
C093,C093_F069,1,0
C093,C093_F070,0,1
C093,C093_F071,1,0
C093,C093_F072,0,1
C093,C093_F073,0,0
C093,C093_F074,0,1
C093,C093_F075,0,2
C093,C093_F076,2,1
C093,C093_F077,0,0
C093,C093_F078,1,0
C093,C093_F080,2,1
C093,C093_F081,1,0
C093,C093_F082,1,0
C093,C093_F083,1,2
C093,C093_F084,2,0
C093,C093_F085,0,0
C093,C093_F086,0,0
C093,C093_F087,0,0
C093,C093_F088,0,1
C093,C093_F089,0,0
C093,C093_F090,0,1
C093,C093_F091,2,0
C093,C093_F092,1,0
C093,C093_F093,0,0
C093,C093_F094,1,0
C093,C093_F095,0,3
C093,C093_F096,0,1
C093,C093_F097,0,1
C093,C093_F098,0,0
C093,C093_F099,1,1
C093,C093_F100,1,1
C093,C093_F101,0,2
C093,C093_F103,0,0
C093,C093_F104,2,0
C093,C093_F106,2,0
C093,C093_F107,0,0
C093,C093_F109,0,1
C093,C093_F110,0,1
C093,C093_F111,1,0
C093,C093_F112,0,1
C093,C093_F113,0,1
C093,C093_F114,1,0
C093,C093_F115,0,2
C093,C093_F116,0,0
C093,C093_F117,1,1
C093,C093_F118,0,0
C093,C093_F119,1,1
C093,C093_F120,0,0
C093,C093_F121,0,4
C093,C093_F122,1,1
C093,C093_F123,1,0
C093,C093_F124,0,1
C093,C093_F125,0,0
C093,C093_F126,0,0
C093,C093_F127,1,1
C093,C093_F128,2,0
C093,C093_F129,1,1
C093,C093_F130,0,0
C093,C093_F131,0,0
C093,C093_F132,1,0
C093,C093_F133,0,1
C093,C093_F134,2,0
C093,C093_F135,1,2
C093,C093_F136,0,0
C093,C093_F137,1,1
C093,C093_F138,2,0
C093,C093_F139,0,0
C093,C093_F140,0,1
C093,C093_F141,0,2
C093,C093_F143,1,0
C093,C093_F144,0,1
C093,C093_F145,0,2
C093,C093_F146,1,1
C093,C093_F147,0,1
C093,C093_F148,0,1
C093,C093_F149,0,2
C093,C093_F150,0,1
C093,C093_F151,0,2
C093,C093_F152,2,0
C093,C093_F153,0,0
C093,C093_F154,0,0
C093,C093_F155,0,0
C093,C093_F156,0,2
C093,C093_F157,1,0
C093,C093_F158,1,0
C093,C093_F159,0,0
C093,C093_F160,0,2
C093,C093_F161,0,1
C093,C093_F162,1,0
C093,C093_F163,0,1
C093,C093_F164,1,1
C093,C093_F165,2,2
C093,C093_F166,0,0
C093,C093_F168,0,0
C093,C093_F169,0,1
C093,C093_F170,0,1
C093,C093_F172,0,0
C093,C093_F173,0,1
C093,C093_F175,0,0
C093,C093_F176,1,1
C093,C093_F177,1,3
C093,C093_F178,3,1
C093,C093_F180,3,0
C093,C093_F181,2,0
C093,C093_F182,0,0
C093,C093_F183,1,1
C093,C093_F185,0,0
C093,C093_F186,2,1
C093,C093_F187,1,0
C093,C093_F188,0,0
C093,C093_F189,1,0
C093,C093_F190,1,2
C093,C093_F191,2,1
C093,C093_F192,0,0
C093,C093_F193,0,0
C093,C093_F194,0,2
C093,C093_F195,1,0
C093,C093_F196,0,1
C093,C093_F197,1,0
C093,C093_F198,0,1
C093,C093_F199,0,0
C093,C093_F200,0,1
C093,C093_F201,1,0
C093,C093_F202,2,0
C093,C093_F203,1,0
C093,C093_F204,1,1
C093,C093_F205,1,1
C093,C093_F206,0,0
C093,C093_F207,2,0
C093,C093_F208,0,0
C093,C093_F209,0,1
C093,C093_F211,0,0
C093,C093_F212,0,0
C093,C093_F214,2,0
C093,C093_F215,0,0
C093,C093_F216,1,0
C093,C093_F218,0,0
C093,C093_F219,1,0
C093,C093_F220,0,0
C093,C093_F221,0,1
C093,C093_F222,0,2
C093,C093_F223,0,2
C093,C093_F224,0,1
C093,C093_F225,0,0
C093,C093_F226,0,0
C093,C093_F228,2,0
C093,C093_F229,0,1
C093,C093_F230,0,0
C093,C093_F231,0,0
C093,C093_F232,0,2
C093,C093_F233,0,0
C093,C093_F234,3,1
C093,C093_F235,1,3
C093,C093_F236,0,0
C093,C093_F237,0,1
C093,C093_F238,0,1
C093,C093_F239,0,1
C093,C093_F241,0,1
C093,C093_F242,2,0
C093,C093_F243,0,1
C093,C093_F244,1,0
C093,C093_F245,2,1
C093,C093_F246,0,0
C093,C093_F247,2,1
C093,C093_F249,0,1
C093,C093_F250,2,0
C093,C093_F251,0,0
C093,C093_F252,1,1
C093,C093_F253,0,0
C093,C093_F254,2,0
C093,C093_F255,0,1
C093,C093_F256,0,1
C093,C093_F257,0,0
C093,C093_F258,0,0
C093,C093_F259,0,0
C093,C093_F260,1,1
C093,C093_F262,0,0
C093,C093_F263,1,0
C093,C093_F264,0,1
C093,C093_F265,0,0
C093,C093_F266,2,0
C093,C093_F267,0,0
C093,C093_F268,1,1
C093,C093_F270,0,0
C093,C093_F271,0,0
C093,C093_F272,0,1
C093,C093_F273,0,0
C093,C093_F274,0,1
C093,C093_F275,1,1
C093,C093_F276,1,0
C093,C093_F277,1,0
C093,C093_F278,1,0
C093,C093_F279,2,0
C093,C093_F280,0,0
C093,C093_F282,0,0
C093,C093_F283,0,0
C093,C093_F284,0,1
C093,C093_F285,0,1
C093,C093_F286,0,1
C093,C093_F287,0,0
C093,C093_F288,0,0
C093,C093_F289,0,0
C093,C093_F290,1,0
C093,C093_F291,0,1
C093,C093_F292,1,0
C093,C093_F293,1,0
C093,C093_F296,1,1
C093,C093_F297,2,0
C093,C093_F298,1,1
C093,C093_F299,1,0
C093,C093_F300,1,1
C093,C093_F302,2,1
C093,C093_F303,0,1
C093,C093_F304,0,1
C093,C093_F305,0,0
C093,C093_F306,0,0
C093,C093_F307,1,1
C093,C093_F308,0,1
C093,C093_F309,1,0
C093,C093_F310,3,0
C093,C093_F311,0,0
C093,C093_F312,1,0
C093,C093_F313,1,1
C093,C093_F314,3,0
C093,C093_F315,1,2
C093,C093_F316,0,2
C093,C093_F317,0,1
C093,C093_F318,2,0
C093,C093_F319,0,1
C093,C093_F320,1,2
C093,C093_F321,3,0
C093,C093_F322,1,1
C093,C093_F323,0,0
C093,C093_F324,0,0
C093,C093_F325,0,2
C093,C093_F326,1,0
C093,C093_F327,0,0
C093,C093_F328,1,0
C093,C093_F329,1,0
C093,C093_F330,1,0
C093,C093_F331,0,0
C093,C093_F332,0,0
C093,C093_F333,0,0
C093,C093_F334,1,0
C093,C093_F335,1,0
C093,C093_F336,0,2
C093,C093_F337,2,1
C093,C093_F338,0,0
C093,C093_F339,1,0
C093,C093_F340,2,0
C093,C093_F341,2,0
C093,C093_F342,0,1
C093,C093_F343,1,1
C093,C093_F344,0,0
C093,C093_F345,0,0
C093,C093_F346,1,1
C093,C093_F347,1,0
C093,C093_F348,0,0
C093,C093_F349,0,1
C093,C093_F350,0,0
C093,C093_F351,0,1
C093,C093_F352,1,1
C093,C093_F353,0,1
C093,C093_F354,1,0
C093,C093_F355,0,0
C093,C093_F356,1,0
C093,C093_F358,2,0
C093,C093_F359,2,0
C093,C093_F360,2,1
C093,C093_F361,0,1
C093,C093_F362,1,0
C093,C093_F363,0,2
C093,C093_F364,0,0
C093,C093_F365,1,0
C093,C093_F366,0,0
C093,C093_F367,1,0
C093,C093_F368,1,1
C093,C093_F369,1,1
C093,C093_F370,0,0
C093,C093_F371,1,0
C093,C093_F372,1,1
C093,C093_F373,1,0
C093,C093_F374,1,1
C093,C093_F375,1,0
C093,C093_F376,0,0
C093,C093_F378,0,0
C093,C093_F379,0,1
C093,C093_F380,2,1
C093,C093_F381,1,0
C093,C093_F382,1,0
C093,C093_F383,0,1
C093,C093_F384,1,1
C093,C093_F385,2,0
C093,C093_F386,2,0
C093,C093_F387,1,1
C093,C093_F388,0,0
C093,C093_F389,0,1
C093,C093_F390,1,1
C093,C093_F392,0,1
C093,C093_F393,0,0
C093,C093_F394,2,0
C093,C093_F395,0,0
C093,C093_F396,0,1
C093,C093_F397,0,0
C093,C093_F398,1,1
C093,C093_F399,2,0
C093,C093_F400,1,0
C093,C093_F401,0,0
C093,C093_F402,0,0
C093,C093_F403,0,1
C093,C093_F404,1,1
C093,C093_F405,1,0
C093,C093_F406,0,0
C093,C093_F407,1,0
C093,C093_F408,2,1
C093,C093_F409,1,0
C093,C093_F410,2,0
C093,C093_F411,0,1
C093,C093_F412,0,1
C093,C093_F413,0,0
C093,C093_F414,0,3
C093,C093_F415,0,2
C093,C093_F416,1,1
C093,C093_F417,0,1
C093,C093_F418,0,2
C093,C093_F419,1,0
C093,C093_F420,1,1
C093,C093_F422,1,0
C093,C093_F423,2,1
C093,C093_F424,0,0
C093,C093_F425,3,0
C093,C093_F426,0,1
C093,C093_F427,2,0
C093,C093_F428,0,1
C093,C093_F429,1,0
C093,C093_F430,0,1
C093,C093_F431,1,2
C093,C093_F433,3,1
C093,C093_F434,0,0
C093,C093_F437,0,0
C093,C093_F438,2,0
C093,C093_F440,3,2
C093,C093_F442,0,0
C093,C093_F443,1,1
C093,C093_F444,0,0
C093,C093_F445,1,3
C093,C093_F447,2,0
C093,C093_F448,0,0
C093,C093_F449,0,0
C093,C093_F450,0,1
C093,C093_F451,1,0
C093,C093_F452,0,0
C093,C093_F453,1,0
C093,C093_F454,0,2
C093,C093_F455,0,1
C093,C093_F456,3,3
C093,C093_F457,1,0
C093,C093_F458,1,0
C093,C093_F459,0,1
C093,C093_F460,1,0
C093,C093_F461,1,0
C093,C093_F463,0,0
C093,C093_F464,0,1
C093,C093_F465,0,1
C093,C093_F466,1,1
C093,C093_F467,0,1
C093,C093_F468,0,1
C093,C093_F469,0,1
C093,C093_F470,0,2
C093,C093_F471,0,0
C093,C093_F472,0,1
C093,C093_F473,1,1
C093,C093_F474,2,1
C093,C093_F475,0,0
C093,C093_F476,1,0
C093,C093_F477,2,0
C093,C093_F478,1,1
C093,C093_F479,0,0
C093,C093_F480,1,1
C093,C093_F481,1,0
C093,C093_F482,1,1
C093,C093_F483,0,1
C093,C093_F484,1,0
C093,C093_F485,0,0
C093,C093_F486,2,1
C093,C093_F487,0,1
C093,C093_F488,1,0
C093,C093_F489,0,1
C093,C093_F490,0,1
C093,C093_F491,0,1
C093,C093_F492,2,0
C093,C093_F493,0,1
C093,C093_F494,1,0
C093,C093_F495,0,2
C093,C093_F496,2,0
C093,C093_F497,1,0
C093,C093_F498,1,0
C093,C093_F499,1,2
C093,C093_F500,0,1
C093,C093_F501,2,0
C093,C093_F503,2,0
C093,C093_F504,1,0
C093,C093_F505,1,0
C093,C093_F507,0,1
C093,C093_F508,0,0
C093,C093_F510,0,1
C093,C093_F511,0,1
C093,C093_F512,0,1
C093,C093_F513,0,0
C093,C093_F514,1,0
C093,C093_F515,2,0
C093,C093_F516,0,0
C093,C093_F517,1,1
C093,C093_F518,1,2
C093,C093_F519,0,0
C093,C093_F520,0,0
C093,C093_F521,0,1
C093,C093_F522,3,2
C093,C093_F523,2,0
C093,C093_F524,0,0
C093,C093_F525,3,1
C093,C093_F526,0,1
C093,C093_F527,1,0
C093,C093_F528,1,0
C093,C093_F529,0,1
C093,C093_F530,1,1
C093,C093_F531,0,1
C093,C093_F532,0,1
C093,C093_F533,1,0
C093,C093_F534,0,2
C093,C093_F535,2,0
C093,C093_F536,1,0
C093,C093_F539,1,2
C093,C093_F540,0,0
C093,C093_F541,0,0
C093,C093_F542,3,0
C093,C093_F543,0,0
C093,C093_F545,1,1
C093,C093_F546,2,0
C093,C093_F547,1,0
C093,C093_F548,0,0
C093,C093_F549,0,0
C093,C093_F550,1,0
C093,C093_F551,1,1
C095,C095_F001,0,1
C095,C095_F002,0,2
C095,C095_F003,1,0
C095,C095_F004,2,0
C095,C095_F005,2,0
C095,C095_F006,3,0
C095,C095_F007,0,0
C095,C095_F008,1,1
C095,C095_F009,1,1
C095,C095_F010,2,1
C095,C095_F011,1,0
C095,C095_F012,1,0
C095,C095_F013,1,0
C095,C095_F014,2,1
C095,C095_F015,1,0
C095,C095_F016,3,1
C095,C095_F017,0,0
C095,C095_F018,1,1
C095,C095_F019,1,1
C095,C095_F020,1,0
C095,C095_F021,1,1
C095,C095_F022,0,0
C095,C095_F023,0,0
C095,C095_F025,0,0
C095,C095_F026,1,1
C095,C095_F027,0,0
C095,C095_F028,0,0
C095,C095_F029,2,0
C095,C095_F030,1,0
C095,C095_F031,1,2
C095,C095_F032,0,0
C095,C095_F033,0,0
C095,C095_F035,1,0
C095,C095_F036,0,0
C095,C095_F037,0,1
C095,C095_F039,1,1
C095,C095_F040,0,1
C095,C095_F041,1,0
C095,C095_F042,0,1
C095,C095_F043,1,1
C095,C095_F045,0,2
C095,C095_F046,0,0
C095,C095_F048,1,1
C095,C095_F049,0,0
C095,C095_F050,1,2
C095,C095_F051,1,0
C095,C095_F053,0,0
C095,C095_F054,1,2
C095,C095_F055,0,1
C095,C095_F056,0,0
C095,C095_F057,1,0
C095,C095_F059,0,1
C095,C095_F060,0,1
C095,C095_F061,0,0
C095,C095_F063,0,1
C095,C095_F064,0,0
C095,C095_F065,0,0
C095,C095_F066,1,1
C095,C095_F067,0,1
C095,C095_F068,0,1
C095,C095_F069,2,0
C095,C095_F070,1,1
C095,C095_F071,0,1
C095,C095_F072,1,0
C095,C095_F073,1,0
C095,C095_F074,0,1
C095,C095_F076,1,0
C095,C095_F077,0,1
C095,C095_F078,0,0
C095,C095_F079,2,0
C095,C095_F080,1,0
C095,C095_F081,1,0
C095,C095_F083,1,0
C095,C095_F084,1,1
C095,C095_F085,1,0
C095,C095_F086,1,0
C095,C095_F088,0,0
C095,C095_F089,2,1
C095,C095_F091,0,0
C095,C095_F092,0,0
C095,C095_F093,0,1
C095,C095_F094,1,0
C095,C095_F095,0,0
C095,C095_F096,1,0
C095,C095_F097,1,0
C095,C095_F099,2,0
C095,C095_F100,0,1
C095,C095_F101,1,1
C095,C095_F103,1,0
C095,C095_F104,0,0
C095,C095_F105,0,0
C095,C095_F107,0,0
C095,C095_F108,0,0
C095,C095_F109,0,0
C095,C095_F110,2,0
C095,C095_F112,0,0
C095,C095_F113,0,0
C095,C095_F114,1,1
C095,C095_F115,0,0
C095,C095_F116,1,3
C095,C095_F117,0,0
C095,C095_F118,1,0
C095,C095_F119,0,0
C095,C095_F120,0,2
C095,C095_F121,2,1
C095,C095_F122,0,0
C095,C095_F123,1,1
C095,C095_F124,2,0
C095,C095_F125,1,3
C095,C095_F126,0,0
C095,C095_F127,0,1
C095,C095_F128,0,1
C095,C095_F129,2,0
C095,C095_F130,0,0
C095,C095_F131,2,0
C095,C095_F132,1,0
C095,C095_F135,1,0
C095,C095_F136,1,1
C095,C095_F137,2,0
C095,C095_F138,0,3
C095,C095_F139,1,0
C095,C095_F140,0,1
C095,C095_F143,1,1
C095,C095_F144,1,1
C095,C095_F146,0,1
C095,C095_F147,2,0
C095,C095_F148,1,3
C095,C095_F149,0,0
C095,C095_F150,1,0
C095,C095_F152,1,0
C095,C095_F153,1,0
C095,C095_F154,0,0
C095,C095_F155,0,0
C095,C095_F156,1,0
C095,C095_F157,0,0
C095,C095_F158,0,1
C095,C095_F159,1,1
C095,C095_F161,1,0
C095,C095_F162,0,1
C095,C095_F164,0,0
C095,C095_F166,0,0
C095,C095_F167,0,0
C095,C095_F168,1,1
C095,C095_F169,1,0
C095,C095_F170,0,1
C095,C095_F171,1,0
C095,C095_F172,1,0
C095,C095_F173,0,1
C095,C095_F174,1,0
C095,C095_F175,0,0
C095,C095_F176,0,1
C095,C095_F177,1,2
C095,C095_F178,0,1
C095,C095_F180,3,0
C096,C096_F001,0,2
C096,C096_F002,1,2
C096,C096_F004,4,1
C096,C096_F006,1,0
C096,C096_F007,0,1
C096,C096_F008,1,0
C096,C096_F009,0,1
C096,C096_F010,1,0
C096,C096_F012,3,0
C096,C096_F013,1,1
C096,C096_F014,2,0
C096,C096_F016,0,1
C096,C096_F017,0,1
C096,C096_F018,0,1
C096,C096_F019,0,0
C096,C096_F020,1,0
C096,C096_F021,1,0
C096,C096_F022,0,1
C096,C096_F023,0,0
C096,C096_F024,1,0
C096,C096_F025,1,0
C096,C096_F026,1,0
C096,C096_F027,0,0
C096,C096_F028,0,3
C096,C096_F029,0,0
C096,C096_F030,3,0
C096,C096_F031,2,1
C096,C096_F032,0,0
C096,C096_F033,4,1
C096,C096_F034,0,0
C096,C096_F035,2,0
C096,C096_F036,1,2
C096,C096_F037,1,0
C096,C096_F038,0,0
C096,C096_F039,0,0
C096,C096_F040,0,0
C096,C096_F041,1,0
C096,C096_F042,2,1
C096,C096_F043,1,0
C096,C096_F044,0,1
C096,C096_F045,1,0
C096,C096_F047,2,0
C096,C096_F048,0,0
C096,C096_F049,0,1
C096,C096_F050,1,0
C096,C096_F051,0,1
C096,C096_F052,0,0
C096,C096_F053,0,1
C096,C096_F054,0,1
C096,C096_F055,0,1
C096,C096_F056,0,0
C096,C096_F057,1,1
C096,C096_F058,1,0
C096,C096_F059,0,0
C096,C096_F061,1,1
C096,C096_F062,0,1
C096,C096_F063,0,1
C096,C096_F064,0,0
C096,C096_F065,0,0
C096,C096_F066,0,0
C096,C096_F067,1,1
C096,C096_F068,1,0
C096,C096_F069,0,0
C096,C096_F070,0,1
C096,C096_F071,1,1
C096,C096_F072,0,0
C096,C096_F073,0,0
C096,C096_F074,0,0
C096,C096_F075,1,0
C096,C096_F076,0,2
C096,C096_F077,3,1
C096,C096_F078,1,3
C096,C096_F079,1,0
C096,C096_F080,2,2
C096,C096_F081,1,0
C096,C096_F083,0,1
C096,C096_F084,2,0
C096,C096_F085,1,0
C096,C096_F086,0,1
C096,C096_F088,1,0
C096,C096_F089,1,0
C096,C096_F090,1,0
C096,C096_F091,1,1
C096,C096_F092,0,0
C096,C096_F093,0,1
C096,C096_F094,0,0
C096,C096_F095,2,1
C096,C096_F096,0,0
C096,C096_F097,0,0
C096,C096_F098,0,0
C096,C096_F099,0,1
C096,C096_F100,0,1
C096,C096_F101,1,0
C096,C096_F102,1,0
C096,C096_F103,1,0
C096,C096_F104,1,0
C096,C096_F105,1,2
C096,C096_F106,0,1
C096,C096_F107,0,2
C096,C096_F108,1,0
C096,C096_F109,0,1
C096,C096_F110,2,0
C096,C096_F111,1,1
C096,C096_F112,1,1
C096,C096_F113,1,2
C096,C096_F114,0,1
C096,C096_F115,0,2
C096,C096_F116,0,1
C096,C096_F117,1,0
C096,C096_F118,1,0
C096,C096_F119,0,2
C096,C096_F120,1,0
C096,C096_F121,1,0
C096,C096_F122,2,1
C096,C096_F124,0,1
C096,C096_F125,2,0
C096,C096_F126,0,0
C096,C096_F127,0,0
C096,C096_F128,0,0
C096,C096_F129,0,1
C096,C096_F130,1,0
C096,C096_F131,0,0
C096,C096_F133,0,1
C096,C096_F134,0,1
C096,C096_F135,0,1
C096,C096_F136,1,1
C096,C096_F137,0,2
C096,C096_F138,0,1
C096,C096_F140,1,0
C096,C096_F141,0,3
C096,C096_F142,1,1
C096,C096_F143,0,1
C096,C096_F144,0,0
C096,C096_F145,0,2
C096,C096_F146,1,1
C096,C096_F147,0,1
C096,C096_F148,0,0
C096,C096_F149,1,1
C096,C096_F150,0,0
C096,C096_F151,2,0
C096,C096_F152,1,1
C096,C096_F154,0,1
C096,C096_F155,0,1
C096,C096_F156,1,1
C096,C096_F157,0,0
C096,C096_F159,1,0
C096,C096_F160,0,1
C096,C096_F161,0,0
C096,C096_F162,0,1
C096,C096_F163,0,0
C096,C096_F164,0,1
C096,C096_F165,2,0
C096,C096_F166,2,1
C096,C096_F168,0,1
C096,C096_F169,0,0
C096,C096_F170,0,1
C096,C096_F171,1,1
C096,C096_F172,0,1
C096,C096_F173,1,0
C096,C096_F174,0,0
C096,C096_F175,0,1
C096,C096_F176,1,0
C096,C096_F177,0,0
C096,C096_F178,0,0
C096,C096_F179,1,0
C096,C096_F180,0,0
C096,C096_F181,1,1
C096,C096_F182,1,0
C096,C096_F183,1,1
C096,C096_F184,0,2
C096,C096_F185,0,0
C096,C096_F186,1,0
C096,C096_F187,0,1
C096,C096_F188,0,0
C096,C096_F189,2,0
C096,C096_F192,1,1
C096,C096_F193,1,0
C096,C096_F194,1,0
C096,C096_F195,0,0
C096,C096_F196,1,0
C096,C096_F197,2,0
C096,C096_F198,0,1
C096,C096_F199,0,2
C096,C096_F200,1,0
C096,C096_F202,0,0
C096,C096_F203,1,0
C096,C096_F204,4,0
C096,C096_F205,0,1
C096,C096_F206,1,1
C096,C096_F207,1,2
C096,C096_F208,1,1
C096,C096_F209,0,0
C096,C096_F210,2,0
C096,C096_F211,1,0
C096,C096_F212,1,2
C096,C096_F213,0,1
C096,C096_F214,1,0
C096,C096_F215,0,1
C096,C096_F216,0,0
C096,C096_F217,0,1
C096,C096_F218,1,1
C096,C096_F219,2,2
C096,C096_F220,1,0
C096,C096_F221,0,0
C096,C096_F222,0,0
C096,C096_F223,0,0
C096,C096_F224,0,1
C096,C096_F225,1,2
C096,C096_F226,1,0
C096,C096_F227,1,2
C096,C096_F228,0,1
C096,C096_F229,0,1
C096,C096_F230,1,1
C096,C096_F231,0,1
C096,C096_F233,0,0
C096,C096_F234,0,0
C096,C096_F235,1,1
C096,C096_F237,2,0
C096,C096_F238,0,1
C096,C096_F240,0,1
C096,C096_F241,1,1
C096,C096_F242,0,0
C096,C096_F243,0,0
C096,C096_F244,1,2
C096,C096_F245,0,3
C096,C096_F246,0,0
C096,C096_F247,1,0
C096,C096_F248,0,0
C096,C096_F249,1,0
C096,C096_F252,1,0
C096,C096_F253,0,1
C096,C096_F254,1,0
C096,C096_F255,1,1
C096,C096_F256,1,1
C096,C096_F258,1,0
C096,C096_F259,1,1
C096,C096_F260,0,0
C096,C096_F261,1,2
C096,C096_F262,0,0
C096,C096_F263,0,1
C096,C096_F264,2,0
C096,C096_F265,0,0
C096,C096_F266,0,0
C096,C096_F267,0,0
C096,C096_F268,1,0
C096,C096_F269,0,0
C096,C096_F270,0,1
C096,C096_F271,2,0
C096,C096_F272,2,0
C096,C096_F273,1,0
C096,C096_F274,0,0
C096,C096_F275,1,0
C096,C096_F277,1,0
C096,C096_F278,0,0
C096,C096_F279,0,0
C096,C096_F280,1,0
C096,C096_F281,1,2
C096,C096_F282,2,0
C096,C096_F283,2,0
C096,C096_F284,1,1
C096,C096_F286,1,1
C096,C096_F287,0,1
C096,C096_F288,1,1
C096,C096_F289,0,0
C096,C096_F290,1,1
C096,C096_F291,0,1
C096,C096_F292,0,1
C096,C096_F294,1,2
C096,C096_F295,1,0
C096,C096_F296,1,1
C096,C096_F297,0,0
C096,C096_F299,0,0
C096,C096_F300,3,1
C096,C096_F301,2,0
C096,C096_F302,1,1
C096,C096_F303,0,1
C096,C096_F304,0,1
C096,C096_F305,0,1
C096,C096_F306,0,0
C096,C096_F307,1,0
C096,C096_F308,0,0
C096,C096_F310,2,1
C096,C096_F312,2,1
C096,C096_F313,0,1
C096,C096_F314,1,1
C096,C096_F315,0,1
C096,C096_F317,1,0
C096,C096_F318,0,0
C096,C096_F319,1,1
C096,C096_F320,0,1
C096,C096_F321,1,0
C096,C096_F322,0,0
C096,C096_F323,1,1
C096,C096_F324,1,0
C096,C096_F325,0,0
C096,C096_F326,0,0
C096,C096_F327,0,2
C096,C096_F328,1,1
C096,C096_F329,2,1
C096,C096_F330,1,0
C096,C096_F331,0,1
C096,C096_F332,1,0
C096,C096_F333,2,1
C096,C096_F334,1,1
C096,C096_F335,0,0
C096,C096_F336,1,0
C096,C096_F337,1,0
C096,C096_F338,1,0
C096,C096_F339,0,0
C096,C096_F340,0,0
C096,C096_F341,0,0
C096,C096_F342,1,0
C096,C096_F343,0,1
C096,C096_F344,0,0
C096,C096_F345,0,1
C096,C096_F346,1,1
C096,C096_F348,1,0
C096,C096_F349,0,0
C096,C096_F350,0,0
C096,C096_F351,1,1
C096,C096_F352,1,0
C096,C096_F353,0,1
C096,C096_F354,0,1
C096,C096_F355,2,3
C096,C096_F356,1,0
C096,C096_F357,0,1
C096,C096_F358,1,1
C096,C096_F359,1,0
C096,C096_F360,0,0
C096,C096_F362,0,1
C096,C096_F363,1,0
C096,C096_F364,1,0
C096,C096_F365,2,0
C096,C096_F366,0,0
C096,C096_F367,1,1
C096,C096_F368,1,0
C096,C096_F369,0,1
C096,C096_F370,2,1
C096,C096_F371,0,1
C096,C096_F372,1,1
C096,C096_F373,1,0
C096,C096_F374,1,0
C096,C096_F375,0,2
C096,C096_F376,0,0
C096,C096_F377,1,0
C096,C096_F378,3,0
C096,C096_F380,1,2
C096,C096_F381,0,0
C096,C096_F382,0,0
C096,C096_F383,1,0
C096,C096_F384,0,1
C096,C096_F386,0,0
C096,C096_F387,3,0
C096,C096_F388,1,1
C096,C096_F389,1,0
C096,C096_F390,2,0
C096,C096_F391,1,0
C096,C096_F392,0,0
C096,C096_F393,1,0
C096,C096_F394,1,0
C096,C096_F395,0,1
C096,C096_F396,0,0
C096,C096_F397,0,0
C096,C096_F398,0,0
C096,C096_F399,3,2
C096,C096_F400,1,0
C096,C096_F401,1,2
C096,C096_F402,0,0
C096,C096_F404,0,0
C096,C096_F405,1,0
C096,C096_F406,0,0
C096,C096_F407,1,0
C096,C096_F408,0,0
C096,C096_F410,0,0
C096,C096_F412,0,0
C096,C096_F413,0,0
C096,C096_F414,1,1
C096,C096_F415,2,0
C096,C096_F416,0,0
C096,C096_F417,3,1
C096,C096_F419,0,0
C096,C096_F420,1,1
C096,C096_F422,1,0
C096,C096_F423,0,0
C096,C096_F424,0,0
C096,C096_F425,1,0
C096,C096_F426,0,1
C096,C096_F427,1,1
C096,C096_F428,0,0
C096,C096_F429,0,0
C096,C096_F430,1,0
C096,C096_F431,1,1
C096,C096_F432,1,0
C096,C096_F433,1,0
C096,C096_F434,1,1
C096,C096_F435,2,0
C096,C096_F436,0,0
C096,C096_F437,1,0
C096,C096_F438,1,0
C096,C096_F439,1,2
C096,C096_F440,3,0
C096,C096_F441,1,0
C096,C096_F442,0,0
C096,C096_F443,1,0
C096,C096_F444,1,1
C096,C096_F445,1,0
C096,C096_F446,1,0
C096,C096_F447,0,1
C096,C096_F448,2,0
C096,C096_F449,0,0
C096,C096_F450,1,1
C096,C096_F451,1,0
C096,C096_F452,2,0
C096,C096_F454,1,0
C096,C096_F455,1,0
C096,C096_F456,1,0
C096,C096_F457,0,1
C096,C096_F458,0,0
C096,C096_F459,2,1
C096,C096_F460,1,0
C096,C096_F461,0,0
C096,C096_F462,1,0
C096,C096_F463,1,0
C096,C096_F464,1,0
C096,C096_F466,1,0
C096,C096_F467,0,1
C096,C096_F468,1,0
C096,C096_F469,1,1
C096,C096_F470,1,0
C096,C096_F471,0,0
C096,C096_F472,0,0
C096,C096_F473,1,1
C096,C096_F474,1,0
C096,C096_F475,2,0
C096,C096_F476,2,0
C096,C096_F477,1,1
C096,C096_F478,1,1
C096,C096_F479,0,1
C096,C096_F480,0,1
C096,C096_F481,0,1
C096,C096_F482,1,1
C096,C096_F483,0,1
C096,C096_F484,0,0
C096,C096_F485,0,0
C096,C096_F487,1,0
C096,C096_F488,0,0
C096,C096_F489,0,1
C096,C096_F490,0,2
C096,C096_F491,0,0
C096,C096_F493,0,2
C096,C096_F494,1,2
C096,C096_F495,1,2
C096,C096_F496,1,2
C096,C096_F497,2,2
C096,C096_F498,0,1
C096,C096_F499,1,0
C096,C096_F500,2,0
C096,C096_F501,0,1
C096,C096_F502,0,0
C096,C096_F503,1,1
C096,C096_F504,1,1
C096,C096_F506,0,0
C096,C096_F507,1,0
C096,C096_F508,0,1
C096,C096_F510,0,0
C096,C096_F511,0,0
C096,C096_F512,2,1
C096,C096_F513,0,0
C096,C096_F515,0,1
C096,C096_F516,0,0
C096,C096_F517,0,0
C096,C096_F518,1,0
C096,C096_F519,1,0
C096,C096_F520,0,0
C096,C096_F521,0,1
C096,C096_F522,1,0
C096,C096_F523,0,1
C096,C096_F524,1,0
C096,C096_F525,0,2
C096,C096_F526,2,0
C096,C096_F527,1,0
C096,C096_F528,0,0
C096,C096_F529,1,1
C096,C096_F530,0,0
C096,C096_F531,1,1
C096,C096_F532,1,0
C096,C096_F533,2,0
C096,C096_F534,0,0
C096,C096_F535,2,0
C096,C096_F536,0,1
C096,C096_F537,0,0
C096,C096_F539,1,1
C096,C096_F540,2,0
C096,C096_F541,0,1
C096,C096_F542,1,1
C096,C096_F543,0,0
C096,C096_F544,0,0
C096,C096_F545,2,0
C096,C096_F547,0,1
C096,C096_F548,1,0
C096,C096_F549,2,1
C096,C096_F550,3,0
C096,C096_F551,1,1
C096,C096_F552,1,1
C098,C098_F001,0,1
C098,C098_F002,2,0
C098,C098_F003,2,0
C098,C098_F004,2,1
C098,C098_F005,1,0
C098,C098_F006,0,0
C098,C098_F007,1,1
C098,C098_F008,1,0
C098,C098_F009,1,0
C098,C098_F010,0,1
C098,C098_F011,0,2
C098,C098_F012,0,1
C098,C098_F013,0,1
C098,C098_F014,2,0
C098,C098_F015,1,1
C098,C098_F016,0,3
C098,C098_F017,2,0
C098,C098_F018,1,1
C098,C098_F019,0,0
C098,C098_F020,1,0
C098,C098_F021,0,1
C098,C098_F022,1,0
C098,C098_F023,0,0
C098,C098_F024,1,4
C098,C098_F025,0,0
C098,C098_F026,1,0
C098,C098_F027,1,0
C098,C098_F028,0,0
C098,C098_F029,2,0
C098,C098_F031,1,0
C098,C098_F032,2,0
C098,C098_F034,1,1
C098,C098_F035,0,2
C098,C098_F036,1,0
C098,C098_F037,3,2
C098,C098_F038,0,0
C098,C098_F039,1,0
C098,C098_F041,1,0
C098,C098_F042,1,1
C098,C098_F043,1,2
C098,C098_F044,0,1
C098,C098_F045,1,0
C098,C098_F046,1,1
C098,C098_F047,0,1
C098,C098_F048,0,1
C098,C098_F049,0,0
C098,C098_F050,1,0
C098,C098_F051,0,2
C098,C098_F052,1,0
C098,C098_F053,0,1
C098,C098_F054,0,1
C098,C098_F055,0,0
C098,C098_F056,1,1
C098,C098_F057,1,0
C098,C098_F058,1,3
C098,C098_F059,0,1
C098,C098_F060,0,0
C098,C098_F061,2,0
C098,C098_F062,2,2
C098,C098_F063,1,0
C098,C098_F064,2,2
C098,C098_F066,1,0
C098,C098_F067,2,0
C098,C098_F068,0,1
C098,C098_F069,0,1
C098,C098_F070,1,0
C098,C098_F071,0,0
C098,C098_F073,1,0
C098,C098_F074,2,0
C098,C098_F075,0,1
C098,C098_F076,0,0
C098,C098_F077,1,0
C098,C098_F078,0,1
C098,C098_F079,1,0
C098,C098_F080,0,1
C098,C098_F081,1,0
C098,C098_F082,1,0
C098,C098_F083,0,0
C098,C098_F084,1,1
C098,C098_F085,2,1
C098,C098_F086,2,0
C098,C098_F087,1,0
C098,C098_F088,0,0
C098,C098_F089,1,0
C098,C098_F090,0,0
C098,C098_F091,2,1
C098,C098_F092,1,0
C098,C098_F093,1,0
C098,C098_F094,1,1
C098,C098_F095,1,1
C098,C098_F096,0,1
C098,C098_F098,0,0
C098,C098_F099,0,0
C098,C098_F100,0,2
C098,C098_F101,1,0
C098,C098_F102,2,0
C098,C098_F103,0,1
C098,C098_F105,0,0
C098,C098_F106,0,0
C098,C098_F107,0,0
C098,C098_F108,0,1
C098,C098_F109,0,0
C098,C098_F110,0,2
C098,C098_F111,1,0
C098,C098_F112,0,1
C098,C098_F113,0,1
C098,C098_F114,1,1
C098,C098_F115,0,0
C098,C098_F116,0,0
C098,C098_F117,0,2
C098,C098_F118,1,1
C098,C098_F119,2,1
C098,C098_F120,1,2
C098,C098_F121,1,1
C098,C098_F122,0,0
C098,C098_F123,1,2
C098,C098_F124,0,0
C098,C098_F125,0,1
C098,C098_F126,1,0
C098,C098_F127,0,1
C098,C098_F128,1,0
C098,C098_F129,1,0
C098,C098_F130,2,0
C098,C098_F132,1,0
C098,C098_F136,0,0
C098,C098_F138,1,1
C098,C098_F139,1,2
C098,C098_F140,1,0
C098,C098_F141,1,0
C098,C098_F142,0,2
C098,C098_F143,0,0
C098,C098_F144,0,0
C098,C098_F145,0,1
C098,C098_F146,2,0
C098,C098_F147,0,1
C098,C098_F148,0,1
C098,C098_F149,3,1
C098,C098_F150,1,1
C098,C098_F151,1,0
C098,C098_F152,0,1
C098,C098_F153,0,1
C098,C098_F154,0,2
C098,C098_F155,2,0
C098,C098_F156,0,0
C098,C098_F157,0,2
C098,C098_F158,2,0
C098,C098_F159,0,0
C098,C098_F160,2,0
C098,C098_F161,2,0
C098,C098_F162,1,1
C098,C098_F163,1,2
C098,C098_F164,0,1
C098,C098_F165,0,1
C098,C098_F166,1,0
C098,C098_F167,0,0
C098,C098_F168,0,2
C098,C098_F169,1,1
C098,C098_F170,1,1
C098,C098_F171,0,0
C098,C098_F172,0,0
C098,C098_F173,0,2
C098,C098_F174,0,0
C098,C098_F175,0,1
C098,C098_F176,0,0
C098,C098_F177,0,0
C098,C098_F178,0,2
C098,C098_F179,2,0
C098,C098_F180,1,1
C098,C098_F182,0,0
C098,C098_F183,2,1
C098,C098_F184,0,1
C098,C098_F185,2,0
C098,C098_F186,0,1
C098,C098_F187,0,0
C098,C098_F188,0,1
C098,C098_F189,1,0
C098,C098_F190,0,1
C098,C098_F191,1,1
C098,C098_F192,0,1
C098,C098_F194,1,1
C098,C098_F195,2,0
C098,C098_F196,1,0
C098,C098_F197,0,0
C098,C098_F198,0,1
C098,C098_F199,0,1
C098,C098_F200,0,1
C098,C098_F201,0,0
C098,C098_F202,0,1
C098,C098_F203,1,0
C098,C098_F204,1,0
C098,C098_F205,0,0
C098,C098_F206,0,0
C098,C098_F209,0,0
C098,C098_F210,1,1
C098,C098_F211,0,1
C098,C098_F213,0,1
C098,C098_F215,1,1
C098,C098_F216,0,1
C098,C098_F217,1,0
C098,C098_F218,1,0
C098,C098_F219,2,2
C098,C098_F220,1,1
C098,C098_F221,0,0
C098,C098_F222,0,0
C098,C098_F223,1,1
C098,C098_F224,0,2
C098,C098_F225,0,0
C098,C098_F226,0,1
C098,C098_F227,1,0
C098,C098_F228,3,0
C098,C098_F229,0,0
C098,C098_F231,0,0
C098,C098_F232,2,2
C098,C098_F233,1,1
C098,C098_F234,1,0
C098,C098_F235,2,0
C098,C098_F236,1,0
C098,C098_F237,0,0
C098,C098_F240,0,1
C098,C098_F241,1,0
C098,C098_F242,0,1
C098,C098_F243,0,2
C098,C098_F244,0,0
C098,C098_F245,0,2
C098,C098_F246,0,0
C098,C098_F247,0,0
C098,C098_F248,0,0
C098,C098_F249,0,0
C098,C098_F250,0,0
C098,C098_F251,0,0
C098,C098_F252,0,1
C098,C098_F253,1,1
C098,C098_F254,1,0
C098,C098_F255,0,1
C098,C098_F256,2,0
C098,C098_F257,0,0
C098,C098_F258,0,0
C098,C098_F259,2,0
C098,C098_F260,1,1
C098,C098_F261,1,0
C098,C098_F262,2,0
C098,C098_F264,1,0
C098,C098_F265,0,0
C098,C098_F266,1,0
C098,C098_F267,0,0
C098,C098_F268,1,0
C098,C098_F269,1,1
C098,C098_F270,0,0
C098,C098_F271,0,1
C098,C098_F272,1,0
C098,C098_F273,0,1
C098,C098_F275,0,0
C098,C098_F276,2,0
C098,C098_F277,1,1
C098,C098_F278,1,0
C098,C098_F280,0,1
C098,C098_F281,0,0
C098,C098_F282,0,0
C098,C098_F283,0,0
C098,C098_F284,0,0
C098,C098_F285,0,0
C098,C098_F286,1,1
C098,C098_F287,0,1
C098,C098_F288,1,0
C098,C098_F289,0,1
C098,C098_F290,0,0
C098,C098_F291,1,0
C098,C098_F292,0,1
C098,C098_F293,0,0
C098,C098_F294,1,3
C098,C098_F295,2,1
C098,C098_F296,1,1
C098,C098_F297,2,1
C098,C098_F298,0,0
C098,C098_F299,3,0
C098,C098_F300,0,0
C098,C098_F301,0,0
C098,C098_F302,0,0
C098,C098_F303,0,2
C098,C098_F304,1,1
C098,C098_F305,0,0
C098,C098_F306,0,2
C099,C099_F001,2,0
C099,C099_F002,1,0
C099,C099_F003,1,1
C099,C099_F004,1,0
C099,C099_F005,0,0
C099,C099_F006,1,0
C099,C099_F007,0,2
C099,C099_F009,2,0
C099,C099_F010,2,0
C099,C099_F011,1,0
C099,C099_F012,0,1
C099,C099_F013,1,1
C099,C099_F014,1,2
C099,C099_F015,1,0
C099,C099_F016,2,0
C099,C099_F017,0,0
C099,C099_F018,0,2
C099,C099_F019,1,0
C099,C099_F020,0,1
C099,C099_F021,0,0
C099,C099_F023,0,1
C099,C099_F024,1,0
C099,C099_F025,0,1
C099,C099_F026,2,0
C099,C099_F027,0,1
C099,C099_F028,0,0
C099,C099_F029,1,0
C099,C099_F030,0,1
C099,C099_F031,0,1
C099,C099_F032,1,1
C099,C099_F033,1,1
C099,C099_F034,0,2
C099,C099_F035,0,2
C099,C099_F036,1,1
C099,C099_F037,0,0
C099,C099_F038,1,0
C099,C099_F039,1,0
C099,C099_F040,1,2
C099,C099_F041,1,0
C099,C099_F042,1,0
C099,C099_F043,1,0
C099,C099_F044,0,1
C099,C099_F045,0,1
C099,C099_F046,1,1
C099,C099_F047,0,0
C099,C099_F048,1,2
C099,C099_F049,1,1
C099,C099_F051,1,0
C099,C099_F052,1,0
C099,C099_F053,0,0
C099,C099_F054,1,0
C099,C099_F056,1,0
C099,C099_F057,1,1
C099,C099_F058,0,0
C099,C099_F059,1,0
C099,C099_F060,3,0
C099,C099_F061,0,0
C099,C099_F063,0,1
C099,C099_F064,0,0
C099,C099_F065,1,1
C099,C099_F066,2,0
C099,C099_F067,0,0
C099,C099_F068,1,0
C099,C099_F069,0,1
C099,C099_F070,4,1
C099,C099_F071,1,0
C099,C099_F072,0,1
C099,C099_F074,0,0
C099,C099_F075,4,0
C099,C099_F076,1,0
C099,C099_F077,0,2
C099,C099_F078,0,0
C099,C099_F079,0,0
C099,C099_F081,0,1
C099,C099_F082,2,0
C099,C099_F083,0,0
C099,C099_F084,1,0
C099,C099_F086,0,2
C099,C099_F087,0,1
C099,C099_F088,1,1
C099,C099_F089,0,1
C099,C099_F090,0,1
C099,C099_F091,0,2
C099,C099_F092,1,0
C099,C099_F093,1,2
C099,C099_F094,0,0
C099,C099_F095,0,1
C099,C099_F096,1,0
C099,C099_F097,0,1
C099,C099_F098,0,0
C099,C099_F099,1,1
C099,C099_F101,0,2
C099,C099_F102,2,0
C099,C099_F103,2,0
C099,C099_F104,1,0
C099,C099_F105,1,0
C099,C099_F106,1,1
C099,C099_F107,0,0
C099,C099_F108,1,0
C099,C099_F109,0,0
C099,C099_F111,1,1
C099,C099_F112,0,1
C099,C099_F113,1,0
C099,C099_F114,1,2
C099,C099_F115,0,0
C099,C099_F116,1,1
C099,C099_F117,0,2
C099,C099_F120,1,1
C099,C099_F122,0,0
C099,C099_F123,1,0
C099,C099_F124,0,0
C099,C099_F125,1,0
C099,C099_F128,0,0
C099,C099_F129,1,1
C099,C099_F130,1,0
C099,C099_F131,0,0
C099,C099_F132,0,1
C099,C099_F133,0,1
C099,C099_F134,0,0
C099,C099_F135,0,0
C099,C099_F136,0,0
C099,C099_F137,0,0
C099,C099_F138,3,2
C099,C099_F139,1,0
C099,C099_F140,2,1
C099,C099_F141,2,0
C099,C099_F142,1,0
C099,C099_F143,0,1
C099,C099_F144,0,2
C099,C099_F145,0,0
C099,C099_F146,0,1
C099,C099_F147,1,2
C099,C099_F148,0,0
C099,C099_F149,0,0
C099,C099_F150,2,0
C099,C099_F151,0,0
C099,C099_F153,0,0
C099,C099_F154,3,0
C099,C099_F155,0,1
C099,C099_F156,0,1
C099,C099_F157,1,1
C099,C099_F158,0,0
C099,C099_F159,1,2
C099,C099_F160,0,0
C099,C099_F161,1,0
C099,C099_F162,0,0
C099,C099_F163,1,0
C099,C099_F164,2,1
C099,C099_F165,1,0
C099,C099_F166,1,1
C099,C099_F167,1,0
C099,C099_F168,0,0
C099,C099_F169,1,0
C099,C099_F170,2,0
C099,C099_F171,0,0
C099,C099_F172,2,0
C099,C099_F173,1,0
C099,C099_F174,1,3
C099,C099_F175,0,1
C099,C099_F176,0,1
C099,C099_F177,1,0
C099,C099_F178,2,1
C099,C099_F179,0,1
C099,C099_F180,2,0
C099,C099_F181,2,2
C099,C099_F182,1,1
C099,C099_F183,1,0
C099,C099_F184,1,1
C099,C099_F186,0,1
C099,C099_F187,0,1
C099,C099_F188,1,1
C099,C099_F190,1,0
C099,C099_F191,0,0
C099,C099_F192,1,1
C099,C099_F193,0,0
C099,C099_F194,2,1
C099,C099_F195,0,0
C099,C099_F196,0,0
C099,C099_F197,1,0
C099,C099_F198,1,1
C099,C099_F200,0,0
C099,C099_F201,1,0
C099,C099_F202,2,0
C099,C099_F203,0,0
C099,C099_F204,0,1
C099,C099_F205,0,0
C099,C099_F206,0,0
C099,C099_F207,1,1
C099,C099_F208,0,0
C099,C099_F209,1,2
C099,C099_F210,2,0
C099,C099_F211,1,0
C099,C099_F212,1,0
C099,C099_F213,0,0
C099,C099_F215,0,0
C099,C099_F216,1,1
C099,C099_F217,1,0
C099,C099_F218,2,0
C099,C099_F219,0,0
C099,C099_F220,1,3
C099,C099_F221,2,0
C099,C099_F222,1,0
C099,C099_F223,0,0
C099,C099_F224,1,1
C099,C099_F225,0,0
C099,C099_F226,0,0
C099,C099_F227,0,0
C099,C099_F228,2,1
C099,C099_F229,0,2
C099,C099_F230,2,0
C099,C099_F231,0,0
C099,C099_F232,1,1
C099,C099_F233,2,0
C099,C099_F234,1,2
C099,C099_F235,1,1
C099,C099_F236,1,0
C099,C099_F237,1,0
C099,C099_F238,0,0
C099,C099_F239,0,1
C099,C099_F241,0,1
C099,C099_F242,2,0
C099,C099_F243,2,1
C099,C099_F244,0,0
C099,C099_F246,0,0
C099,C099_F247,1,0
C099,C099_F248,2,0
C099,C099_F249,1,0
C099,C099_F250,0,0
C099,C099_F251,1,0
C099,C099_F252,0,0
C099,C099_F253,1,0
C099,C099_F254,1,0
C099,C099_F255,2,0
C099,C099_F256,1,0
C099,C099_F258,0,1
C099,C099_F259,1,1
C099,C099_F260,0,0
C099,C099_F261,0,1
C099,C099_F262,1,3
C099,C099_F263,0,0
C099,C099_F264,1,1
C099,C099_F266,0,0
C099,C099_F269,1,2
C099,C099_F271,1,0
C099,C099_F272,1,0
C099,C099_F273,0,0
C099,C099_F274,1,1
C099,C099_F275,1,0
C099,C099_F276,0,2
C099,C099_F277,0,1
C099,C099_F279,1,1
C099,C099_F280,0,0
C099,C099_F281,0,0
C099,C099_F282,0,0
C099,C099_F283,1,0
C099,C099_F284,1,1
C099,C099_F285,1,3
C099,C099_F286,0,1
C099,C099_F287,0,0
C099,C099_F288,0,1
C099,C099_F289,0,2
C099,C099_F290,0,1
C099,C099_F291,0,0
C099,C099_F292,2,2
C099,C099_F293,0,1
C099,C099_F294,0,1
C099,C099_F296,2,0
C099,C099_F297,0,0
C099,C099_F298,0,0
C099,C099_F299,1,0
C099,C099_F300,1,0
C099,C099_F301,4,0
C099,C099_F302,3,1
C099,C099_F303,0,0
C099,C099_F304,0,1
C099,C099_F305,1,0
C099,C099_F306,0,0
C099,C099_F307,0,1
C099,C099_F308,2,0
C099,C099_F309,0,3
C099,C099_F310,1,0
C099,C099_F312,0,1
C099,C099_F313,0,0
C099,C099_F314,1,1
C099,C099_F315,0,0
C099,C099_F316,0,0
C099,C099_F317,0,1
C099,C099_F318,0,0
C099,C099_F319,2,0
C099,C099_F320,0,0
C099,C099_F321,0,0
C099,C099_F322,1,1
C099,C099_F323,0,1
C099,C099_F324,1,0
C099,C099_F325,0,0
C099,C099_F326,0,1
C099,C099_F327,1,1
C099,C099_F328,1,0
C099,C099_F329,2,1
C099,C099_F330,0,1
C099,C099_F331,0,1
C099,C099_F332,0,1
C099,C099_F333,0,0
C099,C099_F334,1,2
C099,C099_F335,0,0
C099,C099_F336,2,0
C099,C099_F337,2,0
C099,C099_F338,1,1
C099,C099_F339,1,1
C099,C099_F340,0,0
C099,C099_F341,0,1
C099,C099_F342,0,1
C099,C099_F343,1,0
C099,C099_F344,1,0
C099,C099_F345,0,2
C099,C099_F346,0,1
C099,C099_F347,1,0
C099,C099_F348,0,1
C099,C099_F349,0,1
C099,C099_F350,0,0
C099,C099_F351,0,2
C099,C099_F352,2,1
C099,C099_F353,0,0
C099,C099_F354,1,0
C099,C099_F355,1,2
C099,C099_F356,1,0
C099,C099_F357,0,2
C099,C099_F358,1,0
C099,C099_F360,1,0
C099,C099_F361,1,0
C099,C099_F362,0,3
C099,C099_F363,1,0
C099,C099_F364,1,0
C099,C099_F368,0,0
C099,C099_F369,0,0
C099,C099_F370,0,0
C099,C099_F371,0,0
C099,C099_F372,0,1
C099,C099_F373,0,0
C099,C099_F374,1,2
C099,C099_F375,0,0
C099,C099_F376,2,0
C099,C099_F377,2,1
C099,C099_F378,0,2
C099,C099_F379,2,2
C099,C099_F380,0,1
C100,C100_F001,1,1
C100,C100_F002,1,0
C100,C100_F003,0,2
C100,C100_F004,1,0
C100,C100_F005,0,1
C100,C100_F006,2,0
C100,C100_F007,0,0
C100,C100_F008,1,0
C100,C100_F010,0,0
C100,C100_F011,2,2
C100,C100_F012,2,0
C100,C100_F013,0,1
C100,C100_F014,0,1
C100,C100_F015,1,1
C100,C100_F016,0,1
C100,C100_F017,1,1
C100,C100_F018,0,0
C100,C100_F019,0,0
C100,C100_F020,0,0
C100,C100_F021,0,2
C100,C100_F022,0,2
C100,C100_F023,2,2
C100,C100_F024,1,0
C100,C100_F025,0,4
C100,C100_F026,1,2
C100,C100_F027,1,0
C100,C100_F029,1,0
C100,C100_F030,0,1
C100,C100_F031,1,0
C100,C100_F032,2,1
C100,C100_F033,0,0
C100,C100_F034,1,0
C100,C100_F035,1,2
C100,C100_F036,0,0
C100,C100_F037,1,1
C100,C100_F038,1,0
C100,C100_F039,0,1
C100,C100_F040,0,1
C100,C100_F041,0,0
C100,C100_F042,1,0
C100,C100_F043,1,0
C100,C100_F044,0,0
C100,C100_F045,0,0
C100,C100_F047,1,0
C100,C100_F048,1,0
C100,C100_F049,2,0
C100,C100_F050,0,0
C100,C100_F051,0,0
C100,C100_F052,2,1
C100,C100_F053,0,2
C100,C100_F054,2,1
C100,C100_F055,1,0
C100,C100_F056,1,0
C100,C100_F057,0,0
C100,C100_F058,0,0
C100,C100_F059,0,0
C100,C100_F060,1,0
C100,C100_F063,1,0
C100,C100_F064,0,0
C100,C100_F065,0,0
C100,C100_F066,1,0
C100,C100_F067,0,0
C100,C100_F068,0,1
C100,C100_F069,1,0
C100,C100_F070,0,0
C100,C100_F071,1,0
C100,C100_F072,0,0
C100,C100_F073,1,0
C100,C100_F074,0,1
C100,C100_F075,1,0
C100,C100_F076,4,0
C100,C100_F077,0,1
C100,C100_F078,2,0
C100,C100_F079,2,0
C100,C100_F080,0,0
C100,C100_F081,0,1
C100,C100_F082,2,1
C100,C100_F083,0,0
C100,C100_F084,2,0
C100,C100_F085,0,0
C100,C100_F086,0,0
C100,C100_F087,1,0
C100,C100_F088,1,0
C100,C100_F090,1,0
C100,C100_F091,1,1
C100,C100_F092,2,0
C100,C100_F093,1,0
C100,C100_F094,0,1
C100,C100_F095,1,1
C100,C100_F096,1,0
C100,C100_F097,1,2
C100,C100_F098,1,0
C100,C100_F099,0,1
C100,C100_F100,0,1
C100,C100_F101,0,1
C100,C100_F102,0,0
C100,C100_F103,0,1
C100,C100_F105,1,0
C100,C100_F106,0,0
C100,C100_F107,1,2
C100,C100_F108,1,2
C100,C100_F109,0,0
C100,C100_F110,0,0
C100,C100_F111,1,0
C100,C100_F112,0,2
C100,C100_F113,1,0
C100,C100_F115,1,0
C100,C100_F116,1,1
C100,C100_F117,2,0
C100,C100_F118,0,0
C100,C100_F119,2,0
C100,C100_F120,0,2
C100,C100_F121,0,0
C100,C100_F122,1,0
C100,C100_F123,1,0
C100,C100_F125,2,1
C100,C100_F126,0,0
C100,C100_F127,0,0
C100,C100_F128,0,1
C100,C100_F129,1,0
C100,C100_F130,1,1
C100,C100_F131,2,0
C100,C100_F132,1,0
C100,C100_F133,1,0
C100,C100_F134,2,2
C100,C100_F135,1,0
C100,C100_F137,1,0
C100,C100_F138,3,1
C100,C100_F139,0,1
C100,C100_F140,1,0
C100,C100_F141,0,0
C100,C100_F142,1,1
C100,C100_F143,1,0
C100,C100_F144,0,0
C100,C100_F145,3,0
C100,C100_F146,0,2
C100,C100_F147,1,1
C100,C100_F148,0,0
C100,C100_F149,0,1
C100,C100_F150,1,1
C100,C100_F151,1,0
C100,C100_F152,0,0
C100,C100_F153,1,1
C100,C100_F154,0,0
C100,C100_F155,0,0
C100,C100_F156,2,0
C100,C100_F157,1,1
C100,C100_F158,1,1
C100,C100_F159,0,0
C100,C100_F160,2,0
C100,C100_F161,1,1
C100,C100_F162,0,0
C100,C100_F163,0,0
C100,C100_F164,2,0
C100,C100_F165,1,1
C100,C100_F166,0,0
C100,C100_F167,0,0
C100,C100_F168,1,1
C100,C100_F169,0,1
C100,C100_F170,0,0
C100,C100_F171,0,1
C100,C100_F172,2,1
C100,C100_F173,0,0
C100,C100_F174,1,1
C100,C100_F175,0,2
C100,C100_F176,1,0
C100,C100_F177,1,0
C100,C100_F178,1,0
C100,C100_F179,1,0
C100,C100_F180,1,0
C100,C100_F181,1,0
C100,C100_F182,0,1
C100,C100_F183,0,0
C100,C100_F184,0,1
C100,C100_F185,0,0
C100,C100_F186,2,0
C100,C100_F187,3,1
C100,C100_F188,0,2
C100,C100_F191,0,2
C100,C100_F192,0,0
C100,C100_F193,0,0
C100,C100_F194,1,2
C100,C100_F195,0,0
C100,C100_F196,0,2
C100,C100_F198,0,1
C100,C100_F199,1,0
C100,C100_F200,0,1
C100,C100_F201,1,2
C100,C100_F202,1,2
C100,C100_F203,0,0
C100,C100_F204,0,1
C100,C100_F205,0,1
C100,C100_F206,0,0
C100,C100_F207,1,0
C100,C100_F208,1,0
C100,C100_F209,0,0
C100,C100_F210,0,1
C100,C100_F211,3,1
C100,C100_F213,1,1
C100,C100_F214,1,0
C100,C100_F216,2,1
C100,C100_F217,0,1
C100,C100_F218,1,0
C100,C100_F219,0,0
C100,C100_F220,0,1
C100,C100_F221,1,0
C100,C100_F222,0,1
C100,C100_F223,4,0
C100,C100_F224,1,0
C100,C100_F225,3,0
C100,C100_F227,1,0
C100,C100_F228,0,1
C100,C100_F229,1,0
C100,C100_F230,0,0
C100,C100_F231,1,1
C100,C100_F232,0,1
C100,C100_F234,1,0
C100,C100_F235,2,1
C100,C100_F236,0,0
C100,C100_F237,0,0
C100,C100_F238,0,0
C100,C100_F239,1,0
C100,C100_F240,0,1
C100,C100_F241,0,0
C100,C100_F242,0,2
C100,C100_F243,0,0
C100,C100_F244,0,3
C100,C100_F246,1,0
C100,C100_F247,0,1
C100,C100_F248,1,1
C100,C100_F249,1,0
C100,C100_F250,1,1
C100,C100_F251,0,1
C100,C100_F252,0,0
C100,C100_F253,0,1
C100,C100_F254,0,0
C100,C100_F255,0,1
C100,C100_F256,0,0
C100,C100_F257,0,0
C100,C100_F258,0,0
C100,C100_F259,2,0
C100,C100_F260,0,0
C100,C100_F261,1,1
C100,C100_F262,0,1
C100,C100_F263,2,0
C100,C100_F264,1,1
C100,C100_F265,0,3
C100,C100_F266,0,0
C100,C100_F267,1,3
C100,C100_F268,1,1
C100,C100_F269,0,0
C100,C100_F270,0,0
C100,C100_F271,0,1
C100,C100_F272,0,1
C100,C100_F273,0,1
C100,C100_F274,0,1
C100,C100_F275,1,0
C100,C100_F276,1,1
C100,C100_F277,2,0
C100,C100_F278,0,0
C100,C100_F279,0,2
C100,C100_F280,2,1
C100,C100_F281,2,0
C100,C100_F282,1,0
C100,C100_F283,2,0
C100,C100_F284,0,1
C100,C100_F285,2,0
C100,C100_F286,1,2
C100,C100_F287,1,0
C100,C100_F288,3,1
C100,C100_F289,0,1
C100,C100_F291,0,0
C100,C100_F292,0,0
C100,C100_F293,0,0
C100,C100_F294,0,0
C100,C100_F295,0,0
C100,C100_F296,1,0
C100,C100_F297,1,1
C100,C100_F298,1,0
C100,C100_F299,0,0
C100,C100_F300,1,0
C100,C100_F301,3,1
C100,C100_F302,0,1
C100,C100_F303,1,0
C100,C100_F304,3,0
C100,C100_F305,1,0
C100,C100_F306,2,1
C101,C101_F001,0,2
C101,C101_F002,0,1
C101,C101_F003,1,0
C101,C101_F004,1,1
C101,C101_F005,1,2
C101,C101_F006,0,0
C101,C101_F007,2,0
C101,C101_F009,0,1
C101,C101_F010,0,1
C101,C101_F011,0,0
C101,C101_F012,1,1
C101,C101_F013,0,2
C101,C101_F014,0,1
C101,C101_F015,1,1
C101,C101_F016,1,0
C101,C101_F017,0,1
C101,C101_F018,0,2
C101,C101_F019,0,0
C101,C101_F020,2,0
C101,C101_F021,1,2
C101,C101_F022,0,1
C101,C101_F023,1,2
C101,C101_F024,0,1
C101,C101_F025,0,1
C101,C101_F026,2,0
C101,C101_F027,0,0
C101,C101_F028,1,3
C101,C101_F029,1,4
C101,C101_F030,1,1
C101,C101_F031,1,2
C101,C101_F032,2,1
C101,C101_F033,3,0
C101,C101_F034,0,1
C101,C101_F035,1,1
C101,C101_F036,1,0
C101,C101_F037,1,2
C101,C101_F038,0,1
C101,C101_F039,0,2
C101,C101_F040,1,1
C101,C101_F041,0,1
C101,C101_F042,1,0
C101,C101_F043,0,0
C101,C101_F044,0,0
C101,C101_F045,0,0
C101,C101_F047,0,0
C101,C101_F048,0,1
C101,C101_F049,1,1
C101,C101_F050,0,0
C101,C101_F051,0,0
C101,C101_F052,0,2
C101,C101_F053,2,0
C101,C101_F055,5,0
C101,C101_F056,1,1
C101,C101_F057,0,0
C101,C101_F058,0,0
C101,C101_F059,1,0
C101,C101_F060,1,0
C101,C101_F061,1,0
C101,C101_F062,1,0
C101,C101_F063,1,1
C101,C101_F064,1,0
C101,C101_F065,0,1
C101,C101_F066,1,0
C101,C101_F067,2,0
C101,C101_F068,0,0
C101,C101_F069,1,0
C101,C101_F070,0,0
C101,C101_F071,0,0
C101,C101_F072,0,1
C101,C101_F073,0,1
C101,C101_F074,0,0
C101,C101_F075,0,1
C101,C101_F077,0,0
C101,C101_F078,0,0
C101,C101_F079,2,1
C101,C101_F080,1,1
C101,C101_F081,0,2
C101,C101_F082,1,0
C101,C101_F083,0,0
C101,C101_F084,1,1
C101,C101_F085,1,2
C101,C101_F086,0,0
C101,C101_F087,3,0
C101,C101_F088,3,1
C101,C101_F089,0,1
C101,C101_F090,0,1
C101,C101_F091,1,0
C101,C101_F092,0,1
C101,C101_F094,1,2
C101,C101_F095,1,0
C101,C101_F096,0,0
C101,C101_F097,1,0
C101,C101_F098,0,1
C101,C101_F099,1,0
C101,C101_F100,0,1
C101,C101_F101,1,0
C101,C101_F102,0,0
C101,C101_F103,1,1
C101,C101_F104,0,2
C101,C101_F105,1,1
C101,C101_F106,2,1
C101,C101_F107,2,0
C101,C101_F109,1,0
C101,C101_F110,2,0
C101,C101_F111,1,0
C101,C101_F112,0,1
C101,C101_F113,1,0
C101,C101_F114,2,0
C101,C101_F115,0,1
C101,C101_F116,1,0
C101,C101_F117,1,0
C101,C101_F118,0,0
C101,C101_F119,0,1
C101,C101_F120,1,0
C101,C101_F121,2,0
C101,C101_F122,2,0
C101,C101_F123,0,2
C101,C101_F124,1,1
C101,C101_F125,0,0
C101,C101_F126,2,1
C101,C101_F127,2,0
C101,C101_F128,0,1
C101,C101_F129,1,1
C101,C101_F130,1,2
C101,C101_F131,0,0
C101,C101_F132,2,1
C101,C101_F133,0,6
C101,C101_F134,0,2
C101,C101_F135,1,1
C101,C101_F137,2,0
C101,C101_F138,1,2
C101,C101_F139,1,1
C101,C101_F140,2,1
C101,C101_F141,3,1
C101,C101_F143,1,1
C101,C101_F144,1,0
C101,C101_F145,1,0
C101,C101_F146,0,1
C101,C101_F148,0,0
C101,C101_F149,1,0
C101,C101_F150,0,0
C101,C101_F151,2,2
C101,C101_F152,0,5
C101,C101_F153,1,1
C101,C101_F154,0,2
C101,C101_F155,0,1
C101,C101_F156,0,0
C101,C101_F157,0,1
C101,C101_F159,1,2
C101,C101_F160,1,1
C101,C101_F162,1,0
C101,C101_F163,2,1
C101,C101_F164,0,0
C101,C101_F165,2,0
C101,C101_F166,0,0
C101,C101_F167,0,1
C101,C101_F168,2,0
C101,C101_F169,3,0
C101,C101_F170,1,1
C101,C101_F171,0,1
C101,C101_F172,0,3
C101,C101_F173,3,0
C101,C101_F174,1,0
C101,C101_F175,0,3
C101,C101_F176,1,0
C101,C101_F177,0,1
C101,C101_F178,1,1
C101,C101_F179,0,1
C101,C101_F180,2,0
C101,C101_F181,1,1
C101,C101_F182,2,3
C101,C101_F183,1,0
C101,C101_F184,1,1
C101,C101_F185,0,1
C101,C101_F186,1,0
C101,C101_F187,2,1
C101,C101_F188,0,1
C101,C101_F189,1,3
C101,C101_F190,0,0
C101,C101_F191,1,0
C101,C101_F192,2,0
C101,C101_F193,0,0
C101,C101_F194,1,0
C101,C101_F195,0,1
C101,C101_F196,1,0
C101,C101_F197,4,1
C101,C101_F198,0,1
C101,C101_F199,1,2
C101,C101_F200,0,1
C101,C101_F201,0,0
C101,C101_F202,2,0
C101,C101_F203,0,0
C101,C101_F204,1,0
C101,C101_F205,0,0
C101,C101_F206,0,0
C101,C101_F207,1,2
C101,C101_F208,1,0
C101,C101_F209,0,3
C101,C101_F210,5,0
C101,C101_F211,0,0
C101,C101_F212,0,0
C101,C101_F213,3,0
C101,C101_F214,2,1
C101,C101_F215,1,0
C101,C101_F216,4,0
C101,C101_F217,0,0
C101,C101_F218,0,0
C101,C101_F219,0,0
C101,C101_F220,0,1
C101,C101_F221,3,1
C101,C101_F222,0,0
C101,C101_F223,0,0
C101,C101_F224,0,0
C101,C101_F225,0,0
C101,C101_F226,3,0
C101,C101_F227,0,2
C101,C101_F228,2,0
C101,C101_F229,2,0
C101,C101_F230,1,0
C101,C101_F231,1,1
C101,C101_F232,0,1
C101,C101_F233,0,2
C101,C101_F234,1,0
C101,C101_F235,0,1
C101,C101_F236,1,1
C101,C101_F237,0,0
C101,C101_F238,2,0
C101,C101_F239,0,0
C101,C101_F240,0,2
C101,C101_F241,0,2
C101,C101_F242,0,0
C101,C101_F243,1,1
C101,C101_F244,2,0
C101,C101_F245,1,1
C101,C101_F246,2,0
C101,C101_F247,2,1
C101,C101_F248,1,0
C101,C101_F249,0,1
C101,C101_F250,0,0
C101,C101_F251,1,0
C101,C101_F252,1,0
C101,C101_F254,1,1
C101,C101_F255,1,0
C101,C101_F256,2,0
C101,C101_F257,0,1
C101,C101_F258,1,2
C101,C101_F259,0,1
C101,C101_F260,1,0
C101,C101_F261,1,0
C101,C101_F262,1,0
C101,C101_F263,1,0
C101,C101_F264,1,1
C101,C101_F265,0,2
C101,C101_F266,1,0
C101,C101_F267,0,1
C101,C101_F268,1,2
C101,C101_F270,2,1
C101,C101_F271,0,1
C101,C101_F272,0,2
C101,C101_F273,1,0
C101,C101_F274,0,0
C101,C101_F275,2,1
C101,C101_F276,3,0
C101,C101_F277,0,1
C101,C101_F278,1,0
C101,C101_F279,1,0
C101,C101_F280,1,0
C101,C101_F281,1,0
C101,C101_F282,0,1
C101,C101_F284,0,0
C101,C101_F285,2,2
C101,C101_F286,0,0
C101,C101_F287,0,2
C101,C101_F288,2,1
C101,C101_F289,1,1
C101,C101_F291,1,0
C101,C101_F292,1,1
C101,C101_F293,1,0
C101,C101_F294,0,2
C101,C101_F295,1,0
C101,C101_F296,1,2
C101,C101_F297,0,1
C101,C101_F298,1,0
C101,C101_F299,0,0
C101,C101_F300,0,0
C101,C101_F301,1,1
C101,C101_F302,1,0
C101,C101_F303,1,1
C101,C101_F305,1,0
C101,C101_F306,1,1
C102,C102_F001,0,1
C102,C102_F002,0,0
C102,C102_F003,1,0
C102,C102_F004,1,0
C102,C102_F005,2,1
C102,C102_F006,0,0
C102,C102_F007,0,0
C102,C102_F008,1,1
C102,C102_F009,1,1
C102,C102_F010,1,3
C102,C102_F011,0,0
C102,C102_F012,0,0
C102,C102_F013,0,0
C102,C102_F014,0,0
C102,C102_F015,1,0
C102,C102_F016,1,0
C102,C102_F017,1,1
C102,C102_F018,0,0
C102,C102_F019,1,0
C102,C102_F020,3,0
C102,C102_F021,1,1
C102,C102_F022,1,0
C102,C102_F023,0,0
C102,C102_F024,1,1
C102,C102_F025,0,0
C102,C102_F026,1,0
C102,C102_F027,0,1
C102,C102_F028,0,0
C102,C102_F030,0,2
C102,C102_F031,3,2
C102,C102_F032,0,0
C102,C102_F033,0,1
C102,C102_F034,0,0
C102,C102_F035,1,1
C102,C102_F036,0,0
C102,C102_F037,2,1
C102,C102_F038,2,1
C102,C102_F039,0,1
C102,C102_F040,0,3
C102,C102_F042,1,0
C102,C102_F044,0,1
C102,C102_F045,0,0
C102,C102_F046,0,0
C102,C102_F047,0,1
C102,C102_F048,1,1
C102,C102_F049,0,0
C102,C102_F050,3,0
C102,C102_F051,2,3
C102,C102_F052,0,0
C102,C102_F053,3,0
C102,C102_F054,0,0
C102,C102_F055,1,0
C102,C102_F056,1,1
C102,C102_F057,0,3
C102,C102_F058,0,2
C102,C102_F059,2,0
C102,C102_F061,1,1
C102,C102_F062,3,3
C102,C102_F063,0,2
C102,C102_F064,4,0
C102,C102_F065,2,0
C102,C102_F066,2,0
C102,C102_F067,3,1
C102,C102_F068,1,1
C102,C102_F069,2,0
C102,C102_F070,0,0
C102,C102_F071,1,0
C102,C102_F072,0,0
C102,C102_F073,1,0
C102,C102_F075,1,0
C102,C102_F076,1,0
C102,C102_F077,0,0
C102,C102_F078,2,0
C102,C102_F079,0,1
C102,C102_F081,1,0
C102,C102_F082,1,1
C102,C102_F083,1,0
C102,C102_F084,1,0
C102,C102_F086,0,1
C102,C102_F087,0,0
C102,C102_F088,0,0
C102,C102_F089,0,0
C102,C102_F090,0,1
C102,C102_F093,0,0
C102,C102_F094,0,0
C102,C102_F095,1,1
C102,C102_F096,0,0
C102,C102_F098,0,2
C102,C102_F099,1,0
C102,C102_F100,0,2
C102,C102_F101,1,1
C102,C102_F102,0,1
C102,C102_F103,0,0
C102,C102_F104,0,3
C102,C102_F105,0,1
C102,C102_F106,0,0
C102,C102_F107,1,0
C102,C102_F108,1,2
C102,C102_F109,0,0
C102,C102_F110,2,1
C102,C102_F111,1,1
C102,C102_F112,1,3
C102,C102_F113,0,0
C102,C102_F114,1,1
C102,C102_F115,3,0
C102,C102_F116,2,0
C102,C102_F117,1,0
C102,C102_F118,1,0
C102,C102_F119,0,1
C102,C102_F120,1,0
C102,C102_F121,1,0
C102,C102_F122,2,1
C102,C102_F123,0,0
C102,C102_F124,0,2
C102,C102_F125,0,0
C102,C102_F126,0,1
C102,C102_F127,1,0
C102,C102_F128,1,0
C102,C102_F129,1,0
C102,C102_F130,0,2
C102,C102_F131,0,1
C102,C102_F132,0,1
C102,C102_F133,1,1
C102,C102_F135,0,0
C102,C102_F136,0,0
C102,C102_F137,1,0
C102,C102_F139,1,0
C102,C102_F140,2,1
C102,C102_F141,0,4
C102,C102_F142,0,1
C102,C102_F143,0,1
C102,C102_F144,1,0
C102,C102_F145,0,0
C102,C102_F146,0,1
C102,C102_F147,0,0
C102,C102_F149,1,0
C102,C102_F150,0,0
C102,C102_F152,0,1
C102,C102_F153,2,0
C102,C102_F154,0,0
C102,C102_F155,1,0
C102,C102_F156,1,0
C102,C102_F157,0,0
C102,C102_F159,1,2
C102,C102_F160,1,1
C102,C102_F161,0,3
C102,C102_F162,0,0
C102,C102_F164,2,1
C102,C102_F165,0,0
C102,C102_F166,1,1
C102,C102_F167,3,2
C102,C102_F168,3,0
C102,C102_F169,1,1
C102,C102_F170,0,4
C102,C102_F171,3,0
C102,C102_F172,0,1
C102,C102_F173,1,0
C102,C102_F174,1,0
C102,C102_F175,0,0
C102,C102_F176,3,1
C102,C102_F177,2,2
C102,C102_F178,1,0
C102,C102_F179,2,2
C102,C102_F180,1,2
C102,C102_F182,1,0
C102,C102_F183,1,0
C102,C102_F184,2,3
C102,C102_F185,0,1
C102,C102_F186,4,0
C102,C102_F187,0,0
C102,C102_F188,0,2
C102,C102_F189,0,1
C102,C102_F190,2,0
C102,C102_F191,1,1
C102,C102_F192,1,0
C102,C102_F193,3,0
C102,C102_F194,0,0
C102,C102_F195,0,2
C102,C102_F196,0,1
C102,C102_F197,1,1
C102,C102_F198,0,0
C102,C102_F199,0,0
C102,C102_F200,1,1
C102,C102_F201,0,0
C102,C102_F203,2,0
C102,C102_F204,0,0
C102,C102_F205,3,1
C102,C102_F206,0,1
C102,C102_F207,2,1
C102,C102_F208,0,1
C102,C102_F209,0,1
C102,C102_F210,0,1
C102,C102_F211,0,0
C102,C102_F212,1,0
C102,C102_F213,0,1
C102,C102_F214,1,0
C102,C102_F215,1,0
C102,C102_F216,1,0
C102,C102_F217,0,0
C102,C102_F218,1,1
C102,C102_F219,1,0
C102,C102_F220,1,1
C102,C102_F221,0,3
C102,C102_F222,0,0
C102,C102_F223,0,1
C102,C102_F224,1,0
C102,C102_F225,2,0
C102,C102_F226,0,0
C102,C102_F227,2,0
C102,C102_F228,0,1
C102,C102_F229,1,2
C102,C102_F230,3,0
C102,C102_F232,1,1
C102,C102_F233,2,1
C102,C102_F234,2,0
C102,C102_F235,3,0
C102,C102_F236,3,1
C102,C102_F237,0,0
C102,C102_F238,2,0
C102,C102_F239,2,1
C102,C102_F240,0,2
C102,C102_F241,0,0
C102,C102_F242,1,0
C102,C102_F243,1,1
C102,C102_F244,0,0
C102,C102_F245,0,1
C102,C102_F246,0,0
C102,C102_F247,0,2
C102,C102_F248,2,0
C102,C102_F249,0,0
C102,C102_F250,0,0
C102,C102_F251,0,0
C102,C102_F252,0,0
C102,C102_F253,0,0
C102,C102_F254,1,0
C102,C102_F255,1,1
C102,C102_F256,0,1
C102,C102_F257,2,0
C102,C102_F258,1,0
C102,C102_F259,1,0
C102,C102_F260,0,2
C102,C102_F261,1,0
C102,C102_F262,0,0
C102,C102_F263,1,0
C102,C102_F264,0,1
C102,C102_F265,1,0
C102,C102_F266,2,0
C102,C102_F267,0,0
C102,C102_F268,2,0
C102,C102_F269,0,0
C102,C102_F270,0,1
C102,C102_F271,1,0
C102,C102_F272,0,0
C102,C102_F273,0,0
C102,C102_F274,0,0
C102,C102_F276,0,0
C102,C102_F277,2,0
C102,C102_F278,0,1
C102,C102_F279,0,1
C102,C102_F280,0,0
C102,C102_F281,3,0
C102,C102_F282,0,0
C102,C102_F283,0,2
C102,C102_F284,1,0
C102,C102_F285,0,0
C102,C102_F286,0,1
C102,C102_F287,1,0
C102,C102_F288,0,0
C102,C102_F289,0,1
C102,C102_F291,1,1
C102,C102_F292,2,0
C102,C102_F293,1,0
C102,C102_F294,0,0
C102,C102_F295,1,0
C102,C102_F296,0,0
C102,C102_F297,1,1
C102,C102_F298,2,2
C102,C102_F299,0,1
C102,C102_F300,0,1
C102,C102_F301,1,0
C102,C102_F302,0,0
C102,C102_F303,1,1
C102,C102_F304,0,2
C102,C102_F305,0,0
C102,C102_F306,0,0
C102,C102_F307,1,1
C102,C102_F308,2,0
C102,C102_F309,2,1
C102,C102_F310,1,1
C102,C102_F311,0,1
C102,C102_F312,1,0
C102,C102_F313,2,0
C102,C102_F314,0,0
C102,C102_F315,0,0
C102,C102_F316,1,0
C102,C102_F318,0,1
C102,C102_F319,0,2
C102,C102_F320,0,1
C102,C102_F321,1,1
C102,C102_F322,2,0
C102,C102_F323,0,0
C102,C102_F324,1,1
C102,C102_F325,0,1
C102,C102_F326,0,0
C102,C102_F327,1,1
C102,C102_F328,0,0
C102,C102_F329,1,0
C102,C102_F330,2,0
C102,C102_F331,2,0
C102,C102_F332,0,0
C102,C102_F333,1,0
C102,C102_F334,0,1
C102,C102_F335,1,2
C102,C102_F336,0,1
C102,C102_F337,1,0
C102,C102_F338,0,0
C102,C102_F339,0,0
C102,C102_F341,0,0
C102,C102_F342,2,0
C102,C102_F343,0,0
C102,C102_F344,3,0
C102,C102_F345,1,2
C102,C102_F346,1,1
C102,C102_F347,2,1
C102,C102_F348,1,0
C102,C102_F350,2,0
C102,C102_F351,0,1
C102,C102_F352,2,0
C102,C102_F353,0,2
C102,C102_F355,0,1
C102,C102_F356,1,0
C102,C102_F357,1,0
C102,C102_F359,1,0
C102,C102_F360,1,0
C102,C102_F361,0,0
C102,C102_F362,0,0
C102,C102_F363,1,1
C102,C102_F364,1,0
C102,C102_F365,1,0
C102,C102_F366,2,1
C102,C102_F367,0,0
C102,C102_F368,2,1
C102,C102_F369,0,0
C102,C102_F370,1,1
C102,C102_F371,2,1
C102,C102_F372,3,0
C102,C102_F373,3,1
C102,C102_F374,0,0
C102,C102_F375,0,0
C102,C102_F376,2,1
C102,C102_F377,1,0
C102,C102_F379,1,0
C102,C102_F380,2,0
C105,C105_F001,0,2
C105,C105_F002,4,0
C105,C105_F003,0,0
C105,C105_F004,1,1
C105,C105_F005,1,0
C105,C105_F006,0,1
C105,C105_F007,1,1
C105,C105_F008,0,0
C105,C105_F009,3,0
C105,C105_F010,2,1
C105,C105_F011,1,0
C105,C105_F012,0,2
C105,C105_F013,0,0
C105,C105_F014,0,0
C105,C105_F015,1,2
C105,C105_F016,1,2
C105,C105_F017,1,0
C105,C105_F018,0,0
C105,C105_F019,1,1
C105,C105_F020,0,1
C105,C105_F021,0,1
C105,C105_F022,2,1
C105,C105_F023,0,1
C105,C105_F024,0,0
C105,C105_F025,1,1
C105,C105_F026,0,0
C105,C105_F027,1,0
C105,C105_F029,0,0
C105,C105_F031,0,0
C105,C105_F032,0,1
C105,C105_F033,0,1
C105,C105_F034,0,1
C105,C105_F035,0,0
C105,C105_F036,0,2
C105,C105_F037,1,1
C105,C105_F038,1,1
C105,C105_F039,0,0
C105,C105_F040,0,0
C105,C105_F041,1,0
C105,C105_F042,0,1
C105,C105_F043,4,1
C105,C105_F044,0,0
C105,C105_F045,1,0
C105,C105_F046,0,0
C105,C105_F047,0,0
C105,C105_F048,1,0
C105,C105_F049,1,2
C105,C105_F050,0,1
C105,C105_F051,2,0
C105,C105_F052,2,0
C105,C105_F053,0,1
C105,C105_F054,0,1
C105,C105_F055,0,1
C105,C105_F057,1,0
C105,C105_F058,0,0
C105,C105_F059,2,1
C105,C105_F060,2,1
C105,C105_F061,1,0
C105,C105_F062,1,0
C105,C105_F063,1,0
C105,C105_F065,1,2
C105,C105_F066,0,1
C105,C105_F067,2,0
C105,C105_F069,1,0
C105,C105_F070,0,1
C105,C105_F071,0,2
C105,C105_F072,1,0
C105,C105_F073,1,0
C105,C105_F074,1,1
C105,C105_F075,1,1
C105,C105_F076,2,0
C105,C105_F077,1,1
C105,C105_F079,1,0
C105,C105_F080,2,0
C105,C105_F081,1,0
C105,C105_F082,5,0
C105,C105_F083,1,0
C105,C105_F084,1,1
C105,C105_F085,0,2
C105,C105_F086,0,0
C105,C105_F087,0,0
C105,C105_F088,0,1
C105,C105_F089,3,1
C105,C105_F091,2,0
C105,C105_F092,0,1
C105,C105_F093,0,0
C105,C105_F094,2,0
C105,C105_F096,1,2
C105,C105_F097,0,1
C105,C105_F098,1,0
C105,C105_F099,1,0
C105,C105_F100,2,0
C105,C105_F101,1,0
C105,C105_F102,0,1
C105,C105_F103,0,0
C105,C105_F104,1,0
C105,C105_F105,0,0
C105,C105_F106,2,0
C105,C105_F108,1,0
C105,C105_F109,1,1
C105,C105_F110,1,0
C105,C105_F111,1,2
C105,C105_F112,0,1
C105,C105_F113,0,0
C105,C105_F114,1,0
C105,C105_F115,3,1
C105,C105_F116,2,2
C105,C105_F117,0,0
C105,C105_F118,0,1
C105,C105_F119,0,0
C105,C105_F120,2,2
C105,C105_F121,0,1
C105,C105_F122,2,0
C105,C105_F123,1,0
C105,C105_F125,1,0
C105,C105_F126,1,1
C105,C105_F127,1,1
C105,C105_F128,1,0
C105,C105_F129,0,1
C105,C105_F130,0,0
C105,C105_F131,0,0
C105,C105_F132,0,0
C105,C105_F133,0,0
C105,C105_F134,0,0
C105,C105_F135,1,0
C105,C105_F137,0,0
C105,C105_F138,2,0
C105,C105_F139,1,1
C105,C105_F140,2,0
C105,C105_F141,0,1
C105,C105_F142,0,0
C105,C105_F143,0,0
C105,C105_F144,1,1
C105,C105_F145,1,0
C105,C105_F146,1,0
C105,C105_F147,1,0
C105,C105_F148,1,0
C105,C105_F149,1,0
C105,C105_F150,1,0
C105,C105_F151,0,1
C105,C105_F152,1,2
C105,C105_F153,0,2
C105,C105_F155,1,0
C105,C105_F156,2,2
C105,C105_F157,2,0
C105,C105_F159,0,0
C105,C105_F160,1,0
C105,C105_F162,0,0
C105,C105_F163,0,1
C105,C105_F164,0,0
C105,C105_F165,1,0
C105,C105_F166,0,0
C105,C105_F167,1,0
C105,C105_F168,0,0
C105,C105_F170,1,0
C105,C105_F171,0,1
C105,C105_F172,0,0
C105,C105_F173,1,0
C105,C105_F174,0,0
C105,C105_F175,2,0
C105,C105_F176,0,0
C105,C105_F177,0,0
C105,C105_F178,4,1
C105,C105_F180,0,0
C105,C105_F181,0,0
C105,C105_F182,1,1
C105,C105_F183,1,1
C105,C105_F184,1,0
C105,C105_F185,0,1
C105,C105_F186,1,0
C105,C105_F187,0,2
C105,C105_F188,0,0
C105,C105_F189,0,1
C105,C105_F190,0,0
C105,C105_F191,2,0
C105,C105_F192,0,0
C105,C105_F194,1,1
C105,C105_F195,0,1
C105,C105_F196,1,0
C105,C105_F197,1,0
C105,C105_F198,0,0
C105,C105_F199,0,2
C105,C105_F200,2,0
C105,C105_F201,2,0
C105,C105_F202,0,1
C105,C105_F203,1,1
C105,C105_F204,0,0
C105,C105_F205,0,0
C105,C105_F206,0,0
C105,C105_F208,2,0
C105,C105_F209,2,1
C105,C105_F210,2,0
C105,C105_F211,0,0
C105,C105_F212,0,1
C105,C105_F213,1,1
C105,C105_F214,0,0
C105,C105_F215,1,0
C105,C105_F216,0,0
C105,C105_F217,0,1
C105,C105_F218,0,0
C105,C105_F219,2,0
C105,C105_F220,0,1
C105,C105_F221,1,0
C105,C105_F222,0,1
C105,C105_F223,0,0
C105,C105_F224,0,0
C105,C105_F226,0,1
C105,C105_F227,0,1
C105,C105_F228,2,0
C105,C105_F229,0,1
C105,C105_F230,0,0
C105,C105_F232,0,0
C105,C105_F233,1,0
C105,C105_F234,0,2
C105,C105_F235,3,0
C105,C105_F236,1,0
C105,C105_F237,0,0
C105,C105_F238,0,1
C105,C105_F239,0,0
C105,C105_F240,1,0
C105,C105_F241,0,0
C105,C105_F242,1,0
C105,C105_F243,0,2
C105,C105_F244,1,0
C105,C105_F245,0,0
C105,C105_F247,0,0
C105,C105_F248,1,0
C105,C105_F249,2,1
C105,C105_F250,0,0
C105,C105_F251,1,1
C105,C105_F252,2,0
C105,C105_F253,1,0
C105,C105_F254,0,1
C105,C105_F255,0,3
C105,C105_F257,0,0
C105,C105_F258,1,0
C105,C105_F259,2,0
C105,C105_F260,0,2
C105,C105_F261,0,1
C105,C105_F262,0,1
C105,C105_F263,0,1
C105,C105_F264,0,1
C105,C105_F265,2,1
C105,C105_F266,1,0
C105,C105_F267,3,1
C105,C105_F268,0,0
C105,C105_F270,0,3
C105,C105_F272,2,0
C105,C105_F273,1,0
C105,C105_F274,0,1
C105,C105_F275,0,0
C105,C105_F276,1,1
C105,C105_F277,0,0
C105,C105_F278,1,0
C105,C105_F279,1,0
C105,C105_F280,0,0
C105,C105_F281,0,1
C105,C105_F282,1,1
C105,C105_F283,2,0
C105,C105_F284,1,0
C105,C105_F285,2,0
C105,C105_F286,1,0
C105,C105_F287,0,1
C105,C105_F288,1,0
C105,C105_F289,0,1
C105,C105_F290,1,0
C105,C105_F291,2,0
C105,C105_F292,1,1
C105,C105_F293,0,2
C105,C105_F294,3,0
C105,C105_F295,0,0
C105,C105_F296,0,0
C105,C105_F297,1,1
C105,C105_F298,0,0
C105,C105_F299,0,0
C105,C105_F300,0,0
C105,C105_F301,1,1
C105,C105_F302,0,0
C105,C105_F303,3,1
C105,C105_F304,2,1
C105,C105_F305,0,0
C105,C105_F306,0,0
C105,C105_F307,1,0
C105,C105_F308,1,0
C105,C105_F309,0,2
C105,C105_F310,1,1
C105,C105_F311,1,2
C105,C105_F312,1,1
C105,C105_F313,1,2
C105,C105_F314,0,0
C105,C105_F315,2,0
C105,C105_F316,2,0
C105,C105_F317,0,1
C105,C105_F318,0,1
C105,C105_F319,0,1
C105,C105_F320,1,0
C105,C105_F321,1,2
C105,C105_F322,2,0
C105,C105_F323,0,1
C105,C105_F324,1,0
C105,C105_F325,0,0
C105,C105_F326,0,1
C105,C105_F327,2,1
C105,C105_F328,0,1
C105,C105_F329,0,1
C105,C105_F330,1,1
C105,C105_F331,0,0
C105,C105_F332,0,0
C105,C105_F333,2,1
C105,C105_F334,0,0
C105,C105_F335,0,2
C105,C105_F336,1,0
C105,C105_F337,0,2
C105,C105_F338,1,1
C105,C105_F339,2,0
C105,C105_F340,0,1
C105,C105_F341,0,0
C105,C105_F343,1,0
C105,C105_F344,0,1
C105,C105_F346,0,0
C105,C105_F347,0,0
C105,C105_F348,0,2
C105,C105_F350,1,1
C105,C105_F351,1,1
C105,C105_F352,0,1
C105,C105_F353,1,0
C105,C105_F354,1,0
C105,C105_F355,0,1
C105,C105_F356,0,1
C105,C105_F357,0,0
C105,C105_F358,0,1
C105,C105_F359,1,1
C105,C105_F360,1,1
C105,C105_F361,0,0
C105,C105_F362,0,2
C105,C105_F363,0,0
C105,C105_F364,1,0
C105,C105_F365,1,1
C105,C105_F366,0,2
C105,C105_F367,1,1
C105,C105_F368,0,1
C105,C105_F369,2,0
C105,C105_F370,1,0
C105,C105_F371,2,1
C105,C105_F372,1,0
C105,C105_F373,1,0
C105,C105_F374,1,1
C105,C105_F375,0,0
C105,C105_F376,0,0
C105,C105_F377,0,0
C105,C105_F378,0,1
C105,C105_F379,0,1
C106,C106_F001,1,0
C106,C106_F002,2,1
C106,C106_F003,1,0
C106,C106_F004,0,0
C106,C106_F005,0,1
C106,C106_F006,1,0
C106,C106_F007,1,0
C106,C106_F008,0,0
C106,C106_F009,1,0
C106,C106_F010,2,0
C106,C106_F011,0,0
C106,C106_F012,1,0
C106,C106_F013,1,1
C106,C106_F014,0,0
C106,C106_F016,1,1
C106,C106_F017,1,0
C106,C106_F019,0,1
C106,C106_F020,0,0
C106,C106_F021,1,0
C106,C106_F022,2,0
C106,C106_F023,0,1
C106,C106_F024,0,0
C106,C106_F025,1,1
C106,C106_F028,2,1
C106,C106_F029,1,0
C106,C106_F031,2,1
C106,C106_F032,2,0
C106,C106_F033,0,0
C106,C106_F034,1,1
C106,C106_F035,0,1
C106,C106_F036,0,0
C106,C106_F037,1,0
C106,C106_F038,3,0
C106,C106_F039,0,1
C106,C106_F040,0,2
C106,C106_F041,1,1
C106,C106_F042,1,0
C106,C106_F043,1,0
C106,C106_F044,1,0
C106,C106_F045,0,1
C106,C106_F047,1,0
C106,C106_F048,2,1
C106,C106_F049,0,2
C106,C106_F050,1,0
C106,C106_F051,0,2
C106,C106_F052,0,0
C106,C106_F053,1,0
C106,C106_F054,1,0
C106,C106_F055,0,0
C106,C106_F056,1,1
C106,C106_F057,1,0
C106,C106_F058,1,0
C106,C106_F059,0,0
C106,C106_F060,0,1
C106,C106_F062,0,0
C106,C106_F063,0,2
C106,C106_F064,1,0
C106,C106_F065,1,2
C106,C106_F066,0,0
C106,C106_F067,1,3
C106,C106_F068,0,0
C106,C106_F069,0,0
C106,C106_F070,1,1
C106,C106_F071,1,2
C106,C106_F073,0,0
C106,C106_F074,2,0
C106,C106_F075,0,0
C106,C106_F076,0,0
C106,C106_F077,1,0
C106,C106_F078,0,0
C106,C106_F079,0,3
C106,C106_F080,1,0
C106,C106_F081,0,0
C106,C106_F082,2,1
C106,C106_F083,0,0
C106,C106_F084,0,0
C106,C106_F085,1,1
C106,C106_F086,0,2
C106,C106_F087,0,1
C106,C106_F088,0,0
C106,C106_F089,0,1
C106,C106_F090,2,0
C106,C106_F091,0,0
C106,C106_F093,0,0
C106,C106_F094,0,0
C106,C106_F095,0,1
C106,C106_F096,0,1
C106,C106_F097,0,1
C106,C106_F098,0,0
C106,C106_F099,1,1
C106,C106_F100,1,0
C106,C106_F101,0,2
C106,C106_F102,3,0
C106,C106_F103,0,0
C106,C106_F104,0,0
C106,C106_F105,0,1
C106,C106_F106,0,2
C106,C106_F107,0,0
C106,C106_F109,1,0
C106,C106_F110,0,0
C106,C106_F111,0,0
C106,C106_F112,1,0
C106,C106_F113,1,0
C106,C106_F114,1,0
C106,C106_F115,1,0
C106,C106_F116,0,0
C106,C106_F117,0,0
C106,C106_F118,0,1
C106,C106_F119,1,1
C106,C106_F120,0,1
C106,C106_F121,1,0
C106,C106_F122,0,2
C106,C106_F123,0,0
C106,C106_F124,0,1
C106,C106_F125,1,0
C106,C106_F126,1,1
C106,C106_F127,3,0
C106,C106_F128,0,1
C106,C106_F129,2,1
C106,C106_F130,1,2
C106,C106_F131,0,0
C106,C106_F132,1,0
C106,C106_F133,0,0
C106,C106_F134,0,1
C106,C106_F136,0,1
C106,C106_F137,1,0
C106,C106_F138,0,0
C106,C106_F139,1,1
C106,C106_F141,2,0
C106,C106_F142,2,1
C106,C106_F143,1,0
C106,C106_F144,0,0
C106,C106_F145,0,0
C106,C106_F146,1,1
C106,C106_F147,1,0
C106,C106_F149,0,1
C106,C106_F150,2,0
C106,C106_F151,0,1
C106,C106_F152,0,0
C106,C106_F153,1,0
C106,C106_F154,0,1
C106,C106_F155,1,0
C106,C106_F157,1,2
C106,C106_F158,0,0
C106,C106_F159,1,0
C106,C106_F160,0,0
C106,C106_F161,0,1
C106,C106_F162,1,1
C106,C106_F163,2,1
C106,C106_F165,0,1
C106,C106_F167,1,0
C106,C106_F168,0,0
C106,C106_F169,1,0
C106,C106_F170,1,1
C106,C106_F171,2,1
C106,C106_F172,0,0
C106,C106_F173,2,0
C106,C106_F174,0,0
C106,C106_F175,3,1
C106,C106_F176,1,1
C106,C106_F177,0,1
C106,C106_F178,1,0
C106,C106_F179,0,1
C106,C106_F180,1,0
C106,C106_F181,0,0
C106,C106_F182,1,1
C106,C106_F184,1,0
C106,C106_F185,1,1
C106,C106_F186,0,1
C106,C106_F187,0,1
C106,C106_F188,0,2
C106,C106_F189,5,0
C106,C106_F190,0,2
C106,C106_F191,0,0
C106,C106_F192,1,1
C106,C106_F193,0,0
C106,C106_F194,0,0
C106,C106_F195,0,0
C106,C106_F196,0,1
C106,C106_F197,0,2
C106,C106_F198,1,2
C106,C106_F199,0,0
C106,C106_F200,0,0
C106,C106_F201,2,0
C106,C106_F202,0,1
C106,C106_F203,0,1
C106,C106_F205,1,0
C106,C106_F206,0,0
C106,C106_F207,0,1
C106,C106_F208,1,1
C106,C106_F209,0,0
C106,C106_F210,0,1
C106,C106_F211,1,0
C106,C106_F212,1,0
C106,C106_F213,1,1
C106,C106_F214,0,0
C106,C106_F215,1,0
C106,C106_F216,2,0
C106,C106_F217,2,0
C106,C106_F219,1,0
C106,C106_F220,0,0
C106,C106_F221,0,0
C106,C106_F222,0,1
C106,C106_F223,1,0
C106,C106_F224,0,0
C106,C106_F225,0,1
C106,C106_F226,0,1
C106,C106_F227,1,0
C106,C106_F229,0,0
C106,C106_F230,1,1
C106,C106_F231,1,0
C106,C106_F233,0,1
C106,C106_F234,1,0
C106,C106_F235,0,0
C106,C106_F236,1,0
C106,C106_F237,2,0
C106,C106_F238,1,0
C106,C106_F240,2,0
C106,C106_F241,0,1
C106,C106_F242,1,0
C106,C106_F243,1,0
C106,C106_F244,2,2
C106,C106_F245,2,0
C106,C106_F246,0,0
C106,C106_F248,1,0
C106,C106_F249,0,0
C106,C106_F250,1,0
C106,C106_F251,1,0
C106,C106_F252,1,0
C106,C106_F254,0,1
C106,C106_F255,1,1
C106,C106_F257,0,2
C106,C106_F258,0,0
C106,C106_F259,1,1
C106,C106_F260,1,0
C106,C106_F261,1,0
C106,C106_F262,0,1
C106,C106_F263,1,1
C106,C106_F264,1,0
C106,C106_F265,1,1
C106,C106_F266,1,1
C106,C106_F268,0,1
C106,C106_F269,1,1
C106,C106_F270,0,0
C106,C106_F271,1,0
C106,C106_F272,0,1
C106,C106_F273,0,2
C106,C106_F274,0,1
C106,C106_F275,0,1
C106,C106_F276,1,1
C106,C106_F277,1,0
C106,C106_F278,1,1
C106,C106_F279,1,2
C106,C106_F280,1,0
C106,C106_F281,1,0
C106,C106_F282,1,1
C106,C106_F283,0,1
C106,C106_F284,1,1
C106,C106_F285,0,0
C106,C106_F286,1,0
C106,C106_F287,0,0
C106,C106_F288,0,1
C106,C106_F289,0,2
C106,C106_F290,1,0
C106,C106_F291,1,0
C106,C106_F292,1,0
C106,C106_F293,0,0
C106,C106_F294,0,2
C106,C106_F295,0,2
C106,C106_F296,0,0
C106,C106_F297,0,3
C106,C106_F298,0,0
C106,C106_F299,2,0
C106,C106_F300,2,0
C106,C106_F302,0,0
C106,C106_F303,0,1
C106,C106_F304,0,0
C106,C106_F305,0,0
C106,C106_F306,1,0
C106,C106_F307,2,1
C106,C106_F309,0,0
C106,C106_F310,1,0
C106,C106_F311,1,0
C106,C106_F312,0,1
C106,C106_F313,0,0
C106,C106_F314,1,0
C106,C106_F315,0,0
C106,C106_F316,1,0
C106,C106_F317,1,1
C106,C106_F318,0,2
C106,C106_F319,1,2
C106,C106_F320,0,1
C106,C106_F322,0,0
C106,C106_F323,0,0
C106,C106_F324,3,0
C106,C106_F325,0,0
C106,C106_F327,0,1
C106,C106_F328,1,0
C106,C106_F329,0,0
C106,C106_F330,1,0
C106,C106_F331,1,0
C106,C106_F332,0,0
C106,C106_F333,0,0
C106,C106_F335,0,1
C106,C106_F336,0,2
C106,C106_F337,0,1
C106,C106_F338,1,0
C106,C106_F339,1,0
C106,C106_F341,0,1
C106,C106_F342,1,0
C106,C106_F343,0,0
C106,C106_F344,0,0
C106,C106_F345,0,1
C106,C106_F347,0,1
C106,C106_F348,1,0
C106,C106_F349,1,0
C106,C106_F350,1,0
C106,C106_F351,0,0
C106,C106_F352,1,0
C106,C106_F353,2,0
C106,C106_F354,0,0
C106,C106_F355,0,2
C106,C106_F356,0,0
C106,C106_F357,1,2
C106,C106_F358,0,1
C106,C106_F359,2,0
C106,C106_F360,0,0
C106,C106_F361,1,1
C106,C106_F362,0,0
C106,C106_F363,1,0
C106,C106_F364,0,2
C106,C106_F365,0,2
C106,C106_F367,1,0
C106,C106_F368,2,0
C106,C106_F369,0,0
C106,C106_F371,1,0
C106,C106_F372,0,1
C106,C106_F374,1,0
C106,C106_F375,0,1
C106,C106_F376,1,1
C106,C106_F377,2,0
C106,C106_F378,0,2
C106,C106_F379,0,0
C106,C106_F381,0,0
C106,C106_F382,0,0
C106,C106_F383,1,0
C106,C106_F384,0,1
C106,C106_F386,1,1
C106,C106_F387,1,1
C106,C106_F388,1,0
C106,C106_F389,0,2
C106,C106_F390,1,0
C106,C106_F391,0,1
C106,C106_F392,0,0
C106,C106_F393,0,0
C106,C106_F394,2,0
C106,C106_F396,0,1
C106,C106_F397,1,1
C106,C106_F398,3,2
C106,C106_F399,0,1
C106,C106_F400,0,1
C106,C106_F401,1,1
C106,C106_F402,0,0
C106,C106_F403,0,1
C106,C106_F404,0,0
C106,C106_F405,1,0
C106,C106_F406,1,0
C106,C106_F407,1,1
C106,C106_F408,0,0
C106,C106_F409,0,0
C106,C106_F410,1,1
C106,C106_F411,0,3
C106,C106_F412,0,0
C106,C106_F413,1,0
C106,C106_F415,1,0
C106,C106_F416,1,1
C106,C106_F417,1,0
C106,C106_F418,1,0
C106,C106_F419,0,1
C106,C106_F420,0,1
C106,C106_F421,0,3
C106,C106_F422,0,1
C106,C106_F423,0,0
C106,C106_F424,0,0
C106,C106_F426,0,0
C106,C106_F427,1,1
C106,C106_F428,0,0
C106,C106_F429,1,1
C106,C106_F430,2,0
C106,C106_F431,2,0
C106,C106_F432,0,0
C106,C106_F433,1,0
C106,C106_F436,0,0
C106,C106_F437,3,0
C106,C106_F438,0,0
C106,C106_F439,1,0
C106,C106_F440,1,0
C106,C106_F442,1,0
C106,C106_F443,0,2
C106,C106_F444,0,0
C106,C106_F445,2,0
C106,C106_F446,1,0
C106,C106_F447,1,1
C106,C106_F448,0,0
C106,C106_F449,1,1
C106,C106_F450,2,0
C106,C106_F451,1,0
C106,C106_F452,1,0
C106,C106_F453,1,1
C106,C106_F454,0,1
C106,C106_F455,0,1
C106,C106_F456,1,0
C106,C106_F457,0,2
C106,C106_F460,1,3
C106,C106_F461,1,0
C106,C106_F463,2,0
C106,C106_F464,0,0
C106,C106_F465,2,1
C106,C106_F466,1,0
C106,C106_F467,1,1
C106,C106_F468,0,0
C106,C106_F469,0,0
C106,C106_F470,0,0
C106,C106_F471,1,0
C106,C106_F472,1,1
C106,C106_F473,2,0
C106,C106_F475,0,2
C106,C106_F476,0,0
C106,C106_F477,0,1
C106,C106_F478,0,1
C106,C106_F479,1,2
C106,C106_F480,1,0
C106,C106_F481,0,0
C106,C106_F482,2,1
C106,C106_F483,4,0
C106,C106_F484,0,0
C106,C106_F486,1,0
C106,C106_F487,0,0
C106,C106_F488,0,2
C106,C106_F489,0,1
C106,C106_F490,0,1
C106,C106_F491,1,0
C106,C106_F492,1,0
C106,C106_F493,0,0
C106,C106_F494,1,0
C106,C106_F495,3,0
C106,C106_F496,1,1
C106,C106_F497,0,0
C106,C106_F499,0,1
C106,C106_F500,0,1
C106,C106_F501,1,1
C106,C106_F502,0,2
C106,C106_F503,0,1
C106,C106_F504,0,0
C106,C106_F505,0,3
C106,C106_F507,0,0
C106,C106_F508,1,0
C106,C106_F509,0,0
C106,C106_F510,0,1
C106,C106_F512,0,2
C106,C106_F513,0,0
C106,C106_F514,0,2
C106,C106_F515,0,0
C106,C106_F516,0,1
C106,C106_F517,1,0
C106,C106_F518,1,0
C106,C106_F519,1,0
C106,C106_F520,1,2
C106,C106_F521,1,1
C106,C106_F522,0,0
C106,C106_F523,0,1
C106,C106_F524,1,0
C106,C106_F525,1,0
C106,C106_F526,1,0
C106,C106_F527,1,0
C106,C106_F528,0,2
C106,C106_F529,0,0
C106,C106_F530,3,0
C106,C106_F531,0,1
C106,C106_F532,0,1
C106,C106_F534,1,2
C106,C106_F535,0,0
C106,C106_F536,1,0
C106,C106_F537,1,1
C106,C106_F538,1,0
C106,C106_F539,0,0
C106,C106_F540,0,0
C106,C106_F541,1,0
C106,C106_F542,0,0
C106,C106_F543,0,0
C106,C106_F544,2,0
C106,C106_F545,0,0
C106,C106_F546,0,0
C106,C106_F547,0,0
C106,C106_F548,0,0
C106,C106_F549,2,1
C106,C106_F550,1,0
C106,C106_F551,0,0
C106,C106_F552,0,0
C108,C108_F001,0,2
C108,C108_F002,0,0
C108,C108_F003,2,0
C108,C108_F004,1,0
C108,C108_F005,1,1
C108,C108_F006,2,1
C108,C108_F007,0,1
C108,C108_F008,0,1
C108,C108_F009,0,1
C108,C108_F010,0,1
C108,C108_F011,1,2
C108,C108_F012,2,1
C108,C108_F013,2,0
C108,C108_F014,2,1
C108,C108_F015,1,0
C108,C108_F016,0,1
C108,C108_F017,0,2
C108,C108_F018,2,1
C108,C108_F019,1,2
C108,C108_F020,0,2
C108,C108_F021,1,0
C108,C108_F022,0,0
C108,C108_F023,0,1
C108,C108_F024,1,1
C108,C108_F025,1,1
C108,C108_F026,0,2
C108,C108_F027,0,1
C108,C108_F028,2,2
C108,C108_F029,1,1
C108,C108_F030,2,0
C108,C108_F031,1,1
C108,C108_F032,1,2
C108,C108_F033,2,0
C108,C108_F034,2,0
C108,C108_F035,0,0
C108,C108_F036,1,0
C108,C108_F037,0,3
C108,C108_F038,0,1
C108,C108_F039,0,0
C108,C108_F040,3,0
C108,C108_F041,1,0
C108,C108_F042,1,1
C108,C108_F043,3,0
C108,C108_F044,1,0
C108,C108_F045,1,0
C108,C108_F046,1,1
C108,C108_F047,0,1
C108,C108_F048,0,0
C108,C108_F050,1,1
C108,C108_F051,1,1
C108,C108_F052,3,0
C108,C108_F053,1,0
C108,C108_F054,0,3
C108,C108_F055,2,0
C108,C108_F056,4,0
C108,C108_F057,1,0
C108,C108_F058,0,1
C108,C108_F059,1,0
C108,C108_F060,2,0
C108,C108_F061,3,0
C108,C108_F062,1,0
C108,C108_F063,0,0
C108,C108_F064,1,0
C108,C108_F065,1,0
C108,C108_F066,1,1
C108,C108_F067,0,2
C108,C108_F068,1,1
C108,C108_F069,0,1
C108,C108_F070,1,0
C108,C108_F071,1,0
C108,C108_F073,0,0
C108,C108_F074,0,0
C108,C108_F075,0,3
C108,C108_F076,2,0
C108,C108_F077,1,0
C108,C108_F078,2,0
C108,C108_F079,1,0
C108,C108_F080,1,1
C108,C108_F081,1,1
C108,C108_F082,0,2
C108,C108_F084,2,1
C108,C108_F086,1,1
C108,C108_F087,0,1
C108,C108_F088,1,2
C108,C108_F089,2,0
C108,C108_F090,1,1
C108,C108_F092,3,0
C108,C108_F093,0,0
C108,C108_F094,0,0
C108,C108_F095,1,0
C108,C108_F096,0,0
C108,C108_F097,1,0
C108,C108_F098,0,2
C108,C108_F099,1,0
C108,C108_F100,1,2
C108,C108_F101,1,2
C108,C108_F102,0,0
C108,C108_F103,0,1
C108,C108_F104,1,1
C108,C108_F105,3,0
C108,C108_F106,0,0
C108,C108_F107,1,0
C108,C108_F109,3,0
C108,C108_F110,0,0
C108,C108_F111,0,2
C108,C108_F113,1,3
C108,C108_F114,0,1
C108,C108_F115,1,1
C108,C108_F116,1,0
C108,C108_F117,1,1
C108,C108_F118,0,1
C108,C108_F119,1,0
C108,C108_F120,1,1
C108,C108_F121,2,1
C108,C108_F122,1,1
C108,C108_F123,0,1
C108,C108_F124,1,0
C108,C108_F125,2,1
C108,C108_F126,1,1
C108,C108_F127,0,1
C108,C108_F128,1,2
C108,C108_F129,2,0
C108,C108_F130,0,2
C108,C108_F131,1,0
C108,C108_F132,1,0
C108,C108_F133,2,0
C108,C108_F134,0,1
C108,C108_F135,0,0
C108,C108_F136,2,2
C108,C108_F137,1,1
C108,C108_F138,1,0
C108,C108_F139,0,1
C108,C108_F140,2,1
C108,C108_F141,1,1
C108,C108_F142,1,0
C108,C108_F143,0,0
C108,C108_F144,1,1
C108,C108_F145,0,2
C108,C108_F146,0,2
C108,C108_F147,1,1
C108,C108_F148,0,0
C108,C108_F150,0,1
C108,C108_F151,1,0
C108,C108_F152,1,2
C108,C108_F153,0,1
C108,C108_F154,1,1
C108,C108_F155,0,1
C108,C108_F156,2,0
C108,C108_F157,0,1
C108,C108_F158,1,1
C108,C108_F159,1,0
C108,C108_F160,1,0
C108,C108_F161,1,0
C108,C108_F162,0,2
C108,C108_F163,0,0
C108,C108_F164,1,1
C108,C108_F165,1,0
C108,C108_F166,1,0
C108,C108_F167,1,0
C108,C108_F168,1,0
C108,C108_F169,1,1
C108,C108_F170,3,1
C108,C108_F171,1,1
C108,C108_F172,2,0
C108,C108_F173,0,1
C108,C108_F174,0,1
C108,C108_F175,1,1
C108,C108_F176,1,0
C108,C108_F177,1,0
C108,C108_F178,0,0
C108,C108_F179,0,1
C108,C108_F180,0,1
C108,C108_F181,1,0
C108,C108_F182,1,0
C108,C108_F183,1,0
C108,C108_F184,1,1
C108,C108_F185,2,0
C108,C108_F186,0,4
C108,C108_F187,0,1
C108,C108_F188,1,0
C108,C108_F190,0,2
C108,C108_F191,0,1
C108,C108_F192,1,2
C108,C108_F193,0,0
C108,C108_F194,2,0
C108,C108_F195,2,0
C108,C108_F197,2,0
C108,C108_F198,1,0
C108,C108_F199,2,3
C108,C108_F200,1,2
C108,C108_F201,0,1
C108,C108_F202,1,0
C108,C108_F203,0,1
C108,C108_F204,0,3
C108,C108_F205,3,0
C108,C108_F206,1,2
C108,C108_F207,0,1
C108,C108_F208,1,0
C108,C108_F209,0,0
C108,C108_F210,0,0
C108,C108_F211,0,1
C108,C108_F212,2,2
C108,C108_F213,0,1
C108,C108_F214,1,0
C108,C108_F215,1,0
C108,C108_F216,2,0
C108,C108_F217,3,0
C108,C108_F218,2,0
C108,C108_F219,2,0
C108,C108_F220,2,1
C108,C108_F221,3,2
C108,C108_F222,1,0
C108,C108_F223,1,1
C108,C108_F224,1,0
C108,C108_F225,2,0
C108,C108_F226,0,2
C108,C108_F227,0,2
C108,C108_F228,1,0
C108,C108_F229,1,0
C108,C108_F230,1,0
C108,C108_F231,2,0
C108,C108_F232,0,0
C108,C108_F233,1,0
C108,C108_F234,1,0
C108,C108_F235,1,3
C108,C108_F236,3,0
C108,C108_F237,1,0
C108,C108_F238,1,0
C108,C108_F239,0,2
C108,C108_F240,1,0
C108,C108_F241,0,0
C108,C108_F242,1,0
C108,C108_F243,0,1
C108,C108_F244,0,0
C108,C108_F245,1,0
C108,C108_F246,1,1
C108,C108_F247,1,0
C108,C108_F248,0,0
C108,C108_F249,0,0
C108,C108_F250,0,1
C108,C108_F251,0,0
C108,C108_F252,1,0
C108,C108_F253,4,0
C108,C108_F254,1,0
C108,C108_F255,0,2
C108,C108_F256,2,0
C108,C108_F257,0,0
C108,C108_F258,2,1
C108,C108_F259,1,1
C108,C108_F260,1,0
C108,C108_F261,1,0
C108,C108_F262,0,1
C108,C108_F263,0,0
C108,C108_F264,1,0
C108,C108_F265,1,2
C108,C108_F266,0,0
C108,C108_F267,1,1
C108,C108_F268,0,0
C108,C108_F269,3,1
C108,C108_F270,0,0
C108,C108_F271,0,1
C108,C108_F272,1,1
C108,C108_F273,3,2
C108,C108_F274,0,1
C108,C108_F275,1,0
C108,C108_F276,1,0
C108,C108_F277,3,1
C108,C108_F278,2,0
C108,C108_F279,0,0
C108,C108_F280,0,1
C108,C108_F281,3,0
C108,C108_F283,1,0
C108,C108_F284,1,1
C108,C108_F285,0,0
C108,C108_F286,1,0
C108,C108_F287,0,0
C108,C108_F288,0,1
C108,C108_F289,0,2
C108,C108_F290,1,0
C108,C108_F291,0,0
C108,C108_F292,0,0
C108,C108_F293,1,1
C108,C108_F294,0,1
C108,C108_F295,3,0
C108,C108_F296,0,0
C108,C108_F297,0,1
C108,C108_F298,1,0
C108,C108_F299,1,1
C108,C108_F300,0,0
C108,C108_F301,2,0
C108,C108_F302,1,0
C108,C108_F304,0,0
C108,C108_F305,0,1
C108,C108_F306,2,0
C109,C109_F001,1,0
C109,C109_F003,1,0
C109,C109_F004,0,2
C109,C109_F005,1,0
C109,C109_F006,0,2
C109,C109_F007,0,0
C109,C109_F008,1,0
C109,C109_F009,2,1
C109,C109_F010,2,0
C109,C109_F011,0,2
C109,C109_F012,0,0
C109,C109_F013,0,0
C109,C109_F014,0,3
C109,C109_F015,2,1
C109,C109_F016,1,0
C109,C109_F017,1,0
C109,C109_F018,2,0
C109,C109_F019,0,0
C109,C109_F020,0,0
C109,C109_F021,1,0
C109,C109_F022,0,1
C109,C109_F023,3,1
C109,C109_F025,1,0
C109,C109_F026,1,0
C109,C109_F027,0,1
C109,C109_F028,1,1
C109,C109_F029,0,0
C109,C109_F030,1,0
C109,C109_F031,2,2
C109,C109_F032,0,0
C109,C109_F033,0,0
C109,C109_F034,1,1
C109,C109_F036,0,1
C109,C109_F037,0,0
C109,C109_F038,3,0
C109,C109_F039,0,0
C109,C109_F040,0,1
C109,C109_F041,0,0
C109,C109_F042,1,0
C109,C109_F043,1,0
C109,C109_F044,0,1
C109,C109_F045,0,1
C109,C109_F046,0,2
C109,C109_F047,0,0
C109,C109_F048,0,0
C109,C109_F049,1,1
C109,C109_F050,0,0
C109,C109_F051,2,0
C109,C109_F052,2,0
C109,C109_F053,1,0
C109,C109_F054,1,0
C109,C109_F055,0,0
C109,C109_F056,2,0
C109,C109_F057,3,0
C109,C109_F058,0,1
C109,C109_F059,0,1
C109,C109_F060,0,2
C109,C109_F061,0,0
C109,C109_F062,0,0
C109,C109_F063,0,0
C109,C109_F064,1,0
C109,C109_F065,0,0
C109,C109_F066,1,0
C109,C109_F067,2,0
C109,C109_F068,2,0
C109,C109_F069,0,0
C109,C109_F070,3,0
C109,C109_F071,0,0
C109,C109_F073,0,2
C109,C109_F074,0,2
C109,C109_F075,1,1
C109,C109_F076,2,0
C109,C109_F077,1,1
C109,C109_F078,1,0
C109,C109_F079,0,0
C109,C109_F080,0,0
C109,C109_F081,1,2
C109,C109_F082,1,1
C109,C109_F083,0,2
C109,C109_F085,0,0
C109,C109_F086,2,2
C109,C109_F087,1,0
C109,C109_F088,0,0
C109,C109_F089,0,0
C109,C109_F090,0,2
C109,C109_F091,0,2
C109,C109_F092,1,1
C109,C109_F093,1,0
C109,C109_F094,0,0
C109,C109_F095,0,0
C109,C109_F096,1,0
C109,C109_F097,0,1
C109,C109_F098,1,0
C109,C109_F099,0,0
C109,C109_F100,0,0
C109,C109_F101,1,0
C109,C109_F102,0,0
C109,C109_F104,2,1
C109,C109_F105,0,1
C109,C109_F106,0,1
C109,C109_F107,1,0
C109,C109_F108,0,0
C109,C109_F109,0,1
C109,C109_F110,0,0
C109,C109_F111,1,0
C109,C109_F113,0,0
C109,C109_F114,0,0
C109,C109_F115,0,0
C109,C109_F116,1,0
C109,C109_F117,1,0
C109,C109_F118,0,0
C109,C109_F119,0,1
C109,C109_F120,0,0
C109,C109_F121,1,0
C109,C109_F122,0,1
C109,C109_F123,1,0
C109,C109_F124,0,0
C109,C109_F125,1,0
C109,C109_F126,0,0
C109,C109_F127,0,1
C109,C109_F129,1,1
C109,C109_F130,1,1
C109,C109_F132,0,1
C109,C109_F133,0,1
C109,C109_F134,0,0
C109,C109_F135,0,1
C109,C109_F137,2,0
C109,C109_F138,1,0
C109,C109_F139,1,0
C109,C109_F140,2,1
C109,C109_F141,2,0
C109,C109_F142,1,0
C109,C109_F143,1,0
C109,C109_F144,0,0
C109,C109_F145,1,1
C109,C109_F146,1,1
C109,C109_F147,1,0
C109,C109_F148,0,0
C109,C109_F149,1,1
C109,C109_F150,0,0
C109,C109_F151,1,0
C109,C109_F152,1,0
C109,C109_F153,0,0
C109,C109_F154,1,1
C109,C109_F156,0,0
C109,C109_F157,0,0
C109,C109_F158,0,1
C109,C109_F159,2,1
C109,C109_F160,1,0
C109,C109_F162,0,1
C109,C109_F163,0,1
C109,C109_F164,0,0
C109,C109_F165,0,2
C109,C109_F166,2,0
C109,C109_F167,0,0
C109,C109_F168,0,1
C109,C109_F169,3,0
C109,C109_F170,1,1
C109,C109_F171,0,0
C109,C109_F172,0,0
C109,C109_F173,0,1
C109,C109_F174,0,0
C109,C109_F175,0,0
C109,C109_F176,1,0
C109,C109_F177,1,0
C109,C109_F178,0,0
C109,C109_F179,0,0
C109,C109_F180,1,0
C109,C109_F181,1,1
C109,C109_F182,2,0
C109,C109_F183,0,0
C109,C109_F184,1,0
C109,C109_F185,0,0
C109,C109_F186,2,0
C109,C109_F187,1,1
C109,C109_F188,0,1
C109,C109_F189,1,0
C109,C109_F190,0,3
C109,C109_F191,0,0
C109,C109_F193,3,1
C109,C109_F194,2,0
C109,C109_F195,0,1
C109,C109_F196,1,0
C109,C109_F197,0,1
C109,C109_F198,2,0
C109,C109_F199,1,0
C109,C109_F200,0,0
C109,C109_F201,0,1
C109,C109_F203,1,0
C109,C109_F204,0,0
C109,C109_F205,1,1
C109,C109_F206,1,1
C109,C109_F207,1,1
C109,C109_F209,0,0
C109,C109_F210,1,0
C109,C109_F211,1,0
C109,C109_F212,1,0
C109,C109_F213,3,0
C109,C109_F214,0,0
C109,C109_F215,0,2
C109,C109_F216,0,0
C109,C109_F217,0,0
C109,C109_F218,2,0
C109,C109_F220,0,0
C109,C109_F221,0,0
C109,C109_F222,0,1
C109,C109_F223,1,1
C109,C109_F224,1,0
C109,C109_F226,2,0
C109,C109_F227,1,0
C109,C109_F228,1,0
C109,C109_F229,0,1
C109,C109_F230,0,0
C109,C109_F232,1,0
C109,C109_F233,0,0
C109,C109_F234,2,0
C109,C109_F235,1,0
C109,C109_F236,0,0
C109,C109_F237,2,1
C109,C109_F238,0,1
C109,C109_F239,2,0
C109,C109_F240,0,0
C109,C109_F241,0,1
C109,C109_F242,0,0
C109,C109_F243,1,0
C109,C109_F244,0,2
C109,C109_F245,1,1
C109,C109_F246,0,0
C109,C109_F247,0,0
C109,C109_F248,1,1
C109,C109_F249,0,2
C109,C109_F250,0,2
C109,C109_F251,0,1
C109,C109_F252,0,0
C109,C109_F253,2,0
C109,C109_F254,1,1
C109,C109_F256,2,2
C109,C109_F257,0,1
C109,C109_F258,0,1
C109,C109_F259,2,0
C109,C109_F260,1,0
C109,C109_F261,0,0
C109,C109_F262,2,0
C109,C109_F263,1,0
C109,C109_F264,0,1
C109,C109_F265,0,0
C109,C109_F266,3,0
C109,C109_F267,0,1
C109,C109_F268,2,0
C109,C109_F269,0,1
C109,C109_F270,1,1
C109,C109_F271,1,0
C109,C109_F272,0,0
C109,C109_F273,0,1
C109,C109_F274,1,0
C109,C109_F275,1,2
C109,C109_F276,1,1
C109,C109_F277,0,1
C109,C109_F278,0,1
C109,C109_F279,0,2
C109,C109_F280,1,2
C109,C109_F281,0,0
C109,C109_F282,2,1
C109,C109_F283,1,0
C109,C109_F285,0,1
C109,C109_F287,0,1
C109,C109_F288,0,0
C109,C109_F289,0,0
C109,C109_F290,1,1
C109,C109_F291,0,0
C109,C109_F292,0,0
C109,C109_F293,2,0
C109,C109_F294,1,1
C109,C109_F295,0,1
C109,C109_F296,0,1
C109,C109_F297,2,0
C109,C109_F298,0,1
C109,C109_F299,0,0
C109,C109_F300,2,0
C109,C109_F301,1,1
C109,C109_F302,1,0
C109,C109_F303,0,1
C109,C109_F304,0,1
C109,C109_F305,0,0
C109,C109_F306,1,3
C109,C109_F307,0,1
C109,C109_F308,2,1
C109,C109_F310,1,0
C109,C109_F311,0,1
C109,C109_F312,0,0
C109,C109_F313,1,3
C109,C109_F314,0,0
C109,C109_F315,0,2
C109,C109_F316,2,0
C109,C109_F317,3,0
C109,C109_F318,1,0
C109,C109_F319,0,1
C109,C109_F320,1,0
C109,C109_F321,0,1
C109,C109_F322,0,1
C109,C109_F323,1,1
C109,C109_F324,1,1
C109,C109_F325,0,1
C109,C109_F326,0,0
C109,C109_F327,1,0
C109,C109_F328,0,1
C109,C109_F329,0,0
C109,C109_F330,1,1
C109,C109_F332,0,0
C109,C109_F333,2,0
C109,C109_F334,1,2
C109,C109_F335,1,1
C109,C109_F336,0,1
C109,C109_F337,1,0
C109,C109_F338,0,1
C109,C109_F339,1,1
C109,C109_F340,1,0
C109,C109_F341,0,2
C109,C109_F342,0,2
C109,C109_F343,2,0
C109,C109_F344,0,0
C109,C109_F345,1,0
C109,C109_F346,2,0
C109,C109_F348,1,0
C109,C109_F349,1,0
C109,C109_F351,0,0
C109,C109_F352,1,0
C109,C109_F354,0,4
C109,C109_F355,1,0
C109,C109_F356,0,0
C109,C109_F357,0,1
C109,C109_F358,0,0
C109,C109_F359,0,0
C109,C109_F360,1,0
C109,C109_F361,2,0
C109,C109_F362,2,0
C109,C109_F363,0,0
C109,C109_F365,0,0
C109,C109_F366,1,0
C109,C109_F367,0,2
C109,C109_F368,1,0
C109,C109_F369,1,1
C109,C109_F371,0,1
C109,C109_F372,0,1
C109,C109_F373,0,1
C109,C109_F374,1,2
C109,C109_F376,1,0
C109,C109_F377,0,1
C109,C109_F379,1,0
C109,C109_F380,1,1
C111,C111_F001,2,1
C111,C111_F002,1,0
C111,C111_F003,0,0
C111,C111_F004,1,0
C111,C111_F005,0,2
C111,C111_F006,0,0
C111,C111_F007,3,0
C111,C111_F008,0,0
C111,C111_F009,1,0
C111,C111_F010,0,0
C111,C111_F011,2,1
C111,C111_F012,0,0
C111,C111_F015,0,0
C111,C111_F016,1,0
C111,C111_F019,0,0
C111,C111_F020,1,0
C111,C111_F021,3,2
C111,C111_F022,0,0
C111,C111_F023,0,1
C111,C111_F024,2,0
C111,C111_F025,0,1
C111,C111_F026,1,0
C111,C111_F027,3,0
C111,C111_F028,0,0
C111,C111_F029,1,0
C111,C111_F030,1,0
C111,C111_F031,0,0
C111,C111_F033,2,0
C111,C111_F034,2,0
C111,C111_F035,1,2
C111,C111_F036,1,1
C111,C111_F037,2,0
C111,C111_F038,1,1
C111,C111_F039,1,0
C111,C111_F040,0,2
C111,C111_F041,0,1
C111,C111_F042,2,2
C111,C111_F043,2,0
C111,C111_F044,2,0
C111,C111_F045,0,0
C111,C111_F046,0,1
C111,C111_F047,1,0
C111,C111_F048,0,1
C111,C111_F049,0,1
C111,C111_F050,1,1
C111,C111_F051,0,0
C111,C111_F052,1,0
C111,C111_F053,0,2
C111,C111_F054,1,0
C111,C111_F055,1,1
C111,C111_F056,1,0
C111,C111_F057,1,0
C111,C111_F058,0,1
C111,C111_F059,2,2
C111,C111_F060,1,0
C111,C111_F061,0,0
C111,C111_F062,2,1
C111,C111_F063,0,0
C111,C111_F065,0,1
C111,C111_F066,0,1
C111,C111_F067,1,2
C111,C111_F068,1,1
C111,C111_F069,3,0
C111,C111_F070,0,1
C111,C111_F071,0,0
C111,C111_F072,0,1
C111,C111_F073,0,1
C111,C111_F074,0,0
C111,C111_F075,1,0
C111,C111_F076,1,1
C111,C111_F077,1,0
C111,C111_F079,1,0
C111,C111_F080,2,1
C111,C111_F081,0,0
C111,C111_F082,0,0
C111,C111_F083,0,0
C111,C111_F084,2,1
C111,C111_F085,0,1
C111,C111_F086,0,0
C111,C111_F088,1,0
C111,C111_F089,2,1
C111,C111_F090,2,0
C111,C111_F092,1,0
C111,C111_F093,2,1
C111,C111_F094,1,0
C111,C111_F095,1,0
C111,C111_F096,1,2
C111,C111_F097,0,0
C111,C111_F098,0,0
C111,C111_F099,0,1
C111,C111_F100,0,0
C111,C111_F101,1,0
C111,C111_F102,0,0
C111,C111_F103,0,0
C111,C111_F104,2,0
C111,C111_F105,1,1
C111,C111_F106,1,2
C111,C111_F107,0,1
C111,C111_F108,0,2
C111,C111_F109,0,1
C111,C111_F110,0,1
C111,C111_F111,1,0
C111,C111_F112,1,0
C111,C111_F113,0,2
C111,C111_F114,2,0
C111,C111_F115,1,3
C111,C111_F116,1,0
C111,C111_F117,0,0
C111,C111_F119,0,2
C111,C111_F120,0,0
C111,C111_F121,0,1
C111,C111_F122,1,0
C111,C111_F123,1,0
C111,C111_F124,0,1
C111,C111_F125,1,1
C111,C111_F127,0,1
C111,C111_F128,0,0
C111,C111_F129,1,0
C111,C111_F130,0,1
C111,C111_F131,0,0
C111,C111_F132,1,0
C111,C111_F133,1,0
C111,C111_F134,0,0
C111,C111_F136,0,1
C111,C111_F137,0,1
C111,C111_F138,0,1
C111,C111_F139,0,0
C111,C111_F140,1,0
C111,C111_F141,1,0
C111,C111_F142,0,4
C111,C111_F143,1,0
C111,C111_F144,0,1
C111,C111_F145,0,2
C111,C111_F146,0,0
C111,C111_F147,3,0
C111,C111_F148,1,0
C111,C111_F149,1,0
C111,C111_F150,0,1
C111,C111_F151,1,2
C111,C111_F152,0,2
C111,C111_F154,1,0
C111,C111_F156,0,0
C111,C111_F157,0,1
C111,C111_F158,0,0
C111,C111_F159,0,0
C111,C111_F160,0,0
C111,C111_F161,2,0
C111,C111_F162,0,1
C111,C111_F163,2,0
C111,C111_F164,0,1
C111,C111_F165,1,0
C111,C111_F166,0,1
C111,C111_F167,0,1
C111,C111_F168,2,0
C111,C111_F169,0,1
C111,C111_F171,1,1
C111,C111_F172,1,0
C111,C111_F173,1,0
C111,C111_F174,1,0
C111,C111_F175,0,0
C111,C111_F176,0,1
C111,C111_F177,1,0
C111,C111_F178,0,2
C111,C111_F179,1,1
C111,C111_F180,1,0
C111,C111_F181,0,1
C111,C111_F182,1,1
C111,C111_F183,0,1
C111,C111_F184,0,1
C111,C111_F185,1,4
C111,C111_F186,1,1
C111,C111_F187,0,1
C111,C111_F188,0,0
C111,C111_F189,0,1
C111,C111_F190,1,0
C111,C111_F191,0,1
C111,C111_F192,1,0
C111,C111_F193,4,0
C111,C111_F194,0,2
C111,C111_F195,0,1
C111,C111_F196,0,1
C111,C111_F197,2,2
C111,C111_F198,0,0
C111,C111_F199,0,1
C111,C111_F200,1,0
C111,C111_F202,0,1
C111,C111_F203,0,1
C111,C111_F204,0,1
C111,C111_F205,0,0
C111,C111_F206,0,0
C111,C111_F207,0,1
C111,C111_F208,0,0
C111,C111_F209,0,0
C111,C111_F210,1,1
C111,C111_F211,0,0
C111,C111_F212,1,0
C111,C111_F213,0,0
C111,C111_F214,0,1
C111,C111_F215,0,1
C111,C111_F216,1,2
C111,C111_F217,0,0
C111,C111_F218,4,0
C111,C111_F219,0,2
C111,C111_F220,0,0
C111,C111_F221,3,0
C111,C111_F222,1,0
C111,C111_F223,0,1
C111,C111_F224,1,1
C111,C111_F225,1,0
C111,C111_F226,0,0
C111,C111_F227,0,0
C111,C111_F228,0,1
C111,C111_F229,1,1
C111,C111_F230,3,0
C111,C111_F231,1,0
C111,C111_F232,0,0
C111,C111_F233,0,0
C111,C111_F234,1,0
C111,C111_F235,0,1
C111,C111_F236,0,2
C111,C111_F237,2,2
C111,C111_F238,1,1
C111,C111_F239,1,0
C111,C111_F240,1,1
C111,C111_F241,0,2
C111,C111_F242,0,1
C111,C111_F243,0,1
C111,C111_F244,0,1
C111,C111_F245,0,2
C111,C111_F246,1,0
C111,C111_F247,0,0
C111,C111_F248,0,1
C111,C111_F250,1,0
C111,C111_F251,0,0
C111,C111_F253,0,0
C111,C111_F255,3,0
C111,C111_F256,1,0
C111,C111_F257,1,0
C111,C111_F258,1,1
C111,C111_F259,2,1
C111,C111_F260,1,0
C111,C111_F261,0,1
C111,C111_F262,1,0
C111,C111_F263,3,0
C111,C111_F264,0,0
C111,C111_F265,0,1
C111,C111_F266,0,0
C111,C111_F267,0,1
C111,C111_F268,0,0
C111,C111_F269,1,1
C111,C111_F270,0,0
C111,C111_F271,0,2
C111,C111_F272,0,0
C111,C111_F273,0,1
C111,C111_F275,0,4
C111,C111_F277,2,1
C111,C111_F278,2,1
C111,C111_F279,0,0
C111,C111_F280,1,0
C111,C111_F281,1,0
C111,C111_F282,1,1
C111,C111_F283,0,2
C111,C111_F284,0,1
C111,C111_F285,0,0
C111,C111_F286,1,0
C111,C111_F287,0,0
C111,C111_F288,2,0
C111,C111_F289,0,0
C111,C111_F290,0,0
C111,C111_F291,0,1
C111,C111_F292,0,1
C111,C111_F293,1,1
C111,C111_F294,0,0
C111,C111_F295,0,0
C111,C111_F296,1,0
C111,C111_F297,0,0
C111,C111_F298,0,3
C111,C111_F299,1,0
C111,C111_F300,0,1
C111,C111_F301,0,0
C111,C111_F302,1,0
C111,C111_F303,0,0
C111,C111_F304,1,1
C111,C111_F305,1,1
C111,C111_F306,0,0
C111,C111_F307,0,1
C111,C111_F308,2,0
C111,C111_F309,0,1
C111,C111_F310,1,0
C111,C111_F312,4,1
C111,C111_F314,2,0
C111,C111_F315,1,0
C111,C111_F316,0,2
C111,C111_F317,0,1
C111,C111_F318,1,0
C111,C111_F319,1,1
C111,C111_F320,1,2
C111,C111_F321,0,0
C111,C111_F322,1,0
C111,C111_F323,1,0
C111,C111_F324,0,0
C111,C111_F325,1,0
C111,C111_F326,2,0
C111,C111_F327,2,0
C111,C111_F328,0,0
C111,C111_F329,0,0
C111,C111_F331,1,0
C111,C111_F332,1,1
C111,C111_F333,1,0
C111,C111_F334,2,0
C111,C111_F335,2,0
C111,C111_F336,1,0
C111,C111_F337,0,1
C111,C111_F338,1,2
C111,C111_F340,0,1
C111,C111_F341,0,1
C111,C111_F342,0,1
C111,C111_F343,1,1
C111,C111_F345,1,1
C111,C111_F346,4,0
C111,C111_F348,0,1
C111,C111_F349,0,0
C111,C111_F350,1,1
C111,C111_F351,0,0
C111,C111_F352,2,2
C111,C111_F353,0,0
C111,C111_F354,0,0
C111,C111_F355,1,0
C111,C111_F356,2,0
C111,C111_F357,2,2
C111,C111_F358,0,0
C111,C111_F359,2,0
C111,C111_F360,1,1
C111,C111_F361,1,1
C111,C111_F362,2,1
C111,C111_F363,1,0
C111,C111_F364,0,0
C111,C111_F365,1,0
C111,C111_F366,1,1
C111,C111_F367,1,0
C111,C111_F369,1,1
C111,C111_F370,1,1
C111,C111_F372,0,1
C111,C111_F373,0,1
C111,C111_F374,1,0
C111,C111_F375,0,3
C111,C111_F376,0,1
C111,C111_F377,0,0
C111,C111_F379,0,1
C111,C111_F380,0,0
C111,C111_F381,0,0
C111,C111_F382,0,0
C111,C111_F385,1,1
C111,C111_F386,0,0
C111,C111_F387,1,0
C111,C111_F388,1,0
C111,C111_F389,1,0
C111,C111_F390,0,2
C111,C111_F391,1,0
C111,C111_F392,0,1
C111,C111_F393,1,2
C111,C111_F394,1,1
C111,C111_F395,0,2
C111,C111_F396,1,0
C111,C111_F397,2,0
C111,C111_F398,2,0
C111,C111_F399,1,1
C111,C111_F401,0,0
C111,C111_F402,0,0
C111,C111_F403,1,1
C111,C111_F405,2,1
C111,C111_F406,1,0
C111,C111_F407,1,0
C111,C111_F408,1,0
C111,C111_F410,1,1
C111,C111_F411,1,0
C111,C111_F412,1,0
C111,C111_F413,1,0
C111,C111_F414,0,0
C111,C111_F415,0,0
C111,C111_F416,1,0
C111,C111_F417,2,1
C111,C111_F418,0,0
C111,C111_F419,1,0
C111,C111_F420,1,0
C111,C111_F422,1,1
C111,C111_F423,1,0
C111,C111_F424,0,0
C111,C111_F425,1,0
C111,C111_F426,3,1
C111,C111_F427,0,2
C111,C111_F428,1,1
C111,C111_F429,1,0
C111,C111_F430,1,0
C111,C111_F431,1,1
C111,C111_F432,1,0
C111,C111_F433,1,0
C111,C111_F434,1,1
C111,C111_F435,1,1
C111,C111_F436,2,2
C111,C111_F437,1,1
C111,C111_F438,1,1
C111,C111_F439,2,1
C111,C111_F440,3,1
C111,C111_F442,1,0
C111,C111_F443,1,0
C111,C111_F444,0,2
C111,C111_F445,0,0
C111,C111_F446,0,2
C111,C111_F447,1,0
C111,C111_F448,2,1
C111,C111_F449,2,0
C111,C111_F450,1,1
C111,C111_F451,1,1
C111,C111_F452,0,2
C111,C111_F453,1,0
C111,C111_F454,0,3
C111,C111_F455,0,0
C111,C111_F456,1,0
C111,C111_F457,0,1
C111,C111_F458,0,1
C111,C111_F459,1,1
C111,C111_F460,1,2
C111,C111_F461,1,3
C111,C111_F462,0,1
C111,C111_F463,0,1
C111,C111_F465,1,0
C111,C111_F466,0,0
C111,C111_F467,1,2
C111,C111_F468,1,1
C111,C111_F469,2,0
C111,C111_F470,1,3
C111,C111_F472,1,1
C111,C111_F473,0,1
C111,C111_F474,0,1
C111,C111_F475,1,0
C111,C111_F476,1,2
C111,C111_F477,3,1
C111,C111_F478,0,2
C111,C111_F479,1,0
C111,C111_F480,1,2
C111,C111_F481,1,0
C111,C111_F482,1,1
C111,C111_F483,1,0
C111,C111_F484,0,1
C111,C111_F486,0,1
C111,C111_F487,0,0
C111,C111_F488,0,0
C111,C111_F489,1,0
C111,C111_F490,1,0
C111,C111_F491,0,1
C111,C111_F492,1,1
C111,C111_F493,0,1
C111,C111_F494,1,0
C111,C111_F495,3,1
C111,C111_F496,1,2
C111,C111_F498,0,0
C111,C111_F499,0,1
C111,C111_F500,1,1
C111,C111_F501,0,0
C111,C111_F502,0,0
C111,C111_F503,1,2
C111,C111_F504,0,1
C111,C111_F505,1,0
C111,C111_F506,2,2
C111,C111_F507,1,2
C111,C111_F509,3,0
C111,C111_F510,0,1
C111,C111_F511,1,1
C111,C111_F512,1,1
C111,C111_F513,1,0
C111,C111_F514,0,0
C111,C111_F515,0,1
C111,C111_F516,0,0
C111,C111_F517,0,0
C111,C111_F518,0,0
C111,C111_F520,0,1
C111,C111_F521,0,0
C111,C111_F522,1,0
C111,C111_F523,0,0
C111,C111_F524,1,0
C111,C111_F525,1,0
C111,C111_F526,0,0
C111,C111_F527,0,1
C111,C111_F528,0,1
C111,C111_F529,0,0
C111,C111_F531,0,0
C111,C111_F532,1,1
C111,C111_F533,1,2
C111,C111_F534,2,0
C111,C111_F535,0,0
C111,C111_F536,0,0
C111,C111_F537,0,3
C111,C111_F538,2,0
C111,C111_F539,0,1
C111,C111_F540,1,0
C111,C111_F541,0,1
C111,C111_F542,1,0
C111,C111_F543,0,0
C111,C111_F544,0,1
C111,C111_F545,0,1
C111,C111_F546,0,1
C111,C111_F547,0,1
C111,C111_F549,1,0
C111,C111_F550,0,1
C111,C111_F551,1,0
C111,C111_F552,1,0
C112,C112_F001,0,1
C112,C112_F002,0,1
C112,C112_F003,0,5
C112,C112_F005,0,2
C112,C112_F006,0,0
C112,C112_F007,0,0
C112,C112_F008,1,0
C112,C112_F009,0,5
C112,C112_F010,1,1
C112,C112_F012,2,0
C112,C112_F013,0,2
C112,C112_F014,2,1
C112,C112_F015,0,0
C112,C112_F016,1,1
C112,C112_F017,4,0
C112,C112_F018,0,0
C112,C112_F019,1,3
C112,C112_F020,1,1
C112,C112_F021,1,0
C112,C112_F022,0,2
C112,C112_F023,1,0
C112,C112_F024,2,0
C112,C112_F025,2,0
C112,C112_F026,2,0
C112,C112_F027,3,0
C112,C112_F029,1,0
C112,C112_F031,0,0
C112,C112_F032,0,1
C112,C112_F034,0,0
C112,C112_F035,2,1
C112,C112_F036,1,1
C112,C112_F037,1,1
C112,C112_F038,0,3
C112,C112_F039,1,0
C112,C112_F040,0,1
C112,C112_F041,1,2
C112,C112_F042,1,0
C112,C112_F043,2,1
C112,C112_F044,1,2
C112,C112_F045,0,2
C112,C112_F046,0,1
C112,C112_F048,1,0
C112,C112_F049,0,0
C112,C112_F050,0,0
C112,C112_F051,2,0
C112,C112_F052,0,1
C112,C112_F053,0,2
C112,C112_F054,2,0
C112,C112_F055,0,1
C112,C112_F056,1,0
C112,C112_F057,1,2
C112,C112_F058,1,1
C112,C112_F059,0,1
C112,C112_F060,0,2
C112,C112_F061,1,1
C112,C112_F062,2,0
C112,C112_F063,0,0
C112,C112_F064,2,0
C112,C112_F065,0,1
C112,C112_F066,0,1
C112,C112_F067,1,0
C112,C112_F068,2,1
C112,C112_F069,2,0
C112,C112_F070,1,1
C112,C112_F071,0,1
C112,C112_F072,1,0
C112,C112_F073,4,1
C112,C112_F074,1,0
C112,C112_F075,2,0
C112,C112_F076,0,0
C112,C112_F077,0,0
C112,C112_F078,1,3
C112,C112_F079,1,1
C112,C112_F080,0,0
C112,C112_F081,1,1
C112,C112_F082,0,2
C112,C112_F083,1,1
C112,C112_F084,0,0
C112,C112_F085,1,0
C112,C112_F086,0,1
C112,C112_F087,1,3
C112,C112_F088,4,0
C112,C112_F089,2,0
C112,C112_F090,0,1
C112,C112_F091,1,1
C112,C112_F092,0,1
C112,C112_F093,2,0
C112,C112_F094,1,1
C112,C112_F095,3,0
C112,C112_F096,0,0
C112,C112_F097,1,0
C112,C112_F098,1,0
C112,C112_F099,0,0
C112,C112_F100,0,0
C112,C112_F101,0,3
C112,C112_F102,0,1
C112,C112_F103,0,2
C112,C112_F104,0,0
C112,C112_F105,0,0
C112,C112_F106,3,3
C112,C112_F107,0,0
C112,C112_F108,2,0
C112,C112_F109,0,2
C112,C112_F110,1,1
C112,C112_F111,1,0
C112,C112_F112,0,0
C112,C112_F113,1,1
C112,C112_F114,1,0
C112,C112_F115,0,0
C112,C112_F117,1,0
C112,C112_F118,1,0
C112,C112_F119,0,0
C112,C112_F120,0,0
C112,C112_F121,0,1
C112,C112_F122,1,0
C112,C112_F123,1,0
C112,C112_F124,1,0
C112,C112_F125,1,1
C112,C112_F126,0,0
C112,C112_F127,0,1
C112,C112_F129,1,0
C112,C112_F130,0,1
C112,C112_F131,0,1
C112,C112_F132,3,0
C112,C112_F133,0,0
C112,C112_F134,0,1
C112,C112_F135,1,2
C112,C112_F136,1,0
C112,C112_F137,2,0
C112,C112_F138,2,1
C112,C112_F139,1,1
C112,C112_F140,0,0
C112,C112_F141,1,1
C112,C112_F142,0,1
C112,C112_F143,1,1
C112,C112_F144,1,0
C112,C112_F145,0,2
C112,C112_F146,1,0
C112,C112_F147,2,0
C112,C112_F148,0,0
C112,C112_F149,0,0
C112,C112_F150,0,1
C112,C112_F151,0,0
C112,C112_F152,1,0
C112,C112_F153,0,1
C112,C112_F154,3,0
C112,C112_F155,1,1
C112,C112_F156,1,2
C112,C112_F157,0,1
C112,C112_F158,1,0
C112,C112_F159,0,0
C112,C112_F160,1,1
C112,C112_F161,1,1
C112,C112_F162,0,1
C112,C112_F163,0,0
C112,C112_F164,1,0
C112,C112_F165,1,1
C112,C112_F166,1,0
C112,C112_F167,1,2
C112,C112_F168,0,1
C112,C112_F169,1,0
C112,C112_F170,2,1
C112,C112_F171,1,0
C112,C112_F172,1,1
C112,C112_F173,0,0
C112,C112_F174,2,1
C112,C112_F175,0,1
C112,C112_F176,1,1
C112,C112_F177,1,0
C112,C112_F178,2,0
C112,C112_F179,0,0
C112,C112_F180,1,2
C112,C112_F181,2,1
C112,C112_F182,0,1
C112,C112_F183,0,0
C112,C112_F184,2,3
C112,C112_F186,1,2
C112,C112_F187,1,1
C112,C112_F188,1,2
C112,C112_F189,2,0
C112,C112_F190,2,0
C112,C112_F191,0,1
C112,C112_F192,3,0
C112,C112_F193,2,0
C112,C112_F194,1,0
C112,C112_F195,1,1
C112,C112_F196,1,1
C112,C112_F197,3,2
C112,C112_F198,1,0
C112,C112_F199,1,2
C112,C112_F200,0,0
C112,C112_F202,1,0
C112,C112_F203,1,1
C112,C112_F204,0,2
C112,C112_F205,0,0
C112,C112_F206,1,0
C112,C112_F207,1,0
C112,C112_F208,0,0
C112,C112_F209,0,0
C112,C112_F211,1,0
C112,C112_F212,0,1
C112,C112_F213,0,1
C112,C112_F214,0,0
C112,C112_F215,1,0
C112,C112_F216,0,1
C112,C112_F217,3,1
C112,C112_F218,1,1
C112,C112_F219,1,1
C112,C112_F220,0,1
C112,C112_F221,1,2
C112,C112_F222,3,1
C112,C112_F223,1,2
C112,C112_F224,1,1
C112,C112_F225,1,2
C112,C112_F226,1,2
C112,C112_F227,1,0
C112,C112_F228,0,1
C112,C112_F229,1,1
C112,C112_F230,1,1
C112,C112_F231,2,0
C112,C112_F232,0,2
C112,C112_F233,0,1
C112,C112_F234,1,1
C112,C112_F235,1,2
C112,C112_F236,1,1
C112,C112_F238,1,1
C112,C112_F239,1,0
C112,C112_F240,0,0
C112,C112_F241,1,0
C112,C112_F242,1,0
C112,C112_F243,1,0
C112,C112_F244,0,0
C112,C112_F245,0,1
C112,C112_F246,1,2
C112,C112_F247,0,1
C112,C112_F248,1,1
C112,C112_F250,0,1
C112,C112_F251,0,1
C112,C112_F252,1,0
C112,C112_F253,0,0
C112,C112_F254,2,1
C112,C112_F255,2,0
C112,C112_F256,2,2
C112,C112_F257,1,1
C112,C112_F258,0,3
C112,C112_F259,0,0
C112,C112_F260,1,0
C112,C112_F261,1,0
C112,C112_F262,2,1
C112,C112_F263,1,0
C112,C112_F264,0,0
C112,C112_F265,0,0
C112,C112_F266,1,1
C112,C112_F267,0,0
C112,C112_F268,1,0
C112,C112_F269,2,1
C112,C112_F270,3,0
C112,C112_F271,1,0
C112,C112_F272,1,1
C112,C112_F273,1,1
C112,C112_F274,2,1
C112,C112_F275,1,0
C112,C112_F276,2,1
C112,C112_F277,0,1
C112,C112_F278,2,0
C112,C112_F279,2,0
C112,C112_F280,0,2
C112,C112_F281,0,1
C112,C112_F282,0,0
C112,C112_F283,0,0
C112,C112_F284,0,1
C112,C112_F285,2,0
C112,C112_F286,0,1
C112,C112_F287,0,1
C112,C112_F288,3,0
C112,C112_F289,2,1
C112,C112_F290,0,1
C112,C112_F291,1,0
C112,C112_F292,1,1
C112,C112_F293,1,0
C112,C112_F294,1,1
C112,C112_F295,0,0
C112,C112_F296,1,2
C112,C112_F297,1,0
C112,C112_F298,2,0
C112,C112_F299,0,2
C112,C112_F300,0,0
C112,C112_F301,1,1
C112,C112_F302,2,0
C112,C112_F303,1,0
C112,C112_F304,1,1
C112,C112_F305,2,1
C112,C112_F306,0,2
C113,C113_F001,2,1
C113,C113_F002,1,0
C113,C113_F003,0,1
C113,C113_F005,1,0
C113,C113_F006,1,0
C113,C113_F007,0,1
C113,C113_F008,1,0
C113,C113_F009,1,1
C113,C113_F010,0,0
C113,C113_F011,0,1
C113,C113_F012,2,0
C113,C113_F013,1,0
C113,C113_F014,1,0
C113,C113_F015,0,1
C113,C113_F016,0,0
C113,C113_F017,0,0
C113,C113_F018,1,0
C113,C113_F019,0,1
C113,C113_F020,1,0
C113,C113_F021,3,0
C113,C113_F023,1,1
C113,C113_F024,0,1
C113,C113_F025,2,1
C113,C113_F026,1,0
C113,C113_F027,0,0
C113,C113_F028,1,0
C113,C113_F029,2,0
C113,C113_F030,0,0
C113,C113_F031,2,2
C113,C113_F032,3,0
C113,C113_F033,0,0
C113,C113_F034,0,0
C113,C113_F035,1,0
C113,C113_F036,0,1
C113,C113_F037,1,0
C113,C113_F038,1,0
C113,C113_F039,1,0
C113,C113_F040,1,0
C113,C113_F041,0,0
C113,C113_F042,0,2
C113,C113_F043,0,1
C113,C113_F044,0,1
C113,C113_F045,0,0
C113,C113_F046,2,0
C113,C113_F047,1,1
C113,C113_F048,1,0
C113,C113_F049,0,0
C113,C113_F050,0,0
C113,C113_F051,0,0
C113,C113_F053,1,0
C113,C113_F054,1,1
C113,C113_F055,3,0
C113,C113_F056,0,1
C113,C113_F057,0,1
C113,C113_F058,1,2
C113,C113_F059,0,0
C113,C113_F060,0,0
C113,C113_F061,0,0
C113,C113_F062,1,2
C113,C113_F064,2,0
C113,C113_F065,1,0
C113,C113_F066,2,3
C113,C113_F068,0,1
C113,C113_F069,0,0
C113,C113_F070,1,0
C113,C113_F071,0,1
C113,C113_F072,1,0
C113,C113_F073,1,2
C113,C113_F074,1,3
C113,C113_F075,0,1
C113,C113_F076,0,2
C113,C113_F078,2,0
C113,C113_F079,2,1
C113,C113_F080,1,0
C113,C113_F081,1,1
C113,C113_F082,0,0
C113,C113_F083,1,1
C113,C113_F084,1,0
C113,C113_F085,0,1
C113,C113_F086,2,0
C113,C113_F087,1,0
C113,C113_F088,1,1
C113,C113_F089,0,0
C113,C113_F090,0,0
C113,C113_F092,1,0
C113,C113_F093,0,0
C113,C113_F094,0,0
C113,C113_F095,2,1
C113,C113_F096,1,0
C113,C113_F097,1,0
C113,C113_F098,0,0
C113,C113_F099,1,0
C113,C113_F100,0,1
C113,C113_F101,1,0
C113,C113_F102,0,1
C113,C113_F103,1,0
C113,C113_F104,2,0
C113,C113_F105,0,1
C113,C113_F106,1,2
C113,C113_F107,0,0
C113,C113_F108,2,0
C113,C113_F109,0,0
C113,C113_F110,0,0
C113,C113_F111,0,1
C113,C113_F113,0,0
C113,C113_F114,2,1
C113,C113_F115,0,1
C113,C113_F116,0,1
C113,C113_F117,1,1
C113,C113_F118,0,1
C113,C113_F119,0,1
C113,C113_F120,1,0
C113,C113_F121,1,0
C113,C113_F122,0,0
C113,C113_F123,1,0
C113,C113_F124,1,0
C113,C113_F125,1,1
C113,C113_F126,0,0
C113,C113_F127,1,0
C113,C113_F128,0,0
C113,C113_F130,1,0
C113,C113_F131,0,0
C113,C113_F132,1,2
C113,C113_F133,0,0
C113,C113_F134,2,1
C113,C113_F135,1,0
C113,C113_F136,0,0
C113,C113_F137,1,0
C113,C113_F138,0,1
C113,C113_F140,0,1
C113,C113_F141,1,0
C113,C113_F142,0,0
C113,C113_F143,0,0
C113,C113_F144,0,1
C113,C113_F145,0,1
C113,C113_F146,1,1
C113,C113_F147,1,1
C113,C113_F148,1,0
C113,C113_F149,1,2
C113,C113_F150,1,0
C113,C113_F151,1,0
C113,C113_F152,0,0
C113,C113_F153,0,4
C113,C113_F154,0,0
C113,C113_F155,2,0
C113,C113_F156,0,0
C113,C113_F157,1,0
C113,C113_F158,0,1
C113,C113_F159,0,0
C113,C113_F160,4,2
C113,C113_F161,1,1
C113,C113_F162,2,0
C113,C113_F163,0,0
C113,C113_F164,1,1
C113,C113_F165,0,1
C113,C113_F166,0,1
C113,C113_F167,2,1
C113,C113_F168,0,0
C113,C113_F169,1,1
C113,C113_F170,1,2
C113,C113_F171,0,2
C113,C113_F172,0,2
C113,C113_F173,0,0
C113,C113_F174,1,0
C113,C113_F175,0,0
C113,C113_F176,4,0
C113,C113_F177,0,0
C113,C113_F179,0,0
C113,C113_F180,1,1
C113,C113_F181,1,2
C113,C113_F182,1,0
C113,C113_F183,0,0
C113,C113_F184,1,0
C113,C113_F185,2,0
C113,C113_F186,1,2
C113,C113_F187,0,1
C113,C113_F188,1,0
C113,C113_F189,1,0
C113,C113_F190,1,1
C113,C113_F191,0,2
C113,C113_F192,0,0
C113,C113_F193,0,0
C113,C113_F194,0,1
C113,C113_F195,1,2
C113,C113_F196,1,0
C113,C113_F197,0,0
C113,C113_F198,1,0
C113,C113_F199,0,0
C113,C113_F200,2,0
C113,C113_F201,0,0
C113,C113_F202,2,0
C113,C113_F203,2,2
C113,C113_F204,2,0
C113,C113_F205,1,0
C113,C113_F206,1,0
C113,C113_F207,1,0
C113,C113_F208,0,1
C113,C113_F209,2,1
C113,C113_F211,1,1
C113,C113_F212,1,0
C113,C113_F213,1,1
C113,C113_F214,1,0
C113,C113_F215,1,1
C113,C113_F216,2,0
C113,C113_F217,2,0
C113,C113_F218,0,2
C113,C113_F219,0,1
C113,C113_F220,1,1
C113,C113_F221,0,0
C113,C113_F222,1,0
C113,C113_F223,0,1
C113,C113_F224,2,1
C113,C113_F225,1,1
C113,C113_F226,1,0
C113,C113_F228,0,0
C113,C113_F229,0,2
C113,C113_F230,1,1
C113,C113_F231,1,0
C113,C113_F233,0,0
C113,C113_F234,1,1
C113,C113_F235,0,0
C113,C113_F236,2,0
C113,C113_F237,0,0
C113,C113_F238,0,0
C113,C113_F239,0,2
C113,C113_F240,0,0
C113,C113_F242,0,1
C113,C113_F243,0,0
C113,C113_F244,0,1
C113,C113_F245,1,3
C113,C113_F246,0,1
C113,C113_F247,0,1
C113,C113_F248,1,1
C113,C113_F249,1,1
C113,C113_F250,0,0
C113,C113_F251,0,1
C113,C113_F252,0,0
C113,C113_F254,1,0
C113,C113_F255,0,1
C113,C113_F256,0,1
C113,C113_F257,0,1
C113,C113_F258,2,1
C113,C113_F259,2,0
C113,C113_F260,0,0
C113,C113_F261,0,0
C113,C113_F262,0,0
C113,C113_F263,0,0
C113,C113_F264,1,0
C113,C113_F265,1,0
C113,C113_F266,0,0
C113,C113_F267,0,0
C113,C113_F268,0,1
C113,C113_F269,0,0
C113,C113_F271,2,0
C113,C113_F272,0,0
C113,C113_F273,2,1
C113,C113_F274,2,0
C113,C113_F276,0,0
C113,C113_F277,3,3
C113,C113_F278,1,0
C113,C113_F279,2,1
C113,C113_F281,1,2
C113,C113_F282,0,1
C113,C113_F283,0,0
C113,C113_F284,1,0
C113,C113_F285,0,0
C113,C113_F286,2,1
C113,C113_F287,1,1
C113,C113_F288,0,0
C113,C113_F289,1,0
C113,C113_F290,1,0
C113,C113_F291,1,0
C113,C113_F292,1,0
C113,C113_F293,2,1
C113,C113_F294,1,1
C113,C113_F296,0,0
C113,C113_F297,0,0
C113,C113_F298,1,1
C113,C113_F299,1,0
C113,C113_F300,0,2
C113,C113_F301,1,1
C113,C113_F302,1,0
C113,C113_F303,3,1
C113,C113_F304,1,0
C113,C113_F305,1,0
C113,C113_F306,0,1
C114,C114_F001,0,1
C114,C114_F002,1,0
C114,C114_F003,0,0
C114,C114_F004,1,1
C114,C114_F005,1,0
C114,C114_F006,1,0
C114,C114_F007,0,1
C114,C114_F008,0,1
C114,C114_F010,0,0
C114,C114_F011,0,1
C114,C114_F012,1,0
C114,C114_F013,2,0
C114,C114_F014,0,1
C114,C114_F015,1,1
C114,C114_F016,0,1
C114,C114_F017,1,0
C114,C114_F018,1,1
C114,C114_F019,0,1
C114,C114_F020,1,0
C114,C114_F021,0,1
C114,C114_F022,2,1
C114,C114_F023,3,1
C114,C114_F024,2,1
C114,C114_F025,0,0
C114,C114_F026,2,0
C114,C114_F027,1,0
C114,C114_F028,2,0
C114,C114_F029,1,2
C114,C114_F030,1,1
C114,C114_F031,0,0
C114,C114_F033,0,0
C114,C114_F034,0,0
C114,C114_F035,0,1
C114,C114_F036,1,2
C114,C114_F037,2,0
C114,C114_F038,0,0
C114,C114_F039,0,1
C114,C114_F040,0,0
C114,C114_F041,0,2
C114,C114_F042,0,0
C114,C114_F043,0,2
C114,C114_F044,2,0
C114,C114_F045,0,0
C114,C114_F046,0,3
C114,C114_F047,0,0
C114,C114_F048,0,1
C114,C114_F049,1,0
C114,C114_F050,0,1
C114,C114_F051,3,0
C114,C114_F052,1,2
C114,C114_F053,1,0
C114,C114_F054,1,0
C114,C114_F055,0,0
C114,C114_F056,1,0
C114,C114_F057,0,0
C114,C114_F058,0,0
C114,C114_F059,0,0
C114,C114_F060,1,2
C114,C114_F061,1,0
C114,C114_F062,1,0
C114,C114_F063,1,1
C114,C114_F064,1,0
C114,C114_F065,1,0
C114,C114_F067,0,2
C114,C114_F068,1,0
C114,C114_F069,1,0
C114,C114_F070,1,2
C114,C114_F071,3,0
C114,C114_F073,0,0
C114,C114_F074,2,1
C114,C114_F075,0,1
C114,C114_F076,1,0
C114,C114_F077,2,0
C114,C114_F078,1,0
C114,C114_F079,1,2
C114,C114_F081,2,0
C114,C114_F082,2,0
C114,C114_F083,0,1
C114,C114_F084,1,0
C114,C114_F085,0,0
C114,C114_F086,0,0
C114,C114_F087,1,1
C114,C114_F088,0,0
C114,C114_F090,0,0
C114,C114_F091,1,2
C114,C114_F093,1,0
C114,C114_F094,0,0
C114,C114_F095,0,1
C114,C114_F096,0,1
C114,C114_F097,0,2
C114,C114_F098,0,0
C114,C114_F100,0,0
C114,C114_F101,2,0
C114,C114_F102,1,1
C114,C114_F103,1,1
C114,C114_F104,1,1
C114,C114_F105,3,0
C114,C114_F106,1,0
C114,C114_F107,0,1
C114,C114_F108,1,0
C114,C114_F109,1,0
C114,C114_F110,1,0
C114,C114_F111,1,0
C114,C114_F112,0,0
C114,C114_F113,0,4
C114,C114_F114,2,1
C114,C114_F116,0,0
C114,C114_F117,1,2
C114,C114_F118,0,0
C114,C114_F119,2,0
C114,C114_F121,1,1
C114,C114_F122,0,0
C114,C114_F123,0,1
C114,C114_F125,1,2
C114,C114_F126,0,0
C114,C114_F127,0,0
C114,C114_F128,1,1
C114,C114_F129,1,1
C114,C114_F130,0,0
C114,C114_F131,0,1
C114,C114_F132,0,0
C114,C114_F133,1,1
C114,C114_F134,1,0
C114,C114_F135,0,0
C114,C114_F136,0,0
C114,C114_F137,0,0
C114,C114_F138,0,1
C114,C114_F139,1,0
C114,C114_F140,1,1
C114,C114_F141,1,0
C114,C114_F142,1,0
C114,C114_F143,0,0
C114,C114_F144,1,0
C114,C114_F145,0,0
C114,C114_F146,2,0
C114,C114_F148,0,1
C114,C114_F149,0,1
C114,C114_F150,1,1
C114,C114_F151,0,0
C114,C114_F152,1,1
C114,C114_F153,0,3
C114,C114_F154,1,1
C114,C114_F155,2,0
C114,C114_F156,0,0
C114,C114_F157,1,0
C114,C114_F158,0,1
C114,C114_F159,2,0
C114,C114_F160,0,1
C114,C114_F161,0,1
C114,C114_F162,1,1
C114,C114_F163,0,3
C114,C114_F164,1,1
C114,C114_F165,0,1
C114,C114_F166,2,1
C114,C114_F167,1,0
C114,C114_F168,0,2
C114,C114_F169,0,2
C114,C114_F170,1,0
C114,C114_F171,1,1
C114,C114_F172,4,1
C114,C114_F173,1,0
C114,C114_F174,0,0
C114,C114_F175,0,0
C114,C114_F176,0,1
C114,C114_F177,2,0
C114,C114_F178,0,1
C114,C114_F179,1,1
C114,C114_F180,0,2
C114,C114_F181,2,0
C114,C114_F182,0,1
C114,C114_F183,0,0
C114,C114_F184,1,0
C114,C114_F185,1,0
C114,C114_F186,0,0
C114,C114_F187,3,0
C114,C114_F188,0,1
C114,C114_F189,0,0
C114,C114_F190,0,1
C114,C114_F191,0,1
C114,C114_F192,1,0
C114,C114_F193,0,0
C114,C114_F195,0,1
C114,C114_F196,1,0
C114,C114_F197,0,1
C114,C114_F198,1,0
C114,C114_F199,2,0
C114,C114_F200,2,0
C114,C114_F201,2,1
C114,C114_F202,0,0
C114,C114_F203,0,1
C114,C114_F204,0,0
C114,C114_F205,3,0
C114,C114_F206,2,0
C114,C114_F207,0,0
C114,C114_F208,0,0
C114,C114_F209,0,1
C114,C114_F210,3,0
C114,C114_F211,0,1
C114,C114_F212,0,1
C114,C114_F213,0,0
C114,C114_F214,1,0
C114,C114_F215,0,3
C114,C114_F216,0,0
C114,C114_F217,1,0
C114,C114_F218,0,1
C114,C114_F219,0,0
C114,C114_F220,2,1
C114,C114_F221,0,0
C114,C114_F222,0,1
C114,C114_F223,0,1
C114,C114_F224,1,1
C114,C114_F225,1,1
C114,C114_F226,0,2
C114,C114_F227,2,1
C114,C114_F228,1,0
C114,C114_F229,1,1
C114,C114_F230,0,0
C114,C114_F231,0,1
C114,C114_F232,1,1
C114,C114_F234,0,0
C114,C114_F235,0,0
C114,C114_F236,0,0
C114,C114_F237,0,1
C114,C114_F238,1,0
C114,C114_F240,1,0
C114,C114_F241,0,1
C114,C114_F242,0,0
C114,C114_F243,0,0
C114,C114_F244,1,1
C114,C114_F245,1,0
C114,C114_F246,1,1
C114,C114_F247,1,2
C114,C114_F248,0,2
C114,C114_F249,2,0
C114,C114_F250,2,0
C114,C114_F251,0,0
C114,C114_F252,0,0
C114,C114_F253,1,1
C114,C114_F254,1,1
C114,C114_F255,1,0
C114,C114_F256,0,1
C114,C114_F257,0,1
C114,C114_F258,0,0
C114,C114_F259,1,0
C114,C114_F260,0,0
C114,C114_F261,2,2
C114,C114_F262,0,0
C114,C114_F263,1,0
C114,C114_F266,1,0
C114,C114_F267,1,0
C114,C114_F268,1,2
C114,C114_F269,1,0
C114,C114_F270,2,0
C114,C114_F271,1,0
C114,C114_F273,1,1
C114,C114_F274,0,0
C114,C114_F275,0,1
C114,C114_F276,0,0
C114,C114_F277,0,0
C114,C114_F278,0,0
C114,C114_F279,0,1
C114,C114_F280,0,1
C114,C114_F281,1,0
C114,C114_F282,1,1
C114,C114_F283,1,1
C114,C114_F284,1,0
C114,C114_F285,0,0
C114,C114_F286,2,0
C114,C114_F287,0,0
C114,C114_F289,0,1
C114,C114_F290,0,2
C114,C114_F291,0,1
C114,C114_F292,4,0
C114,C114_F293,1,0
C114,C114_F294,2,0
C114,C114_F295,0,0
C114,C114_F296,0,0
C114,C114_F297,1,0
C114,C114_F298,0,1
C114,C114_F299,1,0
C114,C114_F300,0,2
C114,C114_F301,0,1
C114,C114_F302,1,0
C114,C114_F303,1,3
C114,C114_F304,0,0
C114,C114_F305,2,1
C114,C114_F306,1,0
C114,C114_F307,0,1
C114,C114_F308,0,0
C114,C114_F309,0,0
C114,C114_F310,0,0
C114,C114_F311,0,0
C114,C114_F312,1,0
C114,C114_F313,0,0
C114,C114_F314,1,0
C114,C114_F315,1,1
C114,C114_F316,1,0
C114,C114_F317,0,0
C114,C114_F318,1,2
C114,C114_F319,1,1
C114,C114_F320,2,2
C114,C114_F321,1,0
C114,C114_F322,0,1
C114,C114_F323,1,0
C114,C114_F324,1,0
C114,C114_F325,0,1
C114,C114_F326,2,1
C114,C114_F328,0,1
C114,C114_F329,0,1
C114,C114_F330,1,0
C114,C114_F331,0,0
C114,C114_F332,0,0
C114,C114_F333,0,0
C114,C114_F334,0,0
C114,C114_F335,1,0
C114,C114_F336,2,1
C114,C114_F337,0,1
C114,C114_F338,1,1
C114,C114_F339,0,1
C114,C114_F340,1,0
C114,C114_F341,2,0
C114,C114_F342,0,0
C114,C114_F343,0,0
C114,C114_F345,0,0
C114,C114_F346,0,1
C114,C114_F347,1,3
C114,C114_F348,2,0
C114,C114_F349,0,0
C114,C114_F350,2,0
C114,C114_F351,0,0
C114,C114_F353,2,1
C114,C114_F354,1,0
C114,C114_F355,0,2
C114,C114_F356,2,1
C114,C114_F357,3,1
C114,C114_F359,2,0
C114,C114_F360,0,1
C114,C114_F361,0,1
C114,C114_F362,2,0
C114,C114_F363,0,1
C114,C114_F364,1,0
C114,C114_F365,0,1
C114,C114_F366,0,1
C114,C114_F367,0,2
C114,C114_F368,2,0
C114,C114_F369,0,1
C114,C114_F370,0,1
C114,C114_F371,0,1
C114,C114_F372,1,0
C114,C114_F373,0,0
C114,C114_F374,0,1
C114,C114_F375,0,0
C114,C114_F376,0,0
C114,C114_F377,1,0
C114,C114_F378,1,0
C114,C114_F379,1,1
C114,C114_F380,0,0
C114,C114_F381,1,2
C114,C114_F382,2,2
C114,C114_F383,2,2
C114,C114_F384,1,0
C114,C114_F385,0,2
C114,C114_F386,0,0
C114,C114_F387,0,0
C114,C114_F388,1,0
C114,C114_F389,1,1
C114,C114_F390,1,1
C114,C114_F391,0,0
C114,C114_F392,0,0
C114,C114_F393,0,0
C114,C114_F394,1,0
C114,C114_F397,0,0
C114,C114_F398,0,1
C114,C114_F399,0,1
C114,C114_F400,1,0
C114,C114_F401,1,0
C114,C114_F402,1,1
C114,C114_F403,0,0
C114,C114_F404,0,0
C114,C114_F405,1,0
C114,C114_F406,2,1
C114,C114_F407,2,0
C114,C114_F408,1,0
C114,C114_F409,0,1
C114,C114_F410,0,1
C114,C114_F411,1,0
C114,C114_F412,1,0
C114,C114_F413,2,0
C114,C114_F414,0,1
C114,C114_F415,1,1
C114,C114_F416,2,1
C114,C114_F417,0,0
C114,C114_F418,1,1
C114,C114_F419,0,0
C114,C114_F420,0,1
C114,C114_F421,0,2
C114,C114_F422,0,0
C114,C114_F423,0,1
C114,C114_F424,0,0
C114,C114_F425,1,1
C114,C114_F426,0,1
C114,C114_F427,2,1
C114,C114_F428,0,0
C114,C114_F429,1,1
C114,C114_F430,0,1
C114,C114_F431,0,1
C114,C114_F432,1,1
C114,C114_F433,0,0
C114,C114_F434,0,0
C114,C114_F435,0,1
C114,C114_F436,0,1
C114,C114_F437,1,1
C114,C114_F438,1,0
C114,C114_F439,1,1
C114,C114_F440,1,0
C114,C114_F442,0,0
C114,C114_F443,0,0
C114,C114_F444,0,2
C114,C114_F445,0,1
C114,C114_F446,0,1
C114,C114_F447,0,1
C114,C114_F448,1,0
C114,C114_F449,1,0
C114,C114_F450,0,2
C114,C114_F451,0,0
C114,C114_F452,0,1
C114,C114_F453,1,0
C114,C114_F454,0,1
C114,C114_F456,0,1
C114,C114_F457,2,0
C114,C114_F458,2,1
C114,C114_F459,4,0
C114,C114_F460,0,1
C114,C114_F462,2,0
C114,C114_F463,0,1
C114,C114_F464,0,2
C114,C114_F466,0,0
C114,C114_F468,0,1
C114,C114_F469,2,0
C114,C114_F470,0,0
C114,C114_F471,1,0
C114,C114_F472,0,1
C114,C114_F473,0,0
C114,C114_F474,0,0
C114,C114_F475,1,0
C114,C114_F476,1,0
C114,C114_F478,0,0
C114,C114_F479,1,0
C114,C114_F480,1,0
C114,C114_F483,0,1
C114,C114_F484,1,1
C114,C114_F485,0,1
C114,C114_F486,1,0
C114,C114_F487,1,0
C114,C114_F489,0,0
C114,C114_F490,1,0
C114,C114_F491,2,0
C114,C114_F492,0,0
C114,C114_F493,1,2
C114,C114_F494,0,0
C114,C114_F495,0,0
C114,C114_F496,1,0
C114,C114_F497,0,0
C114,C114_F498,0,1
C114,C114_F499,1,1
C114,C114_F500,0,0
C114,C114_F501,0,0
C114,C114_F502,1,0
C114,C114_F503,1,1
C114,C114_F504,0,1
C114,C114_F505,0,0
C114,C114_F506,0,1
C114,C114_F507,1,1
C114,C114_F508,1,1
C114,C114_F509,0,0
C114,C114_F510,0,1
C114,C114_F511,0,0
C114,C114_F512,0,0
C114,C114_F514,0,0
C114,C114_F515,0,0
C114,C114_F517,0,0
C114,C114_F518,1,0
C114,C114_F519,1,0
C114,C114_F520,1,0
C114,C114_F521,0,2
C114,C114_F522,0,0
C114,C114_F523,0,1
C114,C114_F524,1,0
C114,C114_F525,0,0
C114,C114_F526,0,0
C114,C114_F527,1,0
C114,C114_F528,1,0
C114,C114_F529,1,1
C114,C114_F530,0,0
C114,C114_F531,1,1
C114,C114_F532,0,0
C114,C114_F533,0,1
C114,C114_F534,1,0
C114,C114_F535,0,2
C114,C114_F536,0,0
C114,C114_F537,0,0
C114,C114_F538,1,0
C114,C114_F539,1,0
C114,C114_F540,2,0
C114,C114_F541,1,0
C114,C114_F542,1,0
C114,C114_F543,0,1
C114,C114_F544,0,1
C114,C114_F545,2,2
C114,C114_F547,0,0
C114,C114_F548,0,1
C114,C114_F549,0,0
C114,C114_F550,0,1
C114,C114_F551,1,0
C114,C114_F552,1,1
C116,C116_F001,1,1
C116,C116_F002,1,0
C116,C116_F003,1,1
C116,C116_F004,1,0
C116,C116_F005,1,3
C116,C116_F006,0,0
C116,C116_F008,0,2
C116,C116_F009,0,1
C116,C116_F010,0,0
C116,C116_F011,1,0
C116,C116_F013,0,1
C116,C116_F014,2,2
C116,C116_F015,1,1
C116,C116_F016,0,1
C116,C116_F018,2,0
C116,C116_F019,0,0
C116,C116_F020,1,1
C116,C116_F021,0,0
C116,C116_F022,2,1
C116,C116_F023,0,0
C116,C116_F024,0,0
C116,C116_F025,1,0
C116,C116_F026,1,0
C116,C116_F027,1,0
C116,C116_F028,0,2
C116,C116_F029,1,1
C116,C116_F031,0,1
C116,C116_F032,0,0
C116,C116_F033,1,0
C116,C116_F034,0,0
C116,C116_F035,0,3
C116,C116_F036,0,0
C116,C116_F037,0,0
C116,C116_F038,1,0
C116,C116_F039,0,0
C116,C116_F040,0,1
C116,C116_F041,1,0
C116,C116_F042,1,2
C116,C116_F043,1,0
C116,C116_F045,0,2
C116,C116_F046,1,0
C116,C116_F047,2,0
C116,C116_F048,2,2
C116,C116_F049,1,0
C116,C116_F050,0,0
C116,C116_F051,0,1
C116,C116_F052,1,0
C116,C116_F053,0,0
C116,C116_F054,2,0
C116,C116_F055,1,1
C116,C116_F056,1,0
C116,C116_F057,1,1
C116,C116_F059,0,0
C116,C116_F060,1,1
C116,C116_F061,0,1
C116,C116_F062,1,0
C116,C116_F063,0,1
C116,C116_F064,0,0
C116,C116_F065,0,0
C116,C116_F066,2,0
C116,C116_F067,1,0
C116,C116_F068,0,1
C116,C116_F069,0,1
C116,C116_F070,1,0
C116,C116_F071,0,5
C116,C116_F072,0,1
C116,C116_F073,0,0
C116,C116_F074,1,0
C116,C116_F075,1,0
C116,C116_F076,0,0
C116,C116_F077,0,0
C116,C116_F078,0,1
C116,C116_F079,1,0
C116,C116_F080,1,1
C116,C116_F081,0,1
C116,C116_F082,0,0
C116,C116_F083,1,2
C116,C116_F084,2,0
C116,C116_F085,0,1
C116,C116_F086,0,0
C116,C116_F087,1,0
C116,C116_F088,1,0
C116,C116_F089,1,0
C116,C116_F090,0,2
C116,C116_F091,0,1
C116,C116_F093,1,1
C116,C116_F094,1,0
C116,C116_F096,0,0
C116,C116_F097,0,0
C116,C116_F098,1,1
C116,C116_F099,1,1
C116,C116_F100,0,0
C116,C116_F101,1,1
C116,C116_F102,0,0
C116,C116_F103,1,2
C116,C116_F104,0,0
C116,C116_F105,1,0
C116,C116_F106,1,0
C116,C116_F107,1,0
C116,C116_F108,1,0
C116,C116_F109,0,1
C116,C116_F110,0,1
C116,C116_F111,2,1
C116,C116_F112,1,0
C116,C116_F113,0,0
C116,C116_F114,2,0
C116,C116_F115,0,0
C116,C116_F116,1,2
C116,C116_F117,1,0
C116,C116_F118,0,1
C116,C116_F119,1,0
C116,C116_F120,1,1
C116,C116_F121,0,1
C116,C116_F122,0,1
C116,C116_F123,3,0
C116,C116_F124,1,1
C116,C116_F125,0,0
C116,C116_F127,0,1
C116,C116_F128,1,0
C116,C116_F129,0,1
C116,C116_F130,1,0
C116,C116_F131,0,1
C116,C116_F132,1,0
C116,C116_F133,0,0
C116,C116_F134,1,1
C116,C116_F135,1,0
C116,C116_F136,2,1
C116,C116_F137,0,0
C116,C116_F138,1,1
C116,C116_F139,1,1
C116,C116_F140,0,1
C116,C116_F141,1,0
C116,C116_F142,0,0
C116,C116_F143,2,2
C116,C116_F144,0,2
C116,C116_F145,0,1
C116,C116_F146,0,1
C116,C116_F147,0,0
C116,C116_F148,0,0
C116,C116_F149,1,0
C116,C116_F150,0,0
C116,C116_F151,1,1
C116,C116_F152,0,0
C116,C116_F154,3,2
C116,C116_F155,0,0
C116,C116_F156,1,0
C116,C116_F157,0,0
C116,C116_F158,1,2
C116,C116_F159,0,0
C116,C116_F160,0,1
C116,C116_F161,1,0
C116,C116_F162,0,0
C116,C116_F163,0,2
C116,C116_F164,0,0
C116,C116_F165,0,1
C116,C116_F166,0,2
C116,C116_F167,0,0
C116,C116_F168,0,1
C116,C116_F169,2,0
C116,C116_F170,1,1
C116,C116_F171,0,1
C116,C116_F172,0,0
C116,C116_F173,0,0
C116,C116_F174,0,1
C116,C116_F175,0,1
C116,C116_F176,0,0
C116,C116_F177,0,0
C116,C116_F178,1,0
C116,C116_F180,1,0
C116,C116_F181,2,0
C116,C116_F182,1,1
C116,C116_F183,1,0
C116,C116_F184,1,0
C116,C116_F185,1,0
C116,C116_F186,2,2
C116,C116_F187,0,0
C116,C116_F188,0,1
C116,C116_F189,0,0
C116,C116_F190,1,1
C116,C116_F191,2,1
C116,C116_F192,1,0
C116,C116_F193,0,1
C116,C116_F194,0,0
C116,C116_F195,1,0
C116,C116_F196,1,0
C116,C116_F197,1,1
C116,C116_F198,1,0
C116,C116_F199,1,1
C116,C116_F201,0,0
C116,C116_F202,0,3
C116,C116_F203,0,0
C116,C116_F204,2,1
C116,C116_F205,1,0
C116,C116_F206,0,1
C116,C116_F207,0,1
C116,C116_F208,1,0
C116,C116_F211,0,1
C116,C116_F212,0,0
C116,C116_F213,1,0
C116,C116_F214,0,2
C116,C116_F215,1,0
C116,C116_F216,0,0
C116,C116_F217,1,0
C116,C116_F218,1,1
C116,C116_F220,0,1
C116,C116_F221,0,0
C116,C116_F222,0,1
C116,C116_F225,0,2
C116,C116_F227,0,0
C116,C116_F228,0,0
C116,C116_F229,1,0
C116,C116_F230,0,2
C116,C116_F231,1,2
C116,C116_F232,0,0
C116,C116_F233,0,0
C116,C116_F234,1,0
C116,C116_F235,0,1
C116,C116_F236,1,0
C116,C116_F237,0,0
C116,C116_F238,0,1
C116,C116_F239,2,0
C116,C116_F240,1,0
C116,C116_F242,0,1
C116,C116_F243,1,2
C116,C116_F244,0,0
C116,C116_F245,1,0
C116,C116_F246,0,1
C116,C116_F247,0,1
C116,C116_F248,0,2
C116,C116_F249,1,0
C116,C116_F250,0,0
C116,C116_F251,0,0
C116,C116_F252,1,2
C116,C116_F254,0,1
C116,C116_F255,2,1
C116,C116_F256,1,0
C116,C116_F257,0,0
C116,C116_F258,0,2
C116,C116_F259,0,2
C116,C116_F260,0,1
C116,C116_F261,0,1
C116,C116_F263,0,0
C116,C116_F264,0,0
C116,C116_F265,1,0
C116,C116_F266,1,0
C116,C116_F267,1,0
C116,C116_F268,0,2
C116,C116_F269,0,1
C116,C116_F270,1,0
C116,C116_F271,2,0
C116,C116_F272,0,0
C116,C116_F273,1,0
C116,C116_F275,0,0
C116,C116_F276,1,0
C116,C116_F277,2,0
C116,C116_F278,0,1
C116,C116_F279,0,2
C116,C116_F280,1,0
C116,C116_F281,1,1
C116,C116_F282,0,1
C116,C116_F283,0,0
C116,C116_F284,0,0
C116,C116_F285,0,0
C116,C116_F287,0,1
C116,C116_F288,0,0
C116,C116_F289,1,0
C116,C116_F291,1,2
C116,C116_F292,0,0
C116,C116_F293,2,1
C116,C116_F294,0,0
C116,C116_F295,0,0
C116,C116_F296,1,0
C116,C116_F297,1,0
C116,C116_F298,2,1
C116,C116_F299,0,1
C116,C116_F300,0,0
C116,C116_F302,2,0
C116,C116_F303,1,0
C116,C116_F304,1,0
C116,C116_F305,0,0
C116,C116_F306,1,1
C116,C116_F307,0,2
C116,C116_F308,0,0
C116,C116_F309,1,1
C116,C116_F310,1,1
C116,C116_F311,0,0
C116,C116_F312,0,2
C116,C116_F313,1,0
C116,C116_F314,0,0
C116,C116_F315,0,0
C116,C116_F316,1,0
C116,C116_F317,1,0
C116,C116_F318,3,0
C116,C116_F319,1,0
C116,C116_F320,1,0
C116,C116_F321,1,0
C116,C116_F322,0,2
C116,C116_F323,0,1
C116,C116_F324,0,1
C116,C116_F325,1,0
C116,C116_F326,1,0
C116,C116_F327,1,0
C116,C116_F328,1,2
C116,C116_F329,0,0
C116,C116_F330,1,1
C116,C116_F331,1,1
C116,C116_F332,1,0
C116,C116_F333,0,2
C116,C116_F334,1,0
C116,C116_F335,1,1
C116,C116_F336,0,0
C116,C116_F337,1,1
C116,C116_F338,0,1
C116,C116_F339,0,0
C116,C116_F340,0,0
C116,C116_F341,2,0
C116,C116_F342,0,2
C116,C116_F343,3,0
C116,C116_F344,0,1
C116,C116_F345,0,0
C116,C116_F346,0,0
C116,C116_F347,0,0
C116,C116_F348,1,0
C116,C116_F349,0,0
C116,C116_F351,1,0
C116,C116_F352,1,0
C116,C116_F354,0,1
C116,C116_F355,0,0
C116,C116_F356,2,1
C116,C116_F357,1,0
C116,C116_F358,0,2
C116,C116_F359,0,1
C116,C116_F360,1,4
C116,C116_F361,2,1
C116,C116_F362,0,0
C116,C116_F363,1,0
C116,C116_F364,0,1
C116,C116_F365,0,0
C116,C116_F366,0,0
C116,C116_F367,0,0
C116,C116_F368,0,1
C116,C116_F370,0,0
C116,C116_F371,1,0
C116,C116_F372,0,0
C116,C116_F373,0,1
C116,C116_F374,0,0
C116,C116_F375,2,0
C116,C116_F376,1,0
C116,C116_F377,0,0
C116,C116_F378,2,1
C116,C116_F379,1,0
C116,C116_F380,1,0
C117,C117_F001,0,1
C117,C117_F002,0,1
C117,C117_F003,2,0
C117,C117_F004,0,0
C117,C117_F006,0,0
C117,C117_F007,0,1
C117,C117_F008,0,1
C117,C117_F009,2,0
C117,C117_F010,1,1
C117,C117_F011,0,0
C117,C117_F012,1,0
C117,C117_F013,0,1
C117,C117_F014,3,2
C117,C117_F015,1,0
C117,C117_F016,1,0
C117,C117_F017,0,2
C117,C117_F018,1,0
C117,C117_F019,1,0
C117,C117_F020,1,2
C117,C117_F021,2,0
C117,C117_F022,0,0
C117,C117_F023,2,1
C117,C117_F024,0,0
C117,C117_F025,1,1
C117,C117_F026,0,0
C117,C117_F027,0,0
C117,C117_F028,0,1
C117,C117_F029,2,0
C117,C117_F031,0,2
C117,C117_F032,1,0
C117,C117_F033,0,1
C117,C117_F034,0,1
C117,C117_F035,2,0
C117,C117_F036,1,1
C117,C117_F037,1,0
C117,C117_F038,2,0
C117,C117_F039,2,0
C117,C117_F040,1,1
C117,C117_F041,1,1
C117,C117_F042,1,1
C117,C117_F043,2,0
C117,C117_F044,0,2
C117,C117_F045,0,1
C117,C117_F046,0,0
C117,C117_F048,1,2
C117,C117_F049,1,1
C117,C117_F050,1,0
C117,C117_F051,1,0
C117,C117_F052,1,0
C117,C117_F053,1,0
C117,C117_F054,1,1
C117,C117_F055,0,3
C117,C117_F056,1,0
C117,C117_F057,2,2
C117,C117_F058,1,0
C117,C117_F059,1,2
C117,C117_F060,1,1
C117,C117_F061,0,0
C117,C117_F062,1,0
C117,C117_F063,0,0
C117,C117_F064,1,0
C117,C117_F065,0,0
C117,C117_F066,1,0
C117,C117_F067,3,0
C117,C117_F068,0,1
C117,C117_F069,1,0
C117,C117_F070,2,0
C117,C117_F071,0,2
C117,C117_F072,1,0
C117,C117_F073,1,0
C117,C117_F074,1,0
C117,C117_F075,2,1
C117,C117_F076,1,1
C117,C117_F077,0,0
C117,C117_F078,1,0
C117,C117_F079,1,1
C117,C117_F080,3,0
C117,C117_F081,0,0
C117,C117_F083,1,0
C117,C117_F084,0,1
C117,C117_F085,1,0
C117,C117_F086,0,0
C117,C117_F087,0,2
C117,C117_F088,1,0
C117,C117_F089,0,0
C117,C117_F090,2,0
C117,C117_F091,1,0
C117,C117_F092,0,2
C117,C117_F094,0,1
C117,C117_F095,3,0
C117,C117_F096,0,1
C117,C117_F097,0,0
C117,C117_F098,1,1
C117,C117_F099,0,2
C117,C117_F100,0,2
C117,C117_F101,1,0
C117,C117_F102,1,1
C117,C117_F103,1,0
C117,C117_F104,0,1
C117,C117_F106,0,0
C117,C117_F107,1,0
C117,C117_F108,1,2
C117,C117_F110,1,1
C117,C117_F111,1,1
C117,C117_F112,0,0
C117,C117_F113,1,1
C117,C117_F114,1,0
C117,C117_F116,1,0
C117,C117_F117,2,0
C117,C117_F118,2,2
C117,C117_F119,1,0
C117,C117_F120,1,0
C117,C117_F121,0,0
C117,C117_F122,1,0
C117,C117_F123,1,1
C117,C117_F124,0,0
C117,C117_F125,2,1
C117,C117_F126,0,0
C117,C117_F128,0,0
C117,C117_F129,1,2
C117,C117_F130,2,1
C117,C117_F131,2,0
C117,C117_F132,1,0
C117,C117_F133,1,0
C117,C117_F134,1,0
C117,C117_F135,0,0
C117,C117_F136,0,1
C117,C117_F137,2,0
C117,C117_F138,2,0
C117,C117_F139,1,0
C117,C117_F140,2,0
C117,C117_F141,1,1
C117,C117_F142,1,0
C117,C117_F143,0,0
C117,C117_F145,1,0
C117,C117_F146,1,1
C117,C117_F147,0,1
C117,C117_F148,1,0
C117,C117_F149,0,1
C117,C117_F150,2,0
C117,C117_F151,1,0
C117,C117_F152,1,1
C117,C117_F153,1,1
C117,C117_F154,0,0
C117,C117_F155,1,2
C117,C117_F156,0,2
C117,C117_F157,1,0
C117,C117_F158,1,0
C117,C117_F159,0,1
C117,C117_F160,0,0
C117,C117_F161,1,0
C117,C117_F162,1,0
C117,C117_F163,0,0
C117,C117_F164,0,2
C117,C117_F165,1,0
C117,C117_F166,0,0
C117,C117_F167,0,0
C117,C117_F168,0,0
C117,C117_F169,1,3
C117,C117_F170,0,0
C117,C117_F171,1,0
C117,C117_F172,1,0
C117,C117_F173,1,2
C117,C117_F175,0,1
C117,C117_F176,1,0
C117,C117_F177,1,1
C117,C117_F178,2,1
C117,C117_F179,1,0
C117,C117_F180,1,0
C117,C117_F181,1,0
C117,C117_F182,1,0
C117,C117_F183,0,1
C117,C117_F184,1,0
C117,C117_F185,1,1
C117,C117_F186,1,1
C117,C117_F187,1,0
C117,C117_F188,0,1
C117,C117_F189,1,0
C117,C117_F190,0,1
C117,C117_F191,0,0
C117,C117_F192,0,1
C117,C117_F193,1,0
C117,C117_F194,1,0
C117,C117_F196,0,1
C117,C117_F197,0,1
C117,C117_F198,0,2
C117,C117_F199,1,1
C117,C117_F200,1,0
C117,C117_F201,2,0
C117,C117_F202,1,2
C117,C117_F203,1,3
C117,C117_F206,0,0
C117,C117_F207,1,1
C117,C117_F208,0,0
C117,C117_F209,1,0
C117,C117_F210,3,0
C117,C117_F212,1,0
C117,C117_F213,1,0
C117,C117_F214,0,1
C117,C117_F215,2,1
C117,C117_F216,2,0
C117,C117_F217,5,0
C117,C117_F218,0,0
C117,C117_F219,0,0
C117,C117_F220,0,1
C117,C117_F221,2,0
C117,C117_F222,0,1
C117,C117_F223,0,1
C117,C117_F224,1,2
C117,C117_F225,2,0
C117,C117_F226,1,0
C117,C117_F227,0,1
C117,C117_F228,0,0
C117,C117_F229,1,0
C117,C117_F230,1,0
C117,C117_F231,0,0
C117,C117_F232,2,0
C117,C117_F233,0,0
C117,C117_F235,0,0
C117,C117_F236,1,0
C117,C117_F237,1,0
C117,C117_F238,1,0
C117,C117_F240,1,1
C117,C117_F241,0,1
C117,C117_F242,0,1
C117,C117_F243,1,1
C117,C117_F244,1,0
C117,C117_F245,2,0
C117,C117_F246,1,2
C117,C117_F247,0,0
C117,C117_F248,0,0
C117,C117_F250,0,1
C117,C117_F251,1,0
C117,C117_F252,0,1
C117,C117_F253,0,2
C117,C117_F254,0,1
C117,C117_F255,1,0
C117,C117_F256,1,0
C117,C117_F257,2,1
C117,C117_F258,1,0
C117,C117_F259,1,1
C117,C117_F260,1,0
C117,C117_F261,0,0
C117,C117_F262,0,0
C117,C117_F263,0,1
C117,C117_F264,3,1
C117,C117_F265,0,1
C117,C117_F266,0,0
C117,C117_F269,1,2
C117,C117_F270,1,0
C117,C117_F271,1,1
C117,C117_F272,1,0
C117,C117_F273,0,1
C117,C117_F274,0,1
C117,C117_F275,0,0
C117,C117_F276,0,0
C117,C117_F277,0,2
C117,C117_F278,2,2
C117,C117_F279,3,0
C117,C117_F280,0,0
C117,C117_F281,1,0
C117,C117_F282,2,0
C117,C117_F283,0,1
C117,C117_F284,1,0
C117,C117_F285,1,0
C117,C117_F286,0,0
C117,C117_F287,1,0
C117,C117_F288,0,1
C117,C117_F289,1,0
C117,C117_F290,1,1
C117,C117_F291,1,1
C117,C117_F292,0,0
C117,C117_F293,4,0
C117,C117_F294,0,0
C117,C117_F295,0,0
C117,C117_F296,0,2
C117,C117_F297,3,0
C117,C117_F299,1,0
C117,C117_F300,2,1
C117,C117_F301,1,0
C117,C117_F302,1,0
C117,C117_F303,1,0
C117,C117_F304,1,0
C117,C117_F305,0,1
C117,C117_F306,0,0
C118,C118_F001,0,2
C118,C118_F002,0,0
C118,C118_F003,2,0
C118,C118_F004,2,1
C118,C118_F006,2,2
C118,C118_F007,0,1
C118,C118_F009,1,1
C118,C118_F010,1,0
C118,C118_F011,0,0
C118,C118_F012,0,0
C118,C118_F015,0,1
C118,C118_F016,0,0
C118,C118_F017,0,0
C118,C118_F018,1,1
C118,C118_F019,1,0
C118,C118_F020,1,1
C118,C118_F021,2,0
C118,C118_F022,1,0
C118,C118_F023,0,0
C118,C118_F024,0,1
C118,C118_F025,1,0
C118,C118_F026,0,0
C118,C118_F027,1,0
C118,C118_F028,2,1
C118,C118_F029,0,0
C118,C118_F030,1,1
C118,C118_F031,1,0
C118,C118_F033,1,0
C118,C118_F034,0,0
C118,C118_F035,0,1
C118,C118_F036,2,0
C118,C118_F037,1,1
C118,C118_F038,0,0
C118,C118_F039,1,1
C118,C118_F040,2,0
C118,C118_F041,0,1
C118,C118_F042,0,0
C118,C118_F043,0,0
C118,C118_F044,0,0
C118,C118_F045,0,0
C118,C118_F047,0,0
C118,C118_F048,0,0
C118,C118_F049,3,0
C118,C118_F051,0,1
C118,C118_F052,3,0
C118,C118_F053,1,0
C118,C118_F054,1,0
C118,C118_F055,0,0
C118,C118_F056,0,1
C118,C118_F057,2,0
C118,C118_F058,0,0
C118,C118_F059,1,1
C118,C118_F060,1,0
C118,C118_F061,1,1
C118,C118_F062,2,1
C118,C118_F063,0,1
C118,C118_F064,0,0
C118,C118_F065,1,0
C118,C118_F066,0,0
C118,C118_F067,0,0
C118,C118_F069,2,0
C118,C118_F070,1,0
C118,C118_F071,0,1
C118,C118_F072,0,0
C118,C118_F073,0,2
C118,C118_F074,1,0
C118,C118_F075,0,1
C118,C118_F076,2,2
C118,C118_F077,0,1
C118,C118_F078,1,0
C118,C118_F079,0,2
C118,C118_F080,2,1
C118,C118_F081,0,0
C118,C118_F082,0,0
C118,C118_F083,0,1
C118,C118_F084,0,0
C118,C118_F085,1,0
C118,C118_F086,3,0
C118,C118_F087,1,2
C118,C118_F088,0,0
C118,C118_F089,0,2
C118,C118_F090,0,0
C118,C118_F091,0,0
C118,C118_F092,2,0
C118,C118_F093,1,0
C118,C118_F094,0,0
C118,C118_F095,1,0
C118,C118_F096,0,1
C118,C118_F097,2,0
C118,C118_F098,0,1
C118,C118_F099,0,0
C118,C118_F100,3,0
C118,C118_F101,2,0
C118,C118_F102,0,1
C118,C118_F104,1,0
C118,C118_F105,0,0
C118,C118_F106,2,0
C118,C118_F107,0,2
C118,C118_F108,0,1
C118,C118_F109,0,2
C118,C118_F110,1,0
C118,C118_F111,0,0
C118,C118_F113,0,0
C118,C118_F114,1,0
C118,C118_F115,0,1
C118,C118_F116,2,1
C118,C118_F117,3,2
C118,C118_F118,1,0
C118,C118_F119,0,1
C118,C118_F120,0,1
C118,C118_F121,1,0
C118,C118_F122,0,1
C118,C118_F123,1,1
C118,C118_F124,0,0
C118,C118_F125,0,0
C118,C118_F126,1,0
C118,C118_F127,0,1
C118,C118_F128,0,2
C118,C118_F129,1,2
C118,C118_F130,1,2
C118,C118_F131,1,0
C118,C118_F132,0,2
C118,C118_F133,0,1
C118,C118_F134,0,2
C118,C118_F135,2,0
C118,C118_F136,0,0
C118,C118_F137,0,1
C118,C118_F138,0,0
C118,C118_F139,1,0
C118,C118_F140,0,0
C118,C118_F141,0,0
C118,C118_F142,0,0
C118,C118_F143,1,0
C118,C118_F144,1,1
C118,C118_F145,1,2
C118,C118_F146,1,1
C118,C118_F148,0,0
C118,C118_F149,0,1
C118,C118_F150,0,1
C118,C118_F151,2,0
C118,C118_F152,1,2
C118,C118_F153,0,1
C118,C118_F155,0,1
C118,C118_F156,0,0
C118,C118_F157,0,0
C118,C118_F158,1,2
C118,C118_F159,1,0
C118,C118_F160,1,0
C118,C118_F161,0,1
C118,C118_F162,2,0
C118,C118_F163,0,1
C118,C118_F164,2,1
C118,C118_F165,2,0
C118,C118_F166,0,0
C118,C118_F167,0,0
C118,C118_F168,0,1
C118,C118_F169,1,1
C118,C118_F170,2,0
C118,C118_F171,0,0
C118,C118_F172,2,1
C118,C118_F173,2,3
C118,C118_F174,0,1
C118,C118_F175,1,1
C118,C118_F176,2,0
C118,C118_F177,0,1
C118,C118_F178,1,0
C118,C118_F179,1,0
C118,C118_F180,0,0
C118,C118_F181,0,0
C118,C118_F182,0,1
C118,C118_F183,0,2
C118,C118_F184,1,0
C118,C118_F185,2,1
C118,C118_F186,0,0
C118,C118_F187,0,0
C118,C118_F188,2,0
C118,C118_F189,1,1
C118,C118_F190,0,2
C118,C118_F191,1,0
C118,C118_F192,2,1
C118,C118_F193,2,1
C118,C118_F194,2,0
C118,C118_F195,1,2
C118,C118_F196,0,1
C118,C118_F197,0,0
C118,C118_F198,1,1
C118,C118_F199,0,0
C118,C118_F200,0,0
C118,C118_F201,1,0
C118,C118_F202,0,0
C118,C118_F203,1,0
C118,C118_F205,0,1
C118,C118_F206,1,0
C118,C118_F207,1,0
C118,C118_F208,1,0
C118,C118_F209,1,0
C118,C118_F210,1,1
C118,C118_F211,0,1
C118,C118_F212,0,0
C118,C118_F213,2,1
C118,C118_F214,0,0
C118,C118_F215,2,1
C118,C118_F216,1,0
C118,C118_F217,0,1
C118,C118_F218,0,0
C118,C118_F219,1,1
C118,C118_F220,0,0
C118,C118_F221,0,0
C118,C118_F222,1,0
C118,C118_F223,1,0
C118,C118_F224,1,1
C118,C118_F225,2,0
C118,C118_F226,1,1
C118,C118_F227,1,0
C118,C118_F228,0,3
C118,C118_F229,1,1
C118,C118_F230,2,0
C118,C118_F231,1,0
C118,C118_F232,1,0
C118,C118_F233,1,1
C118,C118_F234,1,0
C118,C118_F235,0,0
C118,C118_F236,3,1
C118,C118_F237,0,1
C118,C118_F238,1,0
C118,C118_F239,0,2
C118,C118_F240,1,1
C118,C118_F241,0,1
C118,C118_F242,0,0
C118,C118_F243,2,0
C118,C118_F244,1,0
C118,C118_F245,1,2
C118,C118_F246,0,0
C118,C118_F247,0,2
C118,C118_F248,1,3
C118,C118_F249,0,0
C118,C118_F250,0,0
C118,C118_F251,0,0
C118,C118_F253,3,0
C118,C118_F254,0,0
C118,C118_F255,0,0
C118,C118_F256,1,0
C118,C118_F258,0,1
C118,C118_F259,0,0
C118,C118_F260,1,0
C118,C118_F262,3,0
C118,C118_F263,0,1
C118,C118_F264,0,1
C118,C118_F265,0,2
C118,C118_F266,2,0
C118,C118_F267,0,1
C118,C118_F268,0,2
C118,C118_F269,0,1
C118,C118_F270,1,2
C118,C118_F271,1,1
C118,C118_F272,2,2
C118,C118_F273,0,1
C118,C118_F274,1,1
C118,C118_F276,0,1
C118,C118_F277,0,1
C118,C118_F278,0,0
C118,C118_F279,0,1
C118,C118_F280,1,0
C118,C118_F282,0,0
C118,C118_F283,1,0
C118,C118_F284,0,0
C118,C118_F285,3,0
C118,C118_F286,0,0
C118,C118_F287,4,2
C118,C118_F289,1,0
C118,C118_F290,1,1
C118,C118_F291,1,0
C118,C118_F292,2,1
C118,C118_F293,0,1
C118,C118_F294,1,1
C118,C118_F295,1,1
C118,C118_F296,1,1
C118,C118_F297,0,1
C118,C118_F299,1,2
C118,C118_F300,1,0
C118,C118_F301,1,0
C118,C118_F302,1,0
C118,C118_F303,0,0
C118,C118_F304,3,1
C118,C118_F305,1,0
C118,C118_F306,0,0
C122,C122_F001,1,0
C122,C122_F003,0,0
C122,C122_F004,1,1
C122,C122_F005,1,1
C122,C122_F006,0,0
C122,C122_F007,1,0
C122,C122_F008,0,0
C122,C122_F009,0,3
C122,C122_F010,1,2
C122,C122_F011,1,0
C122,C122_F012,0,2
C122,C122_F013,2,0
C122,C122_F014,0,0
C122,C122_F015,0,0
C122,C122_F016,0,0
C122,C122_F017,0,1
C122,C122_F018,4,0
C122,C122_F019,2,0
C122,C122_F020,0,1
C122,C122_F021,0,0
C122,C122_F022,1,0
C122,C122_F023,2,0
C122,C122_F024,2,2
C122,C122_F025,0,0
C122,C122_F026,1,1
C122,C122_F027,1,0
C122,C122_F028,1,0
C122,C122_F029,1,1
C122,C122_F030,0,1
C122,C122_F031,1,1
C122,C122_F032,2,0
C122,C122_F033,0,0
C122,C122_F034,0,3
C122,C122_F035,4,1
C122,C122_F036,0,2
C122,C122_F037,1,0
C122,C122_F038,0,1
C122,C122_F039,0,0
C122,C122_F040,0,0
C122,C122_F041,1,0
C122,C122_F042,0,1
C122,C122_F043,0,0
C122,C122_F044,0,0
C122,C122_F045,1,1
C122,C122_F046,0,1
C122,C122_F047,1,1
C122,C122_F048,0,1
C122,C122_F049,3,0
C122,C122_F050,0,0
C122,C122_F051,0,0
C122,C122_F052,0,1
C122,C122_F054,0,0
C122,C122_F055,2,1
C122,C122_F056,0,0
C122,C122_F057,1,0
C122,C122_F058,0,1
C122,C122_F059,0,0
C122,C122_F060,0,0
C122,C122_F061,2,1
C122,C122_F062,0,2
C122,C122_F063,1,2
C122,C122_F064,0,0
C122,C122_F065,0,1
C122,C122_F066,1,1
C122,C122_F067,1,0
C122,C122_F068,2,1
C122,C122_F069,0,1
C122,C122_F070,2,0
C122,C122_F071,1,0
C122,C122_F072,2,1
C122,C122_F073,0,1
C122,C122_F074,0,0
C122,C122_F075,1,1
C122,C122_F078,1,1
C122,C122_F079,1,1
C122,C122_F080,1,0
C122,C122_F081,0,1
C122,C122_F082,1,1
C122,C122_F083,2,1
C122,C122_F084,1,0
C122,C122_F085,1,0
C122,C122_F086,1,1
C122,C122_F087,1,1
C122,C122_F088,1,1
C122,C122_F089,0,0
C122,C122_F090,2,1
C122,C122_F091,1,1
C122,C122_F092,0,1
C122,C122_F093,2,0
C122,C122_F094,1,1
C122,C122_F095,0,1
C122,C122_F096,1,1
C122,C122_F097,0,0
C122,C122_F098,0,3
C122,C122_F099,1,0
C122,C122_F100,1,0
C122,C122_F101,1,0
C122,C122_F102,1,0
C122,C122_F103,1,0
C122,C122_F104,1,0
C122,C122_F105,1,0
C122,C122_F106,0,0
C122,C122_F108,1,0
C122,C122_F110,0,2
C122,C122_F111,2,1
C122,C122_F112,1,0
C122,C122_F113,2,0
C122,C122_F114,1,0
C122,C122_F115,0,3
C122,C122_F116,1,0
C122,C122_F118,1,1
C122,C122_F119,1,1
C122,C122_F120,0,2
C122,C122_F121,1,1
C122,C122_F122,3,0
C122,C122_F123,1,0
C122,C122_F124,3,2
C122,C122_F125,0,0
C122,C122_F126,0,1
C122,C122_F127,1,0
C122,C122_F128,0,1
C122,C122_F130,2,1
C122,C122_F131,1,0
C122,C122_F132,2,1
C122,C122_F133,1,1
C122,C122_F134,0,0
C122,C122_F135,2,0
C122,C122_F136,2,1
C122,C122_F137,3,0
C122,C122_F138,1,0
C122,C122_F139,0,0
C122,C122_F140,0,0
C122,C122_F141,0,1
C122,C122_F142,1,0
C122,C122_F143,1,1
C122,C122_F144,2,0
C122,C122_F145,1,1
C122,C122_F146,1,0
C122,C122_F147,0,0
C122,C122_F148,0,1
C122,C122_F149,1,0
C122,C122_F150,0,0
C122,C122_F151,3,0
C122,C122_F152,0,0
C122,C122_F153,1,0
C122,C122_F154,2,0
C122,C122_F155,0,1
C122,C122_F156,1,1
C122,C122_F157,0,0
C122,C122_F158,1,0
C122,C122_F159,1,1
C122,C122_F160,1,0
C122,C122_F161,1,1
C122,C122_F162,0,0
C122,C122_F163,1,1
C122,C122_F164,1,1
C122,C122_F165,1,1
C122,C122_F166,1,0
C122,C122_F167,1,0
C122,C122_F168,1,0
C122,C122_F169,2,0
C122,C122_F170,0,2
C122,C122_F171,0,1
C122,C122_F172,0,0
C122,C122_F173,0,3
C122,C122_F174,0,0
C122,C122_F175,1,0
C122,C122_F176,0,0
C122,C122_F177,0,0
C122,C122_F178,2,1
C122,C122_F179,0,0
C122,C122_F181,0,2
C122,C122_F183,1,1
C122,C122_F184,1,1
C122,C122_F185,0,1
C122,C122_F186,0,0
C122,C122_F187,0,0
C122,C122_F188,0,0
C122,C122_F189,0,0
C122,C122_F190,1,0
C122,C122_F191,0,0
C122,C122_F192,1,0
C122,C122_F193,0,0
C122,C122_F194,1,2
C122,C122_F195,1,1
C122,C122_F196,1,1
C122,C122_F197,0,1
C122,C122_F198,0,0
C122,C122_F199,0,2
C122,C122_F200,2,0
C122,C122_F201,0,0
C122,C122_F202,0,1
C122,C122_F203,1,0
C122,C122_F204,1,1
C122,C122_F205,0,0
C122,C122_F206,0,0
C122,C122_F207,1,1
C122,C122_F208,2,0
C122,C122_F209,1,0
C122,C122_F210,1,1
C122,C122_F211,1,0
C122,C122_F212,1,1
C122,C122_F213,2,0
C122,C122_F214,0,2
C122,C122_F215,0,0
C122,C122_F216,1,0
C122,C122_F217,0,0
C122,C122_F218,0,0
C122,C122_F219,1,0
C122,C122_F220,0,2
C122,C122_F222,2,0
C122,C122_F223,0,0
C122,C122_F224,1,1
C122,C122_F225,2,0
C122,C122_F226,0,0
C122,C122_F227,1,1
C122,C122_F228,3,0
C122,C122_F229,1,1
C122,C122_F230,0,2
C122,C122_F231,1,0
C122,C122_F232,2,0
C122,C122_F233,0,0
C122,C122_F235,0,1
C122,C122_F236,1,0
C122,C122_F237,1,0
C122,C122_F238,0,0
C122,C122_F239,1,1
C122,C122_F240,2,0
C122,C122_F241,2,1
C122,C122_F242,0,1
C122,C122_F244,2,0
C122,C122_F245,1,3
C122,C122_F246,1,0
C122,C122_F247,1,0
C122,C122_F248,1,0
C122,C122_F249,0,0
C122,C122_F250,0,0
C122,C122_F251,0,1
C122,C122_F252,1,0
C122,C122_F253,0,0
C122,C122_F254,2,0
C122,C122_F255,1,0
C122,C122_F256,1,2
C122,C122_F257,0,2
C122,C122_F258,1,0
C122,C122_F259,0,0
C122,C122_F260,1,0
C122,C122_F261,3,0
C122,C122_F262,0,2
C122,C122_F263,0,0
C122,C122_F264,1,0
C122,C122_F265,1,1
C122,C122_F266,1,0
C122,C122_F267,2,0
C122,C122_F268,1,0
C122,C122_F269,2,1
C122,C122_F270,0,0
C122,C122_F271,2,2
C122,C122_F272,1,0
C122,C122_F273,0,0
C122,C122_F274,1,0
C122,C122_F276,0,1
C122,C122_F277,0,1
C122,C122_F278,0,0
C122,C122_F279,1,0
C122,C122_F280,0,0
C122,C122_F281,2,1
C122,C122_F283,0,0
C122,C122_F284,0,1
C122,C122_F286,1,0
C122,C122_F288,1,0
C122,C122_F289,1,0
C122,C122_F290,1,0
C122,C122_F291,0,1
C122,C122_F292,1,1
C122,C122_F293,0,3
C122,C122_F294,2,0
C122,C122_F296,0,0
C122,C122_F297,1,0
C122,C122_F298,1,0
C122,C122_F299,0,0
C122,C122_F300,2,0
C122,C122_F302,0,1
C122,C122_F303,1,0
C122,C122_F304,0,1
C122,C122_F305,0,2
C122,C122_F306,1,0
C123,C123_F001,0,1
C123,C123_F002,0,1
C123,C123_F003,1,1
C123,C123_F004,2,1
C123,C123_F005,1,2
C123,C123_F006,0,0
C123,C123_F007,0,1
C123,C123_F008,1,0
C123,C123_F009,1,2
C123,C123_F010,1,0
C123,C123_F012,1,1
C123,C123_F013,0,0
C123,C123_F014,0,1
C123,C123_F015,2,0
C123,C123_F016,1,2
C123,C123_F017,1,0
C123,C123_F018,0,0
C123,C123_F019,0,1
C123,C123_F020,0,1
C123,C123_F021,0,0
C123,C123_F023,1,0
C123,C123_F024,1,0
C123,C123_F025,0,0
C123,C123_F026,0,0
C123,C123_F027,0,1
C123,C123_F028,0,0
C123,C123_F029,1,0
C123,C123_F030,0,1
C123,C123_F031,2,0
C123,C123_F032,1,1
C123,C123_F033,0,3
C123,C123_F035,0,0
C123,C123_F036,1,1
C123,C123_F037,1,0
C123,C123_F038,2,1
C123,C123_F040,1,0
C123,C123_F041,1,0
C123,C123_F042,1,2
C123,C123_F043,0,1
C123,C123_F044,0,2
C123,C123_F045,0,0
C123,C123_F046,4,1
C123,C123_F047,0,0
C123,C123_F048,1,1
C123,C123_F049,1,1
C123,C123_F050,0,0
C123,C123_F051,0,0
C123,C123_F052,1,0
C123,C123_F053,0,1
C123,C123_F054,0,0
C123,C123_F055,0,1
C123,C123_F056,1,2
C123,C123_F057,0,0
C123,C123_F058,0,1
C123,C123_F059,0,1
C123,C123_F060,1,2
C123,C123_F061,2,0
C123,C123_F062,0,0
C123,C123_F063,1,0
C123,C123_F064,0,1
C123,C123_F065,0,1
C123,C123_F066,0,0
C123,C123_F067,0,0
C123,C123_F068,0,1
C123,C123_F069,0,1
C123,C123_F070,2,1
C123,C123_F073,0,0
C123,C123_F074,1,0
C123,C123_F075,0,1
C123,C123_F076,1,1
C123,C123_F077,0,0
C123,C123_F078,1,0
C123,C123_F079,1,0
C123,C123_F080,2,1
C123,C123_F081,2,0
C123,C123_F082,1,1
C123,C123_F083,1,1
C123,C123_F084,1,1
C123,C123_F085,1,2
C123,C123_F087,1,0
C123,C123_F088,1,1
C123,C123_F089,0,0
C123,C123_F090,1,1
C123,C123_F091,0,0
C123,C123_F092,0,0
C123,C123_F094,0,1
C123,C123_F095,2,1
C123,C123_F097,2,0
C123,C123_F098,1,2
C123,C123_F099,2,1
C123,C123_F100,0,0
C123,C123_F102,1,1
C123,C123_F104,1,1
C123,C123_F105,1,1
C123,C123_F106,0,0
C123,C123_F107,2,0
C123,C123_F108,1,1
C123,C123_F109,2,1
C123,C123_F110,0,1
C123,C123_F111,1,1
C123,C123_F112,3,0
C123,C123_F113,1,1
C123,C123_F114,1,1
C123,C123_F115,1,0
C123,C123_F116,1,1
C123,C123_F117,1,0
C123,C123_F118,0,1
C123,C123_F119,3,0
C123,C123_F120,1,2
C123,C123_F121,0,0
C123,C123_F122,0,0
C123,C123_F123,1,0
C123,C123_F125,1,1
C123,C123_F126,0,2
C123,C123_F127,1,0
C123,C123_F128,2,0
C123,C123_F129,1,0
C123,C123_F130,2,0
C123,C123_F131,0,1
C123,C123_F132,1,1
C123,C123_F133,0,1
C123,C123_F134,0,1
C123,C123_F135,0,0
C123,C123_F136,1,1
C123,C123_F137,0,1
C123,C123_F138,1,0
C123,C123_F139,0,0
C123,C123_F140,1,1
C123,C123_F141,2,0
C123,C123_F143,2,1
C123,C123_F144,0,0
C123,C123_F145,0,2
C123,C123_F146,1,2
C123,C123_F148,4,0
C123,C123_F149,0,1
C123,C123_F150,0,0
C123,C123_F151,0,0
C123,C123_F152,4,0
C123,C123_F153,0,2
C123,C123_F154,1,0
C123,C123_F155,1,0
C123,C123_F157,0,1
C123,C123_F158,0,1
C123,C123_F159,1,2
C123,C123_F160,1,1
C123,C123_F161,2,0
C123,C123_F162,1,0
C123,C123_F163,0,0
C123,C123_F164,2,0
C123,C123_F165,0,0
C123,C123_F166,1,1
C123,C123_F167,1,0
C123,C123_F168,1,0
C123,C123_F169,0,0
C123,C123_F170,1,0
C123,C123_F171,0,0
C123,C123_F172,0,3
C123,C123_F173,0,0
C123,C123_F174,1,0
C123,C123_F175,0,1
C123,C123_F176,0,0
C123,C123_F177,0,1
C123,C123_F178,0,0
C123,C123_F179,0,0
C123,C123_F180,2,0
C123,C123_F182,0,1
C123,C123_F183,3,1
C123,C123_F184,0,1
C123,C123_F185,2,1
C123,C123_F186,2,2
C123,C123_F187,0,2
C123,C123_F188,2,1
C123,C123_F189,0,1
C123,C123_F190,0,1
C123,C123_F191,1,0
C123,C123_F192,0,1
C123,C123_F193,2,0
C123,C123_F194,1,1
C123,C123_F195,2,0
C123,C123_F196,1,0
C123,C123_F197,0,1
C123,C123_F198,1,0
C123,C123_F200,1,1
C123,C123_F201,1,1
C123,C123_F202,0,0
C123,C123_F203,0,0
C123,C123_F204,1,0
C123,C123_F205,1,1
C123,C123_F206,0,1
C123,C123_F207,1,0
C123,C123_F208,2,0
C123,C123_F209,1,1
C123,C123_F210,1,0
C123,C123_F211,0,1
C123,C123_F212,0,1
C123,C123_F213,1,0
C123,C123_F214,1,0
C123,C123_F215,1,1
C123,C123_F216,2,0
C123,C123_F217,0,1
C123,C123_F218,1,1
C123,C123_F219,0,0
C123,C123_F220,1,0
C123,C123_F221,0,1
C123,C123_F222,2,0
C123,C123_F223,1,1
C123,C123_F224,1,0
C123,C123_F226,0,0
C123,C123_F227,2,1
C123,C123_F228,1,0
C123,C123_F229,0,0
C123,C123_F230,0,1
C123,C123_F232,0,0
C123,C123_F233,2,0
C123,C123_F234,0,0
C123,C123_F235,0,2
C123,C123_F236,1,1
C123,C123_F237,0,1
C123,C123_F238,0,1
C123,C123_F239,2,1
C123,C123_F240,0,1
C123,C123_F241,1,1
C123,C123_F242,0,1
C123,C123_F243,1,0
C123,C123_F244,0,1
C123,C123_F245,1,0
C123,C123_F246,2,0
C123,C123_F247,0,0
C123,C123_F248,2,0
C123,C123_F249,0,2
C123,C123_F250,0,1
C123,C123_F251,1,2
C123,C123_F252,2,1
C123,C123_F255,0,0
C123,C123_F256,2,0
C123,C123_F257,1,0
C123,C123_F258,1,0
C123,C123_F259,0,0
C123,C123_F261,0,1
C123,C123_F262,1,0
C123,C123_F263,2,0
C123,C123_F264,0,0
C123,C123_F265,0,1
C123,C123_F266,0,0
C123,C123_F268,0,0
C123,C123_F269,1,0
C123,C123_F270,1,0
C123,C123_F271,0,0
C123,C123_F272,2,0
C123,C123_F273,1,1
C123,C123_F274,3,0
C123,C123_F275,0,2
C123,C123_F276,1,0
C123,C123_F277,2,1
C123,C123_F278,1,2
C123,C123_F279,0,0
C123,C123_F281,1,2
C123,C123_F282,0,2
C123,C123_F283,1,0
C123,C123_F284,1,1
C123,C123_F285,1,1
C123,C123_F286,1,0
C123,C123_F287,1,0
C123,C123_F288,0,1
C123,C123_F289,0,1
C123,C123_F290,1,1
C123,C123_F291,0,0
C123,C123_F292,0,0
C123,C123_F293,0,0
C123,C123_F294,0,0
C123,C123_F295,0,0
C123,C123_F296,0,0
C123,C123_F297,1,0
C123,C123_F298,1,2
C123,C123_F299,1,0
C123,C123_F300,2,0
C123,C123_F301,1,0
C123,C123_F302,1,0
C123,C123_F303,0,1
C123,C123_F304,1,2
C123,C123_F305,1,1
C123,C123_F306,0,0
C125,C125_F001,0,2
C125,C125_F002,2,1
C125,C125_F003,1,1
C125,C125_F004,0,0
C125,C125_F005,1,0
C125,C125_F006,1,0
C125,C125_F007,1,0
C125,C125_F008,0,0
C125,C125_F009,1,0
C125,C125_F010,1,0
C125,C125_F011,1,2
C125,C125_F012,2,0
C125,C125_F013,1,0
C125,C125_F014,2,1
C125,C125_F015,0,1
C125,C125_F016,0,1
C125,C125_F017,1,0
C125,C125_F018,1,0
C125,C125_F019,1,0
C125,C125_F020,0,0
C125,C125_F021,0,0
C125,C125_F022,0,0
C125,C125_F023,1,0
C125,C125_F024,1,0
C125,C125_F025,0,0
C125,C125_F026,1,2
C125,C125_F029,0,1
C125,C125_F030,2,1
C125,C125_F031,0,1
C125,C125_F034,0,0
C125,C125_F035,0,1
C125,C125_F036,0,1
C125,C125_F037,1,1
C125,C125_F038,1,1
C125,C125_F039,0,1
C125,C125_F040,0,1
C125,C125_F041,0,2
C125,C125_F042,4,0
C125,C125_F043,0,0
C125,C125_F044,0,2
C125,C125_F045,0,1
C125,C125_F046,1,0
C125,C125_F047,1,0
C125,C125_F048,1,0
C125,C125_F049,2,0
C125,C125_F050,0,0
C125,C125_F051,0,0
C125,C125_F052,0,1
C125,C125_F053,1,0
C125,C125_F054,1,0
C125,C125_F055,3,1
C125,C125_F056,2,1
C125,C125_F057,0,1
C125,C125_F058,0,0
C125,C125_F059,0,0
C125,C125_F060,0,2
C125,C125_F061,0,1
C125,C125_F062,2,1
C125,C125_F063,0,1
C125,C125_F064,4,0
C125,C125_F065,0,0
C125,C125_F066,0,1
C125,C125_F067,0,0
C125,C125_F068,0,2
C125,C125_F069,0,2
C125,C125_F070,3,2
C125,C125_F071,3,0
C125,C125_F072,0,0
C125,C125_F074,1,0
C125,C125_F075,1,0
C125,C125_F078,0,2
C125,C125_F080,0,0
C125,C125_F081,0,0
C125,C125_F082,1,1
C125,C125_F083,3,1
C125,C125_F084,2,1
C125,C125_F085,4,0
C125,C125_F086,2,0
C125,C125_F087,2,1
C125,C125_F088,3,0
C125,C125_F089,2,0
C125,C125_F090,0,2
C125,C125_F091,0,1
C125,C125_F092,0,1
C125,C125_F093,0,0
C125,C125_F094,0,2
C125,C125_F095,0,0
C125,C125_F096,0,1
C125,C125_F097,1,0
C125,C125_F098,0,0
C125,C125_F099,2,2
C125,C125_F101,1,2
C125,C125_F102,1,0
C125,C125_F103,1,0
C125,C125_F104,0,0
C125,C125_F105,0,1
C125,C125_F106,0,0
C125,C125_F107,1,1
C125,C125_F108,1,0
C125,C125_F110,2,1
C125,C125_F111,0,0
C125,C125_F113,1,0
C125,C125_F114,1,1
C125,C125_F115,1,0
C125,C125_F116,0,0
C125,C125_F117,0,1
C125,C125_F118,1,0
C125,C125_F120,0,0
C125,C125_F121,0,0
C125,C125_F122,1,0
C125,C125_F123,1,0
C125,C125_F124,2,0
C125,C125_F125,1,0
C125,C125_F126,0,0
C125,C125_F127,0,0
C125,C125_F128,0,1
C125,C125_F129,0,1
C125,C125_F130,1,1
C125,C125_F131,1,1
C125,C125_F132,0,2
C125,C125_F133,1,0
C125,C125_F134,0,0
C125,C125_F135,1,1
C125,C125_F136,1,2
C125,C125_F137,2,0
C125,C125_F138,0,1
C125,C125_F139,1,0
C125,C125_F140,0,0
C125,C125_F141,0,0
C125,C125_F142,2,0
C125,C125_F143,0,1
C125,C125_F144,0,1
C125,C125_F145,2,3
C125,C125_F146,1,1
C125,C125_F147,0,0
C125,C125_F148,0,1
C125,C125_F149,1,0
C125,C125_F150,0,0
C125,C125_F152,0,0
C125,C125_F154,0,3
C125,C125_F155,1,1
C125,C125_F156,0,0
C125,C125_F157,2,0
C125,C125_F158,0,2
C125,C125_F159,0,0
C125,C125_F161,1,1
C125,C125_F162,1,1
C125,C125_F163,0,2
C125,C125_F164,0,0
C125,C125_F165,0,0
C125,C125_F166,0,1
C125,C125_F167,0,1
C125,C125_F168,1,2
C125,C125_F169,1,0
C125,C125_F170,1,1
C125,C125_F171,0,0
C125,C125_F172,0,2
C125,C125_F173,0,0
C125,C125_F174,1,0
C125,C125_F175,1,0
C125,C125_F176,1,0
C125,C125_F177,0,0
C125,C125_F178,1,0
C125,C125_F179,0,0
C125,C125_F181,1,1
C125,C125_F182,1,0
C125,C125_F183,0,0
C125,C125_F184,0,1
C125,C125_F185,2,2
C125,C125_F186,1,1
C125,C125_F187,0,0
C125,C125_F188,0,0
C125,C125_F189,0,2
C125,C125_F190,1,0
C125,C125_F191,0,1
C125,C125_F192,4,0
C125,C125_F193,0,0
C125,C125_F194,4,0
C125,C125_F195,1,2
C125,C125_F196,0,0
C125,C125_F197,1,1
C125,C125_F198,0,0
C125,C125_F199,0,1
C125,C125_F200,0,0
C125,C125_F201,0,1
C125,C125_F204,0,0
C125,C125_F206,1,1
C125,C125_F207,1,1
C125,C125_F208,0,1
C125,C125_F209,0,1
C125,C125_F210,1,1
C125,C125_F211,0,0
C125,C125_F212,2,1
C125,C125_F213,3,0
C125,C125_F214,3,0
C125,C125_F215,0,1
C125,C125_F216,0,1
C125,C125_F217,1,0
C125,C125_F218,1,1
C125,C125_F219,1,0
C125,C125_F220,0,0
C125,C125_F221,1,0
C125,C125_F222,0,0
C125,C125_F223,0,3
C125,C125_F224,0,0
C125,C125_F225,0,1
C125,C125_F226,0,0
C125,C125_F227,0,0
C125,C125_F228,0,0
C125,C125_F229,0,0
C125,C125_F230,0,0
C125,C125_F231,0,1
C125,C125_F232,1,0
C125,C125_F233,1,1
C125,C125_F234,0,2
C125,C125_F235,0,1
C125,C125_F236,0,1
C125,C125_F237,0,0
C125,C125_F238,1,0
C125,C125_F239,2,1
C125,C125_F240,2,0
C125,C125_F241,2,1
C125,C125_F242,1,1
C125,C125_F243,1,0
C125,C125_F244,2,1
C125,C125_F245,0,3
C125,C125_F246,1,0
C125,C125_F247,0,2
C125,C125_F248,0,0
C125,C125_F250,3,0
C125,C125_F251,0,0
C125,C125_F252,2,3
C125,C125_F254,0,1
C125,C125_F255,0,2
C125,C125_F256,0,1
C125,C125_F257,1,0
C125,C125_F258,0,1
C125,C125_F259,1,1
C125,C125_F260,0,1
C125,C125_F262,1,0
C125,C125_F263,0,1
C125,C125_F264,2,1
C125,C125_F265,1,0
C125,C125_F266,0,0
C125,C125_F267,1,2
C125,C125_F268,0,0
C125,C125_F269,0,0
C125,C125_F270,1,1
C125,C125_F271,0,0
C125,C125_F272,0,1
C125,C125_F273,0,1
C125,C125_F275,0,1
C125,C125_F276,0,1
C125,C125_F277,1,1
C125,C125_F278,2,0
C125,C125_F279,1,0
C125,C125_F280,1,0
C125,C125_F281,0,0
C125,C125_F282,0,0
C125,C125_F283,1,1
C125,C125_F285,0,0
C125,C125_F286,0,0
C125,C125_F287,0,0
C125,C125_F288,1,1
C125,C125_F289,1,2
C125,C125_F290,1,0
C125,C125_F291,0,0
C125,C125_F292,1,0
C125,C125_F293,1,1
C125,C125_F294,0,1
C125,C125_F295,0,1
C125,C125_F296,2,0
C125,C125_F297,0,1
C125,C125_F298,2,2
C125,C125_F299,2,0
C125,C125_F300,0,1
C125,C125_F301,0,1
C125,C125_F302,0,0
C125,C125_F303,1,0
C125,C125_F304,1,2
C125,C125_F305,1,0
C125,C125_F306,1,1
C125,C125_F307,0,0
C125,C125_F308,0,1
C125,C125_F309,0,1
C125,C125_F310,0,1
C125,C125_F311,3,1
C125,C125_F312,1,0
C125,C125_F313,1,1
C125,C125_F314,0,0
C125,C125_F315,1,1
C125,C125_F316,0,0
C125,C125_F317,0,2
C125,C125_F318,0,0
C125,C125_F319,0,0
C125,C125_F320,1,1
C125,C125_F321,0,1
C125,C125_F322,1,0
C125,C125_F323,0,0
C125,C125_F324,1,0
C125,C125_F325,0,1
C125,C125_F326,1,1
C125,C125_F327,1,0
C125,C125_F328,0,0
C125,C125_F329,2,3
C125,C125_F330,0,0
C125,C125_F331,0,0
C125,C125_F332,0,0
C125,C125_F333,1,0
C125,C125_F335,0,1
C125,C125_F336,0,3
C125,C125_F337,0,0
C125,C125_F339,2,0
C125,C125_F340,0,2
C125,C125_F341,0,0
C125,C125_F342,2,0
C125,C125_F343,0,1
C125,C125_F344,2,1
C125,C125_F345,2,0
C125,C125_F346,3,0
C125,C125_F347,3,2
C125,C125_F348,0,0
C125,C125_F349,0,0
C125,C125_F350,0,0
C125,C125_F351,1,1
C125,C125_F352,2,0
C125,C125_F353,1,2
C125,C125_F354,1,0
C125,C125_F355,0,0
C125,C125_F356,2,0
C125,C125_F357,0,0
C125,C125_F358,0,1
C125,C125_F359,2,0
C125,C125_F360,0,2
C125,C125_F361,0,0
C125,C125_F362,1,0
C125,C125_F363,1,1
C125,C125_F364,0,1
C125,C125_F365,1,0
C125,C125_F366,1,1
C125,C125_F367,0,1
C125,C125_F368,0,3
C125,C125_F369,3,1
C125,C125_F370,1,1
C125,C125_F371,0,0
C125,C125_F372,3,1
C125,C125_F373,0,1
C125,C125_F374,0,2
C125,C125_F375,1,1
C125,C125_F376,1,3
C125,C125_F377,0,0
C125,C125_F378,1,1
C125,C125_F379,1,1
C125,C125_F380,0,0
C125,C125_F381,1,0
C125,C125_F382,0,2
C125,C125_F383,0,0
C125,C125_F384,0,0
C125,C125_F385,2,0
C125,C125_F386,0,0
C125,C125_F387,2,1
C125,C125_F388,0,1
C125,C125_F389,1,0
C125,C125_F390,1,0
C125,C125_F391,0,0
C125,C125_F392,2,0
C125,C125_F393,0,0
C125,C125_F394,1,0
C125,C125_F395,0,2
C125,C125_F396,2,1
C125,C125_F397,0,0
C125,C125_F398,2,0
C125,C125_F399,1,0
C125,C125_F400,1,1
C125,C125_F401,0,1
C125,C125_F402,0,0
C125,C125_F403,0,1
C125,C125_F404,0,1
C125,C125_F405,1,1
C125,C125_F406,0,0
C125,C125_F407,1,1
C125,C125_F408,1,0
C125,C125_F409,1,1
C125,C125_F410,1,3
C125,C125_F411,0,0
C125,C125_F412,0,0
C125,C125_F413,1,0
C125,C125_F414,0,0
C125,C125_F415,1,0
C125,C125_F416,0,0
C125,C125_F417,1,1
C125,C125_F418,1,2
C125,C125_F419,1,0
C125,C125_F420,0,0
C125,C125_F421,0,0
C125,C125_F422,0,1
C125,C125_F423,1,0
C125,C125_F424,1,2
C125,C125_F425,1,0
C125,C125_F426,1,1
C125,C125_F427,3,0
C125,C125_F428,1,0
C125,C125_F429,1,1
C125,C125_F430,0,0
C125,C125_F431,2,0
C125,C125_F432,2,0
C125,C125_F433,2,0
C125,C125_F434,1,0
C125,C125_F435,1,1
C125,C125_F436,0,0
C125,C125_F437,1,1
C125,C125_F438,0,1
C125,C125_F439,0,2
C125,C125_F440,3,0
C125,C125_F441,1,0
C125,C125_F442,0,1
C125,C125_F443,0,1
C125,C125_F444,1,2
C125,C125_F445,0,0
C125,C125_F446,1,1
C125,C125_F447,0,0
C125,C125_F448,1,1
C125,C125_F450,0,0
C125,C125_F451,1,1
C125,C125_F452,0,0
C125,C125_F454,1,1
C125,C125_F455,1,0
C125,C125_F456,1,0
C125,C125_F457,1,1
C125,C125_F458,0,0
C125,C125_F459,0,0
C125,C125_F460,0,0
C125,C125_F461,1,0
C125,C125_F462,1,1
C125,C125_F464,2,1
C125,C125_F465,0,1
C125,C125_F466,0,1
C125,C125_F467,1,1
C125,C125_F468,1,2
C125,C125_F469,1,0
C125,C125_F470,0,0
C125,C125_F471,2,0
C125,C125_F472,1,1
C125,C125_F473,0,1
C125,C125_F474,1,0
C125,C125_F475,0,1
C125,C125_F476,1,1
C125,C125_F477,0,0
C125,C125_F478,1,0
C125,C125_F479,0,2
C125,C125_F480,0,0
C125,C125_F481,1,1
C125,C125_F482,3,0
C125,C125_F483,1,0
C125,C125_F484,0,2
C125,C125_F485,2,1
C125,C125_F486,2,2
C125,C125_F487,0,2
C125,C125_F488,0,0
C125,C125_F489,0,1
C125,C125_F491,2,1
C125,C125_F492,2,1
C125,C125_F493,3,0
C125,C125_F494,2,0
C125,C125_F495,1,0
C125,C125_F496,1,0
C125,C125_F498,1,1
C125,C125_F499,0,1
C125,C125_F500,1,0
C125,C125_F501,0,0
C125,C125_F502,1,0
C125,C125_F503,1,0
C125,C125_F504,1,0
C125,C125_F505,0,0
C125,C125_F506,0,1
C125,C125_F507,0,0
C125,C125_F508,0,2
C125,C125_F509,1,1
C125,C125_F510,0,0
C125,C125_F511,2,1
C125,C125_F512,0,0
C125,C125_F513,1,0
C125,C125_F514,0,1
C125,C125_F515,1,0
C125,C125_F516,1,0
C125,C125_F518,0,1
C125,C125_F519,0,1
C125,C125_F520,0,0
C125,C125_F521,0,0
C125,C125_F522,1,0
C125,C125_F523,1,0
C125,C125_F524,0,0
C125,C125_F525,1,0
C125,C125_F526,1,1
C125,C125_F527,2,0
C125,C125_F528,1,1
C125,C125_F529,2,0
C125,C125_F530,0,0
C125,C125_F531,2,1
C125,C125_F532,2,0
C125,C125_F533,3,0
C125,C125_F534,0,0
C125,C125_F535,0,2
C125,C125_F536,1,0
C125,C125_F537,1,0
C125,C125_F538,3,0
C125,C125_F539,1,0
C125,C125_F540,0,1
C125,C125_F542,0,1
C125,C125_F543,0,0
C125,C125_F544,0,0
C125,C125_F545,3,0
C125,C125_F547,0,0
C125,C125_F548,1,1
C125,C125_F550,0,2
C125,C125_F551,0,0
C125,C125_F552,0,1
C126,C126_F001,1,0
C126,C126_F002,1,0
C126,C126_F004,0,0
C126,C126_F005,0,2
C126,C126_F006,1,0
C126,C126_F007,1,0
C126,C126_F008,2,0
C126,C126_F009,0,3
C126,C126_F010,1,1
C126,C126_F011,1,0
C126,C126_F012,1,0
C126,C126_F013,0,2
C126,C126_F014,1,3
C126,C126_F015,1,1
C126,C126_F016,1,0
C126,C126_F017,0,1
C126,C126_F018,1,0
C126,C126_F020,0,1
C126,C126_F021,0,0
C126,C126_F022,1,1
C126,C126_F023,3,1
C126,C126_F024,0,0
C126,C126_F025,2,0
C126,C126_F026,1,1
C126,C126_F027,4,0
C126,C126_F028,2,0
C126,C126_F029,1,1
C126,C126_F030,0,0
C126,C126_F032,1,0
C126,C126_F033,1,0
C126,C126_F034,0,0
C126,C126_F035,0,0
C126,C126_F036,1,0
C126,C126_F037,0,1
C126,C126_F038,1,0
C126,C126_F039,0,1
C126,C126_F040,1,0
C126,C126_F041,1,0
C126,C126_F042,2,1
C126,C126_F043,1,1
C126,C126_F044,2,0
C126,C126_F046,1,1
C126,C126_F047,1,2
C126,C126_F048,0,0
C126,C126_F049,0,1
C126,C126_F051,0,1
C126,C126_F052,0,3
C126,C126_F053,3,2
C126,C126_F055,1,0
C126,C126_F057,1,1
C126,C126_F058,1,1
C126,C126_F059,1,1
C126,C126_F060,1,1
C126,C126_F061,1,0
C126,C126_F062,0,1
C126,C126_F063,0,0
C126,C126_F064,2,0
C126,C126_F065,0,1
C126,C126_F066,0,0
C126,C126_F067,1,0
C126,C126_F069,0,0
C126,C126_F070,3,0
C126,C126_F071,0,0
C126,C126_F072,1,0
C126,C126_F073,1,1
C126,C126_F074,1,0
C126,C126_F075,0,1
C126,C126_F076,0,0
C126,C126_F077,1,1
C126,C126_F078,0,2
C126,C126_F079,2,0
C126,C126_F080,0,0
C126,C126_F081,1,1
C126,C126_F082,0,3
C126,C126_F083,1,0
C126,C126_F084,2,1
C126,C126_F085,0,0
C126,C126_F086,0,0
C126,C126_F087,0,0
C126,C126_F089,1,0
C126,C126_F090,3,1
C126,C126_F091,1,0
C126,C126_F093,1,1
C126,C126_F095,2,1
C126,C126_F096,0,1
C126,C126_F097,2,1
C126,C126_F098,1,1
C126,C126_F099,0,1
C126,C126_F100,1,1
C126,C126_F102,0,1
C126,C126_F103,1,0
C126,C126_F104,2,0
C126,C126_F105,0,1
C126,C126_F106,0,2
C126,C126_F108,1,0
C126,C126_F109,0,1
C126,C126_F110,2,0
C126,C126_F112,0,1
C126,C126_F113,2,0
C126,C126_F114,0,1
C126,C126_F115,2,1
C126,C126_F116,1,1
C126,C126_F117,2,0
C126,C126_F118,2,0
C126,C126_F119,0,1
C126,C126_F120,0,1
C126,C126_F121,1,0
C126,C126_F122,1,0
C126,C126_F123,1,1
C126,C126_F124,0,0
C126,C126_F125,1,0
C126,C126_F126,1,0
C126,C126_F127,0,0
C126,C126_F129,1,0
C126,C126_F130,1,0
C126,C126_F132,2,0
C126,C126_F133,0,1
C126,C126_F134,0,1
C126,C126_F135,0,1
C126,C126_F136,0,0
C126,C126_F137,1,0
C126,C126_F138,1,1
C126,C126_F139,1,1
C126,C126_F140,0,0
C126,C126_F141,1,0
C126,C126_F142,1,0
C126,C126_F143,2,0
C126,C126_F144,1,0
C126,C126_F145,1,0
C126,C126_F146,2,0
C126,C126_F147,0,1
C126,C126_F148,2,1
C126,C126_F149,1,0
C126,C126_F150,1,0
C126,C126_F151,0,0
C126,C126_F152,0,0
C126,C126_F153,1,1
C126,C126_F154,2,0
C126,C126_F155,0,0
C126,C126_F156,1,0
C126,C126_F157,0,1
C126,C126_F158,0,2
C126,C126_F159,0,0
C126,C126_F160,0,0
C126,C126_F162,1,0
C126,C126_F163,0,0
C126,C126_F165,1,0
C126,C126_F166,1,2
C126,C126_F167,0,0
C126,C126_F168,1,0
C126,C126_F170,2,1
C126,C126_F171,1,0
C126,C126_F172,1,0
C126,C126_F173,3,0
C126,C126_F174,0,0
C126,C126_F175,1,0
C126,C126_F176,1,0
C126,C126_F177,0,0
C126,C126_F178,0,0
C126,C126_F179,0,1
C126,C126_F180,1,0
C126,C126_F181,0,0
C126,C126_F182,0,2
C126,C126_F183,0,1
C126,C126_F184,1,2
C126,C126_F185,0,0
C126,C126_F186,0,0
C126,C126_F187,0,1
C126,C126_F188,0,1
C126,C126_F190,1,1
C126,C126_F191,1,1
C126,C126_F192,0,1
C126,C126_F193,1,1
C126,C126_F194,2,0
C126,C126_F195,1,1
C126,C126_F196,1,0
C126,C126_F197,1,1
C126,C126_F198,0,2
C126,C126_F199,1,0
C126,C126_F200,0,2
C126,C126_F201,0,0
C126,C126_F202,1,1
C126,C126_F203,3,1
C126,C126_F204,0,0
C126,C126_F205,1,1
C126,C126_F206,0,1
C126,C126_F207,1,0
C126,C126_F208,1,1
C126,C126_F209,1,0
C126,C126_F210,1,2
C126,C126_F211,0,0
C126,C126_F212,1,0
C126,C126_F213,1,1
C126,C126_F214,0,0
C126,C126_F215,0,1
C126,C126_F216,0,1
C126,C126_F217,1,0
C126,C126_F218,0,0
C126,C126_F220,0,2
C126,C126_F222,0,0
C126,C126_F223,2,1
C126,C126_F224,1,1
C126,C126_F225,1,3
C126,C126_F226,1,0
C126,C126_F227,0,1
C126,C126_F228,0,0
C126,C126_F229,2,1
C126,C126_F230,0,1
C126,C126_F231,2,0
C126,C126_F232,0,1
C126,C126_F233,2,0
C126,C126_F234,0,0
C126,C126_F235,0,1
C126,C126_F237,1,2
C126,C126_F238,0,1
C126,C126_F239,0,0
C126,C126_F241,0,0
C126,C126_F242,0,1
C126,C126_F243,1,1
C126,C126_F244,0,0
C126,C126_F245,2,1
C126,C126_F246,0,0
C126,C126_F247,1,0
C126,C126_F248,2,1
C126,C126_F249,1,1
C126,C126_F251,2,1
C126,C126_F252,0,0
C126,C126_F253,2,1
C126,C126_F254,0,0
C126,C126_F255,0,1
C126,C126_F256,0,0
C126,C126_F257,1,1
C126,C126_F258,0,0
C126,C126_F259,2,1
C126,C126_F260,1,1
C126,C126_F261,0,0
C126,C126_F262,1,0
C126,C126_F263,0,0
C126,C126_F264,0,1
C126,C126_F265,1,1
C126,C126_F266,0,0
C126,C126_F267,3,0
C126,C126_F268,0,0
C126,C126_F269,0,0
C126,C126_F270,1,1
C126,C126_F271,1,0
C126,C126_F272,1,1
C126,C126_F273,1,1
C126,C126_F274,1,1
C126,C126_F275,0,2
C126,C126_F276,1,0
C126,C126_F277,1,2
C126,C126_F278,0,0
C126,C126_F279,1,1
C126,C126_F280,0,0
C126,C126_F282,2,0
C126,C126_F283,0,0
C126,C126_F284,0,0
C126,C126_F285,0,0
C126,C126_F286,0,0
C126,C126_F287,0,0
C126,C126_F288,3,3
C126,C126_F289,1,1
C126,C126_F290,0,3
C126,C126_F291,1,0
C126,C126_F292,1,1
C126,C126_F293,0,0
C126,C126_F294,2,0
C126,C126_F295,1,0
C126,C126_F296,0,0
C126,C126_F297,1,0
C126,C126_F298,1,1
C126,C126_F299,1,0
C126,C126_F300,1,0
C126,C126_F301,0,0
C126,C126_F302,1,1
C126,C126_F303,1,0
C126,C126_F306,0,1
C127,C127_F001,0,1
C127,C127_F003,2,0
C127,C127_F004,1,0
C127,C127_F005,1,1
C127,C127_F006,0,0
C127,C127_F007,2,1
C127,C127_F008,0,2
C127,C127_F009,2,1
C127,C127_F010,2,0
C127,C127_F011,1,0
C127,C127_F012,0,0
C127,C127_F013,2,1
C127,C127_F014,0,1
C127,C127_F015,1,1
C127,C127_F016,0,1
C127,C127_F017,1,1
C127,C127_F019,1,1
C127,C127_F020,2,1
C127,C127_F021,1,1
C127,C127_F022,0,1
C127,C127_F023,0,1
C127,C127_F024,1,2
C127,C127_F025,1,2
C127,C127_F026,1,0
C127,C127_F027,3,1
C127,C127_F028,1,0
C127,C127_F029,0,1
C127,C127_F030,3,0
C127,C127_F031,0,1
C127,C127_F032,2,0
C127,C127_F033,1,1
C127,C127_F034,0,0
C127,C127_F035,0,1
C127,C127_F036,1,0
C127,C127_F037,0,0
C127,C127_F038,0,0
C127,C127_F039,1,1
C127,C127_F040,2,1
C127,C127_F041,1,0
C127,C127_F042,1,1
C127,C127_F043,0,0
C127,C127_F044,0,0
C127,C127_F045,0,2
C127,C127_F046,0,1
C127,C127_F047,1,2
C127,C127_F048,0,2
C127,C127_F049,0,0
C127,C127_F050,3,1
C127,C127_F051,1,0
C127,C127_F052,0,0
C127,C127_F053,0,2
C127,C127_F054,2,0
C127,C127_F055,1,0
C127,C127_F056,0,2
C127,C127_F057,0,0
C127,C127_F058,0,2
C127,C127_F059,0,1
C127,C127_F060,0,1
C127,C127_F061,0,0
C127,C127_F062,3,0
C127,C127_F063,2,0
C127,C127_F064,0,2
C127,C127_F065,1,0
C127,C127_F066,2,0
C127,C127_F067,0,1
C127,C127_F068,1,0
C127,C127_F069,1,0
C127,C127_F070,1,0
C127,C127_F071,0,1
C127,C127_F072,2,0
C127,C127_F073,1,0
C127,C127_F074,1,0
C127,C127_F075,1,0
C127,C127_F078,0,2
C127,C127_F079,1,1
C127,C127_F080,1,0
C127,C127_F081,2,0
C127,C127_F083,2,0
C127,C127_F084,0,1
C127,C127_F085,1,2
C127,C127_F086,0,0
C127,C127_F088,1,1
C127,C127_F089,2,0
C127,C127_F090,1,1
C127,C127_F091,0,1
C127,C127_F092,0,1
C127,C127_F093,0,1
C127,C127_F094,1,0
C127,C127_F095,1,0
C127,C127_F096,0,1
C127,C127_F097,0,0
C127,C127_F098,1,0
C127,C127_F099,1,0
C127,C127_F100,0,3
C127,C127_F101,2,1
C127,C127_F102,2,1
C127,C127_F103,1,1
C127,C127_F104,0,1
C127,C127_F105,0,1
C127,C127_F106,1,0
C127,C127_F107,0,2
C127,C127_F108,3,1
C127,C127_F109,1,1
C127,C127_F110,3,1
C127,C127_F111,2,0
C127,C127_F112,1,0
C127,C127_F113,0,1
C127,C127_F114,2,0
C127,C127_F115,1,0
C127,C127_F116,0,1
C127,C127_F117,2,0
C127,C127_F119,1,1
C127,C127_F120,1,0
C127,C127_F121,0,1
C127,C127_F122,2,0
C127,C127_F123,1,0
C127,C127_F124,0,1
C127,C127_F125,0,0
C127,C127_F126,2,0
C127,C127_F127,0,1
C127,C127_F128,1,0
C127,C127_F129,1,1
C127,C127_F131,0,5
C127,C127_F132,0,0
C127,C127_F133,0,2
C127,C127_F135,0,1
C127,C127_F136,1,0
C127,C127_F137,0,0
C127,C127_F138,2,2
C127,C127_F139,0,0
C127,C127_F140,0,0
C127,C127_F141,1,1
C127,C127_F142,1,1
C127,C127_F143,2,1
C127,C127_F144,0,0
C127,C127_F145,2,1
C127,C127_F147,0,0
C127,C127_F148,3,1
C127,C127_F149,2,0
C127,C127_F150,1,2
C127,C127_F151,1,1
C127,C127_F152,0,1
C127,C127_F154,2,0
C127,C127_F155,3,2
C127,C127_F156,1,1
C127,C127_F157,0,0
C127,C127_F158,1,0
C127,C127_F159,0,1
C127,C127_F160,2,0
C127,C127_F161,0,1
C127,C127_F162,1,1
C127,C127_F163,2,0
C127,C127_F164,1,0
C127,C127_F165,0,0
C127,C127_F166,1,1
C127,C127_F167,1,0
C127,C127_F168,0,1
C127,C127_F169,1,0
C127,C127_F171,0,1
C127,C127_F172,1,0
C127,C127_F173,2,0
C127,C127_F174,0,0
C127,C127_F175,2,0
C127,C127_F176,1,0
C127,C127_F177,0,0
C127,C127_F178,0,0
C127,C127_F179,0,1
C127,C127_F180,1,1
C127,C127_F181,1,0
C127,C127_F182,1,1
C127,C127_F183,1,1
C127,C127_F184,1,0
C127,C127_F185,1,0
C127,C127_F186,1,0
C127,C127_F187,2,1
C127,C127_F188,0,2
C127,C127_F189,0,0
C127,C127_F190,1,0
C127,C127_F191,3,0
C127,C127_F192,1,0
C127,C127_F193,0,0
C127,C127_F194,0,2
C127,C127_F195,0,2
C127,C127_F196,0,0
C127,C127_F197,5,0
C127,C127_F198,0,0
C127,C127_F199,1,2
C127,C127_F200,0,1
C127,C127_F201,0,0
C127,C127_F202,1,0
C127,C127_F203,1,1
C127,C127_F204,0,1
C127,C127_F205,0,2
C127,C127_F206,1,0
C127,C127_F207,0,0
C127,C127_F208,2,1
C127,C127_F209,1,1
C127,C127_F210,1,0
C127,C127_F211,0,2
C127,C127_F212,0,0
C127,C127_F213,0,1
C127,C127_F214,2,0
C127,C127_F215,2,0
C127,C127_F216,1,1
C127,C127_F217,0,0
C127,C127_F218,0,0
C127,C127_F219,1,1
C127,C127_F222,1,0
C127,C127_F223,0,1
C127,C127_F224,0,1
C127,C127_F225,0,1
C127,C127_F226,0,1
C127,C127_F227,0,1
C127,C127_F228,0,1
C127,C127_F229,2,0
C127,C127_F230,0,0
C127,C127_F231,1,1
C127,C127_F232,2,0
C127,C127_F233,0,0
C127,C127_F235,2,0
C127,C127_F236,0,1
C127,C127_F237,1,0
C127,C127_F239,0,0
C127,C127_F240,1,0
C127,C127_F241,1,2
C127,C127_F242,0,2
C127,C127_F243,0,0
C127,C127_F244,1,1
C127,C127_F245,1,0
C127,C127_F246,0,0
C127,C127_F247,2,0
C127,C127_F248,0,3
C127,C127_F249,0,0
C127,C127_F250,2,1
C127,C127_F251,1,0
C127,C127_F252,0,1
C127,C127_F253,0,2
C127,C127_F254,0,1
C127,C127_F255,0,1
C127,C127_F256,0,1
C127,C127_F258,1,1
C127,C127_F259,1,0
C127,C127_F260,2,1
C127,C127_F262,0,0
C127,C127_F263,0,0
C127,C127_F264,1,0
C127,C127_F265,2,0
C127,C127_F266,1,0
C127,C127_F268,1,3
C127,C127_F269,1,0
C127,C127_F270,0,0
C127,C127_F271,1,0
C127,C127_F272,1,0
C127,C127_F273,0,1
C127,C127_F274,1,0
C127,C127_F275,1,0
C127,C127_F276,0,0
C127,C127_F277,0,0
C127,C127_F278,1,0
C127,C127_F279,1,0
C127,C127_F280,1,0
C127,C127_F281,1,2
C127,C127_F282,1,0
C127,C127_F283,1,0
C127,C127_F284,1,1
C127,C127_F285,2,1
C127,C127_F286,1,1
C127,C127_F287,0,2
C127,C127_F288,2,1
C127,C127_F289,0,0
C127,C127_F290,2,1
C127,C127_F291,0,0
C127,C127_F292,1,0
C127,C127_F293,1,0
C127,C127_F294,1,0
C127,C127_F295,0,0
C127,C127_F297,2,0
C127,C127_F298,0,1
C127,C127_F299,0,0
C127,C127_F300,0,0
C127,C127_F301,0,2
C127,C127_F302,1,0
C127,C127_F303,1,1
C127,C127_F304,0,0
C127,C127_F305,0,1
C127,C127_F306,0,0
C128,C128_F001,2,1
C128,C128_F002,1,1
C128,C128_F004,1,1
C128,C128_F005,2,1
C128,C128_F006,0,0
C128,C128_F007,0,0
C128,C128_F008,1,1
C128,C128_F009,0,0
C128,C128_F010,0,1
C128,C128_F011,1,2
C128,C128_F012,1,1
C128,C128_F013,3,1
C128,C128_F014,1,0
C128,C128_F015,0,0
C128,C128_F016,2,1
C128,C128_F017,3,0
C128,C128_F018,0,2
C128,C128_F019,0,0
C128,C128_F020,0,0
C128,C128_F021,1,0
C128,C128_F022,2,1
C128,C128_F023,2,1
C128,C128_F024,1,2
C128,C128_F025,0,0
C128,C128_F026,2,1
C128,C128_F027,1,1
C128,C128_F029,1,0
C128,C128_F030,1,1
C128,C128_F031,1,0
C128,C128_F032,1,1
C128,C128_F033,0,0
C128,C128_F034,1,0
C128,C128_F035,1,0
C128,C128_F036,1,2
C128,C128_F037,1,1
C128,C128_F038,1,0
C128,C128_F040,0,0
C128,C128_F042,1,0
C128,C128_F043,3,0
C128,C128_F044,0,1
C128,C128_F045,1,0
C128,C128_F046,1,0
C128,C128_F047,0,0
C128,C128_F048,0,0
C128,C128_F049,0,0
C128,C128_F050,0,0
C128,C128_F051,2,2
C128,C128_F052,0,1
C128,C128_F053,0,0
C128,C128_F054,0,0
C128,C128_F055,0,0
C128,C128_F056,1,2
C128,C128_F057,0,0
C128,C128_F058,0,0
C128,C128_F059,1,0
C128,C128_F060,1,0
C128,C128_F061,0,0
C128,C128_F062,0,1
C128,C128_F063,1,0
C128,C128_F064,0,0
C128,C128_F065,0,1
C128,C128_F067,1,1
C128,C128_F068,0,1
C128,C128_F069,0,0
C128,C128_F070,1,0
C128,C128_F071,0,0
C128,C128_F072,0,0
C128,C128_F073,0,0
C128,C128_F074,2,1
C128,C128_F075,0,1
C128,C128_F076,0,0
C128,C128_F077,1,0
C128,C128_F078,0,0
C128,C128_F079,0,1
C128,C128_F080,0,0
C128,C128_F081,0,0
C128,C128_F082,1,0
C128,C128_F083,0,0
C128,C128_F084,0,0
C128,C128_F085,1,0
C128,C128_F086,1,0
C128,C128_F087,0,1
C128,C128_F088,0,0
C128,C128_F089,0,1
C128,C128_F091,0,0
C128,C128_F092,0,2
C128,C128_F093,0,1
C128,C128_F095,1,0
C128,C128_F096,0,1
C128,C128_F097,1,0
C128,C128_F098,2,0
C128,C128_F099,2,0
C128,C128_F101,2,0
C128,C128_F102,2,1
C128,C128_F103,0,0
C128,C128_F104,0,1
C128,C128_F105,1,1
C128,C128_F106,1,0
C128,C128_F107,1,0
C128,C128_F109,0,0
C128,C128_F110,1,0
C128,C128_F111,0,1
C128,C128_F112,0,0
C128,C128_F113,0,0
C128,C128_F114,0,0
C128,C128_F115,1,1
C128,C128_F116,2,0
C128,C128_F118,1,1
C128,C128_F119,1,0
C128,C128_F120,0,1
C128,C128_F121,1,2
C128,C128_F122,0,0
C128,C128_F123,1,0
C128,C128_F124,0,0
C128,C128_F125,1,0
C128,C128_F126,0,0
C128,C128_F128,0,0
C128,C128_F129,0,1
C128,C128_F130,0,1
C128,C128_F132,1,0
C128,C128_F133,0,3
C128,C128_F134,1,0
C128,C128_F136,0,3
C128,C128_F137,1,0
C128,C128_F138,2,1
C128,C128_F139,0,1
C128,C128_F140,0,1
C128,C128_F141,0,2
C128,C128_F142,1,0
C128,C128_F143,1,0
C128,C128_F144,1,1
C128,C128_F145,0,0
C128,C128_F146,0,0
C128,C128_F147,0,0
C128,C128_F148,0,0
C128,C128_F149,0,0
C128,C128_F150,0,0
C128,C128_F151,0,0
C128,C128_F152,0,0
C128,C128_F153,0,0
C128,C128_F154,0,1
C128,C128_F155,0,1
C128,C128_F156,1,0
C128,C128_F157,0,0
C128,C128_F158,0,0
C128,C128_F159,2,1
C128,C128_F160,1,0
C128,C128_F161,0,0
C128,C128_F164,0,1
C128,C128_F165,1,0
C128,C128_F166,1,0
C128,C128_F167,0,0
C128,C128_F168,1,0
C128,C128_F169,0,0
C128,C128_F170,0,0
C128,C128_F172,0,1
C128,C128_F173,1,0
C128,C128_F174,0,0
C128,C128_F176,1,1
C128,C128_F177,0,1
C128,C128_F178,0,0
C128,C128_F179,1,1
C128,C128_F181,0,0
C128,C128_F182,4,1
C128,C128_F183,1,0
C128,C128_F184,0,1
C128,C128_F185,0,0
C128,C128_F186,1,1
C128,C128_F187,2,0
C128,C128_F188,1,0
C128,C128_F189,0,1
C128,C128_F190,1,0
C128,C128_F191,0,0
C128,C128_F192,1,0
C128,C128_F193,0,0
C128,C128_F194,1,0
C128,C128_F195,1,0
C128,C128_F196,1,0
C128,C128_F197,1,0
C128,C128_F198,0,0
C128,C128_F199,1,0
C128,C128_F200,1,0
C128,C128_F201,0,0
C128,C128_F202,0,1
C128,C128_F203,0,0
C128,C128_F204,0,0
C128,C128_F205,0,0
C128,C128_F206,1,0
C128,C128_F207,2,1
C128,C128_F208,0,0
C128,C128_F210,0,0
C128,C128_F211,1,0
C128,C128_F212,0,0
C128,C128_F213,1,1
C128,C128_F214,1,0
C128,C128_F215,1,0
C128,C128_F216,1,0
C128,C128_F217,1,0
C128,C128_F218,1,0
C128,C128_F219,2,1
C128,C128_F220,2,1
C128,C128_F221,0,1
C128,C128_F222,1,1
C128,C128_F223,1,2
C128,C128_F224,1,0
C128,C128_F226,1,0
C128,C128_F227,0,0
C128,C128_F228,0,0
C128,C128_F230,1,0
C128,C128_F231,0,0
C128,C128_F232,0,2
C128,C128_F233,1,1
C128,C128_F235,1,1
C128,C128_F236,1,0
C128,C128_F237,1,0
C128,C128_F238,0,1
C128,C128_F239,0,0
C128,C128_F240,1,2
C128,C128_F241,0,0
C128,C128_F242,1,0
C128,C128_F243,0,1
C128,C128_F244,1,0
C128,C128_F245,0,1
C128,C128_F246,0,1
C128,C128_F248,1,1
C128,C128_F249,1,0
C128,C128_F251,2,1
C128,C128_F253,1,1
C128,C128_F254,1,1
C128,C128_F255,2,0
C128,C128_F256,0,1
C128,C128_F258,0,0
C128,C128_F259,0,0
C128,C128_F260,0,0
C128,C128_F261,0,0
C128,C128_F262,1,0
C128,C128_F263,0,1
C128,C128_F264,0,1
C128,C128_F265,1,1
C128,C128_F266,0,0
C128,C128_F267,0,0
C128,C128_F270,0,1
C128,C128_F271,0,0
C128,C128_F272,1,0
C128,C128_F273,1,1
C128,C128_F274,1,1
C128,C128_F275,3,0
C128,C128_F277,1,1
C128,C128_F278,0,0
C128,C128_F279,4,2
C128,C128_F280,0,0
C128,C128_F281,2,0
C128,C128_F282,0,0
C128,C128_F283,2,0
C128,C128_F284,1,3
C128,C128_F285,0,2
C128,C128_F288,0,0
C128,C128_F289,0,1
C128,C128_F290,1,1
C128,C128_F291,1,0
C128,C128_F292,0,0
C128,C128_F293,2,1
C128,C128_F295,1,0
C128,C128_F296,2,0
C128,C128_F297,0,2
C128,C128_F299,0,1
C128,C128_F300,0,2
C128,C128_F301,0,0
C128,C128_F302,0,0
C128,C128_F303,0,0
C128,C128_F304,0,0
C128,C128_F305,2,0
C128,C128_F306,3,1
C128,C128_F307,0,0
C128,C128_F308,0,1
C128,C128_F309,0,0
C128,C128_F310,0,0
C128,C128_F311,0,1
C128,C128_F312,2,0
C128,C128_F313,1,0
C128,C128_F314,2,0
C128,C128_F315,0,1
C128,C128_F316,0,0
C128,C128_F317,0,0
C128,C128_F318,0,2
C128,C128_F319,1,0
C128,C128_F320,0,0
C128,C128_F321,0,1
C128,C128_F322,0,0
C128,C128_F323,0,2
C128,C128_F324,1,0
C128,C128_F325,1,2
C128,C128_F326,2,0
C128,C128_F327,1,1
C128,C128_F328,1,4
C128,C128_F329,1,0
C128,C128_F330,0,1
C128,C128_F331,2,0
C128,C128_F332,2,3
C128,C128_F333,2,0
C128,C128_F334,1,0
C128,C128_F335,0,0
C128,C128_F336,1,0
C128,C128_F338,1,0
C128,C128_F339,0,0
C128,C128_F340,0,0
C128,C128_F341,0,1
C128,C128_F342,1,0
C128,C128_F343,1,1
C128,C128_F344,0,0
C128,C128_F345,3,2
C128,C128_F347,1,1
C128,C128_F348,1,0
C128,C128_F349,1,0
C128,C128_F350,0,0
C128,C128_F351,2,2
C128,C128_F352,1,1
C128,C128_F353,0,1
C128,C128_F354,0,0
C128,C128_F355,0,0
C128,C128_F357,0,1
C128,C128_F358,0,0
C128,C128_F359,1,1
C128,C128_F360,2,0
C128,C128_F361,0,2
C128,C128_F363,1,0
C128,C128_F364,1,1
C128,C128_F365,1,0
C128,C128_F366,0,2
C128,C128_F367,0,0
C128,C128_F368,0,0
C128,C128_F369,1,0
C128,C128_F370,0,0
C128,C128_F371,1,0
C128,C128_F372,0,2
C128,C128_F373,1,0
C128,C128_F374,0,1
C128,C128_F375,0,1
C128,C128_F376,0,0
C128,C128_F378,1,0
C128,C128_F379,0,0
C128,C128_F380,1,0
C129,C129_F001,0,1
C129,C129_F002,2,0
C129,C129_F003,1,0
C129,C129_F004,1,0
C129,C129_F005,2,0
C129,C129_F006,0,0
C129,C129_F007,3,1
C129,C129_F008,2,0
C129,C129_F009,0,0
C129,C129_F010,1,0
C129,C129_F011,1,1
C129,C129_F012,1,0
C129,C129_F013,1,0
C129,C129_F014,0,0
C129,C129_F015,0,1
C129,C129_F016,0,0
C129,C129_F017,1,2
C129,C129_F019,0,0
C129,C129_F020,0,0
C129,C129_F021,1,0
C129,C129_F022,0,2
C129,C129_F024,0,0
C129,C129_F025,2,0
C129,C129_F026,3,2
C129,C129_F027,0,2
C129,C129_F028,0,0
C129,C129_F029,0,0
C129,C129_F031,0,1
C129,C129_F032,1,1
C129,C129_F033,0,1
C129,C129_F034,0,1
C129,C129_F035,0,0
C129,C129_F036,0,1
C129,C129_F037,1,1
C129,C129_F038,1,0
C129,C129_F039,0,0
C129,C129_F040,0,1
C129,C129_F041,0,0
C129,C129_F042,0,0
C129,C129_F043,0,1
C129,C129_F044,0,0
C129,C129_F045,1,0
C129,C129_F046,0,2
C129,C129_F047,1,0
C129,C129_F048,0,0
C129,C129_F049,0,1
C129,C129_F050,1,3
C129,C129_F051,0,0
C129,C129_F052,1,0
C129,C129_F053,1,2
C129,C129_F054,2,0
C129,C129_F055,0,0
C129,C129_F056,1,0
C129,C129_F057,1,0
C129,C129_F058,1,0
C129,C129_F059,1,0
C129,C129_F060,0,2
C129,C129_F061,1,0
C129,C129_F062,0,5
C129,C129_F063,1,0
C129,C129_F064,2,1
C129,C129_F065,0,0
C129,C129_F066,0,0
C129,C129_F067,0,0
C129,C129_F068,1,2
C129,C129_F069,0,0
C129,C129_F070,1,0
C129,C129_F071,0,0
C129,C129_F072,0,2
C129,C129_F073,0,1
C129,C129_F074,1,0
C129,C129_F075,0,1
C129,C129_F076,1,0
C129,C129_F077,0,2
C129,C129_F078,0,1
C129,C129_F079,0,0
C129,C129_F080,0,0
C129,C129_F081,1,1
C129,C129_F082,0,2
C129,C129_F083,2,1
C129,C129_F086,1,1
C129,C129_F087,0,1
C129,C129_F089,0,2
C129,C129_F090,0,1
C129,C129_F092,1,0
C129,C129_F093,0,0
C129,C129_F094,1,0
C129,C129_F095,0,1
C129,C129_F096,1,1
C129,C129_F097,0,2
C129,C129_F098,2,1
C129,C129_F099,1,0
C129,C129_F100,0,1
C129,C129_F101,0,0
C129,C129_F102,0,1
C129,C129_F103,1,0
C129,C129_F104,0,1
C129,C129_F105,1,0
C129,C129_F106,1,1
C129,C129_F107,0,0
C129,C129_F108,0,0
C129,C129_F109,3,2
C129,C129_F110,1,0
C129,C129_F111,1,0
C129,C129_F112,2,0
C129,C129_F113,0,3
C129,C129_F114,0,1
C129,C129_F115,0,0
C129,C129_F116,0,1
C129,C129_F117,0,0
C129,C129_F118,0,0
C129,C129_F119,1,1
C129,C129_F120,2,0
C129,C129_F121,0,0
C129,C129_F122,0,0
C129,C129_F123,0,0
C129,C129_F124,0,0
C129,C129_F125,2,0
C129,C129_F126,0,0
C129,C129_F127,0,0
C129,C129_F128,1,1
C129,C129_F129,0,1
C129,C129_F130,3,1
C129,C129_F131,0,1
C129,C129_F132,1,2
C129,C129_F133,2,2
C129,C129_F134,0,2
C129,C129_F135,0,1
C129,C129_F136,0,0
C129,C129_F137,0,1
C129,C129_F139,0,0
C129,C129_F140,2,1
C129,C129_F141,2,0
C129,C129_F143,0,1
C129,C129_F144,1,1
C129,C129_F145,0,0
C129,C129_F146,0,0
C129,C129_F147,0,0
C129,C129_F148,2,2
C129,C129_F149,1,1
C129,C129_F150,1,0
C129,C129_F151,2,0
C129,C129_F152,0,0
C129,C129_F153,0,4
C129,C129_F154,1,1
C129,C129_F155,1,0
C129,C129_F156,0,0
C129,C129_F157,0,0
C129,C129_F158,2,0
C129,C129_F159,0,2
C129,C129_F160,0,0
C129,C129_F161,0,1
C129,C129_F162,0,1
C129,C129_F163,0,0
C129,C129_F164,0,0
C129,C129_F165,0,0
C129,C129_F166,1,1
C129,C129_F167,1,0
C129,C129_F169,1,0
C129,C129_F170,0,0
C129,C129_F173,1,0
C129,C129_F174,2,1
C129,C129_F175,0,1
C129,C129_F176,0,0
C129,C129_F177,2,0
C129,C129_F178,0,0
C129,C129_F179,0,0
C129,C129_F180,3,1
C130,C130_F001,0,0
C130,C130_F002,2,0
C130,C130_F003,1,1
C130,C130_F005,0,0
C130,C130_F006,0,1
C130,C130_F007,1,0
C130,C130_F008,0,1
C130,C130_F009,1,1
C130,C130_F010,0,0
C130,C130_F011,1,0
C130,C130_F012,1,3
C130,C130_F013,1,1
C130,C130_F014,0,0
C130,C130_F015,0,0
C130,C130_F016,0,1
C130,C130_F017,0,0
C130,C130_F019,0,0
C130,C130_F020,0,1
C130,C130_F021,0,0
C130,C130_F022,1,1
C130,C130_F023,0,0
C130,C130_F024,1,1
C130,C130_F025,0,2
C130,C130_F026,2,0
C130,C130_F027,0,0
C130,C130_F028,1,3
C130,C130_F029,0,1
C130,C130_F030,1,1
C130,C130_F031,0,0
C130,C130_F032,0,0
C130,C130_F033,0,1
C130,C130_F034,1,1
C130,C130_F035,0,0
C130,C130_F036,1,3
C130,C130_F037,1,1
C130,C130_F038,0,0
C130,C130_F039,0,1
C130,C130_F040,0,0
C130,C130_F041,1,0
C130,C130_F043,0,0
C130,C130_F044,1,0
C130,C130_F045,2,1
C130,C130_F046,0,1
C130,C130_F047,1,1
C130,C130_F048,0,0
C130,C130_F049,1,1
C130,C130_F050,0,0
C130,C130_F051,1,1
C130,C130_F052,1,0
C130,C130_F053,0,1
C130,C130_F055,0,1
C130,C130_F056,0,0
C130,C130_F057,0,0
C130,C130_F059,1,0
C130,C130_F060,0,0
C130,C130_F061,0,2
C130,C130_F063,0,0
C130,C130_F064,1,0
C130,C130_F065,0,0
C130,C130_F066,0,0
C130,C130_F067,1,0
C130,C130_F068,3,0
C130,C130_F069,0,1
C130,C130_F070,1,1
C130,C130_F071,1,3
C130,C130_F072,1,0
C130,C130_F073,0,0
C130,C130_F074,1,0
C130,C130_F075,1,0
C130,C130_F076,0,0
C130,C130_F077,0,1
C130,C130_F078,2,0
C130,C130_F079,2,1
C130,C130_F080,0,1
C130,C130_F081,2,0
C130,C130_F083,0,0
C130,C130_F084,0,1
C130,C130_F085,1,0
C130,C130_F086,1,3
C130,C130_F087,0,0
C130,C130_F088,2,0
C130,C130_F089,2,0
C130,C130_F090,0,2
C130,C130_F091,1,0
C130,C130_F092,1,1
C130,C130_F093,0,0
C130,C130_F094,1,2
C130,C130_F095,0,0
C130,C130_F096,2,1
C130,C130_F097,0,1
C130,C130_F098,0,0
C130,C130_F099,0,0
C130,C130_F101,0,1
C130,C130_F102,2,3
C130,C130_F103,0,1
C130,C130_F104,0,0
C130,C130_F105,2,0
C130,C130_F106,1,0
C130,C130_F107,0,2
C130,C130_F108,1,0
C130,C130_F109,0,1
C130,C130_F110,0,1
C130,C130_F111,1,1
C130,C130_F112,0,0
C130,C130_F113,2,2
C130,C130_F114,0,0
C130,C130_F115,0,0
C130,C130_F116,1,1
C130,C130_F117,2,0
C130,C130_F119,1,0
C130,C130_F120,1,0
C130,C130_F121,1,2
C130,C130_F123,1,0
C130,C130_F124,0,0
C130,C130_F125,0,1
C130,C130_F126,1,0
C130,C130_F127,0,1
C130,C130_F128,1,0
C130,C130_F130,1,2
C130,C130_F131,1,0
C130,C130_F132,0,0
C130,C130_F133,1,0
C130,C130_F134,2,0
C130,C130_F135,1,1
C130,C130_F136,0,1
C130,C130_F137,2,1
C130,C130_F139,0,1
C130,C130_F140,0,0
C130,C130_F141,2,1
C130,C130_F142,0,0
C130,C130_F143,1,0
C130,C130_F144,1,0
C130,C130_F145,2,0
C130,C130_F146,2,2
C130,C130_F147,0,2
C130,C130_F148,0,1
C130,C130_F149,1,0
C130,C130_F150,2,0
C130,C130_F151,0,0
C130,C130_F152,0,1
C130,C130_F153,0,0
C130,C130_F154,0,1
C130,C130_F155,0,1
C130,C130_F157,0,0
C130,C130_F158,1,0
C130,C130_F159,0,1
C130,C130_F160,1,0
C130,C130_F161,1,0
C130,C130_F162,1,0
C130,C130_F163,0,0
C130,C130_F165,1,0
C130,C130_F166,0,0
C130,C130_F167,2,0
C130,C130_F168,0,1
C130,C130_F169,0,0
C130,C130_F170,0,0
C130,C130_F171,0,1
C130,C130_F172,1,0
C130,C130_F173,0,0
C130,C130_F174,0,0
C130,C130_F175,0,0
C130,C130_F176,2,2
C130,C130_F177,2,2
C130,C130_F178,1,3
C130,C130_F179,2,0
C130,C130_F180,0,1
C130,C130_F181,0,0
C130,C130_F182,2,1
C130,C130_F183,1,1
C130,C130_F184,0,0
C130,C130_F185,0,1
C130,C130_F186,0,0
C130,C130_F187,3,1
C130,C130_F188,0,1
C130,C130_F189,0,1
C130,C130_F190,0,0
C130,C130_F191,0,0
C130,C130_F192,1,0
C130,C130_F193,0,1
C130,C130_F194,1,1
C130,C130_F195,1,0
C130,C130_F196,0,1
C130,C130_F197,1,0
C130,C130_F198,0,0
C130,C130_F200,0,0
C130,C130_F202,2,1
C130,C130_F203,0,0
C130,C130_F205,0,1
C130,C130_F206,1,1
C130,C130_F207,0,0
C130,C130_F208,0,0
C130,C130_F209,0,0
C130,C130_F210,0,0
C130,C130_F211,0,0
C130,C130_F212,0,1
C130,C130_F213,2,0
C130,C130_F214,0,0
C130,C130_F215,0,1
C130,C130_F216,0,0
C130,C130_F217,0,0
C130,C130_F218,2,1
C130,C130_F219,0,0
C130,C130_F220,0,1
C130,C130_F221,1,1
C130,C130_F222,1,0
C130,C130_F223,2,0
C130,C130_F224,0,3
C130,C130_F225,3,0
C130,C130_F226,2,0
C130,C130_F227,1,1
C130,C130_F228,1,1
C130,C130_F229,2,1
C130,C130_F230,1,0
C130,C130_F231,1,3
C130,C130_F232,0,1
C130,C130_F233,0,1
C130,C130_F234,0,1
C130,C130_F236,0,1
C130,C130_F237,0,1
C130,C130_F238,0,0
C130,C130_F239,0,0
C130,C130_F240,0,2
C130,C130_F241,0,0
C130,C130_F242,0,1
C130,C130_F243,0,1
C130,C130_F244,0,0
C130,C130_F245,1,0
C130,C130_F246,1,1
C130,C130_F247,1,2
C130,C130_F248,0,1
C130,C130_F249,0,0
C130,C130_F250,0,0
C130,C130_F251,0,0
C130,C130_F252,1,1
C130,C130_F253,0,0
C130,C130_F254,0,1
C130,C130_F255,0,1
C130,C130_F256,2,0
C130,C130_F257,3,3
C130,C130_F258,1,0
C130,C130_F259,0,0
C130,C130_F260,0,2
C130,C130_F261,0,0
C130,C130_F262,0,1
C130,C130_F263,0,0
C130,C130_F264,0,1
C130,C130_F265,1,2
C130,C130_F266,0,0
C130,C130_F267,0,1
C130,C130_F268,1,0
C130,C130_F269,2,0
C130,C130_F270,0,0
C130,C130_F271,1,1
C130,C130_F273,0,2
C130,C130_F274,0,0
C130,C130_F275,1,2
C130,C130_F276,0,0
C130,C130_F277,0,0
C130,C130_F278,0,0
C130,C130_F279,1,0
C130,C130_F280,0,0
C130,C130_F282,1,0
C130,C130_F283,0,1
C130,C130_F284,2,0
C130,C130_F285,1,0
C130,C130_F286,1,0
C130,C130_F287,1,0
C130,C130_F288,0,0
C130,C130_F289,0,0
C130,C130_F290,0,0
C130,C130_F291,1,2
C130,C130_F292,1,1
C130,C130_F293,1,0
C130,C130_F294,0,1
C130,C130_F295,1,0
C130,C130_F296,1,0
C130,C130_F297,1,2
C130,C130_F298,0,0
C130,C130_F299,0,1
C130,C130_F300,0,0
C130,C130_F301,2,0
C130,C130_F302,1,0
C130,C130_F303,1,1
C130,C130_F304,0,0
C130,C130_F305,0,1
C130,C130_F306,0,0
C130,C130_F307,2,0
C130,C130_F308,1,1
C130,C130_F309,1,1
C130,C130_F311,0,0
C130,C130_F312,0,1
C130,C130_F313,1,1
C130,C130_F314,0,1
C130,C130_F315,1,1
C130,C130_F316,0,2
C130,C130_F318,0,0
C130,C130_F319,0,0
C130,C130_F320,1,0
C130,C130_F321,0,2
C130,C130_F322,2,0
C130,C130_F323,0,0
C130,C130_F324,3,2
C130,C130_F325,0,0
C130,C130_F326,1,1
C130,C130_F327,0,2
C130,C130_F328,0,0
C130,C130_F329,0,1
C130,C130_F330,1,2
C130,C130_F331,2,0
C130,C130_F332,2,0
C130,C130_F333,0,0
C130,C130_F334,1,1
C130,C130_F335,1,1
C130,C130_F336,0,0
C130,C130_F338,0,1
C130,C130_F339,0,0
C130,C130_F340,2,0
C130,C130_F342,0,0
C130,C130_F343,0,1
C130,C130_F344,2,1
C130,C130_F345,1,1
C130,C130_F346,0,1
C130,C130_F347,0,1
C130,C130_F348,1,1
C130,C130_F349,1,0
C130,C130_F350,2,0
C130,C130_F352,0,0
C130,C130_F353,1,1
C130,C130_F354,1,0
C130,C130_F355,0,0
C130,C130_F356,1,2
C130,C130_F357,1,0
C130,C130_F358,1,0
C130,C130_F359,0,0
C130,C130_F360,0,0
C130,C130_F361,3,1
C130,C130_F362,0,0
C130,C130_F363,0,1
C130,C130_F364,0,1
C130,C130_F365,0,0
C130,C130_F366,0,2
C130,C130_F367,0,1
C130,C130_F368,0,0
C130,C130_F369,0,0
C130,C130_F370,0,0
C130,C130_F371,1,0
C130,C130_F372,0,0
C130,C130_F373,0,0
C130,C130_F374,0,1
C130,C130_F376,0,1
C130,C130_F377,0,0
C130,C130_F378,2,1
C130,C130_F379,1,2
C130,C130_F382,1,1
C130,C130_F383,0,0
C130,C130_F384,1,1
C130,C130_F385,2,0
C130,C130_F386,3,0
C130,C130_F387,0,2
C130,C130_F389,1,1
C130,C130_F390,1,0
C130,C130_F391,0,0
C130,C130_F392,0,0
C130,C130_F393,0,0
C130,C130_F394,2,0
C130,C130_F395,0,0
C130,C130_F396,1,0
C130,C130_F397,0,1
C130,C130_F398,0,1
C130,C130_F399,0,1
C130,C130_F400,1,0
C130,C130_F401,0,3
C130,C130_F402,1,0
C130,C130_F403,1,1
C130,C130_F404,0,1
C130,C130_F406,0,2
C130,C130_F407,0,0
C130,C130_F408,0,1
C130,C130_F409,0,1
C130,C130_F410,1,1
C130,C130_F411,1,2
C130,C130_F412,0,0
C130,C130_F413,0,0
C130,C130_F414,2,0
C130,C130_F415,2,3
C130,C130_F416,1,0
C130,C130_F417,1,0
C130,C130_F418,1,0
C130,C130_F419,0,1
C130,C130_F420,0,0
C130,C130_F421,1,1
C130,C130_F422,0,0
C130,C130_F423,1,0
C130,C130_F425,1,1
C130,C130_F426,1,0
C130,C130_F428,0,0
C130,C130_F429,1,1
C130,C130_F430,0,2
C130,C130_F432,0,3
C130,C130_F433,1,0
C130,C130_F434,1,2
C130,C130_F436,0,2
C130,C130_F437,1,0
C130,C130_F439,1,1
C130,C130_F440,1,1
C130,C130_F441,1,1
C130,C130_F442,0,0
C130,C130_F443,1,0
C130,C130_F444,2,0
C130,C130_F445,0,2
C130,C130_F446,0,0
C130,C130_F447,1,1
C130,C130_F448,0,0
C130,C130_F449,0,0
C130,C130_F450,1,1
C130,C130_F451,0,1
C130,C130_F452,0,0
C130,C130_F453,0,0
C130,C130_F454,1,0
C130,C130_F455,0,1
C130,C130_F456,0,1
C130,C130_F457,1,0
C130,C130_F458,0,0
C130,C130_F459,0,0
C130,C130_F460,0,0
C130,C130_F461,1,0
C130,C130_F462,0,0
C130,C130_F463,0,1
C130,C130_F464,2,0
C130,C130_F465,0,0
C130,C130_F466,0,0
C130,C130_F467,0,1
C130,C130_F468,0,1
C130,C130_F469,1,0
C130,C130_F470,0,1
C130,C130_F471,0,0
C130,C130_F472,1,0
C130,C130_F473,1,0
C130,C130_F474,2,0
C130,C130_F475,1,1
C130,C130_F476,0,1
C130,C130_F477,2,0
C130,C130_F478,0,1
C130,C130_F479,1,1
C130,C130_F480,1,0
C130,C130_F481,1,1
C130,C130_F484,1,1
C130,C130_F485,2,1
C130,C130_F486,1,0
C130,C130_F487,0,0
C130,C130_F488,1,1
C130,C130_F490,0,1
C130,C130_F491,0,1
C130,C130_F492,0,2
C130,C130_F493,0,0
C130,C130_F494,0,0
C130,C130_F495,1,0
C130,C130_F496,0,1
C130,C130_F497,1,0
C130,C130_F498,2,0
C130,C130_F499,1,0
C130,C130_F500,1,0
C130,C130_F501,1,0
C130,C130_F502,2,2
C130,C130_F503,0,0
C130,C130_F504,1,0
C130,C130_F505,1,0
C130,C130_F506,0,2
C130,C130_F507,0,1
C130,C130_F508,0,2
C130,C130_F509,1,0
C130,C130_F510,1,0
C130,C130_F511,1,1
C130,C130_F513,0,1
C130,C130_F514,2,1
C130,C130_F515,0,1
C130,C130_F516,0,0
C130,C130_F517,0,0
C130,C130_F518,0,1
C130,C130_F519,1,2
C130,C130_F520,1,1
C130,C130_F521,0,0
C130,C130_F522,0,0
C130,C130_F523,1,1
C130,C130_F524,0,0
C130,C130_F525,0,2
C130,C130_F526,2,0
C130,C130_F527,0,1
C130,C130_F528,0,0
C130,C130_F529,0,0
C130,C130_F530,2,0
C130,C130_F531,2,0
C130,C130_F532,1,0
C130,C130_F534,0,0
C130,C130_F535,1,0
C130,C130_F536,1,0
C130,C130_F537,0,1
C130,C130_F538,1,1
C130,C130_F539,2,0
C130,C130_F540,2,2
C130,C130_F541,1,1
C130,C130_F542,1,0
C130,C130_F543,0,0
C130,C130_F544,0,0
C130,C130_F545,0,0
C130,C130_F546,2,0
C130,C130_F547,1,0
C130,C130_F548,0,0
C130,C130_F549,0,1
C130,C130_F550,1,0
C130,C130_F551,5,0
C130,C130_F552,1,0
C133,C133_F002,0,2
C133,C133_F004,1,0
C133,C133_F005,2,0
C133,C133_F006,1,1
C133,C133_F007,0,0
C133,C133_F009,1,0
C133,C133_F010,0,0
C133,C133_F011,1,0
C133,C133_F012,2,0
C133,C133_F013,0,2
C133,C133_F014,0,0
C133,C133_F015,1,0
C133,C133_F016,1,0
C133,C133_F017,2,0
C133,C133_F018,0,0
C133,C133_F019,1,0
C133,C133_F020,1,1
C133,C133_F021,1,0
C133,C133_F022,2,1
C133,C133_F023,0,2
C133,C133_F024,1,0
C133,C133_F025,1,0
C133,C133_F026,0,0
C133,C133_F027,0,0
C133,C133_F028,0,0
C133,C133_F029,1,0
C133,C133_F030,1,0
C133,C133_F031,0,0
C133,C133_F032,0,0
C133,C133_F033,0,0
C133,C133_F035,2,0
C133,C133_F036,1,0
C133,C133_F037,0,2
C133,C133_F038,0,2
C133,C133_F039,0,0
C133,C133_F040,1,0
C133,C133_F041,0,0
C133,C133_F042,1,2
C133,C133_F043,1,0
C133,C133_F044,0,0
C133,C133_F045,1,0
C133,C133_F047,0,1
C133,C133_F048,0,0
C133,C133_F050,1,0
C133,C133_F051,0,0
C133,C133_F052,0,3
C133,C133_F053,1,0
C133,C133_F054,2,0
C133,C133_F055,0,1
C133,C133_F056,1,0
C133,C133_F057,1,0
C133,C133_F058,0,0
C133,C133_F059,3,0
C133,C133_F061,2,1
C133,C133_F062,2,2
C133,C133_F063,0,0
C133,C133_F064,2,1
C133,C133_F065,0,0
C133,C133_F066,0,2
C133,C133_F067,0,1
C133,C133_F068,0,1
C133,C133_F069,3,0
C133,C133_F071,2,0
C133,C133_F072,2,1
C133,C133_F073,0,0
C133,C133_F074,0,0
C133,C133_F075,0,0
C133,C133_F077,1,0
C133,C133_F078,0,0
C133,C133_F079,0,1
C133,C133_F080,1,1
C133,C133_F081,2,0
C133,C133_F082,2,1
C133,C133_F084,0,1
C133,C133_F085,1,0
C133,C133_F086,2,0
C133,C133_F087,0,0
C133,C133_F088,0,1
C133,C133_F089,0,2
C133,C133_F090,0,1
C133,C133_F091,0,0
C133,C133_F092,2,1
C133,C133_F093,1,2
C133,C133_F094,2,1
C133,C133_F095,0,1
C133,C133_F096,0,1
C133,C133_F097,3,0
C133,C133_F098,1,0
C133,C133_F099,0,0
C133,C133_F100,0,1
C133,C133_F101,2,0
C133,C133_F102,0,0
C133,C133_F103,0,1
C133,C133_F104,0,2
C133,C133_F105,0,0
C133,C133_F106,0,0
C133,C133_F108,1,0
C133,C133_F109,1,0
C133,C133_F110,1,0
C133,C133_F111,1,2
C133,C133_F112,0,2
C133,C133_F113,0,0
C133,C133_F114,1,0
C133,C133_F115,1,0
C133,C133_F116,1,0
C133,C133_F117,0,0
C133,C133_F118,1,0
C133,C133_F119,0,0
C133,C133_F120,1,0
C133,C133_F121,1,0
C133,C133_F122,1,1
C133,C133_F123,0,0
C133,C133_F124,0,0
C133,C133_F125,0,1
C133,C133_F126,0,0
C133,C133_F127,0,1
C133,C133_F128,1,0
C133,C133_F129,1,0
C133,C133_F130,1,0
C133,C133_F131,1,1
C133,C133_F132,0,1
C133,C133_F133,0,0
C133,C133_F134,1,0
C133,C133_F135,0,0
C133,C133_F136,1,0
C133,C133_F138,0,1
C133,C133_F139,1,0
C133,C133_F140,1,0
C133,C133_F141,0,1
C133,C133_F142,0,1
C133,C133_F143,2,1
C133,C133_F144,1,1
C133,C133_F146,0,0
C133,C133_F147,3,0
C133,C133_F148,0,0
C133,C133_F149,2,0
C133,C133_F150,1,0
C133,C133_F151,2,1
C133,C133_F153,2,0
C133,C133_F154,0,0
C133,C133_F156,1,0
C133,C133_F157,0,1
C133,C133_F158,0,0
C133,C133_F159,1,2
C133,C133_F160,1,0
C133,C133_F161,2,1
C133,C133_F162,2,0
C133,C133_F163,0,0
C133,C133_F164,0,0
C133,C133_F165,1,1
C133,C133_F166,0,0
C133,C133_F168,0,0
C133,C133_F169,3,0
C133,C133_F171,0,2
C133,C133_F172,0,0
C133,C133_F173,1,0
C133,C133_F174,0,1
C133,C133_F175,0,1
C133,C133_F176,0,0
C133,C133_F177,2,1
C133,C133_F178,1,0
C133,C133_F180,0,0
C133,C133_F181,0,0
C133,C133_F182,2,0
C133,C133_F183,2,0
C133,C133_F184,1,0
C133,C133_F185,2,1
C133,C133_F186,0,1
C133,C133_F187,2,0
C133,C133_F188,1,2
C133,C133_F189,1,0
C133,C133_F191,1,1
C133,C133_F192,3,1
C133,C133_F193,0,1
C133,C133_F194,1,0
C133,C133_F195,0,1
C133,C133_F197,0,1
C133,C133_F198,1,1
C133,C133_F199,1,0
C133,C133_F200,0,0
C133,C133_F202,0,1
C133,C133_F203,0,1
C133,C133_F205,0,0
C133,C133_F206,1,1
C133,C133_F207,0,0
C133,C133_F208,0,1
C133,C133_F209,0,0
C133,C133_F210,0,0
C133,C133_F211,1,0
C133,C133_F212,2,0
C133,C133_F213,0,1
C133,C133_F214,1,1
C133,C133_F215,1,0
C133,C133_F216,1,0
C133,C133_F217,0,0
C133,C133_F218,1,0
C133,C133_F219,0,0
C133,C133_F220,0,1
C133,C133_F221,1,0
C133,C133_F222,0,2
C133,C133_F223,1,0
C133,C133_F224,1,0
C133,C133_F225,0,1
C133,C133_F226,1,0
C133,C133_F227,0,1
C133,C133_F228,0,1
C133,C133_F229,0,1
C133,C133_F230,1,0
C133,C133_F231,0,2
C133,C133_F232,0,0
C133,C133_F233,1,1
C133,C133_F234,0,0
C133,C133_F235,0,0
C133,C133_F236,0,1
C133,C133_F238,1,0
C133,C133_F239,2,1
C133,C133_F240,0,0
C133,C133_F241,2,2
C133,C133_F242,0,1
C133,C133_F243,1,1
C133,C133_F244,1,1
C133,C133_F246,0,1
C133,C133_F247,0,2
C133,C133_F249,1,0
C133,C133_F250,0,0
C133,C133_F251,0,0
C133,C133_F252,0,2
C133,C133_F253,0,0
C133,C133_F254,1,0
C133,C133_F255,1,1
C133,C133_F257,1,1
C133,C133_F258,2,0
C133,C133_F259,0,1
C133,C133_F260,1,2
C133,C133_F261,1,0
C133,C133_F262,2,0
C133,C133_F263,0,1
C133,C133_F264,1,0
C133,C133_F265,2,1
C133,C133_F266,0,0
C133,C133_F267,3,0
C133,C133_F268,1,0
C133,C133_F269,0,1
C133,C133_F271,2,0
C133,C133_F272,0,0
C133,C133_F273,0,1
C133,C133_F274,1,1
C133,C133_F275,0,4
C133,C133_F276,1,0
C133,C133_F277,3,0
C133,C133_F278,1,0
C133,C133_F279,0,0
C133,C133_F280,0,1
C133,C133_F281,0,0
C133,C133_F282,2,0
C133,C133_F283,1,0
C133,C133_F284,1,0
C133,C133_F285,0,1
C133,C133_F286,1,1
C133,C133_F287,1,1
C133,C133_F288,2,0
C133,C133_F289,0,0
C133,C133_F290,0,0
C133,C133_F291,0,0
C133,C133_F292,0,2
C133,C133_F293,2,0
C133,C133_F294,1,1
C133,C133_F295,0,1
C133,C133_F296,0,0
C133,C133_F297,0,0
C133,C133_F298,1,1
C133,C133_F299,1,2
C133,C133_F300,0,1
C133,C133_F301,0,1
C133,C133_F302,2,1
C133,C133_F304,2,1
C133,C133_F305,2,1
C133,C133_F306,2,0
C133,C133_F307,1,1
C133,C133_F308,0,1
C133,C133_F309,0,1
C133,C133_F310,0,0
C133,C133_F311,2,0
C133,C133_F312,0,0
C133,C133_F313,0,0
C133,C133_F314,1,0
C133,C133_F315,0,1
C133,C133_F316,2,1
C133,C133_F317,0,1
C133,C133_F318,0,1
C133,C133_F319,1,0
C133,C133_F320,0,2
C133,C133_F322,1,0
C133,C133_F323,0,2
C133,C133_F324,1,1
C133,C133_F325,0,3
C133,C133_F326,0,0
C133,C133_F327,0,1
C133,C133_F328,0,0
C133,C133_F329,0,1
C133,C133_F330,0,0
C133,C133_F331,1,0
C133,C133_F332,2,0
C133,C133_F333,2,0
C133,C133_F334,0,0
C133,C133_F335,0,1
C133,C133_F336,2,0
C133,C133_F337,1,1
C133,C133_F338,3,0
C133,C133_F339,0,0
C133,C133_F340,0,1
C133,C133_F341,0,0
C133,C133_F342,1,0
C133,C133_F343,1,0
C133,C133_F344,0,1
C133,C133_F345,0,3
C133,C133_F346,0,1
C133,C133_F347,1,1
C133,C133_F349,1,0
C133,C133_F350,1,1
C133,C133_F351,0,3
C133,C133_F352,0,0
C133,C133_F353,1,0
C133,C133_F354,0,0
C133,C133_F355,0,1
C133,C133_F356,2,0
C133,C133_F357,0,0
C133,C133_F358,0,2
C133,C133_F360,0,1
C133,C133_F361,0,0
C133,C133_F362,1,2
C133,C133_F363,1,0
C133,C133_F364,1,0
C133,C133_F365,0,1
C133,C133_F366,1,1
C133,C133_F367,1,0
C133,C133_F368,0,0
C133,C133_F369,2,1
C133,C133_F370,1,0
C133,C133_F371,3,1
C133,C133_F373,2,0
C133,C133_F374,1,0
C133,C133_F376,2,0
C133,C133_F377,1,0
C133,C133_F378,1,1
C133,C133_F379,0,2
C133,C133_F380,2,0
C133,C133_F381,3,1
C133,C133_F382,0,0
C133,C133_F383,1,2
C133,C133_F384,2,0
C133,C133_F385,0,0
C133,C133_F386,0,2
C133,C133_F387,0,1
C133,C133_F388,1,0
C133,C133_F389,0,0
C133,C133_F390,1,1
C133,C133_F391,0,0
C133,C133_F392,3,1
C133,C133_F393,1,0
C133,C133_F394,0,1
C133,C133_F395,1,0
C133,C133_F396,1,1
C133,C133_F397,0,0
C133,C133_F398,1,0
C133,C133_F399,0,2
C133,C133_F400,2,0
C133,C133_F401,1,0
C133,C133_F402,0,2
C133,C133_F403,2,0
C133,C133_F404,0,0
C133,C133_F405,2,0
C133,C133_F407,0,1
C133,C133_F408,1,1
C133,C133_F409,0,1
C133,C133_F410,0,1
C133,C133_F411,2,1
C133,C133_F412,0,0
C133,C133_F413,0,1
C133,C133_F414,0,1
C133,C133_F415,0,0
C133,C133_F416,0,0
C133,C133_F417,2,0
C133,C133_F418,0,0
C133,C133_F419,2,2
C133,C133_F420,0,0
C133,C133_F421,1,0
C133,C133_F422,0,0
C133,C133_F423,0,2
C133,C133_F424,0,1
C133,C133_F425,1,0
C133,C133_F426,1,1
C133,C133_F427,1,0
C133,C133_F428,1,1
C133,C133_F429,2,0
C133,C133_F430,0,0
C133,C133_F431,0,1
C133,C133_F432,0,0
C133,C133_F433,2,1
C133,C133_F434,1,0
C133,C133_F435,1,1
C133,C133_F436,0,0
C133,C133_F437,1,0
C133,C133_F438,1,0
C133,C133_F439,0,0
C133,C133_F440,0,1
C133,C133_F442,1,0
C133,C133_F443,1,1
C133,C133_F444,0,0
C133,C133_F445,3,0
C133,C133_F446,1,1
C133,C133_F447,1,1
C133,C133_F448,1,1
C133,C133_F449,1,1
C133,C133_F450,0,1
C133,C133_F451,0,0
C133,C133_F453,1,0
C133,C133_F454,1,0
C133,C133_F455,1,2
C133,C133_F456,0,1
C133,C133_F458,1,1
C133,C133_F459,0,0
C133,C133_F460,0,2
C133,C133_F461,1,0
C133,C133_F462,0,0
C133,C133_F463,0,0
C133,C133_F464,0,2
C133,C133_F465,0,0
C133,C133_F466,0,0
C133,C133_F467,0,0
C133,C133_F468,0,1
C133,C133_F469,0,0
C133,C133_F470,0,2
C133,C133_F471,1,0
C133,C133_F472,0,3
C133,C133_F473,3,0
C133,C133_F474,0,0
C133,C133_F475,4,1
C133,C133_F476,2,1
C133,C133_F477,2,1
C133,C133_F478,1,1
C133,C133_F479,0,1
C133,C133_F480,0,1
C133,C133_F481,1,0
C133,C133_F482,0,0
C133,C133_F483,0,3
C133,C133_F484,0,0
C133,C133_F487,0,0
C133,C133_F488,1,0
C133,C133_F489,2,1
C133,C133_F491,0,2
C133,C133_F492,1,1
C133,C133_F493,0,1
C133,C133_F494,2,1
C133,C133_F495,2,0
C133,C133_F496,0,0
C133,C133_F497,0,0
C133,C133_F498,0,1
C133,C133_F499,0,0
C133,C133_F501,1,1
C133,C133_F502,1,0
C133,C133_F503,1,0
C133,C133_F504,1,0
C133,C133_F505,3,1
C133,C133_F506,2,1
C133,C133_F507,1,0
C133,C133_F508,0,0
C133,C133_F509,0,1
C133,C133_F510,0,1
C133,C133_F511,1,0
C133,C133_F512,1,0
C133,C133_F513,0,1
C133,C133_F516,0,1
C133,C133_F517,3,0
C133,C133_F518,2,0
C133,C133_F519,0,0
C133,C133_F520,0,0
C133,C133_F521,1,0
C133,C133_F522,1,1
C133,C133_F523,1,0
C133,C133_F525,0,0
C133,C133_F526,0,1
C133,C133_F527,0,0
C133,C133_F528,1,0
C133,C133_F529,0,0
C133,C133_F530,0,0
C133,C133_F531,1,1
C133,C133_F532,0,1
C133,C133_F533,1,0
C133,C133_F534,0,0
C133,C133_F535,0,0
C133,C133_F536,0,1
C133,C133_F537,0,1
C133,C133_F538,0,0
C133,C133_F539,1,0
C133,C133_F540,0,1
C133,C133_F541,0,0
C133,C133_F542,0,0
C133,C133_F543,1,0
C133,C133_F544,3,2
C133,C133_F545,0,1
C133,C133_F546,0,0
C133,C133_F547,0,1
C133,C133_F549,1,1
C133,C133_F551,1,1
C133,C133_F552,1,2
C134,C134_F001,0,0
C134,C134_F002,0,1
C134,C134_F003,0,0
C134,C134_F004,1,0
C134,C134_F005,1,1
C134,C134_F007,0,0
C134,C134_F008,1,1
C134,C134_F009,1,0
C134,C134_F010,1,3
C134,C134_F011,0,0
C134,C134_F012,1,1
C134,C134_F013,0,0
C134,C134_F014,1,3
C134,C134_F015,1,1
C134,C134_F016,1,0
C134,C134_F017,0,1
C134,C134_F018,0,1
C134,C134_F019,0,0
C134,C134_F020,0,0
C134,C134_F021,0,0
C134,C134_F022,1,0
C134,C134_F023,2,1
C134,C134_F024,1,0
C134,C134_F025,2,0
C134,C134_F026,1,1
C134,C134_F027,0,0
C134,C134_F029,1,1
C134,C134_F030,1,0
C134,C134_F031,1,0
C134,C134_F032,0,0
C134,C134_F033,2,0
C134,C134_F034,0,0
C134,C134_F035,0,0
C134,C134_F036,1,1
C134,C134_F037,3,0
C134,C134_F038,1,1
C134,C134_F039,1,0
C134,C134_F040,1,1
C134,C134_F041,0,0
C134,C134_F042,2,0
C134,C134_F043,0,2
C134,C134_F044,0,1
C134,C134_F045,1,0
C134,C134_F047,0,0
C134,C134_F048,0,1
C134,C134_F049,1,0
C134,C134_F050,1,0
C134,C134_F051,1,1
C134,C134_F052,0,1
C134,C134_F053,1,2
C134,C134_F054,0,1
C134,C134_F055,1,1
C134,C134_F056,1,2
C134,C134_F057,0,0
C134,C134_F058,1,0
C134,C134_F059,1,1
C134,C134_F060,1,0
C134,C134_F061,1,0
C134,C134_F062,4,1
C134,C134_F063,0,0
C134,C134_F064,1,0
C134,C134_F065,0,1
C134,C134_F066,1,1
C134,C134_F067,1,0
C134,C134_F068,0,1
C134,C134_F069,0,0
C134,C134_F070,1,0
C134,C134_F071,0,2
C134,C134_F072,1,0
C134,C134_F073,2,1
C134,C134_F074,1,0
C134,C134_F075,1,0
C134,C134_F076,0,1
C134,C134_F077,1,1
C134,C134_F078,1,0
C134,C134_F080,2,1
C134,C134_F081,0,2
C134,C134_F082,2,0
C134,C134_F083,1,0
C134,C134_F084,1,0
C134,C134_F085,1,1
C134,C134_F086,1,0
C134,C134_F087,1,1
C134,C134_F088,0,1
C134,C134_F089,1,0
C134,C134_F090,0,0
C134,C134_F092,2,0
C134,C134_F093,0,1
C134,C134_F095,0,1
C134,C134_F096,1,0
C134,C134_F097,2,0
C134,C134_F098,1,1
C134,C134_F099,0,0
C134,C134_F100,0,1
C134,C134_F101,0,0
C134,C134_F102,1,1
C134,C134_F103,1,1
C134,C134_F104,0,1
C134,C134_F105,1,1
C134,C134_F106,0,0
C134,C134_F108,0,0
C134,C134_F109,3,0
C134,C134_F110,3,0
C134,C134_F111,3,0
C134,C134_F112,1,1
C134,C134_F113,2,2
C134,C134_F114,1,1
C134,C134_F115,0,1
C134,C134_F116,0,1
C134,C134_F117,1,0
C134,C134_F118,1,0
C134,C134_F119,1,0
C134,C134_F120,1,2
C134,C134_F121,1,2
C134,C134_F122,1,1
C134,C134_F123,1,1
C134,C134_F124,0,0
C134,C134_F125,0,1
C134,C134_F127,1,0
C134,C134_F128,0,0
C134,C134_F129,2,1
C134,C134_F130,1,0
C134,C134_F131,0,0
C134,C134_F132,0,0
C134,C134_F133,1,2
C134,C134_F134,1,0
C134,C134_F135,2,0
C134,C134_F136,1,3
C134,C134_F137,3,0
C134,C134_F138,0,1
C134,C134_F139,2,1
C134,C134_F140,1,0
C134,C134_F141,1,0
C134,C134_F142,0,0
C134,C134_F143,1,1
C134,C134_F144,0,2
C134,C134_F145,0,1
C134,C134_F147,2,1
C134,C134_F148,3,0
C134,C134_F149,1,0
C134,C134_F150,0,2
C134,C134_F151,1,0
C134,C134_F152,0,2
C134,C134_F153,1,0
C134,C134_F154,2,0
C134,C134_F155,3,0
C134,C134_F156,1,1
C134,C134_F157,1,0
C134,C134_F158,1,0
C134,C134_F159,1,0
C134,C134_F160,2,0
C134,C134_F161,1,2
C134,C134_F163,1,0
C134,C134_F164,2,0
C134,C134_F165,1,1
C134,C134_F166,1,5
C134,C134_F167,0,1
C134,C134_F168,1,0
C134,C134_F169,1,3
C134,C134_F170,2,0
C134,C134_F171,1,0
C134,C134_F172,0,2
C134,C134_F173,0,0
C134,C134_F174,1,0
C134,C134_F175,0,0
C134,C134_F176,1,0
C134,C134_F177,0,0
C134,C134_F178,0,1
C134,C134_F179,1,1
C134,C134_F180,1,0
C135,C135_F001,0,1
C135,C135_F002,2,0
C135,C135_F003,3,1
C135,C135_F004,0,1
C135,C135_F005,0,0
C135,C135_F006,0,0
C135,C135_F010,1,2
C135,C135_F011,0,0
C135,C135_F012,0,2
C135,C135_F013,0,0
C135,C135_F014,2,0
C135,C135_F015,0,0
C135,C135_F016,0,1
C135,C135_F017,1,2
C135,C135_F018,0,0
C135,C135_F020,1,1
C135,C135_F023,0,0
C135,C135_F024,1,1
C135,C135_F025,0,0
C135,C135_F026,1,0
C135,C135_F027,0,2
C135,C135_F028,1,0
C135,C135_F029,2,0
C135,C135_F030,1,0
C135,C135_F031,1,0
C135,C135_F032,0,2
C135,C135_F033,1,0
C135,C135_F034,0,1
C135,C135_F035,1,0
C135,C135_F036,0,1
C135,C135_F037,1,2
C135,C135_F038,1,1
C135,C135_F039,1,0
C135,C135_F040,1,0
C135,C135_F041,1,1
C135,C135_F042,1,0
C135,C135_F043,1,1
C135,C135_F045,0,1
C135,C135_F046,1,1
C135,C135_F047,1,0
C135,C135_F048,0,1
C135,C135_F049,0,1
C135,C135_F050,3,0
C135,C135_F051,0,0
C135,C135_F052,0,2
C135,C135_F053,2,1
C135,C135_F054,0,1
C135,C135_F055,2,0
C135,C135_F056,1,0
C135,C135_F057,0,3
C135,C135_F058,1,0
C135,C135_F059,0,1
C135,C135_F060,3,1
C135,C135_F061,1,0
C135,C135_F062,0,2
C135,C135_F063,1,0
C135,C135_F064,1,2
C135,C135_F065,0,0
C135,C135_F067,4,1
C135,C135_F068,1,1
C135,C135_F069,1,0
C135,C135_F070,1,0
C135,C135_F071,1,0
C135,C135_F072,1,1
C135,C135_F073,0,1
C135,C135_F074,1,1
C135,C135_F075,0,1
C135,C135_F076,1,3
C135,C135_F077,2,1
C135,C135_F078,1,0
C135,C135_F079,0,1
C135,C135_F080,1,2
C135,C135_F082,1,0
C135,C135_F083,0,0
C135,C135_F084,1,0
C135,C135_F085,1,0
C135,C135_F086,0,3
C135,C135_F087,0,1
C135,C135_F088,1,1
C135,C135_F089,0,1
C135,C135_F090,0,1
C135,C135_F091,0,0
C135,C135_F092,0,1
C135,C135_F093,2,0
C135,C135_F094,0,1
C135,C135_F095,1,0
C135,C135_F096,0,0
C135,C135_F097,0,0
C135,C135_F098,0,1
C135,C135_F099,1,1
C135,C135_F100,0,2
C135,C135_F101,1,0
C135,C135_F102,0,0
C135,C135_F103,1,1
C135,C135_F104,1,0
C135,C135_F105,1,1
C135,C135_F106,0,0
C135,C135_F109,0,0
C135,C135_F110,0,1
C135,C135_F111,0,2
C135,C135_F112,2,1
C135,C135_F113,1,3
C135,C135_F114,0,0
C135,C135_F115,0,2
C135,C135_F116,0,0
C135,C135_F117,1,1
C135,C135_F119,2,0
C135,C135_F120,1,0
C135,C135_F121,0,0
C135,C135_F122,2,0
C135,C135_F123,1,0
C135,C135_F124,0,0
C135,C135_F125,1,0
C135,C135_F126,1,0
C135,C135_F127,0,0
C135,C135_F128,0,3
C135,C135_F129,1,0
C135,C135_F130,0,0
C135,C135_F131,1,2
C135,C135_F132,3,1
C135,C135_F133,2,1
C135,C135_F134,0,1
C135,C135_F135,0,1
C135,C135_F136,0,0
C135,C135_F137,1,1
C135,C135_F138,1,0
C135,C135_F139,0,0
C135,C135_F140,0,0
C135,C135_F141,1,0
C135,C135_F142,2,0
C135,C135_F143,2,1
C135,C135_F144,1,1
C135,C135_F148,1,0
C135,C135_F149,0,1
C135,C135_F150,3,1
C135,C135_F151,0,0
C135,C135_F152,1,0
C135,C135_F153,1,0
C135,C135_F154,2,0
C135,C135_F155,0,1
C135,C135_F156,1,0
C135,C135_F157,0,2
C135,C135_F158,0,1
C135,C135_F159,1,0
C135,C135_F160,1,0
C135,C135_F161,2,0
C135,C135_F162,0,0
C135,C135_F163,0,2
C135,C135_F164,0,0
C135,C135_F165,3,1
C135,C135_F166,2,1
C135,C135_F167,1,0
C135,C135_F168,0,0
C135,C135_F169,1,0
C135,C135_F170,1,0
C135,C135_F171,0,0
C135,C135_F172,2,1
C135,C135_F173,1,0
C135,C135_F174,1,1
C135,C135_F175,0,3
C135,C135_F176,0,1
C135,C135_F177,0,0
C135,C135_F178,0,0
C135,C135_F179,1,0
C135,C135_F180,1,1
C135,C135_F181,0,1
C135,C135_F182,1,1
C135,C135_F183,1,1
C135,C135_F185,0,2
C135,C135_F186,0,1
C135,C135_F187,0,1
C135,C135_F188,1,0
C135,C135_F189,0,2
C135,C135_F190,0,1
C135,C135_F191,0,2
C135,C135_F192,0,1
C135,C135_F193,0,1
C135,C135_F195,0,0
C135,C135_F196,1,1
C135,C135_F197,0,0
C135,C135_F198,0,0
C135,C135_F199,1,1
C135,C135_F200,1,0
C135,C135_F201,0,2
C135,C135_F202,1,1
C135,C135_F203,0,1
C135,C135_F204,0,0
C135,C135_F206,0,2
C135,C135_F207,1,0
C135,C135_F209,3,0
C135,C135_F210,1,0
C135,C135_F211,0,0
C135,C135_F212,2,1
C135,C135_F213,0,0
C135,C135_F214,0,0
C135,C135_F215,0,0
C135,C135_F216,0,2
C135,C135_F217,2,0
C135,C135_F218,3,0
C135,C135_F219,1,0
C135,C135_F221,1,2
C135,C135_F225,1,0
C135,C135_F226,1,0
C135,C135_F227,0,1
C135,C135_F228,2,1
C135,C135_F229,1,0
C135,C135_F230,2,0
C135,C135_F231,2,0
C135,C135_F232,0,0
C135,C135_F233,3,4
C135,C135_F235,0,0
C135,C135_F236,1,1
C135,C135_F237,0,0
C135,C135_F238,0,0
C135,C135_F240,0,0
C135,C135_F241,1,0
C135,C135_F242,1,0
C135,C135_F243,0,1
C135,C135_F244,0,2
C135,C135_F245,1,0
C135,C135_F246,1,1
C135,C135_F247,1,2
C135,C135_F248,0,2
C135,C135_F249,1,0
C135,C135_F250,1,0
C135,C135_F251,2,1
C135,C135_F252,1,0
C135,C135_F253,1,0
C135,C135_F254,1,1
C135,C135_F255,2,0
C135,C135_F256,0,0
C135,C135_F257,1,1
C135,C135_F258,0,1
C135,C135_F259,0,0
C135,C135_F260,0,1
C135,C135_F261,1,1
C135,C135_F262,0,2
C135,C135_F263,0,2
C135,C135_F264,0,0
C135,C135_F265,0,0
C135,C135_F266,1,1
C135,C135_F267,2,0
C135,C135_F268,1,0
C135,C135_F269,0,1
C135,C135_F270,0,0
C135,C135_F271,0,0
C135,C135_F273,0,2
C135,C135_F274,1,0
C135,C135_F275,2,1
C135,C135_F276,1,0
C135,C135_F277,1,0
C135,C135_F278,1,0
C135,C135_F279,0,1
C135,C135_F280,0,1
C135,C135_F282,1,1
C135,C135_F283,2,1
C135,C135_F284,0,1
C135,C135_F285,1,0
C135,C135_F286,0,0
C135,C135_F287,1,1
C135,C135_F288,1,1
C135,C135_F289,2,2
C135,C135_F291,1,0
C135,C135_F292,0,0
C135,C135_F293,1,3
C135,C135_F294,0,2
C135,C135_F295,0,1
C135,C135_F296,0,0
C135,C135_F297,0,1
C135,C135_F298,0,1
C135,C135_F299,0,0
C135,C135_F300,2,1
C135,C135_F302,3,1
C135,C135_F303,1,0
C135,C135_F304,1,1
C135,C135_F305,0,0
C135,C135_F306,1,1
C135,C135_F307,1,1
C135,C135_F308,2,2
C135,C135_F309,0,0
C135,C135_F310,0,1
C135,C135_F311,1,0
C135,C135_F312,0,3
C135,C135_F313,0,0
C135,C135_F314,0,0
C135,C135_F315,1,2
C135,C135_F316,1,0
C135,C135_F318,1,1
C135,C135_F319,1,0
C135,C135_F321,2,1
C135,C135_F322,1,0
C135,C135_F323,0,0
C135,C135_F324,0,0
C135,C135_F325,0,1
C135,C135_F326,1,1
C135,C135_F327,1,0
C135,C135_F328,1,0
C135,C135_F329,0,0
C135,C135_F330,2,0
C135,C135_F331,0,0
C135,C135_F332,1,1
C135,C135_F333,0,0
C135,C135_F334,0,1
C135,C135_F335,0,1
C135,C135_F336,2,0
C135,C135_F337,0,0
C135,C135_F338,2,0
C135,C135_F339,0,1
C135,C135_F340,1,0
C135,C135_F341,1,2
C135,C135_F342,0,0
C135,C135_F343,1,0
C135,C135_F344,0,0
C135,C135_F345,0,1
C135,C135_F346,1,0
C135,C135_F347,1,1
C135,C135_F348,0,0
C135,C135_F349,0,0
C135,C135_F351,1,0
C135,C135_F352,2,0
C135,C135_F353,0,1
C135,C135_F354,0,0
C135,C135_F355,0,0
C135,C135_F357,1,1
C135,C135_F358,1,1
C135,C135_F359,1,0
C135,C135_F360,0,1
C135,C135_F361,0,0
C135,C135_F362,1,1
C135,C135_F363,0,1
C135,C135_F364,1,0
C135,C135_F365,1,1
C135,C135_F366,2,0
C135,C135_F367,0,1
C135,C135_F368,2,0
C135,C135_F369,0,0
C135,C135_F370,0,0
C135,C135_F372,0,0
C135,C135_F373,0,0
C135,C135_F374,2,0
C135,C135_F376,0,1
C135,C135_F377,0,1
C135,C135_F378,2,0
C135,C135_F379,0,1
C135,C135_F380,1,1
C136,C136_F001,1,0
C136,C136_F002,1,1
C136,C136_F003,2,0
C136,C136_F004,2,0
C136,C136_F005,0,1
C136,C136_F006,0,1
C136,C136_F007,0,1
C136,C136_F008,2,0
C136,C136_F009,0,0
C136,C136_F010,1,1
C136,C136_F011,1,0
C136,C136_F012,1,2
C136,C136_F013,1,0
C136,C136_F014,1,0
C136,C136_F015,0,0
C136,C136_F016,1,2
C136,C136_F017,0,0
C136,C136_F019,2,0
C136,C136_F020,2,0
C136,C136_F021,2,0
C136,C136_F023,0,0
C136,C136_F024,0,1
C136,C136_F025,1,0
C136,C136_F026,0,0
C136,C136_F027,2,2
C136,C136_F028,3,1
C136,C136_F029,1,0
C136,C136_F030,2,0
C136,C136_F031,1,1
C136,C136_F032,1,1
C136,C136_F033,1,0
C136,C136_F034,0,1
C136,C136_F035,1,1
C136,C136_F036,0,1
C136,C136_F037,0,0
C136,C136_F038,0,0
C136,C136_F039,1,0
C136,C136_F040,0,1
C136,C136_F041,1,0
C136,C136_F042,1,0
C136,C136_F043,1,0
C136,C136_F044,2,0
C136,C136_F045,1,0
C136,C136_F046,1,1
C136,C136_F047,0,0
C136,C136_F048,0,0
C136,C136_F050,0,1
C136,C136_F051,0,0
C136,C136_F052,1,0
C136,C136_F053,0,0
C136,C136_F054,0,2
C136,C136_F055,0,1
C136,C136_F056,1,1
C136,C136_F057,1,0
C136,C136_F058,1,0
C136,C136_F059,0,1
C136,C136_F060,0,1
C136,C136_F061,1,0
C136,C136_F062,0,0
C136,C136_F063,0,2
C136,C136_F064,2,1
C136,C136_F065,1,0
C136,C136_F066,0,1
C136,C136_F067,0,3
C136,C136_F068,1,0
C136,C136_F069,1,0
C136,C136_F070,0,1
C136,C136_F071,0,0
C136,C136_F072,1,0
C136,C136_F073,0,0
C136,C136_F074,0,0
C136,C136_F075,0,1
C136,C136_F076,2,1
C136,C136_F077,0,0
C136,C136_F078,0,0
C136,C136_F079,2,1
C136,C136_F080,1,1
C136,C136_F081,1,0
C136,C136_F082,0,1
C136,C136_F083,1,1
C136,C136_F084,1,0
C136,C136_F086,0,2
C136,C136_F087,0,0
C136,C136_F088,2,0
C136,C136_F089,2,0
C136,C136_F091,0,1
C136,C136_F092,0,1
C136,C136_F093,0,1
C136,C136_F094,1,0
C136,C136_F095,0,0
C136,C136_F096,1,0
C136,C136_F097,1,0
C136,C136_F098,0,1
C136,C136_F099,0,2
C136,C136_F100,1,0
C136,C136_F101,0,0
C136,C136_F102,3,1
C136,C136_F103,1,0
C136,C136_F104,1,0
C136,C136_F105,0,1
C136,C136_F106,1,1
C136,C136_F107,0,0
C136,C136_F108,0,1
C136,C136_F109,1,0
C136,C136_F110,1,1
C136,C136_F111,0,1
C136,C136_F112,0,2
C136,C136_F113,0,0
C136,C136_F114,5,1
C136,C136_F115,1,0
C136,C136_F116,0,0
C136,C136_F117,0,2
C136,C136_F118,0,0
C136,C136_F119,0,1
C136,C136_F120,0,1
C136,C136_F121,0,2
C136,C136_F122,0,0
C136,C136_F123,1,0
C136,C136_F124,1,0
C136,C136_F125,1,1
C136,C136_F126,3,1
C136,C136_F127,0,0
C136,C136_F128,0,1
C136,C136_F129,0,0
C136,C136_F130,1,0
C136,C136_F131,1,1
C136,C136_F132,0,0
C136,C136_F133,1,1
C136,C136_F134,1,0
C136,C136_F135,0,1
C136,C136_F136,1,0
C136,C136_F137,1,0
C136,C136_F138,0,2
C136,C136_F139,0,1
C136,C136_F140,1,2
C136,C136_F141,1,0
C136,C136_F142,0,1
C136,C136_F143,0,0
C136,C136_F144,0,1
C136,C136_F145,2,0
C136,C136_F146,1,0
C136,C136_F147,0,0
C136,C136_F148,0,0
C136,C136_F149,1,0
C136,C136_F150,1,0
C136,C136_F151,0,0
C136,C136_F152,0,1
C136,C136_F153,0,1
C136,C136_F154,0,2
C136,C136_F156,0,1
C136,C136_F157,1,0
C136,C136_F158,0,0
C136,C136_F159,2,2
C136,C136_F160,0,0
C136,C136_F161,2,0
C136,C136_F162,1,0
C136,C136_F163,1,0
C136,C136_F164,2,1
C136,C136_F165,2,0
C136,C136_F166,0,1
C136,C136_F167,1,0
C136,C136_F168,2,1
C136,C136_F169,1,0
C136,C136_F170,1,0
C136,C136_F171,1,1
C136,C136_F172,2,1
C136,C136_F173,0,0
C136,C136_F174,0,1
C136,C136_F176,0,2
C136,C136_F177,1,2
C136,C136_F178,0,0
C136,C136_F179,0,1
C136,C136_F180,0,1
C136,C136_F181,1,0
C136,C136_F182,0,0
C136,C136_F183,2,0
C136,C136_F184,0,2
C136,C136_F186,2,0
C136,C136_F187,3,0
C136,C136_F188,0,2
C136,C136_F189,0,1
C136,C136_F190,1,0
C136,C136_F192,0,0
C136,C136_F194,2,2
C136,C136_F195,1,0
C136,C136_F196,1,0
C136,C136_F197,0,1
C136,C136_F198,1,1
C136,C136_F199,0,1
C136,C136_F200,0,0
C136,C136_F201,2,0
C136,C136_F202,1,1
C136,C136_F203,0,0
C136,C136_F204,0,0
C136,C136_F205,0,0
C136,C136_F207,1,1
C136,C136_F209,1,1
C136,C136_F210,0,2
C136,C136_F211,0,1
C136,C136_F212,0,0
C136,C136_F213,1,0
C136,C136_F214,0,0
C136,C136_F215,0,0
C136,C136_F216,0,0
C136,C136_F217,1,0
C136,C136_F218,1,1
C136,C136_F219,2,0
C136,C136_F220,1,0
C136,C136_F221,0,3
C136,C136_F222,0,0
C136,C136_F223,1,0
C136,C136_F224,2,2
C136,C136_F225,0,0
C136,C136_F226,2,0
C136,C136_F227,0,0
C136,C136_F228,1,0
C136,C136_F229,1,0
C136,C136_F230,1,1
C136,C136_F231,2,0
C136,C136_F233,3,0
C136,C136_F234,2,2
C136,C136_F235,0,0
C136,C136_F236,0,0
C136,C136_F237,0,1
C136,C136_F238,1,0
C136,C136_F239,1,1
C136,C136_F240,1,0
C136,C136_F241,1,0
C136,C136_F242,2,0
C136,C136_F243,1,0
C136,C136_F244,0,0
C136,C136_F245,1,0
C136,C136_F246,0,0
C136,C136_F248,1,1
C136,C136_F249,1,0
C136,C136_F250,0,0
C136,C136_F251,0,1
C136,C136_F252,0,1
C136,C136_F253,1,1
C136,C136_F254,1,0
C136,C136_F255,2,1
C136,C136_F256,0,1
C136,C136_F257,1,0
C136,C136_F258,1,0
C136,C136_F259,2,1
C136,C136_F260,1,0
C136,C136_F261,0,0
C136,C136_F262,0,0
C136,C136_F263,0,0
C136,C136_F264,0,0
C136,C136_F265,1,0
C136,C136_F266,0,0
C136,C136_F267,0,0
C136,C136_F268,1,0
C136,C136_F269,0,0
C136,C136_F270,0,0
C136,C136_F271,1,1
C136,C136_F272,0,1
C136,C136_F274,1,2
C136,C136_F275,0,1
C136,C136_F276,1,3
C136,C136_F277,1,2
C136,C136_F278,0,1
C136,C136_F279,1,1
C136,C136_F280,0,1
C136,C136_F281,2,0
C136,C136_F282,0,0
C136,C136_F283,2,0
C136,C136_F284,1,0
C136,C136_F285,1,0
C136,C136_F286,0,0
C136,C136_F287,1,1
C136,C136_F288,1,0
C136,C136_F289,1,1
C136,C136_F290,2,1
C136,C136_F292,1,0
C136,C136_F293,0,0
C136,C136_F294,0,0
C136,C136_F295,0,0
C136,C136_F296,1,0
C136,C136_F297,1,0
C136,C136_F298,1,0
C136,C136_F299,0,0
C136,C136_F300,0,1
C136,C136_F301,0,1
C136,C136_F302,0,0
C136,C136_F303,1,0
C136,C136_F304,0,1
C136,C136_F305,0,1
C136,C136_F306,0,1
C136,C136_F307,1,1
C136,C136_F308,0,0
C136,C136_F309,2,1
C136,C136_F310,1,0
C136,C136_F311,0,1
C136,C136_F312,0,1
C136,C136_F313,1,0
C136,C136_F314,0,0
C136,C136_F315,1,2
C136,C136_F316,0,0
C136,C136_F317,0,0
C136,C136_F318,0,1
C136,C136_F319,0,0
C136,C136_F320,0,0
C136,C136_F321,0,1
C136,C136_F322,0,1
C136,C136_F323,0,1
C136,C136_F324,2,0
C136,C136_F325,0,1
C136,C136_F327,1,1
C136,C136_F328,0,0
C136,C136_F329,0,0
C136,C136_F330,1,0
C136,C136_F331,0,1
C136,C136_F332,0,1
C136,C136_F333,2,0
C136,C136_F334,0,0
C136,C136_F335,1,1
C136,C136_F336,0,1
C136,C136_F337,0,0
C136,C136_F338,1,1
C136,C136_F339,0,1
C136,C136_F340,0,1
C136,C136_F342,1,0
C136,C136_F343,2,0
C136,C136_F344,1,1
C136,C136_F346,2,0
C136,C136_F347,0,0
C136,C136_F348,0,0
C136,C136_F349,0,1
C136,C136_F350,0,0
C136,C136_F351,1,1
C136,C136_F352,1,3
C136,C136_F353,0,1
C136,C136_F354,1,1
C136,C136_F355,1,1
C136,C136_F356,1,1
C136,C136_F357,1,1
C136,C136_F359,2,0
C136,C136_F360,1,1
C136,C136_F361,0,0
C136,C136_F362,2,0
C136,C136_F363,0,0
C136,C136_F364,1,1
C136,C136_F365,0,0
C136,C136_F366,1,1
C136,C136_F367,0,0
C136,C136_F368,0,0
C136,C136_F369,0,1
C136,C136_F370,0,1
C136,C136_F371,1,0
C136,C136_F372,1,1
C136,C136_F373,0,3
C136,C136_F374,2,1
C136,C136_F375,1,1
C136,C136_F376,1,0
C136,C136_F377,0,2
C136,C136_F378,0,0
C136,C136_F379,1,0
C136,C136_F380,1,1
C137,C137_F001,0,0
C137,C137_F002,2,1
C137,C137_F003,2,0
C137,C137_F004,1,0
C137,C137_F005,0,2
C137,C137_F006,2,0
C137,C137_F007,2,1
C137,C137_F008,0,0
C137,C137_F009,1,2
C137,C137_F010,0,2
C137,C137_F011,2,0
C137,C137_F012,1,1
C137,C137_F013,2,0
C137,C137_F014,2,0
C137,C137_F015,0,2
C137,C137_F016,0,1
C137,C137_F017,1,0
C137,C137_F018,0,1
C137,C137_F019,0,1
C137,C137_F020,2,1
C137,C137_F021,1,0
C137,C137_F022,0,0
C137,C137_F023,0,1
C137,C137_F024,0,0
C137,C137_F025,0,0
C137,C137_F026,3,0
C137,C137_F027,1,1
C137,C137_F028,0,0
C137,C137_F029,0,1
C137,C137_F030,1,2
C137,C137_F031,0,0
C137,C137_F032,2,0
C137,C137_F033,0,0
C137,C137_F034,0,1
C137,C137_F035,0,0
C137,C137_F036,2,0
C137,C137_F037,1,0
C137,C137_F038,1,0
C137,C137_F039,0,3
C137,C137_F040,0,0
C137,C137_F041,0,1
C137,C137_F042,1,0
C137,C137_F043,1,0
C137,C137_F044,2,0
C137,C137_F045,0,1
C137,C137_F046,0,0
C137,C137_F047,1,0
C137,C137_F048,1,0
C137,C137_F049,0,1
C137,C137_F050,0,1
C137,C137_F051,1,1
C137,C137_F052,0,0
C137,C137_F053,0,1
C137,C137_F054,0,0
C137,C137_F055,1,0
C137,C137_F056,1,0
C137,C137_F057,0,1
C137,C137_F058,0,0
C137,C137_F059,1,0
C137,C137_F060,0,1
C137,C137_F061,1,0
C137,C137_F062,1,0
C137,C137_F063,1,0
C137,C137_F064,0,0
C137,C137_F065,1,1
C137,C137_F066,2,1
C137,C137_F067,0,3
C137,C137_F068,0,0
C137,C137_F069,2,1
C137,C137_F070,0,1
C137,C137_F071,0,1
C137,C137_F073,0,0
C137,C137_F074,1,0
C137,C137_F075,0,3
C137,C137_F076,2,0
C137,C137_F077,1,0
C137,C137_F078,1,1
C137,C137_F079,0,0
C137,C137_F081,0,2
C137,C137_F082,0,1
C137,C137_F083,0,0
C137,C137_F084,1,0
C137,C137_F085,1,0
C137,C137_F086,2,3
C137,C137_F087,0,0
C137,C137_F088,2,2
C137,C137_F089,0,1
C137,C137_F091,0,1
C137,C137_F092,2,1
C137,C137_F093,1,0
C137,C137_F094,0,1
C137,C137_F095,1,0
C137,C137_F096,1,0
C137,C137_F097,0,1
C137,C137_F099,0,1
C137,C137_F100,0,1
C137,C137_F101,1,2
C137,C137_F102,1,0
C137,C137_F103,1,0
C137,C137_F104,1,0
C137,C137_F105,0,1
C137,C137_F106,0,1
C137,C137_F107,3,0
C137,C137_F108,0,1
C137,C137_F109,0,1
C137,C137_F110,3,1
C137,C137_F111,2,0
C137,C137_F112,1,0
C137,C137_F113,0,1
C137,C137_F114,1,1
C137,C137_F115,0,0
C137,C137_F117,0,0
C137,C137_F118,0,0
C137,C137_F119,1,0
C137,C137_F120,0,0
C137,C137_F121,2,0
C137,C137_F122,1,1
C137,C137_F123,1,0
C137,C137_F124,0,0
C137,C137_F125,1,0
C137,C137_F127,1,2
C137,C137_F128,0,0
C137,C137_F129,2,0
C137,C137_F130,0,2
C137,C137_F131,1,0
C137,C137_F132,0,0
C137,C137_F133,1,0
C137,C137_F134,1,0
C137,C137_F135,0,0
C137,C137_F136,1,0
C137,C137_F137,0,0
C137,C137_F138,2,0
C137,C137_F139,1,1
C137,C137_F140,1,0
C137,C137_F142,2,1
C137,C137_F143,0,0
C137,C137_F144,1,1
C137,C137_F145,1,2
C137,C137_F146,0,0
C137,C137_F147,0,3
C137,C137_F148,3,0
C137,C137_F149,0,0
C137,C137_F150,0,1
C137,C137_F151,1,0
C137,C137_F152,0,0
C137,C137_F153,3,0
C137,C137_F154,1,0
C137,C137_F155,1,0
C137,C137_F156,0,0
C137,C137_F157,0,1
C137,C137_F158,1,1
C137,C137_F159,0,1
C137,C137_F160,0,1
C137,C137_F161,1,0
C137,C137_F162,1,0
C137,C137_F163,1,0
C137,C137_F165,1,0
C137,C137_F166,1,0
C137,C137_F167,1,1
C137,C137_F168,1,0
C137,C137_F169,1,0
C137,C137_F170,0,1
C137,C137_F171,2,1
C137,C137_F172,1,2
C137,C137_F173,2,1
C137,C137_F174,0,1
C137,C137_F175,1,1
C137,C137_F176,0,0
C137,C137_F177,1,0
C137,C137_F179,1,0
C137,C137_F180,0,1
C137,C137_F182,0,1
C137,C137_F183,0,0
C137,C137_F184,0,0
C137,C137_F185,1,0
C137,C137_F186,2,2
C137,C137_F187,0,1
C137,C137_F188,1,1
C137,C137_F189,1,0
C137,C137_F190,0,1
C137,C137_F192,2,0
C137,C137_F193,0,1
C137,C137_F194,1,0
C137,C137_F195,0,0
C137,C137_F196,1,0
C137,C137_F197,0,0
C137,C137_F198,0,0
C137,C137_F199,4,0
C137,C137_F200,1,0
C137,C137_F202,1,0
C137,C137_F204,1,1
C137,C137_F205,0,3
C137,C137_F206,0,1
C137,C137_F208,1,2
C137,C137_F209,3,0
C137,C137_F210,2,1
C137,C137_F211,1,2
C137,C137_F212,0,0
C137,C137_F213,1,0
C137,C137_F214,1,0
C137,C137_F215,1,1
C137,C137_F216,0,0
C137,C137_F217,1,0
C137,C137_F218,0,0
C137,C137_F219,0,1
C137,C137_F221,0,0
C137,C137_F222,1,0
C137,C137_F223,0,0
C137,C137_F224,2,0
C137,C137_F225,0,1
C137,C137_F226,0,1
C137,C137_F227,0,0
C137,C137_F228,2,1
C137,C137_F229,1,0
C137,C137_F230,1,0
C137,C137_F231,1,2
C137,C137_F232,2,0
C137,C137_F233,2,0
C137,C137_F234,1,1
C137,C137_F235,3,1
C137,C137_F236,0,0
C137,C137_F237,0,1
C137,C137_F238,1,0
C137,C137_F239,1,1
C137,C137_F242,0,1
C137,C137_F243,1,1
C137,C137_F244,0,1
C137,C137_F245,1,1
C137,C137_F246,2,3
C137,C137_F247,1,1
C137,C137_F248,0,1
C137,C137_F249,0,1
C137,C137_F250,0,1
C137,C137_F251,1,1
C137,C137_F252,1,0
C137,C137_F253,0,1
C137,C137_F254,1,0
C137,C137_F255,1,2
C137,C137_F257,2,0
C137,C137_F258,0,0
C137,C137_F259,1,1
C137,C137_F260,1,0
C137,C137_F261,0,1
C137,C137_F263,1,0
C137,C137_F264,0,0
C137,C137_F265,1,0
C137,C137_F266,0,0
C137,C137_F267,0,1
C137,C137_F268,0,0
C137,C137_F269,0,0
C137,C137_F270,1,0
C137,C137_F271,0,2
C137,C137_F272,1,1
C137,C137_F273,0,1
C137,C137_F275,1,0
C137,C137_F276,1,1
C137,C137_F277,0,1
C137,C137_F278,1,0
C137,C137_F279,0,1
C137,C137_F280,0,1
C137,C137_F281,0,0
C137,C137_F282,0,0
C137,C137_F283,0,0
C137,C137_F284,2,1
C137,C137_F285,0,0
C137,C137_F286,0,1
C137,C137_F287,0,0
C137,C137_F288,1,0
C137,C137_F289,1,1
C137,C137_F290,0,0
C137,C137_F291,1,0
C137,C137_F292,0,0
C137,C137_F294,1,1
C137,C137_F295,1,0
C137,C137_F296,1,0
C137,C137_F297,1,0
C137,C137_F298,2,1
C137,C137_F299,3,1
C137,C137_F300,1,1
C137,C137_F302,2,0
C137,C137_F303,0,1
C137,C137_F304,2,0
C137,C137_F305,1,0
C137,C137_F306,0,0
C137,C137_F307,1,0
C137,C137_F308,1,1
C137,C137_F309,1,1
C137,C137_F310,0,0
C137,C137_F311,0,1
C137,C137_F312,1,0
C137,C137_F313,1,0
C137,C137_F314,1,2
C137,C137_F315,1,0
C137,C137_F316,0,0
C137,C137_F317,0,0
C137,C137_F318,0,0
C137,C137_F319,0,0
C137,C137_F320,0,1
C137,C137_F322,0,0
C137,C137_F323,0,1
C137,C137_F324,1,0
C137,C137_F325,1,1
C137,C137_F327,0,0
C137,C137_F328,0,0
C137,C137_F329,0,0
C137,C137_F330,1,1
C137,C137_F331,0,0
C137,C137_F332,0,0
C137,C137_F333,0,2
C137,C137_F334,0,2
C137,C137_F335,0,1
C137,C137_F336,2,0
C137,C137_F337,0,0
C137,C137_F338,1,0
C137,C137_F339,1,0
C137,C137_F340,1,1
C137,C137_F341,1,0
C137,C137_F342,1,0
C137,C137_F343,2,0
C137,C137_F344,1,1
C137,C137_F345,0,1
C137,C137_F346,0,1
C137,C137_F347,0,0
C137,C137_F348,1,0
C137,C137_F349,0,1
C137,C137_F350,0,0
C137,C137_F351,2,0
C137,C137_F352,2,1
C137,C137_F353,2,0
C137,C137_F354,0,1
C137,C137_F355,0,1
C137,C137_F356,0,0
C137,C137_F358,2,0
C137,C137_F359,0,0
C137,C137_F360,1,1
C137,C137_F361,0,1
C137,C137_F362,1,0
C137,C137_F364,1,0
C137,C137_F365,1,1
C137,C137_F367,1,0
C137,C137_F368,0,0
C137,C137_F369,0,1
C137,C137_F370,0,1
C137,C137_F371,3,1
C137,C137_F372,0,0
C137,C137_F373,2,1
C137,C137_F374,0,0
C137,C137_F375,0,1
C137,C137_F377,1,0
C137,C137_F378,1,0
C137,C137_F379,1,0
C137,C137_F380,0,1
C137,C137_F381,2,1
C137,C137_F382,0,3
C137,C137_F383,2,0
C137,C137_F384,1,0
C137,C137_F385,1,0
C137,C137_F386,0,1
C137,C137_F387,1,2
C137,C137_F389,2,1
C137,C137_F390,0,0
C137,C137_F391,0,0
C137,C137_F392,2,1
C137,C137_F393,1,1
C137,C137_F394,1,1
C137,C137_F395,1,1
C137,C137_F396,0,1
C137,C137_F397,0,3
C137,C137_F398,1,1
C137,C137_F400,0,1
C137,C137_F401,0,1
C137,C137_F402,1,0
C137,C137_F403,0,1
C137,C137_F404,0,1
C137,C137_F405,0,1
C137,C137_F407,0,0
C137,C137_F408,1,0
C137,C137_F409,0,2
C137,C137_F410,2,0
C137,C137_F411,0,1
C137,C137_F413,1,0
C137,C137_F414,0,0
C137,C137_F416,1,1
C137,C137_F417,0,2
C137,C137_F418,3,0
C137,C137_F419,1,1
C137,C137_F420,1,0
C137,C137_F421,1,0
C137,C137_F422,1,0
C137,C137_F423,0,0
C137,C137_F424,0,1
C137,C137_F425,1,1
C137,C137_F426,1,0
C137,C137_F427,1,1
C137,C137_F428,0,1
C137,C137_F429,0,0
C137,C137_F431,1,0
C137,C137_F432,4,0
C137,C137_F433,1,1
C137,C137_F434,0,0
C137,C137_F435,1,2
C137,C137_F436,0,1
C137,C137_F437,0,0
C137,C137_F438,0,1
C137,C137_F439,0,0
C137,C137_F440,1,2
C137,C137_F441,0,0
C137,C137_F442,0,1
C137,C137_F443,0,0
C137,C137_F444,0,1
C137,C137_F445,1,0
C137,C137_F446,1,0
C137,C137_F447,4,0
C137,C137_F448,0,2
C137,C137_F449,1,0
C137,C137_F450,0,0
C137,C137_F451,1,0
C137,C137_F452,3,0
C137,C137_F453,0,0
C137,C137_F454,0,0
C137,C137_F455,1,2
C137,C137_F456,0,2
C137,C137_F457,0,0
C137,C137_F458,1,0
C137,C137_F459,1,0
C137,C137_F460,0,1
C137,C137_F461,0,0
C137,C137_F462,1,0
C137,C137_F463,1,2
C137,C137_F464,0,0
C137,C137_F465,0,1
C137,C137_F466,2,0
C137,C137_F467,1,0
C137,C137_F468,1,0
C137,C137_F469,1,1
C137,C137_F470,1,2
C137,C137_F471,1,0
C137,C137_F472,1,0
C137,C137_F473,2,0
C137,C137_F474,1,1
C137,C137_F475,1,0
C137,C137_F477,2,0
C137,C137_F478,2,0
C137,C137_F479,0,0
C137,C137_F480,1,1
C137,C137_F481,1,0
C137,C137_F482,0,2
C137,C137_F483,1,1
C137,C137_F484,0,1
C137,C137_F485,0,2
C137,C137_F486,0,1
C137,C137_F487,1,0
C137,C137_F488,1,0
C137,C137_F489,0,0
C137,C137_F490,0,0
C137,C137_F491,0,0
C137,C137_F492,1,1
C137,C137_F493,1,0
C137,C137_F494,1,0
C137,C137_F495,2,0
C137,C137_F496,0,0
C137,C137_F497,0,1
C137,C137_F498,0,0
C137,C137_F499,1,0
C137,C137_F500,1,0
C137,C137_F501,0,1
C137,C137_F502,1,0
C137,C137_F503,0,0
C137,C137_F504,0,1
C137,C137_F505,0,1
C137,C137_F506,0,0
C137,C137_F507,1,0
C137,C137_F508,1,1
C137,C137_F510,1,0
C137,C137_F511,1,0
C137,C137_F512,1,0
C137,C137_F513,0,0
C137,C137_F515,0,1
C137,C137_F516,0,0
C137,C137_F517,0,1
C137,C137_F518,1,0
C137,C137_F519,0,3
C137,C137_F520,2,0
C137,C137_F521,1,1
C137,C137_F522,0,1
C137,C137_F523,1,1
C137,C137_F524,1,2
C137,C137_F525,1,0
C137,C137_F527,2,1
C137,C137_F528,0,0
C137,C137_F529,0,1
C137,C137_F531,0,0
C137,C137_F532,1,2
C137,C137_F533,1,1
C137,C137_F534,0,0
C137,C137_F535,1,0
C137,C137_F536,0,0
C137,C137_F537,0,0
C137,C137_F538,1,0
C137,C137_F539,0,1
C137,C137_F540,0,1
C137,C137_F541,2,0
C137,C137_F542,0,1
C137,C137_F543,1,0
C137,C137_F544,0,1
C137,C137_F545,2,1
C137,C137_F546,2,1
C137,C137_F547,0,0
C137,C137_F548,2,2
C137,C137_F549,0,2
C137,C137_F550,0,1
C137,C137_F551,0,0
C137,C137_F552,1,0
C140,C140_F001,0,3
C140,C140_F002,0,0
C140,C140_F003,0,0
C140,C140_F004,1,0
C140,C140_F005,1,1
C140,C140_F006,2,0
C140,C140_F007,0,1
C140,C140_F008,1,1
C140,C140_F009,1,0
C140,C140_F010,2,0
C140,C140_F011,0,0
C140,C140_F012,0,0
C140,C140_F013,1,1
C140,C140_F014,0,0
C140,C140_F015,1,0
C140,C140_F016,0,0
C140,C140_F017,1,1
C140,C140_F018,0,0
C140,C140_F019,0,1
C140,C140_F020,2,1
C140,C140_F021,0,2
C140,C140_F022,1,0
C140,C140_F023,0,0
C140,C140_F024,1,1
C140,C140_F025,0,0
C140,C140_F026,0,0
C140,C140_F027,3,0
C140,C140_F029,1,0
C140,C140_F030,0,0
C140,C140_F031,0,0
C140,C140_F032,0,2
C140,C140_F033,1,0
C140,C140_F034,1,2
C140,C140_F035,2,1
C140,C140_F036,1,0
C140,C140_F037,0,2
C140,C140_F038,1,1
C140,C140_F039,1,1
C140,C140_F040,1,0
C140,C140_F041,0,1
C140,C140_F042,2,1
C140,C140_F043,3,0
C140,C140_F044,1,0
C140,C140_F046,1,0
C140,C140_F047,0,0
C140,C140_F048,1,2
C140,C140_F049,1,0
C140,C140_F051,0,2
C140,C140_F053,0,1
C140,C140_F054,1,0
C140,C140_F055,2,0
C140,C140_F056,1,2
C140,C140_F057,3,0
C140,C140_F058,0,1
C140,C140_F060,3,0
C140,C140_F062,1,0
C140,C140_F063,0,1
C140,C140_F064,1,0
C140,C140_F065,0,0
C140,C140_F066,0,0
C140,C140_F067,1,1
C140,C140_F068,0,0
C140,C140_F069,0,0
C140,C140_F070,0,0
C140,C140_F071,2,0
C140,C140_F072,1,1
C140,C140_F073,1,1
C140,C140_F074,0,0
C140,C140_F075,0,0
C140,C140_F076,1,0
C140,C140_F077,1,0
C140,C140_F078,1,1
C140,C140_F079,1,0
C140,C140_F080,0,0
C140,C140_F081,1,1
C140,C140_F082,3,0
C140,C140_F083,2,0
C140,C140_F084,0,0
C140,C140_F085,1,0
C140,C140_F086,1,0
C140,C140_F087,1,0
C140,C140_F088,1,0
C140,C140_F089,0,0
C140,C140_F090,0,1
C140,C140_F091,0,2
C140,C140_F092,1,1
C140,C140_F093,0,0
C140,C140_F094,0,0
C140,C140_F095,1,0
C140,C140_F096,1,0
C140,C140_F097,0,1
C140,C140_F098,1,0
C140,C140_F099,0,0
C140,C140_F100,1,0
C140,C140_F101,1,0
C140,C140_F102,0,0
C140,C140_F103,2,0
C140,C140_F104,1,2
C140,C140_F105,0,1
C140,C140_F106,1,0
C140,C140_F107,1,1
C140,C140_F108,0,0
C140,C140_F109,1,0
C140,C140_F110,0,1
C140,C140_F111,2,0
C140,C140_F112,0,1
C140,C140_F113,0,1
C140,C140_F114,0,1
C140,C140_F115,0,0
C140,C140_F116,0,0
C140,C140_F117,0,1
C140,C140_F119,0,0
C140,C140_F120,1,0
C140,C140_F121,1,0
C140,C140_F122,1,0
C140,C140_F123,1,0
C140,C140_F124,0,0
C140,C140_F125,0,1
C140,C140_F126,0,0
C140,C140_F127,1,0
C140,C140_F128,0,1
C140,C140_F129,2,0
C140,C140_F130,0,0
C140,C140_F131,0,2
C140,C140_F133,1,0
C140,C140_F134,2,1
C140,C140_F135,0,1
C140,C140_F136,0,0
C140,C140_F137,1,1
C140,C140_F138,0,1
C140,C140_F139,1,0
C140,C140_F140,0,0
C140,C140_F141,1,0
C140,C140_F142,0,2
C140,C140_F143,3,0
C140,C140_F144,1,1
C140,C140_F145,1,2
C140,C140_F146,1,0
C140,C140_F147,0,0
C140,C140_F148,2,0
C140,C140_F149,3,1
C140,C140_F150,1,0
C140,C140_F151,0,0
C140,C140_F152,1,1
C140,C140_F153,0,0
C140,C140_F154,2,1
C140,C140_F155,1,1
C140,C140_F156,2,1
C140,C140_F157,1,0
C140,C140_F158,0,0
C140,C140_F159,3,1
C140,C140_F160,1,0
C140,C140_F161,0,1
C140,C140_F162,1,1
C140,C140_F163,0,1
C140,C140_F164,0,0
C140,C140_F165,0,1
C140,C140_F166,0,2
C140,C140_F167,1,0
C140,C140_F168,0,1
C140,C140_F169,0,0
C140,C140_F170,0,0
C140,C140_F171,2,2
C140,C140_F172,0,1
C140,C140_F173,0,1
C140,C140_F174,2,0
C140,C140_F175,2,1
C140,C140_F176,3,1
C140,C140_F178,0,0
C140,C140_F179,0,0
C140,C140_F180,1,1
C140,C140_F181,0,0
C140,C140_F182,0,2
C140,C140_F183,0,0
C140,C140_F184,0,1
C140,C140_F185,1,0
C140,C140_F186,1,1
C140,C140_F188,1,0
C140,C140_F189,0,1
C140,C140_F190,1,0
C140,C140_F191,1,1
C140,C140_F192,0,3
C140,C140_F193,1,0
C140,C140_F194,0,0
C140,C140_F195,2,0
C140,C140_F196,1,1
C140,C140_F197,1,1
C140,C140_F198,0,0
C140,C140_F199,0,0
C140,C140_F200,0,0
C140,C140_F201,0,0
C140,C140_F202,1,0
C140,C140_F203,0,0
C140,C140_F204,0,1
C140,C140_F205,1,0
C140,C140_F206,1,1
C140,C140_F207,0,0
C140,C140_F208,2,0
C140,C140_F209,1,0
C140,C140_F210,2,3
C140,C140_F211,1,1
C140,C140_F212,2,2
C140,C140_F213,2,0
C140,C140_F214,0,0
C140,C140_F215,1,1
C140,C140_F216,0,0
C140,C140_F217,0,0
C140,C140_F219,2,0
C140,C140_F220,1,0
C140,C140_F221,0,1
C140,C140_F223,0,1
C140,C140_F224,0,0
C140,C140_F225,2,2
C140,C140_F226,2,0
C140,C140_F227,1,1
C140,C140_F228,1,0
C140,C140_F229,1,0
C140,C140_F230,0,1
C140,C140_F231,2,1
C140,C140_F232,0,0
C140,C140_F233,0,0
C140,C140_F234,1,0
C140,C140_F235,0,0
C140,C140_F236,0,3
C140,C140_F237,1,2
C140,C140_F238,0,0
C140,C140_F239,2,0
C140,C140_F240,5,2
C140,C140_F241,0,0
C140,C140_F242,1,1
C140,C140_F243,0,1
C140,C140_F245,0,4
C140,C140_F246,2,0
C140,C140_F247,1,0
C140,C140_F248,2,0
C140,C140_F249,1,0
C140,C140_F250,0,3
C140,C140_F251,0,2
C140,C140_F252,1,0
C140,C140_F253,0,1
C140,C140_F255,2,0
C140,C140_F256,0,0
C140,C140_F257,0,0
C140,C140_F258,1,0
C140,C140_F259,0,1
C140,C140_F261,0,1
C140,C140_F262,0,1
C140,C140_F263,0,0
C140,C140_F264,0,0
C140,C140_F266,1,0
C140,C140_F267,1,0
C140,C140_F268,1,1
C140,C140_F269,1,0
C140,C140_F270,1,3
C140,C140_F271,1,2
C140,C140_F272,4,2
C140,C140_F273,1,0
C140,C140_F274,1,1
C140,C140_F275,1,0
C140,C140_F276,0,0
C140,C140_F277,0,1
C140,C140_F278,0,0
C140,C140_F279,2,1
C140,C140_F280,0,0
C140,C140_F281,0,3
C140,C140_F282,0,0
C140,C140_F283,0,1
C140,C140_F284,1,1
C140,C140_F285,0,0
C140,C140_F286,1,0
C140,C140_F287,0,1
C140,C140_F288,0,1
C140,C140_F289,0,1
C140,C140_F290,0,0
C140,C140_F291,1,1
C140,C140_F292,1,0
C140,C140_F293,2,1
C140,C140_F294,1,0
C140,C140_F295,0,0
C140,C140_F296,1,1
C140,C140_F297,0,1
C140,C140_F298,0,2
C140,C140_F300,1,0
C140,C140_F302,0,1
C140,C140_F303,0,1
C140,C140_F304,0,0
C140,C140_F305,0,0
C140,C140_F306,1,1
C140,C140_F307,1,0
C140,C140_F308,0,1
C140,C140_F309,0,1
C140,C140_F310,0,1
C140,C140_F311,0,0
C140,C140_F312,0,3
C140,C140_F313,1,1
C140,C140_F314,3,0
C140,C140_F315,0,0
C140,C140_F316,0,1
C140,C140_F317,0,1
C140,C140_F318,1,0
C140,C140_F320,1,0
C140,C140_F321,0,1
C140,C140_F322,0,0
C140,C140_F323,3,2
C140,C140_F324,1,2
C140,C140_F325,0,0
C140,C140_F326,1,0
C140,C140_F327,0,0
C140,C140_F328,2,1
C140,C140_F329,0,0
C140,C140_F330,0,1
C140,C140_F331,1,1
C140,C140_F332,2,0
C140,C140_F333,0,1
C140,C140_F334,0,1
C140,C140_F335,2,0
C140,C140_F336,0,1
C140,C140_F337,0,0
C140,C140_F338,1,0
C140,C140_F339,0,1
C140,C140_F340,0,1
C140,C140_F341,1,0
C140,C140_F343,1,0
C140,C140_F344,1,1
C140,C140_F345,3,0
C140,C140_F346,0,0
C140,C140_F347,0,0
C140,C140_F348,0,0
C140,C140_F349,2,0
C140,C140_F350,2,1
C140,C140_F351,0,1
C140,C140_F352,3,2
C140,C140_F353,1,0
C140,C140_F354,1,0
C140,C140_F355,1,1
C140,C140_F356,1,0
C140,C140_F357,0,0
C140,C140_F358,2,1
C140,C140_F359,0,0
C140,C140_F360,1,0
C140,C140_F361,1,0
C140,C140_F362,1,1
C140,C140_F363,3,1
C140,C140_F364,0,0
C140,C140_F365,1,0
C140,C140_F366,2,0
C140,C140_F367,0,0
C140,C140_F368,3,2
C140,C140_F369,1,1
C140,C140_F370,0,0
C140,C140_F372,1,0
C140,C140_F373,1,0
C140,C140_F374,2,0
C140,C140_F375,1,1
C140,C140_F377,2,1
C140,C140_F378,0,2
C140,C140_F379,1,0
C141,C141_F001,1,0
C141,C141_F002,0,0
C141,C141_F004,0,2
C141,C141_F006,2,0
C141,C141_F007,1,2
C141,C141_F008,0,0
C141,C141_F009,1,0
C141,C141_F010,1,0
C141,C141_F011,1,0
C141,C141_F012,0,0
C141,C141_F013,0,1
C141,C141_F014,0,0
C141,C141_F015,0,1
C141,C141_F016,0,1
C141,C141_F017,1,0
C141,C141_F018,3,0
C141,C141_F020,0,0
C141,C141_F021,0,0
C141,C141_F022,1,1
C141,C141_F023,0,0
C141,C141_F024,2,0
C141,C141_F025,1,0
C141,C141_F026,3,0
C141,C141_F027,1,0
C141,C141_F028,0,1
C141,C141_F029,1,0
C141,C141_F030,0,0
C141,C141_F031,1,0
C141,C141_F032,0,0
C141,C141_F033,1,1
C141,C141_F034,0,0
C141,C141_F035,2,0
C141,C141_F036,2,0
C141,C141_F037,0,4
C141,C141_F038,1,0
C141,C141_F039,1,1
C141,C141_F040,1,0
C141,C141_F041,1,1
C141,C141_F042,0,1
C141,C141_F043,0,0
C141,C141_F044,0,0
C141,C141_F045,1,1
C141,C141_F047,0,1
C141,C141_F048,1,1
C141,C141_F049,1,2
C141,C141_F050,0,0
C141,C141_F051,0,1
C141,C141_F052,1,1
C141,C141_F053,0,1
C141,C141_F054,1,1
C141,C141_F055,0,0
C141,C141_F056,1,2
C141,C141_F057,2,0
C141,C141_F058,0,0
C141,C141_F059,0,0
C141,C141_F060,0,0
C141,C141_F061,1,3
C141,C141_F062,1,2
C141,C141_F063,2,0
C141,C141_F064,1,1
C141,C141_F065,2,2
C141,C141_F066,0,0
C141,C141_F067,1,0
C141,C141_F068,2,1
C141,C141_F070,1,0
C141,C141_F071,5,1
C141,C141_F072,1,0
C141,C141_F073,1,0
C141,C141_F074,2,1
C141,C141_F075,0,0
C141,C141_F076,0,0
C141,C141_F077,1,1
C141,C141_F078,0,1
C141,C141_F079,1,0
C141,C141_F080,1,0
C141,C141_F081,1,0
C141,C141_F082,1,0
C141,C141_F083,0,1
C141,C141_F085,1,0
C141,C141_F086,0,1
C141,C141_F087,2,0
C141,C141_F088,1,0
C141,C141_F089,1,0
C141,C141_F090,0,1
C141,C141_F091,2,0
C141,C141_F092,0,0
C141,C141_F093,2,0
C141,C141_F094,0,1
C141,C141_F095,1,0
C141,C141_F096,2,0
C141,C141_F097,1,1
C141,C141_F098,1,0
C141,C141_F099,0,1
C141,C141_F100,1,1
C141,C141_F101,0,0
C141,C141_F102,0,0
C141,C141_F103,0,0
C141,C141_F104,0,0
C141,C141_F105,1,1
C141,C141_F106,0,1
C141,C141_F107,1,1
C141,C141_F109,0,1
C141,C141_F110,0,0
C141,C141_F111,2,0
C141,C141_F112,1,1
C141,C141_F113,0,0
C141,C141_F114,1,1
C141,C141_F115,1,0
C141,C141_F116,0,0
C141,C141_F117,0,1
C141,C141_F119,2,1
C141,C141_F120,0,0
C141,C141_F121,0,1
C141,C141_F122,2,0
C141,C141_F123,0,1
C141,C141_F124,0,1
C141,C141_F125,0,0
C141,C141_F126,0,2
C141,C141_F128,1,0
C141,C141_F129,2,1
C141,C141_F130,1,0
C141,C141_F131,0,1
C141,C141_F132,1,1
C141,C141_F133,3,0
C141,C141_F134,0,0
C141,C141_F135,0,0
C141,C141_F136,1,0
C141,C141_F137,2,0
C141,C141_F138,0,1
C141,C141_F139,2,0
C141,C141_F140,0,2
C141,C141_F141,1,1
C141,C141_F142,2,1
C141,C141_F143,1,1
C141,C141_F144,1,0
C141,C141_F145,0,0
C141,C141_F147,0,1
C141,C141_F148,0,0
C141,C141_F149,1,1
C141,C141_F150,0,0
C141,C141_F151,1,1
C141,C141_F152,0,0
C141,C141_F153,1,0
C141,C141_F154,2,1
C141,C141_F155,2,1
C141,C141_F156,3,0
C141,C141_F157,0,0
C141,C141_F159,1,0
C141,C141_F160,1,1
C141,C141_F161,2,0
C141,C141_F163,3,0
C141,C141_F164,1,0
C141,C141_F165,0,0
C141,C141_F166,0,0
C141,C141_F167,0,0
C141,C141_F169,1,0
C141,C141_F170,1,1
C141,C141_F171,0,0
C141,C141_F172,0,2
C141,C141_F173,0,0
C141,C141_F174,1,0
C141,C141_F175,2,1
C141,C141_F176,4,0
C141,C141_F177,0,0
C141,C141_F178,0,1
C141,C141_F179,2,2
C141,C141_F180,2,0
C141,C141_F181,0,1
C141,C141_F183,0,1
C141,C141_F184,1,0
C141,C141_F185,1,0
C141,C141_F186,0,0
C141,C141_F187,0,0
C141,C141_F188,0,1
C141,C141_F189,3,0
C141,C141_F190,1,1
C141,C141_F191,1,1
C141,C141_F192,0,0
C141,C141_F193,0,0
C141,C141_F194,1,0
C141,C141_F195,1,1
C141,C141_F196,1,0
C141,C141_F197,0,1
C141,C141_F198,2,0
C141,C141_F199,3,0
C141,C141_F200,1,1
C141,C141_F201,2,1
C141,C141_F202,0,1
C141,C141_F203,0,0
C141,C141_F204,1,1
C141,C141_F205,1,1
C141,C141_F206,0,1
C141,C141_F207,0,0
C141,C141_F208,2,1
C141,C141_F209,1,0
C141,C141_F210,2,1
C141,C141_F211,1,0
C141,C141_F212,0,0
C141,C141_F213,1,0
C141,C141_F214,2,0
C141,C141_F215,1,0
C141,C141_F216,1,1
C141,C141_F217,0,0
C141,C141_F218,1,0
C141,C141_F219,1,1
C141,C141_F220,0,0
C141,C141_F221,2,1
C141,C141_F222,0,0
C141,C141_F223,1,0
C141,C141_F224,1,0
C141,C141_F225,1,0
C141,C141_F226,0,0
C141,C141_F227,1,0
C141,C141_F228,1,0
C141,C141_F229,0,1
C141,C141_F230,1,0
C141,C141_F231,0,0
C141,C141_F232,0,2
C141,C141_F233,1,0
C141,C141_F234,1,0
C141,C141_F235,0,1
C141,C141_F236,1,2
C141,C141_F238,3,1
C141,C141_F239,2,0
C141,C141_F240,0,1
C141,C141_F241,1,1
C141,C141_F242,0,3
C141,C141_F243,0,0
C141,C141_F244,0,0
C141,C141_F245,1,0
C141,C141_F246,1,1
C141,C141_F247,0,1
C141,C141_F248,0,3
C141,C141_F249,0,0
C141,C141_F250,0,0
C141,C141_F251,0,0
C141,C141_F252,0,0
C141,C141_F253,2,0
C141,C141_F254,1,0
C141,C141_F255,1,1
C141,C141_F256,1,2
C141,C141_F257,1,0
C141,C141_F258,1,1
C141,C141_F259,0,0
C141,C141_F260,1,0
C141,C141_F261,0,0
C141,C141_F262,3,0
C141,C141_F265,0,1
C141,C141_F266,1,1
C141,C141_F267,0,4
C141,C141_F268,0,0
C141,C141_F269,2,1
C141,C141_F270,2,1
C141,C141_F271,1,1
C141,C141_F272,1,0
C141,C141_F273,0,1
C141,C141_F274,0,0
C141,C141_F275,2,1
C141,C141_F276,1,2
C141,C141_F277,1,0
C141,C141_F278,1,1
C141,C141_F279,1,1
C141,C141_F280,2,1
C141,C141_F281,1,2
C141,C141_F282,5,0
C141,C141_F283,1,0
C141,C141_F284,0,0
C141,C141_F285,1,0
C141,C141_F286,1,0
C141,C141_F287,1,1
C141,C141_F288,0,0
C141,C141_F289,0,0
C141,C141_F290,0,1
C141,C141_F292,1,0
C141,C141_F294,1,0
C141,C141_F297,1,0
C141,C141_F298,0,1
C141,C141_F299,0,0
C141,C141_F300,0,0
C141,C141_F301,0,1
C141,C141_F302,1,2
C141,C141_F304,1,0
C141,C141_F305,1,0
C141,C141_F306,0,0
C141,C141_F307,0,1
C141,C141_F308,2,1
C141,C141_F309,2,0
C141,C141_F311,0,3
C141,C141_F312,0,0
C141,C141_F313,0,1
C141,C141_F314,1,1
C141,C141_F315,1,1
C141,C141_F316,1,1
C141,C141_F318,1,0
C141,C141_F319,0,1
C141,C141_F320,0,1
C141,C141_F321,0,0
C141,C141_F322,0,1
C141,C141_F323,0,0
C141,C141_F324,1,0
C141,C141_F325,2,1
C141,C141_F326,1,0
C141,C141_F327,1,1
C141,C141_F328,0,3
C141,C141_F329,2,0
C141,C141_F330,0,0
C141,C141_F331,1,0
C141,C141_F333,2,0
C141,C141_F335,0,1
C141,C141_F336,0,0
C141,C141_F337,0,1
C141,C141_F338,2,0
C141,C141_F339,1,1
C141,C141_F340,1,1
C141,C141_F341,0,0
C141,C141_F342,0,0
C141,C141_F343,0,0
C141,C141_F344,1,0
C141,C141_F345,2,0
C141,C141_F346,1,0
C141,C141_F347,0,0
C141,C141_F349,1,1
C141,C141_F350,0,0
C141,C141_F351,0,0
C141,C141_F352,0,1
C141,C141_F354,3,0
C141,C141_F355,1,1
C141,C141_F356,2,0
C141,C141_F357,1,2
C141,C141_F358,0,0
C141,C141_F359,0,0
C141,C141_F360,0,2
C141,C141_F361,0,1
C141,C141_F362,0,1
C141,C141_F363,2,0
C141,C141_F364,1,1
C141,C141_F365,1,0
C141,C141_F366,1,1
C141,C141_F367,0,1
C141,C141_F368,1,0
C141,C141_F369,0,0
C141,C141_F370,1,0
C141,C141_F372,0,0
C141,C141_F373,1,0
C141,C141_F374,1,1
C141,C141_F375,1,0
C141,C141_F376,0,2
C141,C141_F377,1,1
C141,C141_F380,0,2
C142,C142_F001,0,0
C142,C142_F002,0,1
C142,C142_F003,1,1
C142,C142_F004,1,0
C142,C142_F005,2,1
C142,C142_F006,0,0
C142,C142_F007,2,2
C142,C142_F008,1,1
C142,C142_F009,2,0
C142,C142_F010,0,0
C142,C142_F011,0,1
C142,C142_F012,0,0
C142,C142_F013,1,0
C142,C142_F014,0,2
C142,C142_F015,1,0
C142,C142_F016,1,0
C142,C142_F017,1,0
C142,C142_F018,0,2
C142,C142_F019,0,0
C142,C142_F020,0,1
C142,C142_F021,1,0
C142,C142_F022,1,0
C142,C142_F023,1,0
C142,C142_F024,1,0
C142,C142_F025,0,1
C142,C142_F026,0,2
C142,C142_F027,0,0
C142,C142_F028,0,0
C142,C142_F029,0,0
C142,C142_F031,0,0
C142,C142_F032,0,0
C142,C142_F033,1,1
C142,C142_F034,1,0
C142,C142_F036,1,0
C142,C142_F037,0,1
C142,C142_F038,0,0
C142,C142_F039,0,0
C142,C142_F040,2,3
C142,C142_F041,0,0
C142,C142_F042,2,0
C142,C142_F043,2,1
C142,C142_F044,0,1
C142,C142_F045,2,1
C142,C142_F046,0,0
C142,C142_F047,2,0
C142,C142_F048,1,0
C142,C142_F049,0,0
C142,C142_F050,2,0
C142,C142_F051,0,1
C142,C142_F052,3,1
C142,C142_F054,0,1
C142,C142_F055,2,0
C142,C142_F056,2,0
C142,C142_F057,0,0
C142,C142_F058,0,0
C142,C142_F059,2,0
C142,C142_F060,0,1
C142,C142_F061,0,0
C142,C142_F062,1,1
C142,C142_F063,1,0
C142,C142_F064,1,1
C142,C142_F065,0,1
C142,C142_F066,0,0
C142,C142_F067,0,1
C142,C142_F068,1,0
C142,C142_F069,2,0
C142,C142_F071,0,0
C142,C142_F072,0,1
C142,C142_F073,0,0
C142,C142_F074,2,0
C142,C142_F075,1,1
C142,C142_F076,0,0
C142,C142_F077,1,0
C142,C142_F078,0,1
C142,C142_F079,0,1
C142,C142_F080,1,0
C142,C142_F081,0,2
C142,C142_F082,0,0
C142,C142_F083,1,0
C142,C142_F084,0,2
C142,C142_F085,0,0
C142,C142_F086,2,0
C142,C142_F087,0,1
C142,C142_F088,1,1
C142,C142_F089,1,1
C142,C142_F090,1,0
C142,C142_F091,0,1
C142,C142_F092,0,0
C142,C142_F093,1,0
C142,C142_F095,2,0
C142,C142_F096,0,1
C142,C142_F097,1,0
C142,C142_F098,2,0
C142,C142_F099,0,0
C142,C142_F100,0,2
C142,C142_F101,0,0
C142,C142_F102,0,0
C142,C142_F103,2,1
C142,C142_F104,3,1
C142,C142_F105,0,1
C142,C142_F106,0,0
C142,C142_F107,0,0
C142,C142_F108,0,0
C142,C142_F109,2,0
C142,C142_F110,1,0
C142,C142_F111,0,1
C142,C142_F112,1,1
C142,C142_F113,2,0
C142,C142_F114,0,0
C142,C142_F115,1,1
C142,C142_F116,0,1
C142,C142_F118,0,1
C142,C142_F119,1,2
C142,C142_F120,0,0
C142,C142_F121,0,2
C142,C142_F123,1,2
C142,C142_F124,0,0
C142,C142_F125,0,0
C142,C142_F126,2,2
C142,C142_F127,2,0
C142,C142_F128,0,2
C142,C142_F129,0,1
C142,C142_F130,1,0
C142,C142_F131,0,2
C142,C142_F132,1,0
C142,C142_F133,1,1
C142,C142_F134,0,2
C142,C142_F135,0,3
C142,C142_F137,0,1
C142,C142_F138,3,0
C142,C142_F139,0,0
C142,C142_F140,1,0
C142,C142_F141,1,0
C142,C142_F142,2,2
C142,C142_F143,0,2
C142,C142_F144,0,0
C142,C142_F145,1,0
C142,C142_F146,2,0
C142,C142_F147,1,0
C142,C142_F148,1,0
C142,C142_F149,1,0
C142,C142_F150,2,0
C142,C142_F151,0,2
C142,C142_F152,1,1
C142,C142_F153,2,0
C142,C142_F154,0,0
C142,C142_F156,0,1
C142,C142_F158,1,0
C142,C142_F159,0,1
C142,C142_F160,0,1
C142,C142_F161,1,1
C142,C142_F162,1,1
C142,C142_F163,0,0
C142,C142_F164,0,1
C142,C142_F165,0,2
C142,C142_F166,2,0
C142,C142_F167,2,1
C142,C142_F168,0,0
C142,C142_F170,1,0
C142,C142_F171,1,0
C142,C142_F172,0,1
C142,C142_F173,0,0
C142,C142_F175,1,1
C142,C142_F176,0,0
C142,C142_F177,1,1
C142,C142_F178,0,0
C142,C142_F179,1,1
C142,C142_F180,0,1
C142,C142_F181,0,0
C142,C142_F182,2,0
C142,C142_F183,0,0
C142,C142_F184,0,0
C142,C142_F185,2,0
C142,C142_F186,1,0
C142,C142_F187,0,0
C142,C142_F188,1,0
C142,C142_F189,0,1
C142,C142_F190,1,1
C142,C142_F191,0,0
C142,C142_F192,0,2
C142,C142_F193,1,1
C142,C142_F194,1,0
C142,C142_F195,0,2
C142,C142_F196,0,0
C142,C142_F197,0,0
C142,C142_F198,0,2
C142,C142_F200,3,0
C142,C142_F202,1,0
C142,C142_F203,1,0
C142,C142_F204,0,0
C142,C142_F205,0,1
C142,C142_F206,2,0
C142,C142_F207,2,0
C142,C142_F208,2,0
C142,C142_F209,1,0
C142,C142_F210,0,1
C142,C142_F211,0,1
C142,C142_F212,1,1
C142,C142_F214,0,0
C142,C142_F215,0,0
C142,C142_F216,1,1
C142,C142_F218,1,0
C142,C142_F220,0,0
C142,C142_F221,0,1
C142,C142_F222,0,1
C142,C142_F223,1,0
C142,C142_F225,0,0
C142,C142_F226,0,1
C142,C142_F227,1,0
C142,C142_F228,1,0
C142,C142_F230,1,0
C142,C142_F231,0,1
C142,C142_F232,1,0
C142,C142_F233,1,2
C142,C142_F234,2,1
C142,C142_F235,1,0
C142,C142_F236,1,0
C142,C142_F237,0,0
C142,C142_F238,0,0
C142,C142_F239,0,0
C142,C142_F240,0,3
C142,C142_F241,0,2
C142,C142_F242,0,1
C142,C142_F243,0,0
C142,C142_F244,1,0
C142,C142_F245,1,1
C142,C142_F246,0,2
C142,C142_F247,0,0
C142,C142_F248,0,2
C142,C142_F249,0,0
C142,C142_F250,1,0
C142,C142_F251,0,1
C142,C142_F252,0,1
C142,C142_F253,1,0
C142,C142_F254,2,0
C142,C142_F255,0,0
C142,C142_F256,0,0
C142,C142_F257,1,1
C142,C142_F258,1,0
C142,C142_F259,1,1
C142,C142_F260,0,0
C142,C142_F261,0,1
C142,C142_F262,0,0
C142,C142_F263,2,0
C142,C142_F264,1,1
C142,C142_F265,2,1
C142,C142_F267,2,0
C142,C142_F269,1,1
C142,C142_F270,0,1
C142,C142_F271,1,0
C142,C142_F272,0,1
C142,C142_F273,0,1
C142,C142_F275,3,0
C142,C142_F276,0,1
C142,C142_F278,0,0
C142,C142_F279,0,1
C142,C142_F280,1,0
C142,C142_F281,0,0
C142,C142_F282,0,1
C142,C142_F283,0,1
C142,C142_F284,0,1
C142,C142_F285,2,0
C142,C142_F286,2,0
C142,C142_F287,1,0
C142,C142_F288,1,2
C142,C142_F289,1,3
C142,C142_F290,1,1
C142,C142_F293,0,1
C142,C142_F294,1,1
C142,C142_F295,1,0
C142,C142_F296,1,1
C142,C142_F297,1,1
C142,C142_F298,2,0
C142,C142_F299,1,0
C142,C142_F300,0,1
C142,C142_F301,1,1
C142,C142_F302,1,0
C142,C142_F304,1,1
C142,C142_F305,1,0
C142,C142_F306,0,2
C142,C142_F307,0,1
C142,C142_F309,0,1
C142,C142_F310,2,0
C142,C142_F311,1,1
C142,C142_F312,2,0
C142,C142_F313,1,0
C142,C142_F314,2,1
C142,C142_F315,0,0
C142,C142_F316,1,0
C142,C142_F317,0,0
C142,C142_F318,1,1
C142,C142_F319,1,1
C142,C142_F320,2,0
C142,C142_F322,1,2
C142,C142_F323,0,1
C142,C142_F324,0,0
C142,C142_F325,0,0
C142,C142_F326,0,0
C142,C142_F328,2,0
C142,C142_F329,1,0
C142,C142_F330,1,2
C142,C142_F331,0,0
C142,C142_F332,1,1
C142,C142_F333,0,0
C142,C142_F334,0,0
C142,C142_F335,0,2
C142,C142_F336,2,1
C142,C142_F337,1,0
C142,C142_F338,1,0
C142,C142_F339,2,0
C142,C142_F340,0,0
C142,C142_F341,0,0
C142,C142_F342,0,1
C142,C142_F343,0,2
C142,C142_F344,1,0
C142,C142_F345,1,0
C142,C142_F346,3,0
C142,C142_F347,0,0
C142,C142_F348,1,0
C142,C142_F349,0,2
C142,C142_F350,0,0
C142,C142_F351,0,1
C142,C142_F352,1,0
C142,C142_F353,0,0
C142,C142_F354,1,1
C142,C142_F355,0,0
C142,C142_F357,1,0
C142,C142_F358,1,0
C142,C142_F359,0,1
C142,C142_F360,1,1
C142,C142_F361,0,0
C142,C142_F362,1,0
C142,C142_F363,0,0
C142,C142_F364,0,1
C142,C142_F365,1,0
C142,C142_F366,3,0
C142,C142_F367,0,1
C142,C142_F368,0,1
C142,C142_F369,1,0
C142,C142_F370,0,1
C142,C142_F371,0,1
C142,C142_F372,1,0
C142,C142_F373,0,1
C142,C142_F374,2,0
C142,C142_F375,1,0
C142,C142_F376,0,1
C142,C142_F377,1,1
C142,C142_F378,0,0
C142,C142_F379,1,0
C142,C142_F380,0,0
C143,C143_F001,0,0
C143,C143_F002,3,0
C143,C143_F003,2,0
C143,C143_F004,1,1
C143,C143_F005,0,1
C143,C143_F006,0,0
C143,C143_F007,2,0
C143,C143_F008,0,2
C143,C143_F009,2,0
C143,C143_F010,1,3
C143,C143_F011,2,0
C143,C143_F012,1,1
C143,C143_F013,1,0
C143,C143_F014,0,0
C143,C143_F015,1,0
C143,C143_F016,3,0
C143,C143_F017,0,1
C143,C143_F018,1,0
C143,C143_F019,2,1
C143,C143_F020,2,0
C143,C143_F021,1,2
C143,C143_F022,0,0
C143,C143_F023,1,0
C143,C143_F024,2,0
C143,C143_F025,1,0
C143,C143_F026,1,1
C143,C143_F027,0,1
C143,C143_F028,1,1
C143,C143_F029,1,0
C143,C143_F030,0,1
C143,C143_F031,0,1
C143,C143_F032,0,1
C143,C143_F033,3,0
C143,C143_F034,1,2
C143,C143_F035,1,1
C143,C143_F036,1,0
C143,C143_F037,1,0
C143,C143_F038,0,0
C143,C143_F039,1,0
C143,C143_F040,0,2
C143,C143_F041,3,0
C143,C143_F042,2,0
C143,C143_F043,1,0
C143,C143_F044,0,2
C143,C143_F045,2,0
C143,C143_F046,1,1
C143,C143_F047,0,0
C143,C143_F048,0,0
C143,C143_F049,0,1
C143,C143_F050,1,0
C143,C143_F051,0,1
C143,C143_F052,0,1
C143,C143_F053,1,1
C143,C143_F054,0,2
C143,C143_F055,2,0
C143,C143_F056,2,0
C143,C143_F057,1,0
C143,C143_F059,0,1
C143,C143_F060,3,0
C143,C143_F061,2,2
C143,C143_F062,1,0
C143,C143_F063,1,0
C143,C143_F064,1,0
C143,C143_F065,2,0
C143,C143_F066,1,1
C143,C143_F067,0,1
C143,C143_F068,2,0
C143,C143_F069,0,1
C143,C143_F070,1,1
C143,C143_F071,1,1
C143,C143_F072,0,0
C143,C143_F073,0,1
C143,C143_F074,1,1
C143,C143_F075,1,0
C143,C143_F076,0,2
C143,C143_F077,2,0
C143,C143_F078,1,0
C143,C143_F079,0,0
C143,C143_F080,0,1
C143,C143_F082,0,0
C143,C143_F083,1,1
C143,C143_F084,1,0
C143,C143_F085,0,2
C143,C143_F087,0,0
C143,C143_F088,0,1
C143,C143_F089,1,1
C143,C143_F090,1,1
C143,C143_F091,1,1
C143,C143_F092,0,1
C143,C143_F094,0,0
C143,C143_F095,2,1
C143,C143_F097,1,2
C143,C143_F098,0,0
C143,C143_F100,0,2
C143,C143_F101,2,0
C143,C143_F102,0,1
C143,C143_F103,0,0
C143,C143_F104,1,2
C143,C143_F105,3,0
C143,C143_F106,0,1
C143,C143_F108,0,2
C143,C143_F109,0,0
C143,C143_F111,0,0
C143,C143_F112,2,2
C143,C143_F114,1,0
C143,C143_F115,1,1
C143,C143_F118,0,1
C143,C143_F119,0,0
C143,C143_F120,0,0
C143,C143_F121,0,1
C143,C143_F122,0,0
C143,C143_F123,2,1
C143,C143_F124,0,2
C143,C143_F125,0,0
C143,C143_F126,2,0
C143,C143_F127,3,0
C143,C143_F128,1,0
C143,C143_F129,3,0
C143,C143_F130,1,0
C143,C143_F131,0,0
C143,C143_F132,1,3
C143,C143_F133,0,1
C143,C143_F134,2,0
C143,C143_F135,1,0
C143,C143_F136,1,1
C143,C143_F137,0,1
C143,C143_F138,0,0
C143,C143_F139,1,0
C143,C143_F140,1,0
C143,C143_F141,1,1
C143,C143_F142,2,2
C143,C143_F143,1,0
C143,C143_F144,0,0
C143,C143_F145,1,0
C143,C143_F146,4,0
C143,C143_F147,0,0
C143,C143_F148,1,0
C143,C143_F149,1,1
C143,C143_F150,0,0
C143,C143_F151,3,0
C143,C143_F153,1,0
C143,C143_F154,1,0
C143,C143_F155,2,0
C143,C143_F156,0,0
C143,C143_F157,0,0
C143,C143_F158,0,0
C143,C143_F159,0,0
C143,C143_F160,0,0
C143,C143_F162,1,1
C143,C143_F163,1,0
C143,C143_F164,2,0
C143,C143_F165,1,1
C143,C143_F166,0,0
C143,C143_F168,1,0
C143,C143_F169,0,0
C143,C143_F170,0,0
C143,C143_F172,0,0
C143,C143_F173,1,0
C143,C143_F174,0,0
C143,C143_F175,0,3
C143,C143_F176,2,1
C143,C143_F177,1,0
C143,C143_F178,1,0
C143,C143_F180,1,1
C143,C143_F181,0,1
C143,C143_F182,2,0
C143,C143_F183,3,2
C143,C143_F184,0,0
C143,C143_F185,1,0
C143,C143_F186,1,0
C143,C143_F187,1,1
C143,C143_F188,1,2
C143,C143_F190,1,0
C143,C143_F191,0,1
C143,C143_F192,1,0
C143,C143_F193,0,1
C143,C143_F194,0,0
C143,C143_F195,1,1
C143,C143_F196,1,0
C143,C143_F197,0,0
C143,C143_F198,1,1
C143,C143_F199,0,0
C143,C143_F200,0,1
C143,C143_F201,1,0
C143,C143_F202,0,0
C143,C143_F203,0,1
C143,C143_F204,0,1
C143,C143_F205,1,1
C143,C143_F206,3,0
C143,C143_F207,2,0
C143,C143_F208,1,0
C143,C143_F209,0,0
C143,C143_F210,1,0
C143,C143_F211,1,0
C143,C143_F212,1,0
C143,C143_F214,0,0
C143,C143_F215,1,0
C143,C143_F216,1,0
C143,C143_F217,1,1
C143,C143_F218,1,0
C143,C143_F219,2,1
C143,C143_F220,1,0
C143,C143_F221,1,1
C143,C143_F222,2,0
C143,C143_F223,0,0
C143,C143_F224,0,0
C143,C143_F225,0,2
C143,C143_F226,1,0
C143,C143_F227,0,0
C143,C143_F228,0,0
C143,C143_F229,0,3
C143,C143_F230,1,0
C143,C143_F231,0,2
C143,C143_F232,2,0
C143,C143_F233,1,0
C143,C143_F234,0,3
C143,C143_F235,0,2
C143,C143_F236,0,1
C143,C143_F237,0,1
C143,C143_F238,0,1
C143,C143_F239,1,0
C143,C143_F240,0,0
C143,C143_F241,1,0
C143,C143_F242,0,1
C143,C143_F243,1,0
C143,C143_F244,1,0
C143,C143_F245,1,1
C143,C143_F246,0,0
C143,C143_F247,2,0
C143,C143_F248,0,1
C143,C143_F249,0,0
C143,C143_F250,0,1
C143,C143_F251,2,0
C143,C143_F252,0,0
C143,C143_F253,0,2
C143,C143_F254,0,0
C143,C143_F255,0,0
C143,C143_F256,0,1
C143,C143_F257,0,0
C143,C143_F258,1,1
C143,C143_F259,1,1
C143,C143_F261,2,0
C143,C143_F262,1,0
C143,C143_F263,1,1
C143,C143_F265,1,0
C143,C143_F266,2,0
C143,C143_F267,0,0
C143,C143_F268,1,0
C143,C143_F269,0,0
C143,C143_F270,0,1
C143,C143_F271,0,1
C143,C143_F272,0,1
C143,C143_F273,1,0
C143,C143_F274,0,1
C143,C143_F275,0,0
C143,C143_F276,1,1
C143,C143_F277,1,1
C143,C143_F278,2,0
C143,C143_F279,1,1
C143,C143_F280,0,1
C143,C143_F281,1,0
C143,C143_F282,1,1
C143,C143_F283,0,0
C143,C143_F284,0,0
C143,C143_F285,1,0
C143,C143_F286,1,0
C143,C143_F287,0,0
C143,C143_F288,1,0
C143,C143_F289,1,1
C143,C143_F290,0,0
C143,C143_F292,0,1
C143,C143_F293,1,0
C143,C143_F294,2,0
C143,C143_F295,0,0
C143,C143_F296,1,0
C143,C143_F297,1,1
C143,C143_F298,1,1
C143,C143_F299,1,1
C143,C143_F300,0,1
C143,C143_F301,0,1
C143,C143_F302,0,1
C143,C143_F304,0,0
C143,C143_F305,0,2
C143,C143_F306,0,0
C143,C143_F307,2,0
C143,C143_F308,1,0
C143,C143_F309,0,1
C143,C143_F310,0,1
C143,C143_F311,0,1
C143,C143_F312,2,0
C143,C143_F313,0,1
C143,C143_F314,1,1
C143,C143_F315,1,0
C143,C143_F316,0,0
C143,C143_F317,0,1
C143,C143_F318,1,0
C143,C143_F319,1,1
C143,C143_F320,3,2
C143,C143_F321,0,3
C143,C143_F323,0,2
C143,C143_F324,1,1
C143,C143_F325,1,1
C143,C143_F326,1,0
C143,C143_F327,0,0
C143,C143_F328,2,0
C143,C143_F329,1,0
C143,C143_F330,0,1
C143,C143_F331,0,0
C143,C143_F333,1,0
C143,C143_F334,0,2
C143,C143_F335,1,0
C143,C143_F336,0,4
C143,C143_F337,2,0
C143,C143_F338,1,1
C143,C143_F339,1,0
C143,C143_F340,0,0
C143,C143_F341,0,0
C143,C143_F342,0,1
C143,C143_F343,1,0
C143,C143_F344,1,0
C143,C143_F345,0,0
C143,C143_F346,1,1
C143,C143_F347,1,0
C143,C143_F348,1,1
C143,C143_F349,0,2
C143,C143_F350,1,0
C143,C143_F351,0,0
C143,C143_F352,0,1
C143,C143_F353,2,0
C143,C143_F354,1,1
C143,C143_F355,1,2
C143,C143_F356,0,1
C143,C143_F357,1,0
C143,C143_F358,1,1
C143,C143_F359,3,0
C143,C143_F360,2,3
C143,C143_F361,1,2
C143,C143_F362,0,0
C143,C143_F363,1,1
C143,C143_F364,1,1
C143,C143_F365,0,1
C143,C143_F366,0,1
C143,C143_F367,1,0
C143,C143_F368,2,0
C143,C143_F369,1,0
C143,C143_F371,0,1
C143,C143_F372,0,3
C143,C143_F373,2,0
C143,C143_F374,1,0
C143,C143_F375,1,0
C143,C143_F376,0,0
C143,C143_F377,1,1
C143,C143_F378,1,0
C143,C143_F379,0,1
C143,C143_F380,1,0
C144,C144_F001,1,0
C144,C144_F002,1,1
C144,C144_F003,0,1
C144,C144_F004,0,0
C144,C144_F005,1,1
C144,C144_F006,2,0
C144,C144_F007,1,2
C144,C144_F008,0,1
C144,C144_F009,2,0
C144,C144_F010,0,0
C144,C144_F011,1,1
C144,C144_F012,1,0
C144,C144_F013,1,0
C144,C144_F014,1,0
C144,C144_F015,0,1
C144,C144_F016,1,1
C144,C144_F017,2,0
C144,C144_F018,0,3
C144,C144_F019,0,2
C144,C144_F020,0,1
C144,C144_F021,1,1
C144,C144_F022,0,3
C144,C144_F023,0,0
C144,C144_F024,0,1
C144,C144_F025,0,0
C144,C144_F026,4,0
C144,C144_F027,1,0
C144,C144_F028,1,1
C144,C144_F029,0,1
C144,C144_F030,2,1
C144,C144_F031,1,1
C144,C144_F032,0,1
C144,C144_F034,1,0
C144,C144_F035,0,0
C144,C144_F036,0,0
C144,C144_F037,0,1
C144,C144_F038,0,2
C144,C144_F039,0,0
C144,C144_F040,0,0
C144,C144_F041,0,0
C144,C144_F043,1,0
C144,C144_F044,0,0
C144,C144_F045,0,1
C144,C144_F046,1,1
C144,C144_F048,0,1
C144,C144_F049,1,1
C144,C144_F050,0,1
C144,C144_F052,1,1
C144,C144_F053,2,1
C144,C144_F054,3,1
C144,C144_F055,0,1
C144,C144_F056,0,2
C144,C144_F058,1,1
C144,C144_F059,0,0
C144,C144_F060,0,1
C144,C144_F061,0,0
C144,C144_F062,0,0
C144,C144_F063,0,0
C144,C144_F064,0,0
C144,C144_F065,0,1
C144,C144_F066,0,2
C144,C144_F067,1,0
C144,C144_F068,1,0
C144,C144_F069,1,1
C144,C144_F070,0,0
C144,C144_F073,1,1
C144,C144_F074,0,0
C144,C144_F075,1,0
C144,C144_F076,1,0
C144,C144_F077,0,1
C144,C144_F078,2,1
C144,C144_F079,0,0
C144,C144_F080,1,1
C144,C144_F081,1,0
C144,C144_F082,0,1
C144,C144_F083,0,3
C144,C144_F084,0,1
C144,C144_F085,1,0
C144,C144_F086,3,0
C144,C144_F087,1,2
C144,C144_F088,0,0
C144,C144_F089,1,0
C144,C144_F090,1,0
C144,C144_F092,0,0
C144,C144_F093,0,1
C144,C144_F094,0,1
C144,C144_F095,1,0
C144,C144_F096,0,1
C144,C144_F097,1,0
C144,C144_F098,1,1
C144,C144_F099,0,1
C144,C144_F100,1,0
C144,C144_F101,0,0
C144,C144_F102,2,0
C144,C144_F103,1,0
C144,C144_F104,0,1
C144,C144_F106,1,1
C144,C144_F107,0,0
C144,C144_F108,0,0
C144,C144_F109,1,1
C144,C144_F110,2,2
C144,C144_F111,0,0
C144,C144_F112,1,0
C144,C144_F113,0,2
C144,C144_F114,0,0
C144,C144_F115,2,0
C144,C144_F116,0,0
C144,C144_F117,1,0
C144,C144_F118,1,0
C144,C144_F119,2,0
C144,C144_F120,0,0
C144,C144_F121,1,0
C144,C144_F122,2,0
C144,C144_F123,0,0
C144,C144_F124,0,0
C144,C144_F125,1,2
C144,C144_F126,3,0
C144,C144_F127,0,2
C144,C144_F128,0,1
C144,C144_F129,1,0
C144,C144_F130,0,3
C144,C144_F131,2,1
C144,C144_F132,3,1
C144,C144_F133,2,0
C144,C144_F134,0,0
C144,C144_F135,4,0
C144,C144_F136,3,0
C144,C144_F138,2,0
C144,C144_F139,1,0
C144,C144_F140,0,3
C144,C144_F141,2,1
C144,C144_F142,0,1
C144,C144_F143,1,0
C144,C144_F144,1,2
C144,C144_F145,0,1
C144,C144_F146,0,2
C144,C144_F147,0,2
C144,C144_F148,1,1
C144,C144_F149,3,0
C144,C144_F150,1,1
C144,C144_F151,2,1
C144,C144_F152,1,0
C144,C144_F153,0,1
C144,C144_F154,1,0
C144,C144_F155,1,0
C144,C144_F156,3,0
C144,C144_F157,1,0
C144,C144_F158,0,1
C144,C144_F159,0,1
C144,C144_F160,0,2
C144,C144_F161,1,0
C144,C144_F162,2,0
C144,C144_F163,1,0
C144,C144_F164,1,1
C144,C144_F165,0,0
C144,C144_F166,0,2
C144,C144_F168,0,2
C144,C144_F169,2,2
C144,C144_F170,1,1
C144,C144_F171,1,2
C144,C144_F172,0,0
C144,C144_F173,0,0
C144,C144_F174,5,0
C144,C144_F175,3,1
C144,C144_F176,1,0
C144,C144_F177,0,1
C144,C144_F178,2,1
C144,C144_F179,0,1
C144,C144_F180,2,0
C144,C144_F181,0,1
C144,C144_F182,0,0
C144,C144_F184,0,0
C144,C144_F185,0,1
C144,C144_F186,2,0
C144,C144_F187,1,1
C144,C144_F188,0,0
C144,C144_F189,1,1
C144,C144_F190,1,0
C144,C144_F191,2,1
C144,C144_F192,2,0
C144,C144_F193,2,1
C144,C144_F194,0,2
C144,C144_F195,0,1
C144,C144_F196,0,0
C144,C144_F197,0,0
C144,C144_F198,3,2
C144,C144_F199,1,0
C144,C144_F200,1,0
C144,C144_F201,1,1
C144,C144_F202,1,0
C144,C144_F203,2,1
C144,C144_F204,0,1
C144,C144_F205,3,1
C144,C144_F206,0,1
C144,C144_F207,0,1
C144,C144_F208,0,0
C144,C144_F209,1,0
C144,C144_F210,0,1
C144,C144_F211,0,0
C144,C144_F212,0,2
C144,C144_F213,0,0
C144,C144_F214,1,0
C144,C144_F215,1,1
C144,C144_F216,1,2
C144,C144_F217,1,0
C144,C144_F219,1,1
C144,C144_F220,1,1
C144,C144_F221,0,0
C144,C144_F222,0,0
C144,C144_F223,1,2
C144,C144_F224,0,0
C144,C144_F225,1,0
C144,C144_F226,1,0
C144,C144_F227,0,1
C144,C144_F228,0,1
C144,C144_F229,1,1
C144,C144_F230,1,0
C144,C144_F231,0,1
C144,C144_F232,1,0
C144,C144_F233,1,1
C144,C144_F234,0,0
C144,C144_F235,1,0
C144,C144_F236,0,0
C144,C144_F237,1,0
C144,C144_F238,2,0
C144,C144_F239,0,2
C144,C144_F240,0,1
C144,C144_F241,0,0
C144,C144_F242,0,1
C144,C144_F243,1,0
C144,C144_F244,1,2
C144,C144_F245,2,2
C144,C144_F246,1,0
C144,C144_F248,4,0
C144,C144_F249,1,0
C144,C144_F250,0,2
C144,C144_F251,0,0
C144,C144_F252,1,2
C144,C144_F253,1,0
C144,C144_F254,0,1
C144,C144_F255,1,0
C144,C144_F256,0,0
C144,C144_F257,2,1
C144,C144_F258,0,1
C144,C144_F259,0,0
C144,C144_F262,1,1
C144,C144_F263,1,1
C144,C144_F264,0,0
C144,C144_F265,1,2
C144,C144_F266,0,0
C144,C144_F267,1,1
C144,C144_F268,1,0
C144,C144_F269,2,0
C144,C144_F270,0,0
C144,C144_F271,1,0
C144,C144_F272,0,0
C144,C144_F273,2,1
C144,C144_F274,0,0
C144,C144_F275,0,0
C144,C144_F276,0,0
C144,C144_F277,1,1
C144,C144_F278,2,1
C144,C144_F279,0,0
C144,C144_F280,1,1
C144,C144_F281,0,0
C144,C144_F282,1,1
C144,C144_F283,0,0
C144,C144_F284,1,0
C144,C144_F285,1,0
C144,C144_F286,0,1
C144,C144_F287,1,0
C144,C144_F288,0,0
C144,C144_F289,1,0
C144,C144_F290,0,2
C144,C144_F291,3,0
C144,C144_F292,3,0
C144,C144_F293,1,0
C144,C144_F295,2,0
C144,C144_F296,1,0
C144,C144_F297,1,1
C144,C144_F298,0,2
C144,C144_F299,0,2
C144,C144_F300,1,0
C144,C144_F301,0,1
C144,C144_F302,1,0
C144,C144_F303,0,1
C144,C144_F304,1,1
C144,C144_F305,0,1
C144,C144_F306,2,0
C144,C144_F307,1,0
C144,C144_F308,0,0
C144,C144_F309,0,1
C144,C144_F310,1,1
C144,C144_F311,1,0
C144,C144_F312,3,0
C144,C144_F313,0,1
C144,C144_F314,1,1
C144,C144_F316,1,1
C144,C144_F317,5,0
C144,C144_F318,2,0
C144,C144_F319,0,0
C144,C144_F320,1,2
C144,C144_F321,0,0
C144,C144_F322,1,0
C144,C144_F323,1,0
C144,C144_F324,0,0
C144,C144_F325,3,0
C144,C144_F326,0,2
C144,C144_F327,1,2
C144,C144_F328,0,0
C144,C144_F329,1,0
C144,C144_F330,0,0
C144,C144_F331,0,1
C144,C144_F332,1,0
C144,C144_F333,1,1
C144,C144_F334,0,0
C144,C144_F335,1,0
C144,C144_F336,0,0
C144,C144_F337,1,0
C144,C144_F338,0,1
C144,C144_F339,0,0
C144,C144_F340,1,0
C144,C144_F341,1,0
C144,C144_F342,0,1
C144,C144_F343,2,3
C144,C144_F344,2,0
C144,C144_F346,3,0
C144,C144_F347,0,1
C144,C144_F348,2,0
C144,C144_F350,1,0
C144,C144_F351,1,0
C144,C144_F352,1,0
C144,C144_F353,1,0
C144,C144_F354,1,0
C144,C144_F355,2,0
C144,C144_F356,0,1
C144,C144_F357,1,0
C144,C144_F358,1,1
C144,C144_F359,0,0
C144,C144_F362,2,2
C144,C144_F363,0,0
C144,C144_F364,0,1
C144,C144_F365,0,3
C144,C144_F366,1,1
C144,C144_F368,1,0
C144,C144_F369,0,1
C144,C144_F370,1,0
C144,C144_F371,0,2
C144,C144_F372,0,0
C144,C144_F373,0,0
C144,C144_F374,2,0
C144,C144_F375,2,2
C144,C144_F376,1,0
C144,C144_F377,0,0
C144,C144_F378,1,0
C144,C144_F379,1,0
C144,C144_F380,2,0
C145,C145_F001,2,0
C145,C145_F002,2,0
C145,C145_F003,1,2
C145,C145_F005,0,0
C145,C145_F006,0,1
C145,C145_F007,2,0
C145,C145_F008,0,0
C145,C145_F009,1,1
C145,C145_F010,0,0
C145,C145_F011,0,0
C145,C145_F013,0,0
C145,C145_F014,0,0
C145,C145_F015,0,1
C145,C145_F016,0,2
C145,C145_F017,0,1
C145,C145_F018,0,0
C145,C145_F019,1,1
C145,C145_F021,0,2
C145,C145_F023,2,0
C145,C145_F024,0,0
C145,C145_F025,3,1
C145,C145_F026,0,2
C145,C145_F027,2,1
C145,C145_F028,2,0
C145,C145_F029,0,1
C145,C145_F030,0,1
C145,C145_F031,2,2
C145,C145_F032,1,0
C145,C145_F033,1,1
C145,C145_F034,1,1
C145,C145_F035,0,0
C145,C145_F036,0,1
C145,C145_F037,1,1
C145,C145_F038,0,0
C145,C145_F039,1,2
C145,C145_F040,1,0
C145,C145_F041,2,1
C145,C145_F042,3,0
C145,C145_F043,5,1
C145,C145_F044,1,1
C145,C145_F045,2,0
C145,C145_F046,2,0
C145,C145_F047,1,1
C145,C145_F048,2,1
C145,C145_F049,0,1
C145,C145_F051,1,1
C145,C145_F052,1,0
C145,C145_F053,1,0
C145,C145_F054,1,0
C145,C145_F056,1,1
C145,C145_F057,1,0
C145,C145_F058,0,1
C145,C145_F059,0,1
C145,C145_F060,0,2
C145,C145_F061,4,0
C145,C145_F062,1,0
C145,C145_F063,4,0
C145,C145_F064,1,0
C145,C145_F065,1,3
C145,C145_F066,2,0
C145,C145_F068,0,0
C145,C145_F069,0,2
C145,C145_F070,0,0
C145,C145_F071,1,0
C145,C145_F072,1,2
C145,C145_F073,1,2
C145,C145_F074,0,0
C145,C145_F075,1,1
C145,C145_F076,0,2
C145,C145_F077,2,0
C145,C145_F078,0,1
C145,C145_F079,1,0
C145,C145_F080,1,1
C145,C145_F081,0,2
C145,C145_F082,0,2
C145,C145_F083,0,0
C145,C145_F084,1,0
C145,C145_F085,0,1
C145,C145_F086,2,1
C145,C145_F087,0,0
C145,C145_F088,3,0
C145,C145_F089,0,2
C145,C145_F090,0,1
C145,C145_F092,0,0
C145,C145_F093,0,0
C145,C145_F094,0,0
C145,C145_F095,1,2
C145,C145_F096,0,1
C145,C145_F097,0,0
C145,C145_F099,1,0
C145,C145_F100,1,1
C145,C145_F101,0,1
C145,C145_F102,0,0
C145,C145_F103,1,1
C145,C145_F104,1,1
C145,C145_F105,1,1
C145,C145_F107,2,0
C145,C145_F108,0,0
C145,C145_F109,1,1
C145,C145_F110,0,0
C145,C145_F111,0,0
C145,C145_F112,0,1
C145,C145_F113,0,2
C145,C145_F114,2,1
C145,C145_F115,0,0
C145,C145_F116,0,1
C145,C145_F117,1,1
C145,C145_F118,1,1
C145,C145_F119,0,1
C145,C145_F120,1,1
C145,C145_F121,0,0
C145,C145_F122,1,1
C145,C145_F123,0,2
C145,C145_F124,0,0
C145,C145_F125,0,0
C145,C145_F126,1,0
C145,C145_F127,1,1
C145,C145_F128,0,1
C145,C145_F129,0,1
C145,C145_F131,0,1
C145,C145_F132,0,0
C145,C145_F133,0,0
C145,C145_F134,1,1
C145,C145_F135,3,0
C145,C145_F136,1,0
C145,C145_F137,0,1
C145,C145_F138,1,0
C145,C145_F140,0,1
C145,C145_F141,0,1
C145,C145_F142,2,0
C145,C145_F143,1,4
C145,C145_F144,1,1
C145,C145_F145,0,1
C145,C145_F146,2,1
C145,C145_F147,0,1
C145,C145_F148,0,0
C145,C145_F149,0,2
C145,C145_F150,1,0
C145,C145_F151,0,0
C145,C145_F152,2,0
C145,C145_F153,0,0
C145,C145_F154,1,1
C145,C145_F155,2,0
C145,C145_F156,2,1
C145,C145_F157,0,0
C145,C145_F158,0,0
C145,C145_F159,0,1
C145,C145_F160,2,0
C145,C145_F161,1,2
C145,C145_F162,0,1
C145,C145_F163,0,0
C145,C145_F164,0,0
C145,C145_F165,0,1
C145,C145_F166,1,0
C145,C145_F167,0,0
C145,C145_F168,2,0
C145,C145_F169,1,2
C145,C145_F170,1,0
C145,C145_F171,2,1
C145,C145_F172,1,0
C145,C145_F173,2,0
C145,C145_F174,1,0
C145,C145_F175,2,1
C145,C145_F176,1,0
C145,C145_F177,1,2
C145,C145_F178,1,0
C145,C145_F179,1,0
C145,C145_F180,0,1
C145,C145_F182,0,0
C145,C145_F184,1,0
C145,C145_F185,1,1
C145,C145_F186,1,1
C145,C145_F187,0,1
C145,C145_F188,0,2
C145,C145_F189,1,0
C145,C145_F190,0,1
C145,C145_F191,1,0
C145,C145_F192,0,2
C145,C145_F194,1,0
C145,C145_F195,1,0
C145,C145_F196,1,1
C145,C145_F197,0,0
C145,C145_F198,2,1
C145,C145_F199,1,0
C145,C145_F200,0,0
C145,C145_F201,1,1
C145,C145_F202,3,0
C145,C145_F203,0,0
C145,C145_F204,1,3
C145,C145_F205,1,0
C145,C145_F206,3,1
C145,C145_F207,1,0
C145,C145_F208,0,0
C145,C145_F209,1,0
C145,C145_F210,0,1
C145,C145_F211,1,0
C145,C145_F212,1,1
C145,C145_F213,0,1
C145,C145_F214,0,0
C145,C145_F215,0,0
C145,C145_F216,2,1
C145,C145_F217,1,0
C145,C145_F218,1,1
C145,C145_F220,0,2
C145,C145_F221,0,1
C145,C145_F222,0,1
C145,C145_F223,3,0
C145,C145_F224,1,1
C145,C145_F225,0,0
C145,C145_F226,0,2
C145,C145_F227,1,0
C145,C145_F229,1,1
C145,C145_F230,1,3
C145,C145_F231,0,0
C145,C145_F232,0,0
C145,C145_F233,0,1
C145,C145_F234,2,0
C145,C145_F235,1,0
C145,C145_F236,2,2
C145,C145_F237,0,0
C145,C145_F238,0,0
C145,C145_F239,1,1
C145,C145_F240,1,0
C146,C146_F001,0,1
C146,C146_F002,2,1
C146,C146_F003,0,0
C146,C146_F004,0,0
C146,C146_F005,0,1
C146,C146_F006,0,1
C146,C146_F007,2,1
C146,C146_F008,0,4
C146,C146_F009,0,0
C146,C146_F010,0,0
C146,C146_F011,0,1
C146,C146_F012,1,0
C146,C146_F013,0,1
C146,C146_F014,0,0
C146,C146_F016,0,0
C146,C146_F017,1,0
C146,C146_F018,1,0
C146,C146_F019,1,1
C146,C146_F020,1,0
C146,C146_F021,0,0
C146,C146_F022,0,1
C146,C146_F023,0,0
C146,C146_F024,1,1
C146,C146_F025,1,3
C146,C146_F026,0,2
C146,C146_F027,1,2
C146,C146_F028,2,0
C146,C146_F029,1,0
C146,C146_F030,0,0
C146,C146_F031,0,0
C146,C146_F032,0,0
C146,C146_F033,0,0
C146,C146_F034,3,0
C146,C146_F035,1,1
C146,C146_F036,0,0
C146,C146_F037,0,1
C146,C146_F038,0,3
C146,C146_F039,1,1
C146,C146_F040,0,1
C146,C146_F041,0,2
C146,C146_F042,0,1
C146,C146_F043,0,1
C146,C146_F044,2,0
C146,C146_F045,1,2
C146,C146_F046,2,1
C146,C146_F047,0,1
C146,C146_F048,1,2
C146,C146_F049,1,3
C146,C146_F050,3,0
C146,C146_F051,1,0
C146,C146_F052,0,2
C146,C146_F054,0,0
C146,C146_F055,2,1
C146,C146_F056,0,1
C146,C146_F057,2,0
C146,C146_F058,1,0
C146,C146_F059,1,1
C146,C146_F060,1,0
C146,C146_F061,2,0
C146,C146_F062,1,1
C146,C146_F064,0,1
C146,C146_F065,2,0
C146,C146_F066,1,0
C146,C146_F067,2,0
C146,C146_F068,0,0
C146,C146_F069,1,0
C146,C146_F070,0,2
C146,C146_F071,1,0
C146,C146_F072,0,0
C146,C146_F073,0,1
C146,C146_F074,1,4
C146,C146_F075,2,1
C146,C146_F076,1,0
C146,C146_F077,1,1
C146,C146_F079,1,1
C146,C146_F080,3,0
C146,C146_F081,2,1
C146,C146_F082,2,0
C146,C146_F083,0,0
C146,C146_F084,3,1
C146,C146_F085,1,1
C146,C146_F086,1,3
C146,C146_F087,1,0
C146,C146_F088,1,0
C146,C146_F089,2,3
C146,C146_F090,0,0
C146,C146_F091,0,1
C146,C146_F092,1,0
C146,C146_F093,0,1
C146,C146_F094,1,0
C146,C146_F095,1,1
C146,C146_F096,0,1
C146,C146_F097,0,1
C146,C146_F098,2,0
C146,C146_F099,2,0
C146,C146_F100,2,1
C146,C146_F101,2,1
C146,C146_F102,0,2
C146,C146_F103,1,0
C146,C146_F104,0,0
C146,C146_F105,1,0
C146,C146_F106,0,2
C146,C146_F107,2,0
C146,C146_F108,0,1
C146,C146_F109,0,0
C146,C146_F110,0,1
C146,C146_F111,1,1
C146,C146_F113,0,2
C146,C146_F114,0,0
C146,C146_F115,0,0
C146,C146_F117,0,2
C146,C146_F118,1,0
C146,C146_F119,1,0
C146,C146_F120,2,0
C146,C146_F121,0,0
C146,C146_F122,0,1
C146,C146_F123,0,1
C146,C146_F125,2,1
C146,C146_F126,1,2
C146,C146_F127,1,1
C146,C146_F128,1,0
C146,C146_F129,0,1
C146,C146_F130,1,1
C146,C146_F132,0,0
C147,C147_F001,1,2
C147,C147_F002,1,0
C147,C147_F003,1,0
C147,C147_F004,1,0
C147,C147_F005,2,0
C147,C147_F006,1,2
C147,C147_F007,0,1
C147,C147_F008,0,2
C147,C147_F009,1,1
C147,C147_F010,2,1
C147,C147_F011,0,0
C147,C147_F012,1,0
C147,C147_F013,0,1
C147,C147_F014,0,1
C147,C147_F015,1,1
C147,C147_F016,3,0
C147,C147_F017,0,2
C147,C147_F019,0,0
C147,C147_F020,0,1
C147,C147_F021,2,0
C147,C147_F022,2,0
C147,C147_F023,0,1
C147,C147_F024,0,2
C147,C147_F025,0,1
C147,C147_F026,0,0
C147,C147_F028,0,0
C147,C147_F029,0,2
C147,C147_F030,0,1
C147,C147_F031,1,2
C147,C147_F032,0,3
C147,C147_F033,0,0
C147,C147_F034,0,0
C147,C147_F035,0,1
C147,C147_F036,1,1
C147,C147_F037,0,0
C147,C147_F038,0,2
C147,C147_F040,2,0
C147,C147_F041,0,1
C147,C147_F042,2,0
C147,C147_F044,3,0
C147,C147_F045,1,1
C147,C147_F046,0,0
C147,C147_F047,0,2
C147,C147_F048,2,0
C147,C147_F049,0,0
C147,C147_F050,0,2
C147,C147_F051,0,0
C147,C147_F052,0,0
C147,C147_F053,0,0
C147,C147_F054,1,0
C147,C147_F055,0,0
C147,C147_F056,1,2
C147,C147_F057,2,1
C147,C147_F058,1,0
C147,C147_F059,0,0
C147,C147_F060,0,2
C147,C147_F061,0,1
C147,C147_F062,0,1
C147,C147_F064,1,1
C147,C147_F065,1,1
C147,C147_F066,0,2
C147,C147_F067,1,2
C147,C147_F068,1,2
C147,C147_F069,2,0
C147,C147_F070,0,0
C147,C147_F071,0,0
C147,C147_F072,2,0
C147,C147_F073,0,0
C147,C147_F074,0,0
C147,C147_F075,1,0
C147,C147_F076,1,0
C147,C147_F077,2,0
C147,C147_F078,1,0
C147,C147_F079,2,1
C147,C147_F080,0,1
C147,C147_F081,1,0
C147,C147_F082,0,0
C147,C147_F083,1,1
C147,C147_F084,0,0
C147,C147_F085,1,0
C147,C147_F086,0,0
C147,C147_F087,0,0
C147,C147_F088,0,0
C147,C147_F089,1,0
C147,C147_F090,0,0
C147,C147_F091,2,0
C147,C147_F092,1,1
C147,C147_F093,0,1
C147,C147_F094,0,3
C147,C147_F095,0,2
C147,C147_F096,1,0
C147,C147_F097,0,0
C147,C147_F098,2,0
C147,C147_F099,0,0
C147,C147_F100,0,0
C147,C147_F101,0,1
C147,C147_F102,1,0
C147,C147_F103,0,0
C147,C147_F104,0,1
C147,C147_F105,1,0
C147,C147_F106,4,0
C147,C147_F107,0,0
C147,C147_F108,1,1
C147,C147_F109,0,0
C147,C147_F111,1,0
C147,C147_F112,0,2
C147,C147_F113,1,2
C147,C147_F114,0,0
C147,C147_F115,1,1
C147,C147_F116,2,0
C147,C147_F117,0,1
C147,C147_F118,1,2
C147,C147_F120,0,2
C147,C147_F121,0,0
C147,C147_F122,1,0
C147,C147_F123,2,1
C147,C147_F124,1,2
C147,C147_F125,1,1
C147,C147_F126,2,2
C147,C147_F127,1,1
C147,C147_F128,0,1
C147,C147_F129,2,0
C147,C147_F130,0,2
C147,C147_F131,1,0
C147,C147_F132,4,0
C147,C147_F133,0,0
C147,C147_F134,0,1
C147,C147_F135,0,1
C147,C147_F136,2,0
C147,C147_F137,1,0
C147,C147_F138,2,0
C147,C147_F139,1,0
C147,C147_F140,0,1
C147,C147_F141,2,0
C147,C147_F142,2,0
C147,C147_F143,0,2
C147,C147_F144,0,0
C147,C147_F145,1,0
C147,C147_F146,0,0
C147,C147_F147,1,1
C147,C147_F148,0,2
C147,C147_F149,1,0
C147,C147_F150,1,0
C147,C147_F151,2,1
C147,C147_F152,2,2
C147,C147_F153,0,3
C147,C147_F154,1,0
C147,C147_F155,1,1
C147,C147_F156,0,0
C147,C147_F157,0,1
C147,C147_F158,0,0
C147,C147_F159,2,0
C147,C147_F160,1,0
C147,C147_F161,0,2
C147,C147_F162,0,1
C147,C147_F163,0,1
C147,C147_F164,1,1
C147,C147_F165,0,0
C147,C147_F166,1,0
C147,C147_F167,2,1
C147,C147_F168,2,0
C147,C147_F169,0,0
C147,C147_F170,0,0
C147,C147_F171,0,0
C147,C147_F172,0,0
C147,C147_F173,0,1
C147,C147_F174,0,1
C147,C147_F175,0,0
C147,C147_F176,0,0
C147,C147_F177,0,0
C147,C147_F178,0,1
C147,C147_F179,0,0
C147,C147_F180,1,0
C147,C147_F182,0,1
C147,C147_F183,1,1
C147,C147_F184,0,1
C147,C147_F185,0,0
C147,C147_F187,0,0
C147,C147_F188,0,4
C147,C147_F189,0,1
C147,C147_F190,0,3
C147,C147_F191,0,0
C147,C147_F193,1,1
C147,C147_F194,1,0
C147,C147_F195,0,1
C147,C147_F197,0,1
C147,C147_F198,2,1
C147,C147_F200,0,1
C147,C147_F201,1,0
C147,C147_F203,2,0
C147,C147_F204,0,1
C147,C147_F205,1,1
C147,C147_F206,0,1
C147,C147_F207,2,0
C147,C147_F208,0,0
C147,C147_F209,2,0
C147,C147_F210,0,0
C147,C147_F211,2,1
C147,C147_F212,0,0
C147,C147_F213,0,1
C147,C147_F214,0,0
C147,C147_F215,1,2
C147,C147_F216,0,2
C147,C147_F218,1,0
C147,C147_F219,2,1
C147,C147_F220,0,0
C147,C147_F221,2,0
C147,C147_F222,0,0
C147,C147_F223,0,1
C147,C147_F224,1,1
C147,C147_F226,3,0
C147,C147_F227,0,0
C147,C147_F228,1,1
C147,C147_F229,1,0
C147,C147_F230,0,0
C147,C147_F231,0,1
C147,C147_F232,1,0
C147,C147_F233,2,0
C147,C147_F234,1,0
C147,C147_F235,0,0
C147,C147_F237,1,0
C147,C147_F238,1,1
C147,C147_F239,0,0
C147,C147_F240,1,0
C147,C147_F241,0,0
C147,C147_F242,0,1
C147,C147_F243,0,1
C147,C147_F244,0,0
C147,C147_F245,1,2
C147,C147_F246,1,0
C147,C147_F247,0,0
C147,C147_F248,1,1
C147,C147_F249,0,0
C147,C147_F250,0,0
C147,C147_F251,1,1
C147,C147_F252,3,0
C147,C147_F254,0,1
C147,C147_F255,1,3
C147,C147_F256,1,1
C147,C147_F257,0,1
C147,C147_F258,0,0
C147,C147_F259,0,1
C147,C147_F260,0,1
C147,C147_F261,0,0
C147,C147_F262,1,0
C147,C147_F263,0,0
C147,C147_F265,1,0
C147,C147_F266,1,0
C147,C147_F267,1,0
C147,C147_F268,2,0
C147,C147_F269,2,1
C147,C147_F270,0,1
C147,C147_F271,0,0
C147,C147_F272,3,0
C147,C147_F273,0,0
C147,C147_F274,0,1
C147,C147_F275,5,0
C147,C147_F276,0,1
C147,C147_F277,1,1
C147,C147_F278,1,1
C147,C147_F279,1,1
C147,C147_F280,0,0
C147,C147_F281,1,0
C147,C147_F282,0,1
C147,C147_F283,1,1
C147,C147_F284,0,0
C147,C147_F285,0,1
C147,C147_F286,0,0
C147,C147_F287,0,1
C147,C147_F288,0,2
C147,C147_F289,1,1
C147,C147_F291,0,1
C147,C147_F292,0,1
C147,C147_F293,1,0
C147,C147_F294,1,1
C147,C147_F295,2,0
C147,C147_F296,0,0
C147,C147_F297,1,0
C147,C147_F298,0,1
C147,C147_F299,1,1
C147,C147_F300,1,1
C147,C147_F301,0,2
C147,C147_F302,0,0
C147,C147_F303,1,2
C147,C147_F304,5,0
C147,C147_F305,1,0
C147,C147_F306,1,0
C148,C148_F001,1,1
C148,C148_F002,1,1
C148,C148_F003,1,0
C148,C148_F004,0,4
C148,C148_F005,1,1
C148,C148_F006,0,0
C148,C148_F008,1,0
C148,C148_F009,1,0
C148,C148_F010,0,1
C148,C148_F011,1,1
C148,C148_F012,0,1
C148,C148_F013,0,1
C148,C148_F014,1,0
C148,C148_F015,1,0
C148,C148_F016,1,1
C148,C148_F017,0,0
C148,C148_F019,1,0
C148,C148_F020,0,3
C148,C148_F021,3,2
C148,C148_F022,4,0
C148,C148_F023,0,0
C148,C148_F024,0,0
C148,C148_F025,0,1
C148,C148_F026,2,1
C148,C148_F027,1,0
C148,C148_F028,0,0
C148,C148_F029,2,0
C148,C148_F030,2,0
C148,C148_F031,1,1
C148,C148_F032,1,0
C148,C148_F033,0,2
C148,C148_F034,0,0
C148,C148_F035,0,1
C148,C148_F036,1,0
C148,C148_F037,4,0
C148,C148_F038,2,1
C148,C148_F040,1,1
C148,C148_F041,1,0
C148,C148_F042,0,0
C148,C148_F043,0,0
C148,C148_F044,3,0
C148,C148_F045,0,0
C148,C148_F046,0,0
C148,C148_F047,1,1
C148,C148_F048,1,1
C148,C148_F049,0,0
C148,C148_F050,0,1
C148,C148_F051,2,2
C148,C148_F052,1,0
C148,C148_F053,1,1
C148,C148_F054,1,1
C148,C148_F055,0,0
C148,C148_F056,0,2
C148,C148_F057,1,0
C148,C148_F058,0,0
C148,C148_F059,0,0
C148,C148_F060,0,2
C148,C148_F061,2,1
C148,C148_F062,1,0
C148,C148_F063,1,2
C148,C148_F064,0,0
C148,C148_F065,0,0
C148,C148_F066,2,2
C148,C148_F067,0,2
C148,C148_F068,0,1
C148,C148_F069,0,0
C148,C148_F070,2,1
C148,C148_F071,0,0
C148,C148_F072,0,1
C148,C148_F073,2,0
C148,C148_F074,0,1
C148,C148_F075,2,0
C148,C148_F076,1,0
C148,C148_F077,0,1
C148,C148_F078,2,2
C148,C148_F079,0,2
C148,C148_F080,0,0
C148,C148_F081,0,0
C148,C148_F082,2,2
C148,C148_F083,2,0
C148,C148_F084,1,0
C148,C148_F085,0,1
C148,C148_F086,0,0
C148,C148_F087,0,0
C148,C148_F088,1,0
C148,C148_F089,0,2
C148,C148_F090,0,2
C148,C148_F091,0,1
C148,C148_F092,0,0
C148,C148_F093,2,1
C148,C148_F094,0,3
C148,C148_F095,0,1
C148,C148_F096,0,1
C148,C148_F097,0,0
C148,C148_F098,0,0
C148,C148_F099,3,0
C148,C148_F100,0,0
C148,C148_F101,0,0
C148,C148_F102,0,0
C148,C148_F103,1,2
C148,C148_F104,0,0
C148,C148_F105,0,1
C148,C148_F107,0,0
C148,C148_F108,1,1
C148,C148_F109,0,0
C148,C148_F110,0,3
C148,C148_F111,0,1
C148,C148_F112,0,1
C148,C148_F113,1,0
C148,C148_F114,0,1
C148,C148_F115,0,0
C148,C148_F116,1,1
C148,C148_F117,0,1
C148,C148_F118,1,0
C148,C148_F119,1,0
C148,C148_F120,2,1
C148,C148_F121,2,0
C148,C148_F122,0,1
C148,C148_F123,1,0
C148,C148_F124,1,0
C148,C148_F125,0,0
C148,C148_F126,0,0
C148,C148_F127,1,1
C148,C148_F128,1,0
C148,C148_F129,1,1
C148,C148_F130,1,0
C148,C148_F131,0,0
C148,C148_F132,0,1
C148,C148_F133,0,0
C148,C148_F134,1,0
C148,C148_F135,1,0
C148,C148_F136,0,3
C148,C148_F137,0,0
C148,C148_F138,1,0
C148,C148_F139,1,0
C148,C148_F140,0,0
C148,C148_F141,0,0
C148,C148_F142,2,1
C148,C148_F143,0,2
C148,C148_F145,0,0
C148,C148_F146,0,2
C148,C148_F148,0,1
C148,C148_F150,0,0
C148,C148_F151,0,1
C148,C148_F152,1,0
C148,C148_F153,0,0
C148,C148_F154,0,0
C148,C148_F155,2,1
C148,C148_F156,2,4
C148,C148_F157,1,1
C148,C148_F158,1,1
C148,C148_F159,0,0
C148,C148_F160,0,0
C148,C148_F161,0,0
C148,C148_F162,1,0
C148,C148_F163,1,2
C148,C148_F164,2,0
C148,C148_F166,0,0
C148,C148_F167,1,0
C148,C148_F168,0,0
C148,C148_F169,0,0
C148,C148_F170,0,2
C148,C148_F171,0,1
C148,C148_F172,3,0
C148,C148_F173,2,0
C148,C148_F174,0,0
C148,C148_F175,1,0
C148,C148_F176,0,2
C148,C148_F177,0,0
C148,C148_F178,0,1
C148,C148_F180,0,2
C148,C148_F181,0,2
C148,C148_F182,0,0
C148,C148_F183,0,1
C148,C148_F184,1,0
C148,C148_F185,1,0
C148,C148_F186,0,1
C148,C148_F187,1,1
C148,C148_F188,2,0
C148,C148_F189,1,0
C148,C148_F190,0,1
C148,C148_F191,2,0
C148,C148_F192,0,1
C148,C148_F193,1,1
C148,C148_F194,1,0
C148,C148_F195,1,0
C148,C148_F196,1,0
C148,C148_F197,0,3
C148,C148_F198,3,0
C148,C148_F199,0,0
C148,C148_F200,1,2
C148,C148_F201,0,1
C148,C148_F203,3,0
C148,C148_F204,0,1
C148,C148_F206,1,1
C148,C148_F207,3,0
C148,C148_F208,1,1
C148,C148_F209,0,0
C148,C148_F211,1,2
C148,C148_F212,2,0
C148,C148_F213,1,0
C148,C148_F214,1,0
C148,C148_F216,1,1
C148,C148_F217,1,1
C148,C148_F218,0,1
C148,C148_F219,1,1
C148,C148_F222,1,0
C148,C148_F223,1,0
C148,C148_F224,2,0
C148,C148_F225,0,1
C148,C148_F226,2,0
C148,C148_F227,1,2
C148,C148_F228,0,0
C148,C148_F229,1,1
C148,C148_F230,0,1
C148,C148_F231,0,1
C148,C148_F232,2,0
C148,C148_F233,0,1
C148,C148_F234,1,0
C148,C148_F235,1,0
C148,C148_F236,0,2
C148,C148_F237,1,0
C148,C148_F238,0,1
C148,C148_F239,0,1
C148,C148_F240,0,0
C148,C148_F241,0,0
C148,C148_F242,1,0
C148,C148_F243,0,0
C148,C148_F244,2,0
C148,C148_F245,0,1
C148,C148_F246,0,0
C148,C148_F247,3,1
C148,C148_F248,3,0
C148,C148_F249,1,0
C148,C148_F250,1,0
C148,C148_F251,0,0
C148,C148_F253,0,0
C148,C148_F254,1,1
C148,C148_F255,1,0
C148,C148_F256,1,1
C148,C148_F257,1,0
C148,C148_F258,2,0
C148,C148_F259,2,2
C148,C148_F260,1,0
C148,C148_F261,0,0
C148,C148_F262,0,1
C148,C148_F263,0,1
C148,C148_F264,0,0
C148,C148_F265,1,1
C148,C148_F266,2,1
C148,C148_F267,0,1
C148,C148_F268,0,1
C148,C148_F269,0,0
C148,C148_F270,0,0
C148,C148_F271,1,2
C148,C148_F272,1,0
C148,C148_F273,1,1
C148,C148_F274,1,0
C148,C148_F275,0,0
C148,C148_F276,2,1
C148,C148_F277,0,0
C148,C148_F278,2,1
C148,C148_F279,0,1
C148,C148_F280,3,1
C148,C148_F281,1,1
C148,C148_F282,0,1
C148,C148_F283,0,0
C148,C148_F284,1,2
C148,C148_F287,0,1
C148,C148_F288,1,0
C148,C148_F289,0,0
C148,C148_F290,0,2
C148,C148_F291,0,1
C148,C148_F292,1,1
C148,C148_F293,0,1
C148,C148_F295,0,0
C148,C148_F297,0,0
C148,C148_F298,0,0
C148,C148_F299,0,1
C148,C148_F301,1,0
C148,C148_F302,1,0
C148,C148_F304,1,0
C148,C148_F306,0,0
C148,C148_F307,1,0
C148,C148_F308,1,0
C148,C148_F309,0,1
C148,C148_F310,0,0
C148,C148_F311,0,0
C148,C148_F312,1,0
C148,C148_F313,1,1
C148,C148_F314,0,2
C148,C148_F315,0,0
C148,C148_F316,1,0
C148,C148_F317,2,1
C148,C148_F318,1,0
C148,C148_F319,0,0
C148,C148_F320,1,0
C148,C148_F322,0,1
C148,C148_F323,0,0
C148,C148_F324,1,1
C148,C148_F325,0,0
C148,C148_F326,2,0
C148,C148_F328,1,0
C148,C148_F329,0,0
C148,C148_F330,1,1
C148,C148_F331,1,1
C148,C148_F332,0,1
C148,C148_F333,0,2
C148,C148_F334,1,0
C148,C148_F335,1,1
C148,C148_F336,1,0
C148,C148_F337,1,0
C148,C148_F340,1,0
C148,C148_F341,0,1
C148,C148_F342,2,0
C148,C148_F343,1,1
C148,C148_F344,0,1
C148,C148_F345,0,0
C148,C148_F346,1,1
C148,C148_F347,0,0
C148,C148_F348,1,0
C148,C148_F349,0,1
C148,C148_F350,0,0
C148,C148_F351,1,0
C148,C148_F352,1,2
C148,C148_F353,1,0
C148,C148_F354,2,0
C148,C148_F355,0,1
C148,C148_F356,0,0
C148,C148_F357,1,1
C148,C148_F358,2,0
C148,C148_F359,0,0
C148,C148_F360,2,0
C148,C148_F361,0,1
C148,C148_F362,1,2
C148,C148_F363,0,2
C148,C148_F364,1,0
C148,C148_F365,1,1
C148,C148_F366,1,0
C148,C148_F367,0,0
C148,C148_F368,0,0
C148,C148_F369,0,1
C148,C148_F370,1,0
C148,C148_F371,0,0
C148,C148_F372,1,0
C148,C148_F373,0,2
C148,C148_F374,0,0
C148,C148_F375,0,0
C148,C148_F376,1,1
C148,C148_F378,1,0
C148,C148_F379,1,0
C148,C148_F380,0,0
C149,C149_F001,4,0
C149,C149_F002,0,1
C149,C149_F004,0,0
C149,C149_F005,3,2
C149,C149_F006,0,1
C149,C149_F007,0,0
C149,C149_F008,0,0
C149,C149_F009,2,0
C149,C149_F012,0,0
C149,C149_F013,0,0
C149,C149_F014,1,0
C149,C149_F015,1,0
C149,C149_F016,1,1
C149,C149_F017,0,0
C149,C149_F018,2,0
C149,C149_F019,0,1
C149,C149_F020,1,1
C149,C149_F021,1,0
C149,C149_F022,1,0
C149,C149_F023,0,0
C149,C149_F024,1,1
C149,C149_F025,0,1
C149,C149_F026,2,0
C149,C149_F027,2,0
C149,C149_F028,2,1
C149,C149_F029,0,1
C149,C149_F030,0,1
C149,C149_F031,0,3
C149,C149_F032,0,1
C149,C149_F033,0,0
C149,C149_F034,0,1
C149,C149_F036,2,0
C149,C149_F037,0,0
C149,C149_F039,0,0
C149,C149_F040,0,2
C149,C149_F041,0,2
C149,C149_F042,0,2
C149,C149_F043,1,0
C149,C149_F044,1,0
C149,C149_F045,1,0
C149,C149_F046,0,0
C149,C149_F048,1,0
C149,C149_F049,0,1
C149,C149_F050,0,0
C149,C149_F051,1,0
C149,C149_F052,1,0
C149,C149_F053,0,1
C149,C149_F054,3,0
C149,C149_F055,0,0
C149,C149_F056,1,0
C149,C149_F057,0,1
C149,C149_F058,1,1
C149,C149_F059,1,0
C149,C149_F060,1,1
C149,C149_F061,0,1
C149,C149_F062,0,1
C149,C149_F063,1,0
C149,C149_F064,0,0
C149,C149_F065,0,0
C149,C149_F066,1,1
C149,C149_F068,1,0
C149,C149_F069,0,0
C149,C149_F071,0,1
C149,C149_F072,0,0
C149,C149_F073,1,1
C149,C149_F074,1,0
C149,C149_F075,1,0
C149,C149_F076,0,1
C149,C149_F077,1,1
C149,C149_F079,0,2
C149,C149_F080,0,1
C149,C149_F081,0,1
C149,C149_F083,0,0
C149,C149_F084,0,0
C149,C149_F085,1,0
C149,C149_F086,2,1
C149,C149_F088,1,2
C149,C149_F089,2,0
C149,C149_F090,0,0
C149,C149_F091,0,1
C149,C149_F094,0,1
C149,C149_F095,0,1
C149,C149_F096,1,0
C149,C149_F097,0,0
C149,C149_F098,1,0
C149,C149_F099,1,0
C149,C149_F100,1,1
C149,C149_F101,0,0
C149,C149_F102,1,0
C149,C149_F103,1,0
C149,C149_F105,0,0
C149,C149_F106,0,0
C149,C149_F107,0,0
C149,C149_F108,0,0
C149,C149_F109,0,0
C149,C149_F110,0,1
C149,C149_F111,0,1
C149,C149_F112,2,2
C149,C149_F113,1,0
C149,C149_F115,0,0
C149,C149_F116,0,2
C149,C149_F117,0,0
C149,C149_F118,0,0
C149,C149_F119,1,1
C149,C149_F120,0,2
C149,C149_F121,2,0
C149,C149_F122,0,0
C149,C149_F123,2,2
C149,C149_F124,0,0
C149,C149_F125,0,1
C149,C149_F126,1,0
C149,C149_F127,0,0
C149,C149_F128,0,0
C149,C149_F129,0,0
C149,C149_F130,1,0
C149,C149_F131,0,1
C149,C149_F132,0,1
C149,C149_F133,1,1
C149,C149_F134,1,1
C149,C149_F135,1,0
C149,C149_F137,0,0
C149,C149_F138,0,0
C149,C149_F139,0,1
C149,C149_F140,0,0
C149,C149_F141,2,0
C149,C149_F148,0,0
C149,C149_F149,1,1
C149,C149_F150,1,0
C149,C149_F151,0,1
C149,C149_F152,0,1
C149,C149_F154,1,0
C149,C149_F155,0,1
C149,C149_F156,1,0
C149,C149_F157,1,1
C149,C149_F158,1,0
C149,C149_F159,3,2
C149,C149_F160,1,0
C149,C149_F161,0,0
C149,C149_F162,0,0
C149,C149_F163,1,1
C149,C149_F165,0,0
C149,C149_F166,2,1
C149,C149_F167,4,0
C149,C149_F168,2,0
C149,C149_F169,0,0
C149,C149_F170,0,0
C149,C149_F171,0,0
C149,C149_F172,1,0
C149,C149_F173,0,0
C149,C149_F174,1,0
C149,C149_F175,0,1
C149,C149_F176,0,0
C149,C149_F177,2,0
C149,C149_F178,1,1
C149,C149_F179,0,1
C149,C149_F180,0,1
C149,C149_F181,1,0
C149,C149_F182,0,0
C149,C149_F183,0,2
C149,C149_F184,1,0
C149,C149_F185,0,0
C149,C149_F186,2,1
C149,C149_F187,1,1
C149,C149_F188,3,0
C149,C149_F189,0,0
C149,C149_F190,1,0
C149,C149_F191,1,0
C149,C149_F192,1,0
C149,C149_F193,0,1
C149,C149_F194,0,1
C149,C149_F195,1,3
C149,C149_F197,0,0
C149,C149_F198,2,0
C149,C149_F199,1,0
C149,C149_F200,1,0
C149,C149_F201,0,1
C149,C149_F202,0,0
C149,C149_F203,1,0
C149,C149_F204,0,1
C149,C149_F205,1,1
C149,C149_F206,2,0
C149,C149_F208,1,0
C149,C149_F209,1,0
C149,C149_F210,0,1
C149,C149_F212,2,0
C149,C149_F213,1,0
C149,C149_F214,0,0
C149,C149_F215,2,2
C149,C149_F216,1,0
C149,C149_F217,1,0
C149,C149_F219,1,0
C149,C149_F220,0,0
C149,C149_F221,0,0
C149,C149_F222,1,0
C149,C149_F225,0,1
C149,C149_F226,0,0
C149,C149_F227,0,0
C149,C149_F228,1,1
C149,C149_F229,0,0
C149,C149_F230,1,0
C149,C149_F231,1,1
C149,C149_F233,1,1
C149,C149_F235,1,0
C149,C149_F236,1,0
C149,C149_F237,1,0
C149,C149_F238,1,0
C149,C149_F239,0,0
C149,C149_F240,1,0
C149,C149_F241,1,0
C149,C149_F242,1,0
C149,C149_F243,0,0
C149,C149_F244,0,0
C149,C149_F246,1,0
C149,C149_F247,1,0
C149,C149_F248,1,1
C149,C149_F249,2,0
C149,C149_F250,1,0
C149,C149_F251,1,0
C149,C149_F252,1,0
C149,C149_F253,1,1
C149,C149_F254,2,1
C149,C149_F255,0,1
C149,C149_F256,0,0
C149,C149_F258,1,1
C149,C149_F259,1,1
C149,C149_F260,0,1
C149,C149_F261,0,1
C149,C149_F262,0,1
C149,C149_F263,0,2
C149,C149_F264,0,0
C149,C149_F265,1,0
C149,C149_F266,0,2
C149,C149_F267,0,1
C149,C149_F268,0,0
C149,C149_F269,0,1
C149,C149_F270,1,1
C149,C149_F271,0,1
C149,C149_F272,1,0
C149,C149_F274,1,1
C149,C149_F275,0,1
C149,C149_F276,0,2
C149,C149_F277,0,0
C149,C149_F278,1,0
C149,C149_F279,1,1
C149,C149_F281,1,0
C149,C149_F282,1,0
C149,C149_F283,1,1
C149,C149_F284,2,0
C149,C149_F285,1,1
C149,C149_F286,0,0
C149,C149_F287,1,1
C149,C149_F288,0,0
C149,C149_F289,0,1
C149,C149_F290,0,1
C149,C149_F291,0,0
C149,C149_F292,0,1
C149,C149_F293,1,3
C149,C149_F295,1,0
C149,C149_F297,0,1
C149,C149_F298,0,0
C149,C149_F299,1,1
C149,C149_F300,1,0
C149,C149_F301,0,1
C149,C149_F302,1,0
C149,C149_F303,1,1
C149,C149_F304,1,1
C149,C149_F305,0,0
C149,C149_F307,0,1
C149,C149_F308,1,1
C149,C149_F309,1,0
C149,C149_F310,0,0
C149,C149_F311,1,3
C149,C149_F312,0,0
C149,C149_F313,2,0
C149,C149_F315,2,1
C149,C149_F316,1,0
C149,C149_F318,1,1
C149,C149_F319,0,0
C149,C149_F320,0,1
C149,C149_F321,1,0
C149,C149_F324,0,0
C149,C149_F325,1,0
C149,C149_F326,1,0
C149,C149_F327,1,1
C149,C149_F328,1,0
C149,C149_F329,0,0
C149,C149_F330,0,0
C149,C149_F331,1,1
C149,C149_F332,0,0
C149,C149_F333,0,1
C149,C149_F334,2,0
C149,C149_F336,1,0
C149,C149_F337,0,0
C149,C149_F338,2,0
C149,C149_F339,1,1
C149,C149_F340,0,0
C149,C149_F341,0,0
C149,C149_F342,1,1
C149,C149_F344,0,0
C149,C149_F346,0,2
C149,C149_F347,0,1
C149,C149_F348,1,1
C149,C149_F349,1,0
C149,C149_F350,0,1
C149,C149_F351,0,0
C149,C149_F352,1,1
C149,C149_F353,0,1
C149,C149_F354,1,0
C149,C149_F355,1,0
C149,C149_F356,0,1
C149,C149_F357,0,0
C149,C149_F358,0,0
C149,C149_F359,1,0
C149,C149_F362,0,1
C149,C149_F363,1,0
C149,C149_F364,0,1
C149,C149_F366,1,0
C149,C149_F367,0,1
C149,C149_F369,0,1
C149,C149_F370,1,0
C149,C149_F371,0,0
C149,C149_F372,0,0
C149,C149_F373,2,1
C149,C149_F375,1,2
C149,C149_F376,0,1
C149,C149_F377,0,0
C149,C149_F378,0,0
C149,C149_F379,0,1
C150,C150_F001,0,2
C150,C150_F002,1,0
C150,C150_F003,0,3
C150,C150_F004,1,2
C150,C150_F005,0,0
C150,C150_F006,0,2
C150,C150_F007,0,0
C150,C150_F008,1,1
C150,C150_F009,0,2
C150,C150_F010,1,0
C150,C150_F011,0,0
C150,C150_F012,1,0
C150,C150_F013,1,1
C150,C150_F014,0,1
C150,C150_F016,0,1
C150,C150_F017,2,2
C150,C150_F018,0,0
C150,C150_F019,0,1
C150,C150_F020,1,0
C150,C150_F021,0,1
C150,C150_F022,1,2
C150,C150_F023,0,0
C150,C150_F024,0,0
C150,C150_F025,2,0
C150,C150_F026,0,2
C150,C150_F027,1,1
C150,C150_F028,0,1
C150,C150_F029,0,1
C150,C150_F030,2,1
C150,C150_F031,3,2
C150,C150_F033,0,1
C150,C150_F034,0,2
C150,C150_F035,1,3
C150,C150_F036,1,1
C150,C150_F038,0,0
C150,C150_F039,1,1
C150,C150_F040,1,1
C150,C150_F041,4,0
C150,C150_F042,1,1
C150,C150_F043,0,1
C150,C150_F044,3,1
C150,C150_F045,0,2
C150,C150_F046,3,0
C150,C150_F047,0,0
C150,C150_F048,1,2
C150,C150_F049,0,2
C150,C150_F050,0,2
C150,C150_F051,0,0
C150,C150_F052,0,0
C150,C150_F053,2,1
C150,C150_F054,0,0
C150,C150_F055,1,1
C150,C150_F056,1,3
C150,C150_F057,0,0
C150,C150_F058,2,1
C150,C150_F059,0,2
C150,C150_F060,0,0
C150,C150_F061,1,0
C150,C150_F062,0,0
C150,C150_F063,1,1
C150,C150_F064,1,0
C150,C150_F065,1,1
C150,C150_F066,2,0
C150,C150_F067,3,0
C150,C150_F069,2,0
C150,C150_F070,0,1
C150,C150_F071,0,0
C150,C150_F072,2,0
C150,C150_F073,0,1
C150,C150_F074,0,1
C150,C150_F075,1,1
C150,C150_F076,1,0
C150,C150_F078,4,0
C150,C150_F079,1,0
C150,C150_F080,1,0
C150,C150_F081,1,2
C150,C150_F082,2,0
C150,C150_F083,0,2
C150,C150_F084,1,1
C150,C150_F085,0,0
C150,C150_F086,0,3
C150,C150_F087,0,0
C150,C150_F088,1,1
C150,C150_F089,0,1
C150,C150_F090,0,0
C150,C150_F092,1,1
C150,C150_F093,0,1
C150,C150_F094,2,2
C150,C150_F095,0,0
C150,C150_F096,0,1
C150,C150_F097,0,0
C150,C150_F098,0,2
C150,C150_F099,0,1
C150,C150_F100,2,1
C150,C150_F101,0,1
C150,C150_F102,2,0
C150,C150_F103,0,1
C150,C150_F104,2,2
C150,C150_F105,1,0
C150,C150_F106,0,1
C150,C150_F107,1,0
C150,C150_F108,0,1
C150,C150_F109,0,1
C150,C150_F110,0,0
C150,C150_F111,1,0
C150,C150_F112,1,1
C150,C150_F113,0,1
C150,C150_F114,0,1
C150,C150_F115,0,0
C150,C150_F116,1,1
C150,C150_F117,1,0
C150,C150_F118,1,1
C150,C150_F119,1,0
C150,C150_F120,1,0
C150,C150_F121,0,0
C150,C150_F122,1,1
C150,C150_F123,1,0
C150,C150_F124,1,0
C150,C150_F125,0,0
C150,C150_F126,2,0
C150,C150_F127,1,2
C150,C150_F128,0,0
C150,C150_F129,0,1
C150,C150_F130,0,1
C150,C150_F131,1,1
C150,C150_F132,2,1
C150,C150_F133,1,0
C150,C150_F134,1,0
C150,C150_F135,0,2
C150,C150_F136,3,0
C150,C150_F137,0,1
C150,C150_F138,2,1
C150,C150_F139,0,0
C150,C150_F140,2,1
C150,C150_F141,0,0
C150,C150_F142,0,1
C150,C150_F143,2,0
C150,C150_F144,1,0
C150,C150_F145,1,1
C150,C150_F146,0,1
C150,C150_F147,0,0
C150,C150_F148,0,0
C150,C150_F149,1,0
C150,C150_F150,0,1
C150,C150_F151,1,1
C150,C150_F152,2,0
C150,C150_F153,1,0
C150,C150_F154,3,0
C150,C150_F155,2,0
C150,C150_F156,0,0
C150,C150_F157,0,0
C150,C150_F158,1,0
C150,C150_F160,2,1
C150,C150_F161,0,0
C150,C150_F162,1,1
C150,C150_F163,1,0
C150,C150_F165,0,0
C150,C150_F166,3,0
C150,C150_F167,0,1
C150,C150_F168,0,0
C150,C150_F169,2,1
C150,C150_F170,2,3
C150,C150_F171,1,2
C150,C150_F172,0,0
C150,C150_F173,3,1
C150,C150_F174,1,0
C150,C150_F175,2,0
C150,C150_F176,0,1
C150,C150_F177,0,0
C150,C150_F178,2,2
C150,C150_F179,0,2
C150,C150_F180,0,0
C150,C150_F181,0,1
C150,C150_F182,0,1
C150,C150_F183,3,0
C150,C150_F184,1,0
C150,C150_F185,1,2
C150,C150_F186,1,0
C150,C150_F187,0,1
C150,C150_F189,0,0
C150,C150_F190,1,0
C150,C150_F191,0,1
C150,C150_F192,1,1
C150,C150_F193,0,0
C150,C150_F194,0,0
C150,C150_F195,0,1
C150,C150_F197,1,1
C150,C150_F198,0,2
C150,C150_F199,0,1
C150,C150_F200,2,1
C150,C150_F201,0,0
C150,C150_F202,2,1
C150,C150_F204,1,1
C150,C150_F205,0,3
C150,C150_F206,2,2
C150,C150_F207,0,1
C150,C150_F208,0,0
C150,C150_F209,0,1
C150,C150_F210,1,1
C150,C150_F211,2,0
C150,C150_F212,1,0
C150,C150_F213,0,0
C150,C150_F214,0,0
C150,C150_F215,1,0
C150,C150_F216,1,0
C150,C150_F217,1,0
C150,C150_F218,0,0
C150,C150_F219,0,1
C150,C150_F220,0,0
C150,C150_F221,1,1
C150,C150_F222,1,0
C150,C150_F223,1,1
C150,C150_F224,0,1
C150,C150_F225,0,0
C150,C150_F226,0,1
C150,C150_F227,1,0
C150,C150_F228,1,1
C150,C150_F229,2,0
C150,C150_F230,0,1
C150,C150_F231,0,1
C150,C150_F232,1,1
C150,C150_F233,1,0
C150,C150_F234,1,2
C150,C150_F235,0,0
C150,C150_F236,0,1
C150,C150_F237,1,0
C150,C150_F238,0,0
C150,C150_F239,0,0
C150,C150_F240,0,2
C150,C150_F241,1,0
C150,C150_F242,0,1
C150,C150_F243,0,0
C150,C150_F244,1,1
C150,C150_F245,2,0
C150,C150_F246,0,1
C150,C150_F247,0,0
C150,C150_F249,0,0
C150,C150_F250,1,0
C150,C150_F251,1,0
C150,C150_F252,0,1
C150,C150_F253,1,1
C150,C150_F254,1,1
C150,C150_F255,3,0
C150,C150_F256,1,0
C150,C150_F257,0,1
C150,C150_F259,0,1
C150,C150_F260,1,0
C150,C150_F261,0,0
C150,C150_F262,2,0
C150,C150_F263,2,0
C150,C150_F264,0,1
C150,C150_F265,0,0
C150,C150_F266,1,1
C150,C150_F267,1,1
C150,C150_F268,1,0
C150,C150_F269,1,0
C150,C150_F270,1,1
C150,C150_F271,1,1
C150,C150_F272,1,1
C150,C150_F273,1,0
C150,C150_F274,0,2
C150,C150_F275,0,1
C150,C150_F276,3,0
C150,C150_F277,2,0
C150,C150_F278,0,0
C150,C150_F279,0,1
C150,C150_F280,1,1
C150,C150_F281,0,0
C150,C150_F282,0,0
C150,C150_F283,0,2
C150,C150_F285,5,0
C150,C150_F286,1,0
C150,C150_F287,1,0
C150,C150_F288,2,0
C150,C150_F289,0,2
C150,C150_F290,0,1
C150,C150_F291,0,1
C150,C150_F293,1,2
C150,C150_F294,0,0
C150,C150_F295,1,0
C150,C150_F296,1,1
C150,C150_F297,1,3
C150,C150_F298,2,0
C150,C150_F299,1,0
C150,C150_F300,0,0
C150,C150_F301,1,0
C150,C150_F302,0,1
C150,C150_F303,0,0
C150,C150_F304,2,0
C150,C150_F305,2,0
C150,C150_F306,0,0
C151,C151_F001,2,1
C151,C151_F002,1,1
C151,C151_F003,1,2
C151,C151_F004,1,0
C151,C151_F005,0,0
C151,C151_F006,1,0
C151,C151_F007,1,0
C151,C151_F009,0,0
C151,C151_F010,0,0
C151,C151_F011,0,3
C151,C151_F012,1,1
C151,C151_F013,2,0
C151,C151_F014,0,1
C151,C151_F015,2,0
C151,C151_F016,1,2
C151,C151_F017,2,1
C151,C151_F018,0,0
C151,C151_F019,1,2
C151,C151_F020,2,0
C151,C151_F021,1,0
C151,C151_F022,3,1
C151,C151_F023,1,2
C151,C151_F024,0,0
C151,C151_F025,1,0
C151,C151_F026,0,1
C151,C151_F028,0,0
C151,C151_F029,1,1
C151,C151_F030,0,0
C151,C151_F032,1,0
C151,C151_F033,1,0
C151,C151_F034,1,0
C151,C151_F035,2,0
C151,C151_F036,0,2
C151,C151_F037,1,0
C151,C151_F038,1,0
C151,C151_F039,0,0
C151,C151_F040,0,2
C151,C151_F041,3,0
C151,C151_F043,0,1
C151,C151_F045,1,1
C151,C151_F046,1,1
C151,C151_F047,0,0
C151,C151_F048,0,0
C151,C151_F049,0,1
C151,C151_F050,1,1
C151,C151_F051,0,0
C151,C151_F052,1,0
C151,C151_F053,1,0
C151,C151_F054,0,1
C151,C151_F055,0,0
C151,C151_F056,1,0
C151,C151_F057,0,2
C151,C151_F058,0,2
C151,C151_F059,0,2
C151,C151_F060,1,0
C151,C151_F061,0,2
C151,C151_F062,1,0
C151,C151_F063,2,0
C151,C151_F064,2,0
C151,C151_F065,0,0
C151,C151_F066,0,1
C151,C151_F067,0,1
C151,C151_F068,0,1
C151,C151_F069,1,0
C151,C151_F070,1,2
C151,C151_F071,1,2
C151,C151_F072,0,1
C151,C151_F073,1,1
C151,C151_F074,1,0
C151,C151_F075,1,0
C151,C151_F076,0,1
C151,C151_F077,1,2
C151,C151_F078,2,1
C151,C151_F079,2,1
C151,C151_F080,0,1
C151,C151_F081,0,0
C151,C151_F082,0,0
C151,C151_F083,0,0
C151,C151_F084,1,2
C151,C151_F085,1,0
C151,C151_F086,0,0
C151,C151_F087,2,0
C151,C151_F088,0,3
C151,C151_F089,0,1
C151,C151_F090,0,1
C151,C151_F091,0,0
C151,C151_F092,0,1
C151,C151_F093,1,2
C151,C151_F095,1,0
C151,C151_F096,0,1
C151,C151_F097,2,0
C151,C151_F098,0,1
C151,C151_F099,3,0
C151,C151_F100,1,1
C151,C151_F102,0,0
C151,C151_F103,1,0
C151,C151_F105,0,0
C151,C151_F106,0,0
C151,C151_F107,0,0
C151,C151_F108,0,0
C151,C151_F109,2,0
C151,C151_F110,1,2
C151,C151_F111,0,0
C151,C151_F112,1,1
C151,C151_F113,1,0
C151,C151_F114,3,1
C151,C151_F115,0,0
C151,C151_F116,1,0
C151,C151_F117,0,1
C151,C151_F118,2,0
C151,C151_F119,1,0
C151,C151_F120,0,0
C151,C151_F122,0,1
C151,C151_F123,1,0
C151,C151_F124,1,0
C151,C151_F125,1,0
C151,C151_F126,0,1
C151,C151_F127,0,0
C151,C151_F128,0,0
C151,C151_F129,1,1
C151,C151_F130,0,0
C151,C151_F131,0,0
C151,C151_F132,1,0
C151,C151_F134,1,1
C151,C151_F135,3,1
C151,C151_F136,0,1
C151,C151_F137,1,0
C151,C151_F138,0,1
C151,C151_F139,0,1
C151,C151_F140,0,3
C151,C151_F141,0,3
C151,C151_F142,2,1
C151,C151_F143,1,0
C151,C151_F144,0,0
C151,C151_F145,0,0
C151,C151_F146,0,1
C151,C151_F148,0,1
C151,C151_F149,0,1
C151,C151_F150,0,1
C151,C151_F151,2,1
C151,C151_F152,4,0
C151,C151_F153,0,0
C151,C151_F154,1,1
C151,C151_F155,3,0
C151,C151_F156,1,0
C151,C151_F157,1,0
C151,C151_F158,1,1
C151,C151_F159,0,1
C151,C151_F160,0,1
C151,C151_F161,1,0
C151,C151_F162,0,2
C151,C151_F163,3,0
C151,C151_F165,1,1
C151,C151_F166,1,0
C151,C151_F167,0,1
C151,C151_F169,1,1
C151,C151_F170,1,0
C151,C151_F172,0,0
C151,C151_F173,1,0
C151,C151_F174,1,0
C151,C151_F175,1,2
C151,C151_F176,0,0
C151,C151_F177,2,0
C151,C151_F178,1,0
C151,C151_F179,0,1
C151,C151_F180,0,1
C151,C151_F181,0,0
C151,C151_F182,2,1
C151,C151_F183,0,0
C151,C151_F184,1,0
C151,C151_F185,1,1
C151,C151_F186,0,1
C151,C151_F187,2,2
C151,C151_F189,1,1
C151,C151_F190,1,0
C151,C151_F191,1,1
C151,C151_F192,0,0
C151,C151_F193,0,0
C151,C151_F195,0,4
C151,C151_F196,1,0
C151,C151_F197,0,1
C151,C151_F198,0,1
C151,C151_F200,1,1
C151,C151_F201,1,4
C151,C151_F202,1,0
C151,C151_F203,1,1
C151,C151_F204,1,0
C151,C151_F205,0,1
C151,C151_F206,0,0
C151,C151_F207,0,1
C151,C151_F208,1,1
C151,C151_F209,1,1
C151,C151_F210,1,2
C151,C151_F212,1,0
C151,C151_F213,1,1
C151,C151_F214,3,0
C151,C151_F215,0,0
C151,C151_F216,1,0
C151,C151_F217,1,1
C151,C151_F218,0,1
C151,C151_F219,2,0
C151,C151_F220,0,0
C151,C151_F221,1,0
C151,C151_F222,1,0
C151,C151_F223,0,1
C151,C151_F224,1,3
C151,C151_F225,1,1
C151,C151_F226,0,0
C151,C151_F227,0,0
C151,C151_F229,0,0
C151,C151_F230,0,3
C151,C151_F231,1,0
C151,C151_F232,2,0
C151,C151_F233,2,2
C151,C151_F234,0,2
C151,C151_F235,0,0
C151,C151_F236,1,1
C151,C151_F237,2,0
C151,C151_F238,0,0
C151,C151_F239,1,1
C151,C151_F240,0,0
C151,C151_F242,2,1
C151,C151_F244,1,1
C151,C151_F245,1,3
C151,C151_F246,0,0
C151,C151_F247,0,1
C151,C151_F248,0,1
C151,C151_F249,0,1
C151,C151_F250,0,0
C151,C151_F251,1,0
C151,C151_F252,0,0
C151,C151_F253,0,2
C151,C151_F254,0,0
C151,C151_F255,1,0
C151,C151_F256,0,0
C151,C151_F257,0,1
C151,C151_F258,1,0
C151,C151_F259,0,1
C151,C151_F260,0,0
C151,C151_F261,0,1
C151,C151_F262,1,1
C151,C151_F263,1,0
C151,C151_F264,1,0
C151,C151_F265,1,0
C151,C151_F266,0,0
C151,C151_F267,0,1
C151,C151_F269,1,0
C151,C151_F270,1,1
C151,C151_F271,1,1
C151,C151_F272,0,0
C151,C151_F273,0,0
C151,C151_F274,1,0
C151,C151_F275,1,0
C151,C151_F276,0,0
C151,C151_F277,0,0
C151,C151_F278,0,0
C151,C151_F279,0,1
C151,C151_F280,0,1
C151,C151_F281,0,0
C151,C151_F282,1,0
C151,C151_F283,0,4
C151,C151_F284,1,1
C151,C151_F285,1,0
C151,C151_F286,0,0
C151,C151_F287,1,3
C151,C151_F288,1,1
C151,C151_F289,1,0
C151,C151_F290,1,0
C151,C151_F291,1,0
C151,C151_F292,0,2
C151,C151_F293,2,0
C151,C151_F294,3,0
C151,C151_F295,0,0
C151,C151_F296,0,1
C151,C151_F298,0,2
C151,C151_F299,0,0
C151,C151_F300,2,0
C151,C151_F301,0,0
C151,C151_F302,0,0
C151,C151_F303,1,1
C151,C151_F304,1,2
C151,C151_F305,2,1
C151,C151_F306,1,0
C151,C151_F307,1,1
C151,C151_F308,0,0
C151,C151_F309,0,1
C151,C151_F310,0,2
C151,C151_F311,1,0
C151,C151_F312,1,2
C151,C151_F313,3,1
C151,C151_F314,1,0
C151,C151_F315,0,2
C151,C151_F317,2,0
C151,C151_F318,1,2
C151,C151_F319,1,0
C151,C151_F320,1,0
C151,C151_F321,1,2
C151,C151_F322,1,1
C151,C151_F323,2,0
C151,C151_F324,1,1
C151,C151_F325,1,0
C151,C151_F326,0,2
C151,C151_F327,0,1
C151,C151_F328,4,1
C151,C151_F329,0,0
C151,C151_F331,2,0
C151,C151_F332,0,1
C151,C151_F333,0,0
C151,C151_F334,2,0
C151,C151_F335,2,0
C151,C151_F336,0,0
C151,C151_F337,0,0
C151,C151_F338,4,1
C151,C151_F339,3,0
C151,C151_F340,0,0
C151,C151_F341,0,1
C151,C151_F342,0,0
C151,C151_F343,0,1
C151,C151_F344,0,1
C151,C151_F345,0,1
C151,C151_F346,0,0
C151,C151_F347,0,1
C151,C151_F348,0,1
C151,C151_F349,1,0
C151,C151_F352,0,0
C151,C151_F353,1,1
C151,C151_F354,1,1
C151,C151_F355,3,2
C151,C151_F356,1,1
C151,C151_F357,1,1
C151,C151_F358,1,2
C151,C151_F359,1,0
C151,C151_F360,0,1
C151,C151_F361,1,1
C151,C151_F362,1,0
C151,C151_F363,1,1
C151,C151_F364,0,1
C151,C151_F365,2,0
C151,C151_F366,0,2
C151,C151_F367,0,1
C151,C151_F368,0,2
C151,C151_F369,0,0
C151,C151_F370,0,1
C151,C151_F373,0,0
C151,C151_F374,0,1
C151,C151_F375,0,1
C151,C151_F376,1,0
C151,C151_F377,1,0
C151,C151_F379,1,0
C151,C151_F380,1,1
C152,C152_F001,2,1
C152,C152_F002,0,0
C152,C152_F003,0,0
C152,C152_F004,1,2
C152,C152_F005,2,0
C152,C152_F006,1,1
C152,C152_F007,0,1
C152,C152_F008,0,0
C152,C152_F010,1,0
C152,C152_F011,0,1
C152,C152_F012,0,0
C152,C152_F013,2,1
C152,C152_F014,1,1
C152,C152_F015,2,0
C152,C152_F016,0,0
C152,C152_F017,0,0
C152,C152_F018,0,0
C152,C152_F019,1,0
C152,C152_F020,1,0
C152,C152_F021,1,2
C152,C152_F022,2,0
C152,C152_F023,0,2
C152,C152_F024,1,0
C152,C152_F025,1,0
C152,C152_F026,1,0
C152,C152_F027,2,2
C152,C152_F028,0,1
C152,C152_F030,0,0
C152,C152_F031,0,0
C152,C152_F034,1,0
C152,C152_F035,2,0
C152,C152_F036,1,2
C152,C152_F038,1,0
C152,C152_F039,0,0
C152,C152_F041,0,0
C152,C152_F042,1,0
C152,C152_F043,1,0
C152,C152_F044,1,0
C152,C152_F045,0,0
C152,C152_F046,0,0
C152,C152_F047,1,0
C152,C152_F048,0,1
C152,C152_F049,0,0
C152,C152_F050,1,1
C152,C152_F051,1,1
C152,C152_F052,0,0
C152,C152_F053,1,0
C152,C152_F054,1,0
C152,C152_F055,0,2
C152,C152_F056,0,1
C152,C152_F058,1,1
C152,C152_F060,2,1
C152,C152_F061,0,2
C152,C152_F062,1,1
C152,C152_F063,0,1
C152,C152_F064,1,0
C152,C152_F065,0,0
C152,C152_F066,2,0
C152,C152_F067,1,4
C152,C152_F068,0,3
C152,C152_F069,2,1
C152,C152_F070,1,1
C152,C152_F071,0,0
C152,C152_F072,0,1
C152,C152_F073,0,0
C152,C152_F074,1,0
C152,C152_F075,0,0
C152,C152_F076,0,0
C152,C152_F077,1,1
C152,C152_F078,1,0
C152,C152_F079,0,0
C152,C152_F080,2,0
C152,C152_F082,0,2
C152,C152_F083,1,2
C152,C152_F084,0,1
C152,C152_F085,1,0
C152,C152_F086,0,0
C152,C152_F087,0,0
C152,C152_F088,0,1
C152,C152_F089,1,1
C152,C152_F090,1,0
C152,C152_F091,0,1
C152,C152_F092,0,2
C152,C152_F093,0,1
C152,C152_F094,1,2
C152,C152_F095,0,0
C152,C152_F096,0,2
C152,C152_F098,1,1
C152,C152_F099,0,0
C152,C152_F100,1,1
C152,C152_F101,0,0
C152,C152_F103,1,0
C152,C152_F106,0,2
C152,C152_F107,0,0
C152,C152_F108,2,2
C152,C152_F109,0,0
C152,C152_F111,2,0
C152,C152_F112,2,1
C152,C152_F113,0,0
C152,C152_F114,0,1
C152,C152_F115,0,1
C152,C152_F116,1,2
C152,C152_F117,0,1
C152,C152_F118,1,0
C152,C152_F119,0,0
C152,C152_F120,1,0
C152,C152_F121,1,0
C152,C152_F122,0,0
C152,C152_F123,0,2
C152,C152_F124,2,1
C152,C152_F125,0,1
C152,C152_F127,0,0
C152,C152_F128,1,0
C152,C152_F129,1,1
C152,C152_F130,1,2
C152,C152_F131,1,0
C152,C152_F132,0,0
C152,C152_F133,0,0
C152,C152_F134,1,1
C152,C152_F135,0,0
C152,C152_F136,2,2
C152,C152_F137,1,0
C152,C152_F138,0,1
C152,C152_F139,0,0
C152,C152_F140,0,1
C152,C152_F141,1,0
C152,C152_F142,2,1
C152,C152_F143,1,0
C152,C152_F144,2,0
C152,C152_F145,0,1
C152,C152_F146,1,1
C152,C152_F147,1,2
C152,C152_F148,0,0
C152,C152_F149,1,0
C152,C152_F151,1,1
C152,C152_F152,0,2
C152,C152_F153,1,1
C152,C152_F154,0,0
C152,C152_F155,0,1
C152,C152_F156,0,0
C152,C152_F157,2,0
C152,C152_F159,0,1
C152,C152_F160,1,0
C152,C152_F161,0,1
C152,C152_F162,4,0
C152,C152_F163,0,0
C152,C152_F164,0,1
C152,C152_F165,1,0
C152,C152_F166,1,0
C152,C152_F167,1,0
C152,C152_F168,2,1
C152,C152_F169,0,1
C152,C152_F170,1,0
C152,C152_F171,1,1
C152,C152_F172,2,0
C152,C152_F173,1,0
C152,C152_F174,1,1
C152,C152_F175,0,0
C152,C152_F176,1,0
C152,C152_F177,0,1
C152,C152_F178,1,2
C152,C152_F179,1,0
C152,C152_F180,4,0
C152,C152_F181,2,0
C152,C152_F182,1,1
C152,C152_F183,0,2
C152,C152_F184,2,0
C152,C152_F185,1,0
C152,C152_F186,1,0
C152,C152_F187,2,0
C152,C152_F188,0,0
C152,C152_F189,0,0
C152,C152_F190,2,0
C152,C152_F191,1,0
C152,C152_F193,0,0
C152,C152_F196,2,1
C152,C152_F197,1,1
C152,C152_F198,1,0
C152,C152_F199,0,4
C152,C152_F200,3,1
C152,C152_F201,0,0
C152,C152_F202,0,0
C152,C152_F203,1,0
C152,C152_F204,0,0
C152,C152_F205,0,1
C152,C152_F206,1,2
C152,C152_F207,0,1
C152,C152_F208,1,1
C152,C152_F209,2,1
C152,C152_F210,2,1
C152,C152_F211,0,2
C152,C152_F212,0,0
C152,C152_F213,1,0
C152,C152_F214,1,0
C152,C152_F216,2,0
C152,C152_F217,0,0
C152,C152_F218,1,0
C152,C152_F219,1,1
C152,C152_F220,1,2
C152,C152_F221,0,0
C152,C152_F222,1,0
C152,C152_F223,1,0
C152,C152_F224,1,1
C152,C152_F225,3,1
C152,C152_F226,0,1
C152,C152_F227,2,0
C152,C152_F228,2,1
C152,C152_F229,2,0
C152,C152_F230,1,0
C152,C152_F231,0,0
C152,C152_F232,0,0
C152,C152_F233,1,1
C152,C152_F234,0,1
C152,C152_F235,0,0
C152,C152_F236,1,0
C152,C152_F237,0,1
C152,C152_F238,0,0
C152,C152_F239,2,1
C152,C152_F240,0,1
C152,C152_F241,0,3
C152,C152_F242,1,0
C152,C152_F243,0,0
C152,C152_F244,0,0
C152,C152_F245,0,0
C152,C152_F246,0,1
C152,C152_F247,1,2
C152,C152_F248,4,1
C152,C152_F249,0,1
C152,C152_F250,0,0
C152,C152_F253,0,1
C152,C152_F254,0,2
C152,C152_F255,0,0
C152,C152_F256,0,1
C152,C152_F257,1,0
C152,C152_F258,1,0
C152,C152_F259,0,1
C152,C152_F260,0,0
C152,C152_F261,2,1
C152,C152_F262,0,1
C152,C152_F263,2,0
C152,C152_F265,0,0
C152,C152_F266,1,1
C152,C152_F267,2,1
C152,C152_F268,2,1
C152,C152_F269,2,1
C152,C152_F270,1,0
C152,C152_F271,2,1
C152,C152_F272,0,0
C152,C152_F273,1,1
C152,C152_F274,1,1
C152,C152_F275,2,0
C152,C152_F276,1,1
C152,C152_F277,0,0
C152,C152_F278,0,0
C152,C152_F279,1,0
C152,C152_F280,3,0
C152,C152_F281,0,3
C152,C152_F282,0,1
C152,C152_F283,0,0
C152,C152_F284,0,0
C152,C152_F285,1,0
C152,C152_F286,0,0
C152,C152_F287,1,0
C152,C152_F288,0,0
C152,C152_F289,1,0
C152,C152_F290,0,0
C152,C152_F291,0,0
C152,C152_F293,1,1
C152,C152_F294,0,0
C152,C152_F295,0,1
C152,C152_F296,0,0
C152,C152_F297,0,0
C152,C152_F298,1,0
C152,C152_F299,1,1
C152,C152_F301,1,1
C152,C152_F302,0,1
C152,C152_F303,0,1
C152,C152_F304,0,1
C152,C152_F306,2,0
C154,C154_F001,1,1
C154,C154_F002,1,1
C154,C154_F003,1,1
C154,C154_F004,1,1
C154,C154_F005,1,1
C154,C154_F006,0,1
C154,C154_F007,0,2
C154,C154_F008,1,1
C154,C154_F009,1,0
C154,C154_F010,0,0
C154,C154_F011,0,0
C154,C154_F012,1,1
C154,C154_F013,0,3
C154,C154_F014,2,2
C154,C154_F015,0,1
C154,C154_F016,2,0
C154,C154_F017,1,0
C154,C154_F018,0,1
C154,C154_F019,1,1
C154,C154_F021,1,1
C154,C154_F022,0,1
C154,C154_F023,3,2
C154,C154_F024,1,1
C154,C154_F025,1,0
C154,C154_F026,2,1
C154,C154_F027,0,0
C154,C154_F028,1,0
C154,C154_F029,2,0
C154,C154_F030,2,1
C154,C154_F031,0,0
C154,C154_F032,0,1
C154,C154_F033,0,1
C154,C154_F034,1,0
C154,C154_F035,1,0
C154,C154_F036,1,0
C154,C154_F037,0,0
C154,C154_F038,2,1
C154,C154_F039,0,0
C154,C154_F040,2,0
C154,C154_F041,1,0
C154,C154_F042,2,2
C154,C154_F043,2,2
C154,C154_F044,0,2
C154,C154_F045,1,0
C154,C154_F046,0,0
C154,C154_F047,1,1
C154,C154_F048,0,1
C154,C154_F049,1,0
C154,C154_F050,0,0
C154,C154_F051,0,0
C154,C154_F052,0,0
C154,C154_F054,0,2
C154,C154_F055,3,0
C154,C154_F057,1,1
C154,C154_F058,1,0
C154,C154_F059,1,0
C154,C154_F060,0,1
C154,C154_F061,1,0
C154,C154_F063,0,0
C154,C154_F064,0,0
C154,C154_F065,0,0
C154,C154_F066,0,0
C154,C154_F067,1,0
C154,C154_F068,0,0
C154,C154_F069,0,1
C154,C154_F070,1,0
C154,C154_F071,2,0
C154,C154_F072,0,0
C154,C154_F073,2,0
C154,C154_F078,1,0
C154,C154_F079,0,0
C154,C154_F080,2,0
C154,C154_F081,2,0
C154,C154_F082,0,1
C154,C154_F083,1,0
C154,C154_F084,0,0
C154,C154_F085,1,0
C154,C154_F086,0,0
C154,C154_F087,1,1
C154,C154_F088,2,0
C154,C154_F089,0,1
C154,C154_F090,3,0
C154,C154_F091,0,1
C154,C154_F092,1,2
C154,C154_F093,1,0
C154,C154_F094,0,1
C154,C154_F095,0,0
C154,C154_F096,1,0
C154,C154_F098,0,1
C154,C154_F099,0,1
C154,C154_F100,1,0
C154,C154_F101,0,0
C154,C154_F102,0,0
C154,C154_F103,0,2
C154,C154_F104,2,0
C154,C154_F105,3,1
C154,C154_F106,2,0
C154,C154_F107,1,1
C154,C154_F108,1,1
C154,C154_F110,1,1
C154,C154_F111,0,0
C154,C154_F112,0,1
C154,C154_F113,2,1
C154,C154_F114,1,0
C154,C154_F115,0,2
C154,C154_F116,0,0
C154,C154_F117,1,1
C154,C154_F118,0,0
C154,C154_F119,0,1
C154,C154_F120,0,0
C154,C154_F123,0,0
C154,C154_F125,0,0
C154,C154_F126,0,0
C154,C154_F127,1,0
C154,C154_F128,0,0
C154,C154_F129,0,0
C154,C154_F130,1,0
C154,C154_F131,1,0
C154,C154_F132,1,0
C154,C154_F133,1,0
C154,C154_F134,1,0
C154,C154_F135,0,1
C154,C154_F136,2,1
C154,C154_F137,0,1
C154,C154_F138,1,0
C154,C154_F139,2,0
C154,C154_F140,1,0
C154,C154_F141,0,1
C154,C154_F142,1,0
C154,C154_F143,2,0
C154,C154_F144,1,0
C154,C154_F145,1,1
C154,C154_F146,0,0
C154,C154_F147,1,1
C154,C154_F148,1,1
C154,C154_F149,0,0
C154,C154_F150,2,0
C154,C154_F151,2,1
C154,C154_F152,0,2
C154,C154_F153,0,1
C154,C154_F154,1,0
C154,C154_F155,3,0
C154,C154_F156,0,2
C154,C154_F157,0,0
C154,C154_F158,1,1
C154,C154_F159,1,1
C154,C154_F160,1,1
C154,C154_F161,1,0
C154,C154_F162,1,1
C154,C154_F163,1,0
C154,C154_F164,1,0
C154,C154_F165,0,2
C154,C154_F166,0,1
C154,C154_F167,0,2
C154,C154_F168,2,0
C154,C154_F169,0,0
C154,C154_F170,0,0
C154,C154_F171,0,1
C154,C154_F172,0,1
C154,C154_F173,3,0
C154,C154_F174,0,0
C154,C154_F175,0,1
C154,C154_F176,3,0
C154,C154_F177,1,0
C154,C154_F178,1,0
C154,C154_F179,0,1
C154,C154_F181,0,0
C154,C154_F182,3,1
C154,C154_F184,0,4
C154,C154_F185,1,0
C154,C154_F186,0,1
C154,C154_F187,0,0
C154,C154_F188,2,0
C154,C154_F189,0,1
C154,C154_F190,0,0
C154,C154_F191,0,1
C154,C154_F192,4,1
C154,C154_F193,0,0
C154,C154_F194,0,2
C154,C154_F195,1,0
C154,C154_F196,1,1
C154,C154_F197,1,0
C154,C154_F199,0,1
C154,C154_F200,0,2
C154,C154_F201,1,0
C154,C154_F202,0,1
C154,C154_F203,0,0
C154,C154_F204,0,0
C154,C154_F205,1,1
C154,C154_F206,1,0
C154,C154_F207,2,1
C154,C154_F208,0,0
C154,C154_F209,2,1
C154,C154_F210,0,0
C154,C154_F211,0,2
C154,C154_F213,0,1
C154,C154_F215,1,0
C154,C154_F216,2,0
C154,C154_F217,0,1
C154,C154_F218,1,1
C154,C154_F219,1,0
C154,C154_F220,0,0
C154,C154_F221,0,1
C154,C154_F222,1,1
C154,C154_F223,1,0
C154,C154_F224,0,1
C154,C154_F226,0,2
C154,C154_F227,2,0
C154,C154_F228,2,2
C154,C154_F229,1,0
C154,C154_F230,1,0
C154,C154_F231,1,2
C154,C154_F232,0,0
C154,C154_F233,1,0
C154,C154_F234,0,0
C154,C154_F235,1,1
C154,C154_F236,0,0
C154,C154_F237,1,2
C154,C154_F238,2,0
C154,C154_F239,1,1
C154,C154_F240,2,2
C154,C154_F241,1,0
C154,C154_F242,0,3
C154,C154_F243,0,0
C154,C154_F244,0,0
C154,C154_F245,0,0
C154,C154_F246,0,3
C154,C154_F247,2,0
C154,C154_F248,1,1
C154,C154_F249,0,1
C154,C154_F250,1,0
C154,C154_F251,0,1
C154,C154_F252,0,0
C154,C154_F253,1,1
C154,C154_F254,0,0
C154,C154_F255,1,1
C154,C154_F256,0,1
C154,C154_F257,0,1
C154,C154_F258,1,0
C154,C154_F259,3,1
C154,C154_F260,1,1
C154,C154_F261,0,0
C154,C154_F262,0,1
C154,C154_F263,0,0
C154,C154_F265,1,1
C154,C154_F266,0,0
C154,C154_F267,0,2
C154,C154_F268,0,0
C154,C154_F269,0,0
C154,C154_F270,2,0
C154,C154_F271,0,0
C154,C154_F272,0,0
C154,C154_F274,0,1
C154,C154_F275,1,1
C154,C154_F276,0,0
C154,C154_F277,3,0
C154,C154_F278,0,0
C154,C154_F279,1,1
C154,C154_F280,0,0
C154,C154_F281,0,1
C154,C154_F282,2,0
C154,C154_F283,0,0
C154,C154_F284,1,0
C154,C154_F285,1,1
C154,C154_F286,1,0
C154,C154_F287,1,1
C154,C154_F288,2,0
C154,C154_F290,1,0
C154,C154_F291,1,0
C154,C154_F292,3,1
C154,C154_F293,1,0
C154,C154_F294,0,1
C154,C154_F295,0,0
C154,C154_F296,1,0
C154,C154_F297,1,0
C154,C154_F298,1,0
C154,C154_F299,0,1
C154,C154_F300,0,0
C154,C154_F302,0,1
C154,C154_F303,1,2
C154,C154_F304,1,0
C154,C154_F305,0,2
C154,C154_F306,1,1
C154,C154_F307,1,1
C154,C154_F308,1,0
C154,C154_F309,0,0
C154,C154_F310,1,0
C154,C154_F311,2,0
C154,C154_F312,3,0
C154,C154_F313,1,1
C154,C154_F314,1,1
C154,C154_F315,0,2
C154,C154_F316,2,3
C154,C154_F317,0,1
C154,C154_F318,2,1
C154,C154_F319,0,0
C154,C154_F321,0,1
C154,C154_F322,0,0
C154,C154_F323,0,0
C154,C154_F324,0,0
C154,C154_F325,1,0
C154,C154_F326,1,1
C154,C154_F328,1,1
C154,C154_F329,2,2
C154,C154_F330,0,1
C154,C154_F331,0,0
C154,C154_F332,1,0
C154,C154_F333,0,1
C154,C154_F334,0,1
C154,C154_F335,1,1
C154,C154_F336,2,1
C154,C154_F337,3,0
C154,C154_F338,0,1
C154,C154_F339,0,0
C154,C154_F340,2,0
C154,C154_F341,0,0
C154,C154_F342,0,0
C154,C154_F343,1,0
C154,C154_F344,0,0
C154,C154_F345,0,1
C154,C154_F346,1,0
C154,C154_F347,0,0
C154,C154_F348,1,0
C154,C154_F349,0,3
C154,C154_F351,0,1
C154,C154_F352,0,2
C154,C154_F353,0,0
C154,C154_F354,0,0
C154,C154_F355,1,0
C154,C154_F356,0,0
C154,C154_F357,0,1
C154,C154_F358,1,0
C154,C154_F359,0,1
C154,C154_F360,0,0
C154,C154_F361,0,3
C154,C154_F362,0,1
C154,C154_F363,0,0
C154,C154_F364,2,1
C154,C154_F365,1,0
C154,C154_F366,1,0
C154,C154_F367,0,1
C154,C154_F368,0,0
C154,C154_F369,1,1
C154,C154_F370,1,0
C154,C154_F371,1,0
C154,C154_F372,1,0
C154,C154_F373,0,0
C154,C154_F374,2,0
C154,C154_F375,1,1
C154,C154_F376,1,0
C154,C154_F377,0,1
C154,C154_F378,2,0
C154,C154_F379,3,0
C154,C154_F380,0,2
C154,C154_F381,0,0
C154,C154_F382,0,1
C154,C154_F383,1,0
C154,C154_F384,1,0
C154,C154_F385,0,2
C154,C154_F387,1,0
C154,C154_F388,0,1
C154,C154_F389,1,3
C154,C154_F390,1,0
C154,C154_F391,0,2
C154,C154_F392,0,0
C154,C154_F393,1,0
C154,C154_F394,0,0
C154,C154_F395,0,2
C154,C154_F396,0,0
C154,C154_F397,0,2
C154,C154_F398,0,0
C154,C154_F399,1,0
C154,C154_F400,2,0
C154,C154_F401,1,1
C154,C154_F402,0,0
C154,C154_F403,0,0
C154,C154_F404,0,0
C154,C154_F405,1,0
C154,C154_F406,0,0
C154,C154_F407,2,1
C154,C154_F408,1,0
C154,C154_F409,2,0
C154,C154_F410,1,2
C154,C154_F411,0,1
C154,C154_F412,1,1
C154,C154_F413,1,2
C154,C154_F414,0,1
C154,C154_F415,0,0
C154,C154_F416,0,1
C154,C154_F417,0,1
C154,C154_F418,1,0
C154,C154_F419,2,1
C154,C154_F420,1,0
C154,C154_F421,0,0
C154,C154_F422,0,1
C154,C154_F423,3,3
C154,C154_F424,0,2
C154,C154_F425,0,0
C154,C154_F426,1,1
C154,C154_F427,0,2
C154,C154_F428,0,1
C154,C154_F429,0,0
C154,C154_F430,2,0
C154,C154_F431,2,1
C154,C154_F432,0,0
C154,C154_F433,0,0
C154,C154_F434,2,0
C154,C154_F435,0,0
C154,C154_F436,1,1
C154,C154_F437,0,0
C154,C154_F438,0,0
C154,C154_F439,0,0
C154,C154_F440,0,0
C154,C154_F441,1,1
C154,C154_F442,0,0
C154,C154_F443,0,1
C154,C154_F444,0,2
C154,C154_F445,1,1
C154,C154_F446,1,1
C154,C154_F448,0,0
C154,C154_F449,0,0
C154,C154_F450,0,1
C154,C154_F451,2,0
C154,C154_F452,2,0
C154,C154_F453,0,1
C154,C154_F454,1,1
C154,C154_F455,1,1
C154,C154_F456,0,1
C154,C154_F457,0,1
C154,C154_F458,0,0
C154,C154_F459,1,1
C154,C154_F460,1,1
C154,C154_F461,1,0
C154,C154_F462,0,1
C154,C154_F463,0,1
C154,C154_F464,1,0
C154,C154_F465,0,0
C154,C154_F466,2,1
C154,C154_F467,1,1
C154,C154_F468,0,0
C154,C154_F469,0,0
C154,C154_F470,2,1
C154,C154_F471,0,0
C154,C154_F472,0,2
C154,C154_F473,1,2
C154,C154_F474,0,0
C154,C154_F475,0,0
C154,C154_F476,0,0
C154,C154_F477,2,0
C154,C154_F478,1,0
C154,C154_F479,1,1
C154,C154_F480,1,1
C154,C154_F481,1,0
C154,C154_F482,1,1
C154,C154_F483,0,2
C154,C154_F484,1,1
C154,C154_F485,2,1
C154,C154_F486,0,1
C154,C154_F487,1,0
C154,C154_F488,0,0
C154,C154_F489,1,0
C154,C154_F490,0,1
C154,C154_F491,0,2
C154,C154_F492,1,0
C154,C154_F493,1,2
C154,C154_F494,1,0
C154,C154_F497,0,2
C154,C154_F498,0,0
C154,C154_F499,0,1
C154,C154_F500,0,0
C154,C154_F501,1,0
C154,C154_F502,0,0
C154,C154_F503,0,1
C154,C154_F504,0,1
C154,C154_F505,1,0
C154,C154_F506,2,0
C154,C154_F507,0,0
C154,C154_F508,1,1
C154,C154_F509,1,1
C154,C154_F510,0,0
C154,C154_F511,0,1
C154,C154_F512,0,0
C154,C154_F513,0,1
C154,C154_F514,0,1
C154,C154_F515,1,0
C154,C154_F516,0,0
C154,C154_F518,0,0
C154,C154_F519,0,1
C154,C154_F520,0,0
C154,C154_F521,2,0
C154,C154_F522,0,1
C154,C154_F523,2,2
C154,C154_F524,0,1
C154,C154_F525,1,1
C154,C154_F526,0,0
C154,C154_F527,0,1
C154,C154_F529,1,0
C154,C154_F530,3,0
C154,C154_F531,2,0
C154,C154_F532,0,1
C154,C154_F533,2,0
C154,C154_F534,0,1
C154,C154_F535,1,0
C154,C154_F536,0,1
C154,C154_F537,1,0
C154,C154_F538,0,1
C154,C154_F539,1,0
C154,C154_F540,0,1
C154,C154_F541,0,1
C154,C154_F542,1,0
C154,C154_F543,0,0
C154,C154_F544,0,0
C154,C154_F545,0,1
C154,C154_F546,0,1
C154,C154_F547,1,0
C154,C154_F548,0,0
C154,C154_F549,1,0
C154,C154_F550,0,1
C154,C154_F551,0,0
C154,C154_F552,0,1
C155,C155_F001,0,0
C155,C155_F002,2,0
C155,C155_F003,1,1
C155,C155_F004,1,0
C155,C155_F005,1,1
C155,C155_F006,0,0
C155,C155_F007,0,0
C155,C155_F008,0,1
C155,C155_F009,3,0
C155,C155_F010,1,1
C155,C155_F011,0,0
C155,C155_F012,1,1
C155,C155_F013,1,0
C155,C155_F014,0,2
C155,C155_F015,1,0
C155,C155_F016,0,0
C155,C155_F017,0,1
C155,C155_F018,1,0
C155,C155_F019,0,0
C155,C155_F020,2,0
C155,C155_F021,1,1
C155,C155_F022,1,0
C155,C155_F023,0,0
C155,C155_F024,0,0
C155,C155_F025,2,0
C155,C155_F026,2,0
C155,C155_F027,0,1
C155,C155_F028,1,0
C155,C155_F029,1,0
C155,C155_F030,1,2
C155,C155_F031,1,0
C155,C155_F032,0,0
C155,C155_F033,2,1
C155,C155_F034,2,0
C155,C155_F035,1,1
C155,C155_F037,1,0
C155,C155_F038,0,2
C155,C155_F039,1,0
C155,C155_F040,0,1
C155,C155_F041,0,1
C155,C155_F042,0,2
C155,C155_F043,0,1
C155,C155_F044,0,0
C155,C155_F045,0,0
C155,C155_F046,1,0
C155,C155_F047,0,1
C155,C155_F048,0,0
C155,C155_F049,2,1
C155,C155_F050,0,1
C155,C155_F051,0,0
C155,C155_F052,0,0
C155,C155_F053,0,0
C155,C155_F054,0,0
C155,C155_F055,1,0
C155,C155_F056,1,0
C155,C155_F057,2,0
C155,C155_F058,3,1
C155,C155_F059,0,0
C155,C155_F060,0,1
C155,C155_F061,0,0
C155,C155_F062,0,1
C155,C155_F063,0,0
C155,C155_F064,1,0
C155,C155_F065,1,0
C155,C155_F066,0,0
C155,C155_F067,1,0
C155,C155_F068,0,0
C155,C155_F069,1,0
C155,C155_F070,1,0
C155,C155_F072,2,0
C155,C155_F073,0,0
C155,C155_F074,1,0
C155,C155_F075,1,0
C155,C155_F076,2,0
C155,C155_F077,1,2
C155,C155_F078,0,0
C155,C155_F079,0,0
C155,C155_F080,1,0
C155,C155_F081,1,2
C155,C155_F082,1,0
C155,C155_F083,0,0
C155,C155_F084,0,0
C155,C155_F086,2,0
C155,C155_F087,0,0
C155,C155_F088,1,2
C155,C155_F089,0,0
C155,C155_F090,1,0
C155,C155_F091,1,0
C155,C155_F092,2,0
C155,C155_F094,2,1
C155,C155_F095,0,0
C155,C155_F096,2,0
C155,C155_F097,2,0
C155,C155_F098,0,1
C155,C155_F099,0,1
C155,C155_F100,1,0
C155,C155_F101,1,0
C155,C155_F102,0,0
C155,C155_F103,1,1
C155,C155_F105,1,0
C155,C155_F106,0,0
C155,C155_F107,2,1
C155,C155_F108,0,0
C155,C155_F110,1,1
C155,C155_F111,1,0
C155,C155_F112,0,0
C155,C155_F114,1,2
C155,C155_F115,0,0
C155,C155_F116,4,0
C155,C155_F117,1,0
C155,C155_F119,2,0
C155,C155_F120,1,1
C155,C155_F121,0,1
C155,C155_F122,0,0
C155,C155_F123,0,0
C155,C155_F124,2,0
C155,C155_F125,0,0
C155,C155_F126,0,0
C155,C155_F127,0,1
C155,C155_F128,0,1
C155,C155_F129,1,0
C155,C155_F130,0,0
C155,C155_F131,0,1
C155,C155_F132,0,1
C155,C155_F133,1,0
C155,C155_F135,1,0
C155,C155_F136,1,2
C155,C155_F137,0,0
C155,C155_F138,0,0
C155,C155_F139,1,1
C155,C155_F140,0,1
C155,C155_F141,0,1
C155,C155_F142,0,1
C155,C155_F143,0,0
C155,C155_F144,1,0
C155,C155_F145,0,0
C155,C155_F146,0,1
C155,C155_F147,1,0
C155,C155_F148,0,0
C155,C155_F149,2,0
C155,C155_F152,0,1
C155,C155_F153,0,2
C155,C155_F154,1,1
C155,C155_F155,0,0
C155,C155_F156,1,0
C155,C155_F157,0,0
C155,C155_F158,0,1
C155,C155_F160,1,1
C155,C155_F161,0,1
C155,C155_F162,2,1
C155,C155_F163,0,0
C155,C155_F164,0,0
C155,C155_F165,1,0
C155,C155_F166,1,0
C155,C155_F167,0,0
C155,C155_F168,0,0
C155,C155_F169,1,0
C155,C155_F170,2,0
C155,C155_F171,0,1
C155,C155_F172,1,1
C155,C155_F173,0,0
C155,C155_F174,0,0
C155,C155_F175,0,0
C155,C155_F176,1,1
C155,C155_F177,0,1
C155,C155_F178,1,0
C155,C155_F179,0,0
C155,C155_F180,1,0
C155,C155_F181,1,0
C155,C155_F182,0,2
C155,C155_F183,1,0
C155,C155_F184,0,0
C155,C155_F185,0,1
C155,C155_F186,0,1
C155,C155_F187,0,1
C155,C155_F188,1,0
C155,C155_F189,1,0
C155,C155_F190,1,0
C155,C155_F191,0,0
C155,C155_F192,1,1
C155,C155_F193,0,0
C155,C155_F194,0,1
C155,C155_F195,1,0
C155,C155_F196,0,0
C155,C155_F197,2,1
C155,C155_F198,0,0
C155,C155_F199,2,2
C155,C155_F200,0,0
C155,C155_F201,0,0
C155,C155_F202,1,0
C155,C155_F203,1,1
C155,C155_F204,1,0
C155,C155_F205,0,0
C155,C155_F206,0,0
C155,C155_F207,1,0
C155,C155_F208,0,1
C155,C155_F210,1,0
C155,C155_F211,0,1
C155,C155_F212,2,0
C155,C155_F213,2,1
C155,C155_F214,0,0
C155,C155_F215,0,2
C155,C155_F216,1,0
C155,C155_F217,1,0
C155,C155_F219,0,1
C155,C155_F221,0,0
C155,C155_F222,0,0
C155,C155_F223,0,0
C155,C155_F224,0,0
C155,C155_F225,0,0
C155,C155_F226,0,1
C155,C155_F227,1,0
C155,C155_F228,0,1
C155,C155_F229,0,0
C155,C155_F230,1,0
C155,C155_F231,0,1
C155,C155_F233,1,0
C155,C155_F234,0,0
C155,C155_F235,1,1
C155,C155_F237,0,0
C155,C155_F240,1,0
C155,C155_F241,1,0
C155,C155_F242,0,0
C155,C155_F243,1,0
C155,C155_F244,0,1
C155,C155_F245,1,0
C155,C155_F246,0,1
C155,C155_F247,0,0
C155,C155_F248,0,0
C155,C155_F249,0,0
C155,C155_F250,1,0
C155,C155_F251,0,0
C155,C155_F252,2,0
C155,C155_F253,1,0
C155,C155_F254,0,1
C155,C155_F255,0,0
C155,C155_F256,0,1
C155,C155_F257,2,0
C155,C155_F258,1,1
C155,C155_F259,2,0
C155,C155_F260,0,1
C155,C155_F261,0,1
C155,C155_F262,0,1
C155,C155_F263,2,0
C155,C155_F264,1,0
C155,C155_F265,0,3
C155,C155_F266,3,0
C155,C155_F267,0,0
C155,C155_F268,1,1
C155,C155_F269,0,0
C155,C155_F270,4,0
C155,C155_F271,0,1
C155,C155_F272,2,0
C155,C155_F273,0,0
C155,C155_F274,0,1
C155,C155_F275,1,0
C155,C155_F276,0,2
C155,C155_F277,0,0
C155,C155_F278,1,0
C155,C155_F279,0,0
C155,C155_F280,0,0
C155,C155_F281,1,1
C155,C155_F282,1,1
C155,C155_F283,0,1
C155,C155_F284,0,4
C155,C155_F285,1,0
C155,C155_F286,0,0
C155,C155_F287,0,1
C155,C155_F288,0,0
C155,C155_F289,0,2
C155,C155_F291,0,0
C155,C155_F292,0,0
C155,C155_F293,1,2
C155,C155_F294,1,0
C155,C155_F296,1,1
C155,C155_F297,1,0
C155,C155_F298,1,2
C155,C155_F300,0,0
C155,C155_F301,1,1
C155,C155_F302,1,0
C155,C155_F303,0,0
C155,C155_F304,0,1
C155,C155_F305,1,0
C155,C155_F306,1,1
C155,C155_F307,0,0
C155,C155_F308,0,1
C155,C155_F310,1,2
C155,C155_F311,0,0
C155,C155_F312,0,2
C155,C155_F313,1,0
C155,C155_F314,0,0
C155,C155_F315,0,1
C155,C155_F316,0,0
C155,C155_F317,0,2
C155,C155_F318,1,1
C155,C155_F319,0,0
C155,C155_F320,0,0
C155,C155_F321,0,1
C155,C155_F322,4,1
C155,C155_F323,0,2
C155,C155_F324,1,2
C155,C155_F325,1,0
C155,C155_F326,1,2
C155,C155_F327,1,0
C155,C155_F328,1,0
C155,C155_F329,0,0
C155,C155_F330,0,0
C155,C155_F331,2,0
C155,C155_F332,0,0
C155,C155_F333,0,0
C155,C155_F334,3,0
C155,C155_F335,1,0
C155,C155_F336,0,1
C155,C155_F337,0,1
C155,C155_F338,2,0
C155,C155_F339,1,1
C155,C155_F340,1,0
C155,C155_F342,1,0
C155,C155_F343,1,1
C155,C155_F344,1,0
C155,C155_F346,1,1
C155,C155_F347,2,0
C155,C155_F348,0,1
C155,C155_F349,2,0
C155,C155_F350,2,2
C155,C155_F351,3,0
C155,C155_F352,3,2
C155,C155_F353,0,1
C155,C155_F354,0,0
C155,C155_F355,0,1
C155,C155_F357,0,1
C155,C155_F358,2,0
C155,C155_F360,1,1
C155,C155_F361,0,2
C155,C155_F362,1,2
C155,C155_F363,0,1
C155,C155_F364,0,1
C155,C155_F365,1,1
C155,C155_F366,1,0
C155,C155_F367,0,0
C155,C155_F368,0,2
C155,C155_F369,1,0
C155,C155_F370,1,1
C155,C155_F371,1,1
C155,C155_F372,1,0
C155,C155_F373,0,1
C155,C155_F374,1,0
C155,C155_F375,1,2
C155,C155_F377,1,0
C155,C155_F378,1,2
C155,C155_F379,1,0
C155,C155_F380,0,0
C155,C155_F381,1,0
C155,C155_F382,1,0
C155,C155_F383,0,0
C155,C155_F384,1,0
C155,C155_F386,0,1
C155,C155_F387,0,0
C155,C155_F388,1,2
C155,C155_F389,3,1
C155,C155_F390,0,0
C155,C155_F391,0,1
C155,C155_F392,1,0
C155,C155_F393,0,0
C155,C155_F394,1,0
C155,C155_F395,0,1
C155,C155_F396,1,0
C155,C155_F397,2,0
C155,C155_F398,1,1
C155,C155_F399,1,1
C155,C155_F400,0,1
C155,C155_F401,2,0
C155,C155_F402,0,0
C155,C155_F403,1,0
C155,C155_F404,3,0
C155,C155_F405,0,1
C155,C155_F406,0,2
C155,C155_F407,2,0
C155,C155_F408,0,0
C155,C155_F409,0,0
C155,C155_F410,1,0
C155,C155_F411,1,0
C155,C155_F412,0,2
C155,C155_F413,0,1
C155,C155_F414,1,0
C155,C155_F415,1,0
C155,C155_F417,0,0
C155,C155_F418,0,1
C155,C155_F420,0,3
C155,C155_F422,0,1
C155,C155_F423,0,0
C155,C155_F424,1,2
C155,C155_F426,0,1
C155,C155_F427,0,2
C155,C155_F428,0,0
C155,C155_F429,0,0
C155,C155_F431,0,0
C155,C155_F433,0,0
C155,C155_F436,1,1
C155,C155_F437,0,2
C155,C155_F438,0,0
C155,C155_F439,0,0
C155,C155_F440,1,2
C155,C155_F441,1,0
C155,C155_F442,0,0
C155,C155_F443,0,0
C155,C155_F445,2,0
C155,C155_F446,0,0
C155,C155_F447,1,1
C155,C155_F448,1,0
C155,C155_F449,2,2
C155,C155_F450,0,0
C155,C155_F451,0,2
C155,C155_F454,1,0
C155,C155_F455,3,0
C155,C155_F456,0,0
C155,C155_F457,1,2
C155,C155_F458,1,0
C155,C155_F459,1,0
C155,C155_F460,0,0
C155,C155_F461,1,0
C155,C155_F462,1,1
C155,C155_F463,1,0
C155,C155_F464,0,0
C155,C155_F465,0,2
C155,C155_F466,1,1
C155,C155_F467,1,1
C155,C155_F468,0,1
C155,C155_F469,2,3
C155,C155_F470,1,0
C155,C155_F472,1,0
C155,C155_F474,0,1
C155,C155_F475,0,2
C155,C155_F476,1,1
C155,C155_F477,0,1
C155,C155_F478,1,1
C155,C155_F479,1,0
C155,C155_F480,0,1
C155,C155_F481,1,0
C155,C155_F482,1,2
C155,C155_F483,1,1
C155,C155_F484,2,1
C155,C155_F485,0,2
C155,C155_F486,0,0
C155,C155_F487,1,1
C155,C155_F488,2,1
C155,C155_F489,0,1
C155,C155_F490,0,0
C155,C155_F491,1,1
C155,C155_F493,0,1
C155,C155_F494,0,1
C155,C155_F495,2,1
C155,C155_F496,0,0
C155,C155_F497,2,0
C155,C155_F498,1,0
C155,C155_F499,0,0
C155,C155_F500,1,1
C155,C155_F501,1,1
C155,C155_F502,1,0
C155,C155_F503,0,0
C155,C155_F505,1,0
C155,C155_F506,0,0
C155,C155_F507,1,0
C155,C155_F508,0,0
C155,C155_F509,1,1
C155,C155_F510,1,0
C155,C155_F511,1,1
C155,C155_F512,1,2
C155,C155_F513,2,1
C155,C155_F514,1,0
C155,C155_F515,1,1
C155,C155_F516,2,0
C155,C155_F517,0,0
C155,C155_F518,1,2
C155,C155_F519,1,0
C155,C155_F520,0,1
C155,C155_F521,1,1
C155,C155_F522,2,3
C155,C155_F523,1,1
C155,C155_F525,1,0
C155,C155_F526,1,0
C155,C155_F527,0,0
C155,C155_F528,0,0
C155,C155_F529,1,0
C155,C155_F530,1,1
C155,C155_F531,0,0
C155,C155_F532,1,0
C155,C155_F533,0,0
C155,C155_F534,0,0
C155,C155_F535,0,1
C155,C155_F536,1,0
C155,C155_F537,2,2
C155,C155_F539,2,3
C155,C155_F540,0,0
C155,C155_F543,2,1
C155,C155_F544,4,0
C155,C155_F545,2,0
C155,C155_F546,1,0
C155,C155_F547,2,1
C155,C155_F548,1,0
C155,C155_F549,1,1
C155,C155_F550,0,0
C155,C155_F551,0,1
C155,C155_F552,0,0
C157,C157_F001,1,0
C157,C157_F003,1,0
C157,C157_F004,1,0
C157,C157_F005,0,0
C157,C157_F006,0,1
C157,C157_F007,1,0
C157,C157_F008,1,0
C157,C157_F009,2,1
C157,C157_F010,0,0
C157,C157_F011,0,1
C157,C157_F012,0,0
C157,C157_F013,0,0
C157,C157_F014,1,0
C157,C157_F016,0,1
C157,C157_F017,0,1
C157,C157_F018,2,1
C157,C157_F019,0,1
C157,C157_F020,2,0
C157,C157_F021,0,1
C157,C157_F022,0,0
C157,C157_F023,1,2
C157,C157_F024,0,0
C157,C157_F025,2,0
C157,C157_F026,2,0
C157,C157_F027,0,1
C157,C157_F028,1,0
C157,C157_F029,1,1
C157,C157_F030,3,2
C157,C157_F031,1,3
C157,C157_F032,0,1
C157,C157_F033,1,0
C157,C157_F034,1,0
C157,C157_F035,0,0
C157,C157_F036,1,1
C157,C157_F037,1,0
C157,C157_F038,1,0
C157,C157_F039,1,2
C157,C157_F040,0,0
C157,C157_F041,0,1
C157,C157_F042,0,0
C157,C157_F043,1,0
C157,C157_F044,0,0
C157,C157_F045,0,1
C157,C157_F046,0,0
C157,C157_F047,0,1
C157,C157_F049,0,3
C157,C157_F050,0,0
C157,C157_F051,1,0
C157,C157_F052,1,0
C157,C157_F053,1,2
C157,C157_F054,0,0
C157,C157_F055,0,0
C157,C157_F056,1,0
C157,C157_F057,0,0
C157,C157_F058,1,1
C157,C157_F059,0,0
C157,C157_F060,0,0
C157,C157_F061,1,0
C157,C157_F062,3,0
C157,C157_F063,0,2
C157,C157_F064,0,0
C157,C157_F065,3,0
C157,C157_F066,1,0
C157,C157_F067,0,0
C157,C157_F068,1,1
C157,C157_F069,1,0
C157,C157_F070,0,1
C157,C157_F071,0,0
C157,C157_F072,0,0
C157,C157_F073,1,0
C157,C157_F074,0,1
C157,C157_F075,0,0
C157,C157_F076,0,0
C157,C157_F077,0,0
C157,C157_F078,0,2
C157,C157_F079,0,1
C157,C157_F080,0,1
C157,C157_F081,1,0
C157,C157_F082,0,1
C157,C157_F083,0,0
C157,C157_F085,1,0
C157,C157_F086,0,1
C157,C157_F087,0,0
C157,C157_F088,2,0
C157,C157_F089,1,0
C157,C157_F090,0,1
C157,C157_F091,0,1
C157,C157_F093,2,2
C157,C157_F094,1,1
C157,C157_F095,0,0
C157,C157_F096,0,0
C157,C157_F097,0,0
C157,C157_F098,0,1
C157,C157_F099,0,1
C157,C157_F100,0,0
C157,C157_F101,0,0
C157,C157_F102,1,0
C157,C157_F103,3,1
C157,C157_F104,0,0
C157,C157_F105,0,0
C157,C157_F106,1,1
C157,C157_F107,0,1
C157,C157_F108,0,2
C157,C157_F109,1,0
C157,C157_F110,0,0
C157,C157_F111,1,1
C157,C157_F112,0,0
C157,C157_F113,1,1
C157,C157_F114,0,1
C157,C157_F115,2,1
C157,C157_F116,0,1
C157,C157_F118,0,0
C157,C157_F119,2,0
C157,C157_F120,0,1
C157,C157_F121,0,3
C157,C157_F122,0,0
C157,C157_F123,1,1
C157,C157_F124,1,0
C157,C157_F125,3,0
C157,C157_F126,1,0
C157,C157_F127,2,0
C157,C157_F128,0,2
C157,C157_F129,1,1
C157,C157_F130,1,0
C157,C157_F131,0,0
C157,C157_F132,0,0
C157,C157_F133,0,0
C157,C157_F134,1,1
C157,C157_F135,2,1
C157,C157_F136,1,0
C157,C157_F137,3,1
C157,C157_F138,0,1
C157,C157_F139,0,1
C157,C157_F140,0,0
C157,C157_F142,0,0
C157,C157_F143,0,1
C157,C157_F145,0,0
C157,C157_F146,0,1
C157,C157_F147,0,0
C157,C157_F148,2,0
C157,C157_F149,1,1
C157,C157_F151,1,3
C157,C157_F152,0,1
C157,C157_F153,1,1
C157,C157_F154,0,0
C157,C157_F155,0,1
C157,C157_F156,0,1
C157,C157_F157,0,0
C157,C157_F158,1,0
C157,C157_F159,0,0
C157,C157_F160,0,1
C157,C157_F162,0,0
C157,C157_F163,1,0
C157,C157_F164,0,2
C157,C157_F165,0,0
C157,C157_F166,0,0
C157,C157_F167,1,0
C157,C157_F168,0,2
C157,C157_F169,1,1
C157,C157_F171,1,0
C157,C157_F172,2,0
C157,C157_F173,0,0
C157,C157_F175,0,0
C157,C157_F176,0,1
C157,C157_F177,0,1
C157,C157_F178,1,1
C157,C157_F179,1,0
C157,C157_F180,0,0
C157,C157_F181,1,1
C157,C157_F182,0,2
C157,C157_F183,0,3
C157,C157_F184,1,0
C157,C157_F185,2,0
C157,C157_F186,1,2
C157,C157_F187,0,0
C157,C157_F188,1,1
C157,C157_F189,1,0
C157,C157_F190,0,0
C157,C157_F191,4,0
C157,C157_F192,0,1
C157,C157_F194,0,2
C157,C157_F195,1,1
C157,C157_F196,0,0
C157,C157_F198,1,1
C157,C157_F199,0,1
C157,C157_F200,1,2
C157,C157_F201,0,0
C157,C157_F202,0,2
C157,C157_F203,0,0
C157,C157_F204,3,1
C157,C157_F205,1,1
C157,C157_F206,1,0
C157,C157_F207,1,0
C157,C157_F208,0,1
C157,C157_F209,1,0
C157,C157_F210,0,2
C157,C157_F211,0,0
C157,C157_F212,0,0
C157,C157_F213,1,0
C157,C157_F214,0,0
C157,C157_F215,1,0
C157,C157_F216,1,1
C157,C157_F217,0,0
C157,C157_F218,1,0
C157,C157_F219,1,0
C157,C157_F220,0,1
C157,C157_F221,0,1
C157,C157_F222,2,0
C157,C157_F223,1,1
C157,C157_F224,0,1
C157,C157_F225,0,1
C157,C157_F226,1,0
C157,C157_F227,0,1
C157,C157_F228,0,1
C157,C157_F229,1,0
C157,C157_F230,1,0
C157,C157_F231,0,0
C157,C157_F232,0,2
C157,C157_F233,1,0
C157,C157_F234,0,0
C157,C157_F235,1,2
C157,C157_F237,2,1
C157,C157_F238,0,0
C157,C157_F239,0,1
C157,C157_F240,1,1
C157,C157_F241,1,2
C157,C157_F242,0,0
C157,C157_F243,0,2
C157,C157_F244,0,3
C157,C157_F245,0,2
C157,C157_F246,1,1
C157,C157_F247,3,0
C157,C157_F248,0,1
C157,C157_F249,0,1
C157,C157_F250,1,0
C157,C157_F253,0,2
C157,C157_F254,1,0
C157,C157_F255,0,0
C157,C157_F256,2,1
C157,C157_F257,1,0
C157,C157_F258,1,1
C157,C157_F260,1,0
C157,C157_F261,0,0
C157,C157_F262,0,1
C157,C157_F263,2,0
C157,C157_F264,2,1
C157,C157_F265,0,0
C157,C157_F266,0,0
C157,C157_F267,0,0
C157,C157_F268,1,0
C157,C157_F269,0,0
C157,C157_F270,0,1
C157,C157_F271,2,0
C157,C157_F272,0,0
C157,C157_F273,0,1
C157,C157_F274,0,2
C157,C157_F275,0,0
C157,C157_F276,1,0
C157,C157_F277,0,1
C157,C157_F278,0,0
C157,C157_F279,2,0
C157,C157_F280,0,0
C157,C157_F281,0,1
C157,C157_F282,1,0
C157,C157_F283,0,0
C157,C157_F284,0,1
C157,C157_F285,0,0
C157,C157_F286,1,0
C157,C157_F287,0,2
C157,C157_F288,0,0
C157,C157_F289,0,0
C157,C157_F290,0,1
C157,C157_F291,2,1
C157,C157_F292,1,0
C157,C157_F293,1,0
C157,C157_F294,0,0
C157,C157_F295,0,0
C157,C157_F296,0,0
C157,C157_F297,0,0
C157,C157_F298,0,1
C157,C157_F301,1,1
C157,C157_F302,0,0
C157,C157_F303,0,2
C157,C157_F304,2,0
C157,C157_F305,0,0
C157,C157_F306,0,0
C157,C157_F307,0,0
C157,C157_F308,0,1
C157,C157_F309,0,0
C157,C157_F310,0,1
C157,C157_F311,0,1
C157,C157_F312,2,0
C157,C157_F313,0,1
C157,C157_F314,0,0
C157,C157_F315,0,1
C157,C157_F316,0,0
C157,C157_F317,1,0
C157,C157_F318,0,1
C157,C157_F320,0,1
C157,C157_F321,1,0
C157,C157_F322,0,0
C157,C157_F324,1,1
C157,C157_F325,1,0
C157,C157_F326,2,1
C157,C157_F327,0,1
C157,C157_F328,0,0
C157,C157_F329,1,0
C157,C157_F330,1,0
C157,C157_F331,1,0
C157,C157_F332,2,1
C157,C157_F333,0,1
C157,C157_F335,2,0
C157,C157_F336,1,2
C157,C157_F338,1,0
C157,C157_F339,0,1
C157,C157_F340,2,1
C157,C157_F341,1,0
C157,C157_F342,0,1
C157,C157_F343,0,1
C157,C157_F344,1,0
C157,C157_F345,0,0
C157,C157_F346,0,0
C157,C157_F347,0,0
C157,C157_F348,1,0
C157,C157_F349,0,0
C157,C157_F350,0,0
C157,C157_F351,1,0
C157,C157_F352,0,1
C157,C157_F353,1,2
C157,C157_F354,1,0
C157,C157_F355,2,1
C157,C157_F356,2,0
C157,C157_F357,0,0
C157,C157_F358,1,1
C157,C157_F359,0,1
C157,C157_F360,0,0
C157,C157_F361,0,0
C157,C157_F362,0,1
C157,C157_F363,0,0
C157,C157_F364,0,0
C157,C157_F365,1,0
C157,C157_F366,4,1
C157,C157_F367,1,0
C157,C157_F368,1,1
C157,C157_F369,1,0
C157,C157_F370,3,1
C157,C157_F372,2,0
C157,C157_F373,1,0
C157,C157_F374,0,0
C157,C157_F375,0,0
C157,C157_F376,0,0
C157,C157_F377,0,1
C157,C157_F378,0,1
C157,C157_F379,0,1
C157,C157_F380,2,0
C157,C157_F381,1,0
C157,C157_F382,1,0
C157,C157_F383,0,1
C157,C157_F384,2,0
C157,C157_F385,1,0
C157,C157_F387,2,2
C157,C157_F390,0,0
C157,C157_F391,0,0
C157,C157_F392,1,0
C157,C157_F393,1,0
C157,C157_F394,0,1
C157,C157_F395,2,0
C157,C157_F396,1,0
C157,C157_F397,3,0
C157,C157_F398,0,1
C157,C157_F399,0,0
C157,C157_F400,1,1
C157,C157_F401,0,0
C157,C157_F402,2,0
C157,C157_F403,0,0
C157,C157_F404,2,1
C157,C157_F405,1,2
C157,C157_F406,1,2
C157,C157_F407,0,0
C157,C157_F408,0,0
C157,C157_F409,1,1
C157,C157_F410,0,0
C157,C157_F411,1,1
C157,C157_F412,0,2
C157,C157_F413,0,1
C157,C157_F414,2,1
C157,C157_F415,1,0
C157,C157_F416,0,1
C157,C157_F417,0,1
C157,C157_F418,0,0
C157,C157_F419,0,1
C157,C157_F420,0,1
C157,C157_F421,0,0
C157,C157_F422,0,0
C157,C157_F423,1,1
C157,C157_F424,1,0
C157,C157_F425,0,0
C157,C157_F427,0,3
C157,C157_F428,0,0
C157,C157_F429,2,0
C157,C157_F430,0,1
C157,C157_F431,1,0
C157,C157_F432,1,0
C157,C157_F433,0,0
C157,C157_F434,0,0
C157,C157_F435,0,1
C157,C157_F436,0,1
C157,C157_F437,1,0
C157,C157_F439,2,1
C157,C157_F440,0,0
C157,C157_F441,0,0
C157,C157_F442,1,0
C157,C157_F443,0,2
C157,C157_F444,0,0
C157,C157_F446,1,1
C157,C157_F447,1,0
C157,C157_F448,1,0
C157,C157_F449,0,0
C157,C157_F450,0,0
C157,C157_F451,0,1
C157,C157_F452,2,0
C157,C157_F453,0,0
C157,C157_F454,1,1
C157,C157_F455,1,0
C157,C157_F456,0,1
C157,C157_F457,1,2
C157,C157_F458,0,0
C157,C157_F459,1,1
C157,C157_F460,0,2
C157,C157_F462,1,0
C157,C157_F463,1,0
C157,C157_F464,0,2
C157,C157_F465,1,1
C157,C157_F466,2,0
C157,C157_F467,0,0
C157,C157_F468,0,0
C157,C157_F470,1,1
C157,C157_F471,1,0
C157,C157_F472,1,0
C157,C157_F473,0,0
C157,C157_F474,1,1
C157,C157_F475,0,0
C157,C157_F476,1,0
C157,C157_F477,1,0
C157,C157_F478,0,1
C157,C157_F479,0,1
C157,C157_F481,1,0
C157,C157_F485,3,1
C157,C157_F486,1,2
C157,C157_F487,0,1
C157,C157_F488,0,0
C157,C157_F489,1,2
C157,C157_F490,0,1
C157,C157_F491,1,0
C157,C157_F492,1,0
C157,C157_F493,1,0
C157,C157_F494,0,1
C157,C157_F495,1,1
C157,C157_F496,1,0
C157,C157_F497,1,0
C157,C157_F498,0,0
C157,C157_F499,3,0
C157,C157_F500,0,0
C157,C157_F501,0,1
C157,C157_F502,0,1
C157,C157_F503,2,0
C157,C157_F504,0,2
C157,C157_F505,1,0
C157,C157_F506,2,1
C157,C157_F507,0,0
C157,C157_F508,0,1
C157,C157_F510,0,0
C157,C157_F511,1,1
C157,C157_F512,1,1
C157,C157_F513,1,0
C157,C157_F514,0,0
C157,C157_F515,2,0
C157,C157_F516,0,0
C157,C157_F517,1,0
C157,C157_F518,0,0
C157,C157_F519,1,0
C157,C157_F520,0,0
C157,C157_F521,0,1
C157,C157_F522,0,1
C157,C157_F524,1,0
C157,C157_F525,0,0
C157,C157_F526,0,1
C157,C157_F527,0,0
C157,C157_F530,1,0
C157,C157_F531,0,0
C157,C157_F532,0,0
C157,C157_F533,1,1
C157,C157_F534,0,0
C157,C157_F535,1,0
C157,C157_F536,1,1
C157,C157_F537,2,0
C157,C157_F538,0,0
C157,C157_F539,0,0
C157,C157_F540,1,0
C157,C157_F541,0,0
C157,C157_F542,1,0
C157,C157_F543,0,1
C157,C157_F544,0,0
C157,C157_F545,1,2
C157,C157_F546,0,0
C157,C157_F547,0,0
C157,C157_F548,0,1
C157,C157_F549,1,0
C157,C157_F550,0,1
C157,C157_F551,1,0
C157,C157_F552,1,1
C158,C158_F001,0,0
C158,C158_F002,1,0
C158,C158_F003,0,0
C158,C158_F004,0,1
C158,C158_F005,1,0
C158,C158_F006,0,0
C158,C158_F007,0,0
C158,C158_F008,0,0
C158,C158_F009,2,0
C158,C158_F010,2,1
C158,C158_F011,3,1
C158,C158_F014,0,0
C158,C158_F015,2,0
C158,C158_F016,1,0
C158,C158_F017,0,0
C158,C158_F018,0,1
C158,C158_F019,0,0
C158,C158_F020,1,0
C158,C158_F021,0,0
C158,C158_F022,2,0
C158,C158_F023,0,0
C158,C158_F024,1,0
C158,C158_F025,1,0
C158,C158_F027,1,0
C158,C158_F028,0,2
C158,C158_F029,1,1
C158,C158_F030,2,0
C158,C158_F031,0,0
C158,C158_F032,3,1
C158,C158_F033,1,0
C158,C158_F034,0,0
C158,C158_F035,0,3
C158,C158_F036,1,2
C158,C158_F037,1,1
C158,C158_F038,1,1
C158,C158_F039,0,0
C158,C158_F040,0,0
C158,C158_F041,1,0
C158,C158_F042,0,0
C158,C158_F043,0,1
C158,C158_F044,0,1
C158,C158_F045,0,1
C158,C158_F047,1,1
C158,C158_F048,0,1
C158,C158_F049,1,0
C158,C158_F050,0,0
C158,C158_F051,1,0
C158,C158_F052,0,0
C158,C158_F053,1,0
C158,C158_F054,1,0
C158,C158_F055,1,1
C158,C158_F056,0,0
C158,C158_F058,1,2
C158,C158_F059,1,1
C158,C158_F061,0,0
C158,C158_F062,0,1
C158,C158_F063,0,2
C158,C158_F064,2,0
C158,C158_F065,1,0
C158,C158_F066,0,0
C158,C158_F067,0,1
C158,C158_F068,1,0
C158,C158_F069,2,1
C158,C158_F070,1,1
C158,C158_F071,0,0
C158,C158_F072,2,0
C158,C158_F073,1,1
C158,C158_F074,0,0
C158,C158_F075,2,1
C158,C158_F076,1,1
C158,C158_F077,0,0
C158,C158_F078,1,1
C158,C158_F080,1,0
C158,C158_F081,0,0
C158,C158_F082,1,1
C158,C158_F083,0,0
C158,C158_F084,1,1
C158,C158_F085,2,0
C158,C158_F086,0,0
C158,C158_F087,1,1
C158,C158_F088,1,1
C158,C158_F089,1,0
C158,C158_F090,2,0
C158,C158_F091,0,0
C158,C158_F092,0,0
C158,C158_F093,1,0
C158,C158_F094,0,0
C158,C158_F095,0,0
C158,C158_F096,0,0
C158,C158_F097,1,0
C158,C158_F099,0,0
C158,C158_F100,0,0
C158,C158_F101,1,0
C158,C158_F102,1,0
C158,C158_F103,0,1
C158,C158_F104,1,0
C158,C158_F105,0,1
C158,C158_F106,0,0
C158,C158_F107,1,0
C158,C158_F108,1,1
C158,C158_F109,0,1
C158,C158_F110,0,1
C158,C158_F111,0,0
C158,C158_F112,2,0
C158,C158_F113,2,2
C158,C158_F114,1,0
C158,C158_F115,1,1
C158,C158_F116,0,1
C158,C158_F117,0,0
C158,C158_F119,0,0
C158,C158_F120,0,0
C158,C158_F121,1,2
C158,C158_F122,1,1
C158,C158_F123,1,0
C158,C158_F124,0,0
C158,C158_F125,0,3
C158,C158_F126,0,1
C158,C158_F127,1,1
C158,C158_F128,0,1
C158,C158_F129,1,1
C158,C158_F130,0,0
C158,C158_F131,1,0
C158,C158_F132,0,1
C158,C158_F133,2,0
C158,C158_F134,2,0
C158,C158_F135,1,0
C158,C158_F136,1,0
C158,C158_F137,0,0
C158,C158_F139,1,0
C158,C158_F140,1,0
C158,C158_F141,1,1
C158,C158_F142,1,0
C158,C158_F143,1,0
C158,C158_F144,0,0
C158,C158_F145,1,0
C158,C158_F146,1,0
C158,C158_F148,0,1
C158,C158_F149,1,0
C158,C158_F150,1,2
C158,C158_F151,0,1
C158,C158_F152,0,0
C158,C158_F154,1,0
C158,C158_F155,0,2
C158,C158_F156,1,0
C158,C158_F157,0,0
C158,C158_F158,0,0
C158,C158_F159,4,0
C158,C158_F160,1,1
C158,C158_F161,0,0
C158,C158_F162,0,1
C158,C158_F163,0,0
C158,C158_F164,0,0
C158,C158_F165,3,1
C158,C158_F166,1,1
C158,C158_F167,1,0
C158,C158_F168,0,0
C158,C158_F169,0,2
C158,C158_F170,0,0
C158,C158_F171,0,1
C158,C158_F172,0,0
C158,C158_F173,2,2
C158,C158_F175,1,1
C158,C158_F176,0,0
C158,C158_F177,2,0
C158,C158_F178,1,0
C158,C158_F179,0,0
C158,C158_F180,0,1
C158,C158_F181,0,1
C158,C158_F182,0,1
C158,C158_F183,2,1
C158,C158_F184,0,0
C158,C158_F186,0,0
C158,C158_F187,0,1
C158,C158_F188,0,0
C158,C158_F189,1,0
C158,C158_F190,2,0
C158,C158_F191,1,0
C158,C158_F192,0,0
C158,C158_F194,0,1
C158,C158_F195,1,1
C158,C158_F196,0,1
C158,C158_F197,0,1
C158,C158_F198,1,0
C158,C158_F199,0,0
C158,C158_F200,0,0
C158,C158_F201,0,0
C158,C158_F202,1,0
C158,C158_F203,2,1
C158,C158_F204,0,0
C158,C158_F205,1,0
C158,C158_F206,0,0
C158,C158_F207,0,0
C158,C158_F208,0,1
C158,C158_F210,0,0
C158,C158_F211,2,0
C158,C158_F212,0,0
C158,C158_F213,0,0
C158,C158_F214,1,1
C158,C158_F215,1,0
C158,C158_F216,0,2
C158,C158_F217,0,0
C158,C158_F218,2,0
C158,C158_F219,0,1
C158,C158_F220,1,1
C158,C158_F221,0,0
C158,C158_F222,1,1
C158,C158_F224,0,0
C158,C158_F225,0,2
C158,C158_F226,1,0
C158,C158_F227,2,0
C158,C158_F228,0,1
C158,C158_F229,0,0
C158,C158_F230,0,1
C158,C158_F231,1,1
C158,C158_F232,0,1
C158,C158_F234,2,0
C158,C158_F235,1,0
C158,C158_F236,1,0
C158,C158_F237,0,0
C158,C158_F239,1,0
C158,C158_F240,0,0
C158,C158_F242,0,1
C158,C158_F243,0,1
C158,C158_F244,1,0
C158,C158_F245,0,1
C158,C158_F246,1,0
C158,C158_F247,0,0
C158,C158_F248,0,1
C158,C158_F249,0,1
C158,C158_F250,0,2
C158,C158_F251,2,0
C158,C158_F252,1,0
C158,C158_F253,0,1
C158,C158_F254,1,2
C158,C158_F255,0,0
C158,C158_F256,0,1
C158,C158_F257,0,1
C158,C158_F258,0,0
C158,C158_F259,1,0
C158,C158_F260,0,1
C158,C158_F262,1,0
C158,C158_F263,0,0
C158,C158_F264,1,1
C158,C158_F265,1,1
C158,C158_F266,1,0
C158,C158_F267,2,1
C158,C158_F268,0,0
C158,C158_F269,0,1
C158,C158_F270,0,1
C158,C158_F271,0,0
C158,C158_F272,0,1
C158,C158_F274,0,1
C158,C158_F275,1,0
C158,C158_F276,0,0
C158,C158_F277,1,1
C158,C158_F278,0,1
C158,C158_F279,0,0
C158,C158_F280,0,1
C158,C158_F281,1,1
C158,C158_F282,2,1
C158,C158_F283,0,0
C158,C158_F284,2,3
C158,C158_F285,1,0
C158,C158_F286,0,0
C158,C158_F288,1,1
C158,C158_F289,2,1
C158,C158_F290,0,1
C158,C158_F293,0,3
C158,C158_F295,0,2
C158,C158_F296,0,0
C158,C158_F298,1,0
C158,C158_F299,1,1
C158,C158_F301,1,1
C158,C158_F302,1,0
C158,C158_F303,1,1
C158,C158_F305,0,1
C158,C158_F306,1,0
C158,C158_F307,1,0
C158,C158_F308,1,0
C158,C158_F309,0,1
C158,C158_F310,2,0
C158,C158_F311,0,0
C158,C158_F312,1,0
C158,C158_F313,0,1
C158,C158_F314,0,1
C158,C158_F315,0,0
C158,C158_F316,1,0
C158,C158_F318,0,1
C158,C158_F319,3,0
C158,C158_F320,1,0
C158,C158_F321,3,2
C158,C158_F322,0,0
C158,C158_F323,2,0
C158,C158_F324,0,1
C158,C158_F325,1,3
C158,C158_F326,0,0
C158,C158_F327,1,0
C158,C158_F328,0,0
C158,C158_F329,1,0
C158,C158_F330,0,0
C158,C158_F332,0,0
C158,C158_F333,0,0
C158,C158_F334,0,0
C158,C158_F336,0,1
C158,C158_F338,1,0
C158,C158_F339,1,0
C158,C158_F340,1,0
C158,C158_F341,0,1
C158,C158_F342,1,1
C158,C158_F344,1,0
C158,C158_F345,1,0
C158,C158_F346,1,0
C158,C158_F348,1,0
C158,C158_F349,1,0
C158,C158_F350,1,0
C158,C158_F351,0,0
C158,C158_F352,0,1
C158,C158_F353,0,0
C158,C158_F354,1,0
C158,C158_F355,1,0
C158,C158_F356,1,0
C158,C158_F357,1,0
C158,C158_F358,1,0
C158,C158_F359,1,0
C158,C158_F360,0,2
C158,C158_F361,0,0
C158,C158_F362,0,1
C158,C158_F363,1,0
C158,C158_F364,0,0
C158,C158_F365,0,1
C158,C158_F366,2,1
C158,C158_F367,0,0
C158,C158_F368,0,3
C158,C158_F370,0,0
C158,C158_F371,1,0
C158,C158_F372,0,0
C158,C158_F373,0,1
C158,C158_F374,1,1
C158,C158_F375,1,0
C158,C158_F376,1,1
C158,C158_F377,1,0
C158,C158_F378,0,1
C158,C158_F379,1,0
C158,C158_F380,1,0
C160,C160_F001,1,1
C160,C160_F002,0,1
C160,C160_F003,1,0
C160,C160_F004,1,2
C160,C160_F005,0,2
C160,C160_F007,1,1
C160,C160_F008,1,0
C160,C160_F009,0,2
C160,C160_F010,0,0
C160,C160_F011,1,2
C160,C160_F012,0,2
C160,C160_F013,0,1
C160,C160_F014,1,0
C160,C160_F015,0,0
C160,C160_F018,0,2
C160,C160_F019,1,0
C160,C160_F020,0,0
C160,C160_F021,2,2
C160,C160_F022,0,1
C160,C160_F023,1,0
C160,C160_F024,0,1
C160,C160_F025,0,0
C160,C160_F026,1,1
C160,C160_F027,2,0
C160,C160_F028,3,1
C160,C160_F029,1,2
C160,C160_F030,0,1
C160,C160_F031,0,0
C160,C160_F032,0,1
C160,C160_F033,0,0
C160,C160_F034,0,2
C160,C160_F035,1,1
C160,C160_F036,0,1
C160,C160_F037,2,0
C160,C160_F039,0,2
C160,C160_F040,1,2
C160,C160_F041,0,1
C160,C160_F043,0,2
C160,C160_F044,0,1
C160,C160_F045,0,1
C160,C160_F046,2,2
C160,C160_F047,1,1
C160,C160_F048,0,2
C160,C160_F049,2,0
C160,C160_F050,0,0
C160,C160_F051,1,0
C160,C160_F052,1,0
C160,C160_F053,2,0
C160,C160_F054,0,1
C160,C160_F055,2,0
C160,C160_F056,0,1
C160,C160_F057,0,1
C160,C160_F058,0,0
C160,C160_F059,1,0
C160,C160_F060,0,2
C160,C160_F061,1,1
C160,C160_F062,1,0
C160,C160_F063,1,1
C160,C160_F064,0,2
C160,C160_F065,1,1
C160,C160_F066,0,0
C160,C160_F067,1,0
C160,C160_F068,1,0
C160,C160_F069,0,2
C160,C160_F070,0,1
C160,C160_F071,2,1
C160,C160_F073,0,0
C160,C160_F074,1,0
C160,C160_F075,1,0
C160,C160_F076,1,1
C160,C160_F077,0,0
C160,C160_F078,1,0
C160,C160_F079,1,3
C160,C160_F081,0,0
C160,C160_F082,1,0
C160,C160_F083,2,0
C160,C160_F084,1,0
C160,C160_F085,0,1
C160,C160_F086,0,0
C160,C160_F087,0,0
C160,C160_F088,0,2
C160,C160_F089,2,1
C160,C160_F091,0,2
C160,C160_F092,0,1
C160,C160_F093,1,0
C160,C160_F094,1,1
C160,C160_F095,0,2
C160,C160_F096,0,1
C160,C160_F097,1,1
C160,C160_F098,1,2
C160,C160_F099,1,2
C160,C160_F100,0,0
C160,C160_F101,1,2
C160,C160_F102,0,0
C160,C160_F103,2,2
C160,C160_F104,1,0
C160,C160_F105,0,1
C160,C160_F106,0,1
C160,C160_F107,1,1
C160,C160_F108,1,1
C160,C160_F109,0,0
C160,C160_F110,0,1
C160,C160_F111,1,1
C160,C160_F112,0,0
C160,C160_F113,1,1
C160,C160_F114,2,0
C160,C160_F115,0,1
C160,C160_F116,1,0
C160,C160_F117,0,0
C160,C160_F118,1,0
C160,C160_F119,1,0
C160,C160_F120,0,2
C160,C160_F121,0,0
C160,C160_F122,0,0
C160,C160_F123,1,0
C160,C160_F124,0,1
C160,C160_F125,1,0
C160,C160_F126,0,1
C160,C160_F127,0,4
C160,C160_F128,0,1
C160,C160_F129,0,0
C160,C160_F130,2,0
C160,C160_F131,2,0
C160,C160_F132,0,1
C160,C160_F133,1,2
C160,C160_F134,1,0
C160,C160_F135,0,0
C160,C160_F136,0,2
C160,C160_F137,0,1
C160,C160_F138,0,2
C160,C160_F139,0,0
C160,C160_F140,5,0
C160,C160_F142,0,1
C160,C160_F143,0,1
C160,C160_F144,0,2
C160,C160_F145,1,2
C160,C160_F146,0,0
C160,C160_F147,0,1
C160,C160_F148,3,0
C160,C160_F149,0,0
C160,C160_F150,1,1
C160,C160_F151,0,3
C160,C160_F152,1,1
C160,C160_F153,0,0
C160,C160_F154,1,0
C160,C160_F155,1,1
C160,C160_F156,0,3
C160,C160_F157,0,1
C160,C160_F158,0,2
C160,C160_F159,2,2
C160,C160_F160,1,1
C160,C160_F161,1,0
C160,C160_F162,0,0
C160,C160_F163,0,0
C160,C160_F164,0,1
C160,C160_F165,1,1
C160,C160_F166,0,1
C160,C160_F167,2,2
C160,C160_F168,1,0
C160,C160_F169,0,2
C160,C160_F170,1,0
C160,C160_F171,0,1
C160,C160_F172,1,1
C160,C160_F173,0,1
C160,C160_F174,1,0
C160,C160_F175,0,0
C160,C160_F176,1,1
C160,C160_F177,1,1
C160,C160_F178,1,0
C160,C160_F179,0,0
C160,C160_F180,1,0
C160,C160_F181,2,0
C160,C160_F182,1,2
C160,C160_F183,1,0
C160,C160_F184,0,0
C160,C160_F185,1,1
C160,C160_F186,2,1
C160,C160_F187,0,0
C160,C160_F188,1,1
C160,C160_F189,1,1
C160,C160_F190,0,0
C160,C160_F191,1,2
C160,C160_F192,0,1
C160,C160_F193,0,0
C160,C160_F194,1,0
C160,C160_F195,2,0
C160,C160_F196,1,1
C160,C160_F197,2,1
C160,C160_F198,1,1
C160,C160_F199,2,0
C160,C160_F200,1,0
C160,C160_F201,1,0
C160,C160_F202,1,0
C160,C160_F203,2,0
C160,C160_F204,2,1
C160,C160_F205,1,2
C160,C160_F206,1,1
C160,C160_F207,0,1
C160,C160_F208,0,0
C160,C160_F209,0,2
C160,C160_F210,0,0
C160,C160_F211,0,0
C160,C160_F212,0,0
C160,C160_F213,1,0
C160,C160_F214,2,0
C160,C160_F215,0,1
C160,C160_F216,0,0
C160,C160_F217,0,0
C160,C160_F218,1,1
C160,C160_F219,1,0
C160,C160_F220,0,1
C160,C160_F221,0,0
C160,C160_F222,1,0
C160,C160_F223,0,2
C160,C160_F224,1,1
C160,C160_F225,2,0
C160,C160_F226,0,0
C160,C160_F227,1,1
C160,C160_F228,2,0
C160,C160_F229,1,0
C160,C160_F231,5,1
C160,C160_F232,1,1
C160,C160_F233,0,1
C160,C160_F234,2,1
C160,C160_F235,0,0
C160,C160_F236,0,1
C160,C160_F237,0,1
C160,C160_F238,1,0
C160,C160_F239,2,1
C160,C160_F240,0,0
C161,C161_F001,1,1
C161,C161_F002,0,1
C161,C161_F003,1,1
C161,C161_F004,0,1
C161,C161_F005,2,1
C161,C161_F006,1,2
C161,C161_F007,1,2
C161,C161_F008,0,0
C161,C161_F010,0,3
C161,C161_F011,1,1
C161,C161_F012,0,1
C161,C161_F013,1,0
C161,C161_F014,0,2
C161,C161_F015,1,1
C161,C161_F016,0,3
C161,C161_F017,1,1
C161,C161_F018,0,0
C161,C161_F019,0,1
C161,C161_F020,0,0
C161,C161_F021,1,1
C161,C161_F022,0,0
C161,C161_F023,1,1
C161,C161_F024,2,0
C161,C161_F025,1,1
C161,C161_F026,0,0
C161,C161_F027,0,2
C161,C161_F028,0,1
C161,C161_F029,0,2
C161,C161_F030,1,1
C161,C161_F031,1,2
C161,C161_F032,2,1
C161,C161_F033,2,0
C161,C161_F034,0,1
C161,C161_F035,1,0
C161,C161_F036,0,0
C161,C161_F037,3,1
C161,C161_F038,1,1
C161,C161_F039,1,0
C161,C161_F040,0,1
C161,C161_F041,1,0
C161,C161_F042,0,1
C161,C161_F043,0,1
C161,C161_F044,1,0
C161,C161_F045,6,1
C161,C161_F046,0,0
C161,C161_F047,1,0
C161,C161_F048,0,1
C161,C161_F049,3,0
C161,C161_F050,2,0
C161,C161_F051,1,1
C161,C161_F052,0,0
C161,C161_F053,1,2
C161,C161_F054,0,0
C161,C161_F055,0,1
C161,C161_F056,0,0
C161,C161_F057,1,1
C161,C161_F058,0,1
C161,C161_F059,1,1
C161,C161_F060,1,1
C161,C161_F061,1,0
C161,C161_F062,0,3
C161,C161_F063,1,0
C161,C161_F064,0,0
C161,C161_F065,0,0
C161,C161_F066,4,1
C161,C161_F067,0,1
C161,C161_F068,0,0
C161,C161_F069,0,0
C161,C161_F070,0,1
C161,C161_F071,1,2
C161,C161_F072,0,1
C161,C161_F073,0,0
C161,C161_F074,3,1
C161,C161_F075,1,1
C161,C161_F076,0,0
C161,C161_F077,2,0
C161,C161_F078,0,1
C161,C161_F079,0,0
C161,C161_F080,0,0
C161,C161_F081,0,0
C161,C161_F082,0,0
C161,C161_F083,0,0
C161,C161_F084,0,0
C161,C161_F085,1,0
C161,C161_F086,0,1
C161,C161_F087,0,2
C161,C161_F088,1,0
C161,C161_F089,0,2
C161,C161_F090,1,1
C161,C161_F091,0,1
C161,C161_F092,3,0
C161,C161_F094,0,1
C161,C161_F095,0,0
C161,C161_F096,1,1
C161,C161_F097,0,0
C161,C161_F098,1,0
C161,C161_F099,1,0
C161,C161_F100,1,1
C161,C161_F101,0,0
C161,C161_F102,1,1
C161,C161_F103,1,0
C161,C161_F104,0,1
C161,C161_F106,0,0
C161,C161_F107,0,0
C161,C161_F108,1,0
C161,C161_F109,1,0
C161,C161_F110,1,1
C161,C161_F111,0,0
C161,C161_F112,1,0
C161,C161_F113,0,2
C161,C161_F114,0,0
C161,C161_F115,0,0
C161,C161_F116,1,0
C161,C161_F117,0,1
C161,C161_F118,0,1
C161,C161_F119,0,1
C161,C161_F120,1,1
C161,C161_F121,1,0
C161,C161_F122,2,1
C161,C161_F124,1,3
C161,C161_F125,0,0
C161,C161_F126,0,0
C161,C161_F128,0,1
C161,C161_F129,0,0
C161,C161_F130,1,2
C161,C161_F131,2,0
C161,C161_F132,0,0
C161,C161_F133,0,0
C161,C161_F134,2,1
C161,C161_F135,1,1
C161,C161_F136,1,0
C161,C161_F137,0,3
C161,C161_F138,0,0
C161,C161_F139,0,1
C161,C161_F140,0,0
C161,C161_F141,1,0
C161,C161_F142,2,2
C161,C161_F143,1,1
C161,C161_F144,0,1
C161,C161_F145,0,0
C161,C161_F146,0,0
C161,C161_F147,2,0
C161,C161_F148,2,0
C161,C161_F149,0,0
C161,C161_F150,1,1
C161,C161_F151,2,0
C161,C161_F152,1,1
C161,C161_F153,2,2
C161,C161_F154,0,2
C161,C161_F155,2,0
C161,C161_F156,1,1
C161,C161_F157,0,0
C161,C161_F158,3,0
C161,C161_F159,0,0
C161,C161_F160,1,1
C161,C161_F161,0,0
C161,C161_F162,0,1
C161,C161_F163,0,0
C161,C161_F164,0,1
C161,C161_F165,0,0
C161,C161_F166,1,2
C161,C161_F167,2,0
C161,C161_F168,1,0
C161,C161_F169,0,0
C161,C161_F171,1,0
C161,C161_F172,1,0
C161,C161_F173,0,1
C161,C161_F174,1,2
C161,C161_F175,0,3
C161,C161_F176,0,1
C161,C161_F177,0,1
C161,C161_F178,1,0
C161,C161_F179,1,0
C161,C161_F180,0,1
C162,C162_F001,1,0
C162,C162_F002,0,2
C162,C162_F003,0,0
C162,C162_F004,0,0
C162,C162_F005,0,0
C162,C162_F006,0,0
C162,C162_F007,0,0
C162,C162_F008,1,1
C162,C162_F009,0,0
C162,C162_F011,1,1
C162,C162_F012,2,2
C162,C162_F013,0,1
C162,C162_F014,0,1
C162,C162_F015,0,1
C162,C162_F016,2,1
C162,C162_F017,2,1
C162,C162_F018,1,0
C162,C162_F019,0,0
C162,C162_F020,1,1
C162,C162_F021,0,0
C162,C162_F022,2,2
C162,C162_F025,0,1
C162,C162_F026,2,0
C162,C162_F028,1,1
C162,C162_F029,1,0
C162,C162_F030,0,0
C162,C162_F031,0,0
C162,C162_F032,0,2
C162,C162_F033,3,0
C162,C162_F034,1,0
C162,C162_F035,1,0
C162,C162_F036,1,1
C162,C162_F037,0,0
C162,C162_F038,1,0
C162,C162_F039,1,0
C162,C162_F040,0,1
C162,C162_F042,0,0
C162,C162_F043,0,0
C162,C162_F044,2,0
C162,C162_F045,0,1
C162,C162_F046,3,0
C162,C162_F047,0,1
C162,C162_F048,1,0
C162,C162_F049,0,1
C162,C162_F050,1,1
C162,C162_F051,1,1
C162,C162_F052,0,1
C162,C162_F053,1,0
C162,C162_F054,2,1
C162,C162_F055,0,2
C162,C162_F057,0,2
C162,C162_F058,0,1
C162,C162_F059,2,2
C162,C162_F060,1,0
C162,C162_F061,1,0
C162,C162_F062,1,0
C162,C162_F063,0,0
C162,C162_F064,0,3
C162,C162_F066,1,0
C162,C162_F067,0,0
C162,C162_F069,2,0
C162,C162_F070,1,0
C162,C162_F071,0,1
C162,C162_F072,0,0
C162,C162_F073,0,0
C162,C162_F075,1,1
C162,C162_F076,0,0
C162,C162_F077,1,0
C162,C162_F078,1,0
C162,C162_F079,0,1
C162,C162_F080,0,0
C162,C162_F081,0,0
C162,C162_F082,0,3
C162,C162_F083,1,0
C162,C162_F084,2,0
C162,C162_F085,1,0
C162,C162_F087,0,0
C162,C162_F088,2,2
C162,C162_F089,0,0
C162,C162_F090,0,2
C162,C162_F091,1,2
C162,C162_F092,1,1
C162,C162_F093,0,1
C162,C162_F094,0,0
C162,C162_F095,1,0
C162,C162_F097,0,0
C162,C162_F098,2,0
C162,C162_F099,1,1
C162,C162_F100,1,0
C162,C162_F101,3,2
C162,C162_F102,1,1
C162,C162_F103,1,1
C162,C162_F104,0,1
C162,C162_F105,0,0
C162,C162_F107,0,0
C162,C162_F108,2,1
C162,C162_F109,0,2
C162,C162_F110,1,1
C162,C162_F111,1,1
C162,C162_F112,0,1
C162,C162_F113,2,0
C162,C162_F115,0,0
C162,C162_F116,1,0
C162,C162_F117,1,0
C162,C162_F119,1,0
C162,C162_F120,1,2
C162,C162_F121,0,2
C162,C162_F122,0,0
C162,C162_F123,2,0
C162,C162_F124,0,1
C162,C162_F125,0,2
C162,C162_F126,1,0
C162,C162_F127,0,2
C162,C162_F128,1,0
C162,C162_F129,0,1
C162,C162_F130,0,0
C162,C162_F131,2,0
C162,C162_F132,2,1
C162,C162_F133,1,0
C162,C162_F134,0,0
C162,C162_F135,0,2
C162,C162_F137,0,1
C162,C162_F138,0,1
C162,C162_F139,1,1
C162,C162_F140,1,1
C162,C162_F141,1,2
C162,C162_F142,1,0
C162,C162_F143,1,0
C162,C162_F144,0,1
C162,C162_F145,0,0
C162,C162_F146,0,0
C162,C162_F147,1,0
C162,C162_F148,0,0
C162,C162_F149,2,1
C162,C162_F150,2,1
C162,C162_F151,0,0
C162,C162_F152,1,1
C162,C162_F154,2,0
C162,C162_F155,0,0
C162,C162_F156,1,0
C162,C162_F157,3,0
C162,C162_F158,0,1
C162,C162_F159,1,4
C162,C162_F160,2,0
C162,C162_F161,1,0
C162,C162_F162,1,3
C162,C162_F163,0,2
C162,C162_F164,0,1
C162,C162_F165,1,1
C162,C162_F166,1,0
C162,C162_F167,1,1
C162,C162_F168,0,1
C162,C162_F169,0,0
C162,C162_F170,0,0
C162,C162_F171,0,1
C162,C162_F172,1,1
C162,C162_F173,0,0
C162,C162_F174,0,0
C162,C162_F175,1,0
C162,C162_F176,4,1
C162,C162_F177,0,0
C162,C162_F178,0,0
C162,C162_F179,0,0
C162,C162_F180,0,0
C163,C163_F001,1,0
C163,C163_F003,1,0
C163,C163_F005,0,0
C163,C163_F006,0,0
C163,C163_F007,0,1
C163,C163_F008,2,0
C163,C163_F009,0,0
C163,C163_F010,2,0
C163,C163_F011,1,0
C163,C163_F012,3,0
C163,C163_F013,0,1
C163,C163_F014,0,1
C163,C163_F018,1,1
C163,C163_F019,1,1
C163,C163_F020,0,0
C163,C163_F021,0,0
C163,C163_F022,0,3
C163,C163_F023,0,2
C163,C163_F024,0,1
C163,C163_F025,2,1
C163,C163_F026,0,1
C163,C163_F028,1,0
C163,C163_F029,1,0
C163,C163_F030,0,1
C163,C163_F031,1,1
C163,C163_F032,0,0
C163,C163_F034,0,0
C163,C163_F035,1,1
C163,C163_F036,0,0
C163,C163_F037,0,0
C163,C163_F038,1,0
C163,C163_F039,0,1
C163,C163_F040,0,0
C163,C163_F041,1,1
C163,C163_F042,0,1
C163,C163_F043,0,2
C163,C163_F044,0,0
C163,C163_F045,0,1
C163,C163_F047,0,0
C163,C163_F048,1,2
C163,C163_F049,0,0
C163,C163_F050,0,0
C163,C163_F051,1,0
C163,C163_F052,1,0
C163,C163_F053,0,1
C163,C163_F054,1,1
C163,C163_F055,1,0
C163,C163_F056,0,3
C163,C163_F057,0,0
C163,C163_F058,0,2
C163,C163_F060,1,1
C163,C163_F061,1,0
C163,C163_F062,1,0
C163,C163_F064,0,0
C163,C163_F065,0,1
C163,C163_F066,0,3
C163,C163_F067,1,0
C163,C163_F068,2,0
C163,C163_F069,1,2
C163,C163_F070,1,0
C163,C163_F071,1,0
C163,C163_F072,0,0
C163,C163_F073,0,1
C163,C163_F074,0,0
C163,C163_F075,2,0
C163,C163_F076,0,1
C163,C163_F077,1,0
C163,C163_F078,0,0
C163,C163_F079,0,0
C163,C163_F080,2,1
C163,C163_F081,1,0
C163,C163_F082,0,0
C163,C163_F083,0,1
C163,C163_F084,2,2
C163,C163_F085,1,0
C163,C163_F086,0,0
C163,C163_F087,2,0
C163,C163_F088,0,1
C163,C163_F089,1,0
C163,C163_F090,0,0
C163,C163_F092,1,0
C163,C163_F093,1,0
C163,C163_F095,1,0
C163,C163_F096,0,1
C163,C163_F097,0,1
C163,C163_F098,0,0
C163,C163_F099,0,1
C163,C163_F100,0,0
C163,C163_F101,1,0
C163,C163_F102,0,0
C163,C163_F104,0,0
C163,C163_F105,2,1
C163,C163_F106,0,1
C163,C163_F107,1,1
C163,C163_F108,0,0
C163,C163_F109,2,1
C163,C163_F110,0,0
C163,C163_F111,0,1
C163,C163_F112,1,2
C163,C163_F113,0,1
C163,C163_F114,1,0
C163,C163_F115,3,1
C163,C163_F116,1,1
C163,C163_F117,0,0
C163,C163_F118,1,0
C163,C163_F119,1,0
C163,C163_F120,0,0
C163,C163_F121,0,1
C163,C163_F122,0,1
C163,C163_F123,0,2
C163,C163_F124,0,0
C163,C163_F125,0,1
C163,C163_F126,1,0
C163,C163_F127,0,0
C163,C163_F128,0,0
C163,C163_F129,0,1
C163,C163_F130,1,0
C163,C163_F131,1,0
C163,C163_F132,0,1
C163,C163_F133,1,0
C163,C163_F134,1,1
C163,C163_F135,0,0
C163,C163_F136,2,2
C163,C163_F137,0,0
C163,C163_F138,0,0
C163,C163_F139,0,0
C163,C163_F140,0,0
C163,C163_F141,2,2
C163,C163_F142,1,0
C163,C163_F143,1,0
C163,C163_F144,2,0
C163,C163_F145,0,2
C163,C163_F146,2,0
C163,C163_F147,0,0
C163,C163_F148,0,1
C163,C163_F149,2,2
C163,C163_F150,1,1
C163,C163_F151,2,0
C163,C163_F152,0,2
C163,C163_F154,2,0
C163,C163_F155,0,0
C163,C163_F156,0,0
C163,C163_F157,1,0
C163,C163_F158,1,0
C163,C163_F159,0,2
C163,C163_F160,0,1
C163,C163_F161,1,1
C163,C163_F162,0,0
C163,C163_F163,2,1
C163,C163_F164,0,0
C163,C163_F165,1,1
C163,C163_F166,0,2
C163,C163_F167,0,2
C163,C163_F168,0,2
C163,C163_F169,2,1
C163,C163_F170,2,1
C163,C163_F171,0,1
C163,C163_F172,2,0
C163,C163_F173,0,2
C163,C163_F174,1,1
C163,C163_F175,0,0
C163,C163_F176,0,0
C163,C163_F177,1,0
C163,C163_F178,2,0
C163,C163_F179,0,0
C163,C163_F181,0,0
C163,C163_F182,2,0
C163,C163_F183,0,1
C163,C163_F184,0,1
C163,C163_F185,1,1
C163,C163_F186,2,0
C163,C163_F187,0,2
C163,C163_F188,0,1
C163,C163_F189,1,1
C163,C163_F190,0,1
C163,C163_F191,0,1
C163,C163_F192,2,0
C163,C163_F194,0,0
C163,C163_F195,0,1
C163,C163_F197,1,0
C163,C163_F198,2,1
C163,C163_F199,0,0
C163,C163_F200,0,2
C163,C163_F201,1,1
C163,C163_F202,1,0
C163,C163_F203,0,1
C163,C163_F204,0,1
C163,C163_F205,0,0
C163,C163_F206,1,0
C163,C163_F207,1,1
C163,C163_F208,1,0
C163,C163_F209,1,0
C163,C163_F210,0,0
C163,C163_F211,0,3
C163,C163_F213,0,1
C163,C163_F214,0,0
C163,C163_F215,2,0
C163,C163_F216,0,0
C163,C163_F218,0,0
C163,C163_F219,1,1
C163,C163_F220,0,4
C163,C163_F221,0,1
C163,C163_F222,1,0
C163,C163_F223,0,1
C163,C163_F224,0,0
C163,C163_F225,1,1
C163,C163_F226,0,0
C163,C163_F227,1,0
C163,C163_F228,0,1
C163,C163_F229,1,0
C163,C163_F230,0,1
C163,C163_F231,1,1
C163,C163_F232,0,0
C163,C163_F233,1,1
C163,C163_F234,0,2
C163,C163_F235,2,1
C163,C163_F236,1,1
C163,C163_F237,0,0
C163,C163_F238,0,0
C163,C163_F240,3,0
C163,C163_F241,0,0
C163,C163_F242,0,1
C163,C163_F243,0,1
C163,C163_F244,1,0
C163,C163_F245,1,1
C163,C163_F246,1,0
C163,C163_F247,0,2
C163,C163_F248,0,0
C163,C163_F250,1,0
C163,C163_F251,1,2
C163,C163_F252,0,2
C163,C163_F253,1,0
C163,C163_F254,1,0
C163,C163_F255,0,0
C163,C163_F256,1,0
C163,C163_F257,0,1
C163,C163_F258,0,1
C163,C163_F259,0,0
C163,C163_F260,0,1
C163,C163_F261,0,1
C163,C163_F262,0,0
C163,C163_F263,0,0
C163,C163_F264,1,0
C163,C163_F265,1,0
C163,C163_F266,1,1
C163,C163_F268,1,0
C163,C163_F269,0,0
C163,C163_F270,0,0
C163,C163_F271,1,2
C163,C163_F272,1,3
C163,C163_F273,0,1
C163,C163_F275,2,1
C163,C163_F276,0,0
C163,C163_F277,2,0
C163,C163_F278,0,1
C163,C163_F279,0,2
C163,C163_F280,1,1
C163,C163_F281,0,1
C163,C163_F282,0,2
C163,C163_F283,0,0
C163,C163_F284,0,0
C163,C163_F285,0,0
C163,C163_F286,2,0
C163,C163_F287,3,1
C163,C163_F288,1,1
C163,C163_F289,0,1
C163,C163_F290,1,1
C163,C163_F291,1,1
C163,C163_F292,0,0
C163,C163_F293,2,3
C163,C163_F294,0,0
C163,C163_F295,0,1
C163,C163_F296,0,0
C163,C163_F297,1,0
C163,C163_F299,0,0
C163,C163_F300,0,1
C163,C163_F301,0,1
C163,C163_F302,0,1
C163,C163_F303,2,1
C163,C163_F304,1,0
C163,C163_F305,2,2
C163,C163_F306,0,1
C163,C163_F307,1,0
C163,C163_F308,1,0
C163,C163_F309,2,0
C163,C163_F310,2,0
C163,C163_F311,4,1
C163,C163_F312,0,2
C163,C163_F313,0,1
C163,C163_F314,1,1
C163,C163_F315,0,1
C163,C163_F316,0,0
C163,C163_F317,1,0
C163,C163_F318,1,1
C163,C163_F319,1,0
C163,C163_F320,0,2
C163,C163_F321,3,0
C163,C163_F322,0,2
C163,C163_F323,1,1
C163,C163_F324,1,0
C163,C163_F325,0,0
C163,C163_F326,4,1
C163,C163_F327,0,2
C163,C163_F328,1,2
C163,C163_F329,1,1
C163,C163_F330,1,0
C163,C163_F331,1,0
C163,C163_F332,1,0
C163,C163_F333,1,0
C163,C163_F334,0,0
C163,C163_F335,0,0
C163,C163_F336,0,1
C163,C163_F338,0,0
C163,C163_F339,1,0
C163,C163_F340,0,2
C163,C163_F341,1,0
C163,C163_F342,1,0
C163,C163_F343,1,1
C163,C163_F344,1,0
C163,C163_F345,2,0
C163,C163_F346,1,0
C163,C163_F347,0,0
C163,C163_F348,1,0
C163,C163_F349,0,0
C163,C163_F350,1,1
C163,C163_F351,0,1
C163,C163_F352,0,2
C163,C163_F353,1,0
C163,C163_F354,2,0
C163,C163_F355,1,0
C163,C163_F357,1,0
C163,C163_F358,2,1
C163,C163_F359,0,0
C163,C163_F360,0,1
C163,C163_F361,2,0
C163,C163_F362,0,1
C163,C163_F363,1,1
C163,C163_F364,1,0
C163,C163_F365,2,0
C163,C163_F367,1,1
C163,C163_F368,1,1
C163,C163_F369,0,1
C163,C163_F370,1,0
C163,C163_F371,1,0
C163,C163_F372,1,0
C163,C163_F373,1,2
C163,C163_F375,0,0
C163,C163_F376,1,1
C163,C163_F377,2,0
C163,C163_F378,1,0
C163,C163_F379,1,0
C163,C163_F380,1,0
C163,C163_F381,1,0
C163,C163_F382,1,0
C163,C163_F383,0,2
C163,C163_F384,0,1
C163,C163_F385,0,0
C163,C163_F387,0,0
C163,C163_F388,0,1
C163,C163_F389,1,0
C163,C163_F390,0,0
C163,C163_F391,1,2
C163,C163_F392,2,0
C163,C163_F393,0,0
C163,C163_F394,1,0
C163,C163_F397,0,2
C163,C163_F398,0,0
C163,C163_F399,0,0
C163,C163_F400,1,1
C163,C163_F401,1,0
C163,C163_F402,0,2
C163,C163_F403,3,0
C163,C163_F404,1,1
C163,C163_F405,0,0
C163,C163_F406,1,1
C163,C163_F407,0,0
C163,C163_F408,1,0
C163,C163_F409,1,0
C163,C163_F410,0,0
C163,C163_F411,2,1
C163,C163_F412,1,0
C163,C163_F413,0,1
C163,C163_F414,0,0
C163,C163_F415,1,0
C163,C163_F416,1,0
C163,C163_F417,0,0
C163,C163_F418,2,1
C163,C163_F419,1,0
C163,C163_F420,1,0
C163,C163_F421,2,0
C163,C163_F422,0,0
C163,C163_F423,0,0
C163,C163_F424,0,1
C163,C163_F426,0,0
C163,C163_F427,0,1
C163,C163_F428,0,0
C163,C163_F429,1,0
C163,C163_F430,0,0
C163,C163_F431,2,0
C163,C163_F432,0,1
C163,C163_F433,0,0
C163,C163_F434,1,0
C163,C163_F435,2,0
C163,C163_F436,1,1
C163,C163_F438,1,0
C163,C163_F439,0,1
C163,C163_F440,0,1
C163,C163_F442,0,0
C163,C163_F443,0,3
C163,C163_F444,1,0
C163,C163_F445,0,0
C163,C163_F446,0,0
C163,C163_F447,1,0
C163,C163_F448,1,1
C163,C163_F449,1,2
C163,C163_F450,1,1
C163,C163_F451,0,0
C163,C163_F452,0,1
C163,C163_F453,1,0
C163,C163_F454,0,1
C163,C163_F455,0,1
C163,C163_F456,0,0
C163,C163_F457,2,1
C163,C163_F458,0,0
C163,C163_F459,1,1
C163,C163_F460,0,0
C163,C163_F461,2,1
C163,C163_F462,0,1
C163,C163_F463,0,1
C163,C163_F465,0,1
C163,C163_F466,0,0
C163,C163_F467,3,0
C163,C163_F468,1,0
C163,C163_F469,1,0
C163,C163_F470,1,0
C163,C163_F471,0,1
C163,C163_F472,1,1
C163,C163_F473,2,0
C163,C163_F474,0,2
C163,C163_F475,2,0
C163,C163_F476,2,1
C163,C163_F477,1,1
C163,C163_F478,0,1
C163,C163_F479,1,3
C163,C163_F480,1,1
C163,C163_F481,0,0
C163,C163_F482,1,1
C163,C163_F483,1,1
C163,C163_F484,0,0
C163,C163_F485,1,0
C163,C163_F487,1,0
C163,C163_F488,2,0
C163,C163_F489,0,2
C163,C163_F490,0,0
C163,C163_F492,1,0
C163,C163_F493,4,1
C163,C163_F494,1,1
C163,C163_F496,1,0
C163,C163_F497,0,0
C163,C163_F498,1,0
C163,C163_F499,1,1
C163,C163_F501,0,0
C163,C163_F502,0,1
C163,C163_F503,0,1
C163,C163_F504,1,0
C163,C163_F505,0,0
C163,C163_F506,2,2
C163,C163_F507,0,0
C163,C163_F508,0,1
C163,C163_F509,0,1
C163,C163_F510,0,0
C163,C163_F511,2,1
C163,C163_F512,2,0
C163,C163_F513,1,1
C163,C163_F514,1,2
C163,C163_F515,1,1
C163,C163_F516,0,0
C163,C163_F517,0,1
C163,C163_F518,2,0
C163,C163_F519,0,1
C163,C163_F520,0,1
C163,C163_F521,1,0
C163,C163_F522,3,0
C163,C163_F523,0,0
C163,C163_F524,0,0
C163,C163_F525,1,0
C163,C163_F526,2,1
C163,C163_F527,0,2
C163,C163_F528,1,0
C163,C163_F529,1,3
C163,C163_F530,0,2
C163,C163_F531,1,0
C163,C163_F532,1,0
C163,C163_F533,1,2
C163,C163_F534,0,1
C163,C163_F535,0,0
C163,C163_F537,0,2
C163,C163_F538,0,0
C163,C163_F539,1,1
C163,C163_F540,0,0
C163,C163_F541,1,0
C163,C163_F542,1,2
C163,C163_F543,0,0
C163,C163_F544,1,1
C163,C163_F545,1,1
C163,C163_F547,0,0
C163,C163_F549,0,0
C163,C163_F551,0,0
C163,C163_F552,0,1
C164,C164_F001,0,0
C164,C164_F002,0,0
C164,C164_F003,0,2
C164,C164_F004,2,0
C164,C164_F005,1,0
C164,C164_F006,2,1
C164,C164_F007,0,1
C164,C164_F008,0,1
C164,C164_F010,0,2
C164,C164_F011,1,2
C164,C164_F012,0,1
C164,C164_F013,0,0
C164,C164_F014,0,0
C164,C164_F015,1,0
C164,C164_F016,1,0
C164,C164_F018,1,0
C164,C164_F019,0,0
C164,C164_F020,1,0
C164,C164_F021,1,1
C164,C164_F022,2,0
C164,C164_F023,1,1
C164,C164_F024,0,0
C164,C164_F025,0,1
C164,C164_F026,2,0
C164,C164_F027,0,0
C164,C164_F028,0,0
C164,C164_F029,0,0
C164,C164_F030,0,1
C164,C164_F031,0,0
C164,C164_F032,0,0
C164,C164_F033,1,0
C164,C164_F034,1,0
C164,C164_F035,0,1
C164,C164_F036,3,0
C164,C164_F037,2,0
C164,C164_F038,0,2
C164,C164_F039,0,0
C164,C164_F040,0,1
C164,C164_F041,1,0
C164,C164_F042,0,0
C164,C164_F043,0,1
C164,C164_F044,1,1
C164,C164_F045,1,0
C164,C164_F046,1,0
C164,C164_F047,0,1
C164,C164_F048,0,0
C164,C164_F049,0,1
C164,C164_F050,0,2
C164,C164_F051,2,0
C164,C164_F052,3,0
C164,C164_F054,1,0
C164,C164_F055,1,0
C164,C164_F056,1,1
C164,C164_F057,1,0
C164,C164_F058,0,0
C164,C164_F059,0,1
C164,C164_F061,0,0
C164,C164_F062,0,0
C164,C164_F063,0,0
C164,C164_F064,0,0
C164,C164_F065,0,0
C164,C164_F066,1,0
C164,C164_F067,1,0
C164,C164_F068,0,1
C164,C164_F069,1,1
C164,C164_F070,1,0
C164,C164_F071,0,0
C164,C164_F072,0,0
C164,C164_F073,2,1
C164,C164_F074,3,1
C164,C164_F075,0,0
C164,C164_F076,3,1
C164,C164_F077,0,1
C164,C164_F078,0,0
C164,C164_F079,1,1
C164,C164_F080,0,0
C164,C164_F082,0,0
C164,C164_F083,0,1
C164,C164_F084,0,0
C164,C164_F085,1,0
C164,C164_F086,0,2
C164,C164_F087,0,0
C164,C164_F088,0,0
C164,C164_F089,0,2
C164,C164_F090,1,1
C164,C164_F091,0,4
C164,C164_F092,2,2
C164,C164_F093,0,0
C164,C164_F094,1,0
C164,C164_F095,2,0
C164,C164_F096,0,0
C164,C164_F097,0,0
C164,C164_F098,1,0
C164,C164_F099,1,2
C164,C164_F100,0,0
C164,C164_F101,1,0
C164,C164_F102,0,1
C164,C164_F103,1,1
C164,C164_F105,2,0
C164,C164_F106,0,2
C164,C164_F107,1,0
C164,C164_F108,1,0
C164,C164_F109,1,0
C164,C164_F110,3,0
C164,C164_F111,1,1
C164,C164_F112,0,1
C164,C164_F113,0,2
C164,C164_F114,0,0
C164,C164_F115,0,1
C164,C164_F116,0,0
C164,C164_F117,1,1
C164,C164_F118,3,0
C164,C164_F119,0,0
C164,C164_F120,0,1
C164,C164_F121,1,1
C164,C164_F122,0,2
C164,C164_F123,2,1
C164,C164_F124,0,1
C164,C164_F125,2,1
C164,C164_F126,0,1
C164,C164_F127,2,1
C164,C164_F128,1,0
C164,C164_F129,1,0
C164,C164_F130,0,1
C164,C164_F131,0,1
C164,C164_F132,2,0
C164,C164_F133,1,0
C164,C164_F134,0,0
C164,C164_F135,1,2
C164,C164_F136,1,0
C164,C164_F137,0,0
C164,C164_F138,0,0
C164,C164_F139,0,1
C164,C164_F140,0,0
C164,C164_F141,0,1
C164,C164_F142,0,1
C164,C164_F143,0,0
C164,C164_F144,2,0
C164,C164_F145,1,0
C164,C164_F146,1,0
C164,C164_F147,0,0
C164,C164_F148,0,0
C164,C164_F149,0,0
C164,C164_F150,0,0
C164,C164_F151,0,0
C164,C164_F152,4,0
C164,C164_F153,0,0
C164,C164_F154,0,1
C164,C164_F156,2,1
C164,C164_F157,0,2
C164,C164_F158,0,1
C164,C164_F159,0,1
C164,C164_F160,1,0
C164,C164_F161,2,0
C164,C164_F162,0,1
C164,C164_F163,0,0
C164,C164_F164,1,0
C164,C164_F165,0,1
C164,C164_F166,0,0
C164,C164_F167,1,0
C164,C164_F168,0,0
C164,C164_F169,2,0
C164,C164_F170,2,0
C164,C164_F172,0,2
C164,C164_F173,0,2
C164,C164_F174,2,1
C164,C164_F175,0,1
C164,C164_F176,2,1
C164,C164_F177,0,1
C164,C164_F178,1,0
C164,C164_F179,0,0
C164,C164_F182,0,1
C164,C164_F183,0,1
C164,C164_F184,2,0
C164,C164_F185,0,0
C164,C164_F186,0,1
C164,C164_F187,0,1
C164,C164_F188,0,0
C164,C164_F190,1,1
C164,C164_F191,2,0
C164,C164_F192,0,2
C164,C164_F193,0,0
C164,C164_F195,3,0
C164,C164_F196,1,0
C164,C164_F197,0,1
C164,C164_F198,1,1
C164,C164_F199,1,0
C164,C164_F200,2,0
C164,C164_F201,1,0
C164,C164_F202,0,0
C164,C164_F203,0,1
C164,C164_F204,1,0
C164,C164_F205,1,0
C164,C164_F206,4,2
C164,C164_F207,1,0
C164,C164_F208,1,0
C164,C164_F209,1,1
C164,C164_F210,1,0
C164,C164_F211,0,2
C164,C164_F212,0,2
C164,C164_F213,0,0
C164,C164_F214,5,0
C164,C164_F215,0,2
C164,C164_F216,0,5
C164,C164_F217,2,2
C164,C164_F218,0,0
C164,C164_F219,1,1
C164,C164_F220,1,0
C164,C164_F221,1,0
C164,C164_F222,1,0
C164,C164_F223,1,1
C164,C164_F224,0,1
C164,C164_F225,1,0
C164,C164_F226,1,3
C164,C164_F227,1,0
C164,C164_F228,0,3
C164,C164_F229,0,1
C164,C164_F230,0,2
C164,C164_F231,1,0
C164,C164_F232,4,0
C164,C164_F233,1,1
C164,C164_F234,0,1
C164,C164_F235,0,0
C164,C164_F236,1,0
C164,C164_F237,1,1
C164,C164_F238,2,2
C164,C164_F239,0,0
C164,C164_F240,0,0
C164,C164_F241,0,2
C164,C164_F242,1,1
C164,C164_F243,1,2
C164,C164_F244,0,1
C164,C164_F245,0,1
C164,C164_F246,1,1
C164,C164_F247,0,0
C164,C164_F248,0,0
C164,C164_F249,0,0
C164,C164_F250,0,2
C164,C164_F251,1,0
C164,C164_F252,1,1
C164,C164_F253,1,0
C164,C164_F254,0,3
C164,C164_F255,1,0
C164,C164_F257,2,0
C164,C164_F259,2,1
C164,C164_F260,0,0
C164,C164_F261,1,2
C164,C164_F262,3,1
C164,C164_F263,0,2
C164,C164_F264,1,0
C164,C164_F265,1,0
C164,C164_F266,0,1
C164,C164_F267,0,1
C164,C164_F269,1,0
C164,C164_F270,1,1
C164,C164_F271,1,0
C164,C164_F272,1,1
C164,C164_F273,1,1
C164,C164_F274,1,0
C164,C164_F275,0,0
C164,C164_F276,0,1
C164,C164_F277,1,0
C164,C164_F278,1,0
C164,C164_F279,0,2
C164,C164_F280,2,1
C164,C164_F281,1,0
C164,C164_F282,2,0
C164,C164_F283,2,0
C164,C164_F284,0,1
C164,C164_F286,0,1
C164,C164_F287,1,1
C164,C164_F288,0,1
C164,C164_F289,0,0
C164,C164_F290,1,0
C164,C164_F291,2,0
C164,C164_F292,0,1
C164,C164_F293,0,0
C164,C164_F294,0,0
C164,C164_F295,1,1
C164,C164_F296,0,1
C164,C164_F297,0,0
C164,C164_F298,1,0
C164,C164_F299,2,0
C164,C164_F300,0,0
C164,C164_F301,1,0
C164,C164_F302,2,0
C164,C164_F303,2,0
C164,C164_F304,0,1
C164,C164_F305,0,1
C164,C164_F306,0,1
C164,C164_F307,0,1
C164,C164_F308,2,0
C164,C164_F309,0,1
C164,C164_F310,2,1
C164,C164_F311,1,0
C164,C164_F312,1,0
C164,C164_F313,1,1
C164,C164_F314,0,0
C164,C164_F316,0,0
C164,C164_F317,0,1
C164,C164_F318,0,1
C164,C164_F319,1,0
C164,C164_F320,0,1
C164,C164_F321,2,1
C164,C164_F322,3,0
C164,C164_F323,0,0
C164,C164_F324,0,1
C164,C164_F325,2,1
C164,C164_F326,0,2
C164,C164_F327,0,0
C164,C164_F328,1,0
C164,C164_F329,0,0
C164,C164_F330,0,0
C164,C164_F331,1,1
C164,C164_F333,1,1
C164,C164_F334,2,1
C164,C164_F335,1,1
C164,C164_F336,3,1
C164,C164_F337,1,0
C164,C164_F338,1,2
C164,C164_F339,1,0
C164,C164_F340,0,0
C164,C164_F341,2,2
C164,C164_F342,1,1
C164,C164_F343,0,1
C164,C164_F344,1,0
C164,C164_F345,1,0
C164,C164_F346,1,2
C164,C164_F347,0,0
C164,C164_F349,0,0
C164,C164_F350,0,1
C164,C164_F351,0,0
C164,C164_F352,3,0
C164,C164_F353,1,1
C164,C164_F354,1,0
C164,C164_F355,0,1
C164,C164_F356,1,1
C164,C164_F357,1,0
C164,C164_F358,0,2
C164,C164_F359,0,1
C164,C164_F360,2,0
C164,C164_F362,0,0
C164,C164_F363,1,0
C164,C164_F364,1,0
C164,C164_F365,2,0
C164,C164_F367,1,0
C164,C164_F368,1,0
C164,C164_F369,1,0
C164,C164_F370,1,0
C164,C164_F371,2,1
C164,C164_F372,2,0
C164,C164_F373,2,0
C164,C164_F374,0,2
C164,C164_F375,0,0
C164,C164_F376,0,1
C164,C164_F377,0,2
C164,C164_F378,2,0
C164,C164_F379,1,0
C164,C164_F380,2,0
C165,C165_F001,3,0
C165,C165_F002,2,2
C165,C165_F003,2,0
C165,C165_F004,0,0
C165,C165_F005,2,0
C165,C165_F006,0,0
C165,C165_F007,0,0
C165,C165_F009,0,1
C165,C165_F010,0,2
C165,C165_F011,0,1
C165,C165_F012,1,0
C165,C165_F014,1,1
C165,C165_F015,2,0
C165,C165_F016,0,1
C165,C165_F017,0,0
C165,C165_F018,2,1
C165,C165_F019,0,0
C165,C165_F020,4,0
C165,C165_F021,0,0
C165,C165_F022,1,0
C165,C165_F023,0,1
C165,C165_F024,0,0
C165,C165_F025,0,1
C165,C165_F026,0,0
C165,C165_F027,1,0
C165,C165_F028,2,1
C165,C165_F029,0,2
C165,C165_F030,1,2
C165,C165_F031,1,0
C165,C165_F032,2,0
C165,C165_F033,1,0
C165,C165_F034,2,0
C165,C165_F035,3,1
C165,C165_F036,1,0
C165,C165_F037,0,0
C165,C165_F038,0,1
C165,C165_F039,1,1
C165,C165_F040,1,0
C165,C165_F041,0,1
C165,C165_F042,0,0
C165,C165_F043,0,0
C165,C165_F044,0,0
C165,C165_F045,0,2
C165,C165_F047,0,0
C165,C165_F048,2,0
C165,C165_F049,0,1
C165,C165_F050,0,0
C165,C165_F051,1,0
C165,C165_F052,1,0
C165,C165_F053,0,0
C165,C165_F054,0,2
C165,C165_F055,0,1
C165,C165_F056,0,0
C165,C165_F057,1,0
C165,C165_F058,0,1
C165,C165_F059,1,1
C165,C165_F060,0,1
C165,C165_F061,1,0
C165,C165_F062,1,0
C165,C165_F063,2,0
C165,C165_F064,1,0
C165,C165_F065,1,1
C165,C165_F066,1,1
C165,C165_F067,0,0
C165,C165_F068,1,0
C165,C165_F069,0,3
C165,C165_F070,0,1
C165,C165_F071,0,0
C165,C165_F072,2,0
C165,C165_F073,3,1
C165,C165_F074,0,3
C165,C165_F075,0,1
C165,C165_F076,0,1
C165,C165_F077,1,1
C165,C165_F078,0,1
C165,C165_F079,1,3
C165,C165_F080,0,1
C165,C165_F081,0,0
C165,C165_F082,1,2
C165,C165_F083,0,0
C165,C165_F084,0,2
C165,C165_F085,1,1
C165,C165_F086,0,0
C165,C165_F087,1,0
C165,C165_F088,0,0
C165,C165_F089,1,0
C165,C165_F090,1,0
C165,C165_F091,1,0
C165,C165_F092,1,1
C165,C165_F093,2,1
C165,C165_F094,1,0
C165,C165_F095,1,0
C165,C165_F096,0,0
C165,C165_F097,0,0
C165,C165_F098,4,0
C165,C165_F099,1,0
C165,C165_F100,1,0
C165,C165_F101,1,0
C165,C165_F102,0,3
C165,C165_F103,0,0
C165,C165_F104,1,0
C165,C165_F105,1,0
C165,C165_F106,0,0
C165,C165_F107,1,0
C165,C165_F108,0,0
C165,C165_F109,2,0
C165,C165_F110,1,0
C165,C165_F111,2,0
C165,C165_F112,0,0
C165,C165_F113,1,0
C165,C165_F114,1,2
C165,C165_F115,1,1
C165,C165_F116,2,2
C165,C165_F117,0,1
C165,C165_F118,1,1
C165,C165_F119,1,0
C165,C165_F120,0,1
C165,C165_F121,2,0
C165,C165_F122,0,0
C165,C165_F123,0,1
C165,C165_F124,0,1
C165,C165_F125,0,0
C165,C165_F126,1,1
C165,C165_F127,1,0
C165,C165_F128,2,0
C165,C165_F129,1,0
C165,C165_F130,1,1
C165,C165_F131,0,2
C165,C165_F132,0,0
C165,C165_F133,1,2
C165,C165_F134,0,2
C165,C165_F135,0,1
C165,C165_F137,0,1
C165,C165_F138,0,1
C165,C165_F139,1,0
C165,C165_F140,1,0
C165,C165_F141,1,0
C165,C165_F142,2,1
C165,C165_F143,0,0
C165,C165_F144,0,2
C165,C165_F145,1,0
C165,C165_F146,0,0
C165,C165_F147,3,0
C165,C165_F148,2,1
C165,C165_F149,3,0
C165,C165_F150,0,0
C165,C165_F151,0,1
C165,C165_F152,1,0
C165,C165_F153,1,1
C165,C165_F154,0,0
C165,C165_F155,2,2
C165,C165_F156,1,1
C165,C165_F157,1,0
C165,C165_F158,2,0
C165,C165_F159,1,1
C165,C165_F160,0,1
C165,C165_F162,0,2
C165,C165_F163,0,2
C165,C165_F164,0,1
C165,C165_F165,1,1
C165,C165_F166,1,1
C165,C165_F167,2,2
C165,C165_F168,0,2
C165,C165_F169,2,2
C165,C165_F170,2,0
C165,C165_F171,0,1
C165,C165_F172,1,0
C165,C165_F173,2,0
C165,C165_F174,1,0
C165,C165_F175,1,1
C165,C165_F176,2,1
C165,C165_F177,0,0
C165,C165_F178,1,0
C165,C165_F179,2,1
C165,C165_F180,2,1
C165,C165_F181,0,1
C165,C165_F182,0,2
C165,C165_F183,0,1
C165,C165_F184,0,1
C165,C165_F185,0,0
C165,C165_F186,1,0
C165,C165_F187,1,0
C165,C165_F188,1,1
C165,C165_F189,2,0
C165,C165_F190,0,1
C165,C165_F191,0,0
C165,C165_F192,1,0
C165,C165_F193,0,1
C165,C165_F194,0,1
C165,C165_F195,3,1
C165,C165_F196,1,0
C165,C165_F197,1,0
C165,C165_F198,0,0
C165,C165_F199,1,1
C165,C165_F200,1,0
C165,C165_F201,0,2
C165,C165_F202,0,0
C165,C165_F203,1,1
C165,C165_F204,2,0
C165,C165_F205,1,0
C165,C165_F206,0,1
C165,C165_F207,0,1
C165,C165_F208,0,0
C165,C165_F209,2,0
C165,C165_F210,0,2
C165,C165_F211,0,0
C165,C165_F212,1,0
C165,C165_F213,1,1
C165,C165_F214,0,0
C165,C165_F215,0,0
C165,C165_F217,4,0
C165,C165_F218,2,0
C165,C165_F219,2,1
C165,C165_F221,1,1
C165,C165_F222,0,1
C165,C165_F223,1,0
C165,C165_F224,1,0
C165,C165_F225,1,2
C165,C165_F226,0,1
C165,C165_F227,2,0
C165,C165_F228,0,0
C165,C165_F229,0,0
C165,C165_F230,1,1
C165,C165_F231,0,3
C165,C165_F232,0,0
C165,C165_F233,1,1
C165,C165_F234,0,2
C165,C165_F235,0,0
C165,C165_F236,0,0
C165,C165_F237,3,0
C165,C165_F238,1,0
C165,C165_F239,1,2
C165,C165_F240,0,0
C165,C165_F241,0,0
C165,C165_F242,1,0
C165,C165_F243,0,2
C165,C165_F244,2,1
C165,C165_F245,1,1
C165,C165_F246,0,0
C165,C165_F247,2,0
C165,C165_F248,1,0
C165,C165_F249,1,1
C165,C165_F250,2,0
C165,C165_F252,1,1
C165,C165_F254,1,1
C165,C165_F255,0,0
C165,C165_F256,1,0
C165,C165_F257,0,0
C165,C165_F258,0,0
C165,C165_F259,0,1
C165,C165_F260,0,0
C165,C165_F261,1,2
C165,C165_F262,3,0
C165,C165_F263,1,1
C165,C165_F265,2,1
C165,C165_F266,2,2
C165,C165_F267,1,1
C165,C165_F268,0,2
C165,C165_F269,1,0
C165,C165_F270,2,0
C165,C165_F271,1,2
C165,C165_F272,0,1
C165,C165_F273,0,1
C165,C165_F274,3,1
C165,C165_F275,1,0
C165,C165_F276,2,0
C165,C165_F277,0,0
C165,C165_F278,0,0
C165,C165_F279,0,0
C165,C165_F280,0,0
C165,C165_F282,1,0
C165,C165_F283,1,0
C165,C165_F284,0,2
C165,C165_F285,0,1
C165,C165_F286,1,0
C165,C165_F287,1,0
C165,C165_F288,0,0
C165,C165_F289,1,0
C165,C165_F290,0,0
C165,C165_F291,1,0
C165,C165_F292,1,1
C165,C165_F293,1,1
C165,C165_F294,1,0
C165,C165_F295,0,1
C165,C165_F296,1,0
C165,C165_F297,1,0
C165,C165_F298,0,0
C165,C165_F299,1,1
C165,C165_F300,0,0
C165,C165_F301,0,1
C165,C165_F302,2,0
C165,C165_F303,0,0
C165,C165_F305,0,0
C165,C165_F306,1,3
C166,C166_F001,1,0
C166,C166_F002,0,2
C166,C166_F003,0,0
C166,C166_F004,1,0
C166,C166_F005,2,1
C166,C166_F006,0,0
C166,C166_F007,2,0
C166,C166_F010,0,1
C166,C166_F011,0,0
C166,C166_F012,0,0
C166,C166_F013,1,2
C166,C166_F014,0,2
C166,C166_F015,1,0
C166,C166_F016,0,2
C166,C166_F017,2,0
C166,C166_F018,0,0
C166,C166_F019,0,0
C166,C166_F020,0,2
C166,C166_F021,1,0
C166,C166_F022,0,0
C166,C166_F023,0,1
C166,C166_F024,0,1
C166,C166_F025,0,2
C166,C166_F026,1,0
C166,C166_F027,0,0
C166,C166_F028,0,2
C166,C166_F029,0,1
C166,C166_F030,2,0
C166,C166_F031,0,0
C166,C166_F032,1,0
C166,C166_F033,0,0
C166,C166_F034,1,1
C166,C166_F035,2,1
C166,C166_F036,0,0
C166,C166_F037,1,2
C166,C166_F038,3,1
C166,C166_F039,1,1
C166,C166_F040,1,0
C166,C166_F041,0,1
C166,C166_F042,0,0
C166,C166_F043,0,0
C166,C166_F044,1,0
C166,C166_F045,1,0
C166,C166_F046,0,1
C166,C166_F047,0,2
C166,C166_F048,0,0
C166,C166_F049,1,0
C166,C166_F050,1,1
C166,C166_F051,0,0
C166,C166_F052,2,3
C166,C166_F053,1,1
C166,C166_F054,0,1
C166,C166_F055,1,0
C166,C166_F056,0,1
C166,C166_F057,0,0
C166,C166_F058,1,0
C166,C166_F059,1,2
C166,C166_F060,0,2
C166,C166_F061,0,1
C166,C166_F062,1,0
C166,C166_F063,2,1
C166,C166_F065,1,0
C166,C166_F066,1,0
C166,C166_F067,0,0
C166,C166_F068,0,0
C166,C166_F069,1,2
C166,C166_F070,0,0
C166,C166_F071,0,2
C166,C166_F072,0,1
C166,C166_F073,0,1
C166,C166_F074,1,0
C166,C166_F075,0,0
C166,C166_F076,1,1
C166,C166_F077,0,0
C166,C166_F078,1,1
C166,C166_F079,2,0
C166,C166_F080,0,0
C166,C166_F081,0,0
C166,C166_F082,1,2
C166,C166_F083,2,0
C166,C166_F084,1,0
C166,C166_F085,1,1
C166,C166_F086,1,0
C166,C166_F087,1,0
C166,C166_F088,1,1
C166,C166_F089,0,1
C166,C166_F090,0,0
C166,C166_F091,1,1
C166,C166_F092,0,1
C166,C166_F093,1,0
C166,C166_F094,1,0
C166,C166_F095,0,0
C166,C166_F096,1,1
C166,C166_F097,3,1
C166,C166_F098,0,0
C166,C166_F099,0,1
C166,C166_F100,0,1
C166,C166_F101,1,0
C166,C166_F102,1,2
C166,C166_F103,0,0
C166,C166_F104,0,1
C166,C166_F105,1,0
C166,C166_F106,0,0
C166,C166_F107,1,0
C166,C166_F108,2,0
C166,C166_F109,3,1
C166,C166_F110,0,1
C166,C166_F111,0,0
C166,C166_F112,0,1
C166,C166_F113,0,2
C166,C166_F114,1,0
C166,C166_F115,0,0
C166,C166_F116,0,0
C166,C166_F117,2,0
C166,C166_F118,1,1
C166,C166_F119,1,0
C166,C166_F120,1,0
C166,C166_F121,1,0
C166,C166_F122,0,1
C166,C166_F123,1,2
C166,C166_F124,2,0
C166,C166_F125,1,0
C166,C166_F127,1,0
C166,C166_F128,0,0
C166,C166_F129,1,0
C166,C166_F130,1,0
C166,C166_F131,1,0
C166,C166_F132,0,0
C166,C166_F133,0,1
C166,C166_F134,0,0
C166,C166_F135,2,1
C166,C166_F136,0,1
C166,C166_F137,0,1
C166,C166_F138,2,1
C166,C166_F139,1,0
C166,C166_F140,1,1
C166,C166_F141,0,2
C166,C166_F142,0,1
C166,C166_F143,0,2
C166,C166_F144,0,1
C166,C166_F145,1,0
C166,C166_F147,1,2
C166,C166_F148,0,1
C166,C166_F149,0,1
C166,C166_F150,0,3
C166,C166_F151,2,0
C166,C166_F152,1,3
C166,C166_F153,1,0
C166,C166_F154,1,0
C166,C166_F155,0,0
C166,C166_F156,1,1
C166,C166_F157,0,1
C166,C166_F158,0,0
C166,C166_F159,0,1
C166,C166_F160,0,0
C166,C166_F161,2,0
C166,C166_F162,0,0
C166,C166_F163,2,1
C166,C166_F164,0,0
C166,C166_F166,0,0
C166,C166_F167,1,1
C166,C166_F168,1,1
C166,C166_F169,0,0
C166,C166_F170,0,1
C166,C166_F171,1,1
C166,C166_F172,1,2
C166,C166_F173,0,1
C166,C166_F174,1,0
C166,C166_F175,2,0
C166,C166_F176,1,2
C166,C166_F177,0,1
C166,C166_F178,1,0
C166,C166_F179,0,1
C166,C166_F180,0,2
C166,C166_F181,0,2
C166,C166_F183,1,0
C166,C166_F184,0,0
C166,C166_F185,0,1
C166,C166_F186,0,1
C166,C166_F187,1,0
C166,C166_F188,2,0
C166,C166_F189,0,1
C166,C166_F190,0,0
C166,C166_F191,0,1
C166,C166_F192,1,1
C166,C166_F193,1,0
C166,C166_F195,0,0
C166,C166_F197,0,0
C166,C166_F198,1,0
C166,C166_F199,1,1
C166,C166_F201,0,0
C166,C166_F202,2,0
C166,C166_F203,1,1
C166,C166_F204,0,0
C166,C166_F206,0,0
C166,C166_F207,1,0
C166,C166_F208,0,2
C166,C166_F209,0,0
C166,C166_F210,0,2
C166,C166_F211,0,1
C166,C166_F212,0,2
C166,C166_F213,1,3
C166,C166_F214,2,1
C166,C166_F215,0,2
C166,C166_F216,2,0
C166,C166_F217,2,1
C166,C166_F218,0,2
C166,C166_F219,0,0
C166,C166_F220,2,1
C166,C166_F222,0,1
C166,C166_F223,1,1
C166,C166_F224,2,0
C166,C166_F225,1,1
C166,C166_F227,1,0
C166,C166_F228,1,0
C166,C166_F229,0,1
C166,C166_F230,2,0
C166,C166_F231,0,1
C166,C166_F232,1,0
C166,C166_F233,0,0
C166,C166_F234,1,0
C166,C166_F235,0,1
C166,C166_F236,0,0
C166,C166_F237,0,2
C166,C166_F238,0,0
C166,C166_F239,0,3
C166,C166_F240,2,1
C166,C166_F241,0,0
C166,C166_F242,1,1
C166,C166_F243,1,1
C166,C166_F244,0,1
C166,C166_F245,4,0
C166,C166_F246,1,0
C166,C166_F247,1,0
C166,C166_F248,1,0
C166,C166_F249,0,1
C166,C166_F250,1,0
C166,C166_F251,0,1
C166,C166_F252,2,0
C166,C166_F253,2,0
C166,C166_F254,0,1
C166,C166_F255,2,1
C166,C166_F256,3,1
C166,C166_F257,1,0
C166,C166_F259,1,0
C166,C166_F260,0,0
C166,C166_F262,2,0
C166,C166_F263,2,1
C166,C166_F264,1,0
C166,C166_F265,1,0
C166,C166_F266,0,1
C166,C166_F267,0,3
C166,C166_F268,1,1
C166,C166_F269,0,1
C166,C166_F270,1,0
C166,C166_F271,0,0
C166,C166_F272,1,0
C166,C166_F273,0,1
C166,C166_F274,1,2
C166,C166_F275,2,0
C166,C166_F276,3,0
C166,C166_F277,0,0
C166,C166_F278,2,1
C166,C166_F279,0,0
C166,C166_F280,1,0
C166,C166_F281,0,0
C166,C166_F282,1,0
C166,C166_F283,1,0
C166,C166_F284,0,1
C166,C166_F285,0,1
C166,C166_F286,0,1
C166,C166_F287,1,2
C166,C166_F288,0,1
C166,C166_F289,0,2
C166,C166_F290,0,2
C166,C166_F291,1,0
C166,C166_F292,1,1
C166,C166_F293,0,1
C166,C166_F295,0,0
C166,C166_F296,0,0
C166,C166_F298,1,1
C166,C166_F299,0,0
C166,C166_F300,1,0
C166,C166_F301,2,0
C166,C166_F302,1,2
C166,C166_F303,0,0
C166,C166_F305,0,1
C166,C166_F306,3,3
C166,C166_F307,1,0
C166,C166_F308,0,1
C166,C166_F309,1,2
C166,C166_F310,0,0
C166,C166_F311,1,0
C166,C166_F312,0,2
C166,C166_F313,0,1
C166,C166_F314,0,1
C166,C166_F315,1,2
C166,C166_F316,1,1
C166,C166_F317,0,1
C166,C166_F318,0,3
C166,C166_F319,1,1
C166,C166_F320,4,1
C166,C166_F321,3,0
C166,C166_F322,0,1
C166,C166_F323,1,0
C166,C166_F324,0,0
C166,C166_F325,2,0
C166,C166_F326,0,1
C166,C166_F328,0,1
C166,C166_F329,1,0
C166,C166_F331,1,2
C166,C166_F332,0,2
C166,C166_F333,3,0
C166,C166_F334,0,0
C166,C166_F335,0,0
C166,C166_F336,2,2
C166,C166_F337,1,2
C166,C166_F339,0,1
C166,C166_F341,0,1
C166,C166_F342,2,0
C166,C166_F343,1,0
C166,C166_F344,1,1
C166,C166_F346,1,0
C166,C166_F347,1,1
C166,C166_F348,0,1
C166,C166_F349,1,0
C166,C166_F350,0,1
C166,C166_F351,0,1
C166,C166_F352,2,1
C166,C166_F353,0,0
C166,C166_F355,0,1
C166,C166_F356,0,1
C166,C166_F357,1,0
C166,C166_F358,1,1
C166,C166_F359,1,0
C166,C166_F360,0,1
C166,C166_F361,2,1
C166,C166_F362,0,1
C166,C166_F363,0,1
C166,C166_F364,3,0
C166,C166_F365,1,0
C166,C166_F366,1,0
C166,C166_F367,0,2
C166,C166_F368,0,0
C166,C166_F369,1,2
C166,C166_F370,0,0
C166,C166_F371,2,0
C166,C166_F372,0,1
C166,C166_F374,1,1
C166,C166_F375,1,2
C166,C166_F377,0,0
C166,C166_F378,0,1
C166,C166_F379,0,0
C166,C166_F380,1,0
C167,C167_F001,0,0
C167,C167_F002,3,0
C167,C167_F004,0,0
C167,C167_F005,1,0
C167,C167_F006,1,0
C167,C167_F007,1,1
C167,C167_F008,1,1
C167,C167_F009,2,0
C167,C167_F010,3,1
C167,C167_F011,0,0
C167,C167_F012,2,0
C167,C167_F013,1,1
C167,C167_F014,1,1
C167,C167_F015,0,0
C167,C167_F016,0,0
C167,C167_F018,1,0
C167,C167_F019,0,1
C167,C167_F020,0,2
C167,C167_F021,1,0
C167,C167_F022,0,1
C167,C167_F023,3,0
C167,C167_F024,0,0
C167,C167_F025,1,1
C167,C167_F026,0,0
C167,C167_F027,1,0
C167,C167_F028,0,1
C167,C167_F029,1,2
C167,C167_F030,0,0
C167,C167_F031,2,1
C167,C167_F032,1,0
C167,C167_F033,1,1
C167,C167_F034,0,0
C167,C167_F035,1,1
C167,C167_F036,0,1
C167,C167_F037,0,0
C167,C167_F038,2,0
C167,C167_F039,0,0
C167,C167_F040,0,0
C167,C167_F041,0,0
C167,C167_F042,3,1
C167,C167_F043,1,1
C167,C167_F044,0,1
C167,C167_F045,2,0
C167,C167_F046,1,0
C167,C167_F048,1,1
C167,C167_F049,1,0
C167,C167_F050,1,0
C167,C167_F052,1,1
C167,C167_F053,1,2
C167,C167_F054,0,3
C167,C167_F055,0,0
C167,C167_F056,1,1
C167,C167_F057,3,0
C167,C167_F058,0,1
C167,C167_F059,1,0
C167,C167_F060,0,0
C167,C167_F061,1,0
C167,C167_F062,2,1
C167,C167_F063,1,1
C167,C167_F064,0,0
C167,C167_F066,2,0
C167,C167_F067,0,0
C167,C167_F068,0,1
C167,C167_F069,0,1
C167,C167_F070,1,0
C167,C167_F071,0,1
C167,C167_F072,0,0
C167,C167_F073,0,0
C167,C167_F074,1,0
C167,C167_F075,0,1
C167,C167_F076,1,2
C167,C167_F077,1,0
C167,C167_F078,0,0
C167,C167_F079,0,1
C167,C167_F080,1,0
C167,C167_F081,0,1
C167,C167_F082,0,0
C167,C167_F083,1,0
C167,C167_F084,2,0
C167,C167_F085,0,1
C167,C167_F086,0,0
C167,C167_F087,1,0
C167,C167_F088,2,0
C167,C167_F089,0,2
C167,C167_F090,0,2
C167,C167_F092,0,0
C167,C167_F093,0,0
C167,C167_F094,2,1
C167,C167_F095,1,1
C167,C167_F096,1,0
C167,C167_F097,1,0
C167,C167_F098,0,1
C167,C167_F099,0,1
C167,C167_F100,1,0
C167,C167_F101,0,0
C167,C167_F102,1,1
C167,C167_F103,1,1
C167,C167_F104,1,0
C167,C167_F105,2,1
C167,C167_F106,1,0
C167,C167_F107,0,1
C167,C167_F108,0,0
C167,C167_F109,2,1
C167,C167_F110,0,0
C167,C167_F111,1,2
C167,C167_F112,0,0
C167,C167_F113,1,0
C167,C167_F114,0,0
C167,C167_F115,0,1
C167,C167_F116,0,0
C167,C167_F117,1,0
C167,C167_F118,1,0
C167,C167_F119,0,0
C167,C167_F120,2,0
C167,C167_F121,2,1
C167,C167_F122,1,0
C167,C167_F123,1,2
C167,C167_F124,1,1
C167,C167_F125,0,2
C167,C167_F126,1,0
C167,C167_F127,0,0
C167,C167_F128,2,1
C167,C167_F129,0,0
C167,C167_F130,0,1
C167,C167_F132,0,0
C167,C167_F133,2,0
C167,C167_F134,1,0
C167,C167_F135,0,0
C167,C167_F136,0,1
C167,C167_F137,2,2
C167,C167_F139,1,2
C167,C167_F140,1,2
C167,C167_F141,0,0
C167,C167_F142,0,0
C167,C167_F143,1,0
C167,C167_F144,0,0
C167,C167_F145,0,0
C167,C167_F146,1,1
C167,C167_F147,0,0
C167,C167_F148,0,1
C167,C167_F149,0,1
C167,C167_F150,1,0
C167,C167_F151,0,1
C167,C167_F152,0,0
C167,C167_F153,1,0
C167,C167_F154,0,2
C167,C167_F156,0,1
C167,C167_F157,0,1
C167,C167_F158,1,0
C167,C167_F159,0,1
C167,C167_F160,0,0
C167,C167_F161,1,0
C167,C167_F162,2,0
C167,C167_F163,1,0
C167,C167_F164,1,0
C167,C167_F165,0,1
C167,C167_F166,1,3
C167,C167_F167,1,1
C167,C167_F168,0,0
C167,C167_F169,0,1
C167,C167_F170,1,3
C167,C167_F171,1,0
C167,C167_F172,1,2
C167,C167_F173,2,0
C167,C167_F174,1,0
C167,C167_F175,1,0
C167,C167_F176,1,0
C167,C167_F178,1,0
C167,C167_F179,1,0
C167,C167_F180,1,2
C167,C167_F181,0,0
C167,C167_F182,1,0
C167,C167_F183,0,1
C167,C167_F184,1,0
C167,C167_F185,0,0
C167,C167_F186,1,1
C167,C167_F188,0,1
C167,C167_F189,0,1
C167,C167_F190,0,1
C167,C167_F191,1,1
C167,C167_F192,1,1
C167,C167_F193,1,0
C167,C167_F194,1,1
C167,C167_F195,0,1
C167,C167_F196,1,1
C167,C167_F197,0,1
C167,C167_F198,0,0
C167,C167_F199,0,0
C167,C167_F200,1,1
C167,C167_F201,1,0
C167,C167_F202,1,0
C167,C167_F203,3,0
C167,C167_F204,1,0
C167,C167_F205,0,1
C167,C167_F207,1,1
C167,C167_F208,1,0
C167,C167_F209,0,1
C167,C167_F211,2,0
C167,C167_F212,3,0
C167,C167_F213,0,0
C167,C167_F214,1,1
C167,C167_F215,0,0
C167,C167_F216,0,1
C167,C167_F218,0,0
C167,C167_F219,0,2
C167,C167_F220,1,1
C167,C167_F221,0,0
C167,C167_F222,0,0
C167,C167_F223,0,0
C167,C167_F224,2,1
C167,C167_F225,1,1
C167,C167_F226,0,0
C167,C167_F227,1,0
C167,C167_F228,0,1
C167,C167_F229,0,0
C167,C167_F230,0,0
C167,C167_F231,0,0
C167,C167_F232,0,0
C167,C167_F233,1,0
C167,C167_F234,0,1
C167,C167_F235,0,0
C167,C167_F236,1,0
C167,C167_F237,1,0
C167,C167_F238,0,0
C167,C167_F239,0,1
C167,C167_F240,0,1
C167,C167_F241,1,0
C167,C167_F242,1,0
C167,C167_F243,1,0
C167,C167_F244,0,0
C167,C167_F245,0,0
C167,C167_F246,0,2
C167,C167_F248,0,0
C167,C167_F249,0,1
C167,C167_F250,1,0
C167,C167_F251,1,2
C167,C167_F252,0,2
C167,C167_F253,3,0
C167,C167_F254,2,0
C167,C167_F255,0,1
C167,C167_F256,0,0
C167,C167_F257,0,0
C167,C167_F258,0,1
C167,C167_F259,0,1
C167,C167_F260,1,0
C167,C167_F261,0,1
C167,C167_F262,0,0
C167,C167_F263,3,1
C167,C167_F264,1,0
C167,C167_F265,2,0
C167,C167_F266,0,0
C167,C167_F267,0,0
C167,C167_F268,1,1
C167,C167_F269,0,0
C167,C167_F270,0,1
C167,C167_F271,0,1
C167,C167_F272,0,1
C167,C167_F273,1,1
C167,C167_F274,1,0
C167,C167_F276,1,0
C167,C167_F277,0,1
C167,C167_F278,1,1
C167,C167_F279,1,0
C167,C167_F280,0,2
C167,C167_F281,2,0
C167,C167_F282,0,0
C167,C167_F283,1,0
C167,C167_F285,1,1
C167,C167_F286,1,0
C167,C167_F287,0,0
C167,C167_F288,0,0
C167,C167_F289,2,0
C167,C167_F290,0,0
C167,C167_F291,0,1
C167,C167_F292,0,1
C167,C167_F293,0,1
C167,C167_F295,1,0
C167,C167_F296,1,1
C167,C167_F297,2,2
C167,C167_F298,0,0
C167,C167_F299,0,1
C167,C167_F300,1,0
C167,C167_F301,0,0
C167,C167_F302,2,0
C167,C167_F303,0,2
C167,C167_F304,0,0
C167,C167_F305,1,0
C168,C168_F001,1,0
C168,C168_F002,2,0
C168,C168_F003,1,0
C168,C168_F004,0,1
C168,C168_F005,0,1
C168,C168_F006,1,0
C168,C168_F007,1,0
C168,C168_F008,1,1
C168,C168_F009,0,0
C168,C168_F010,0,1
C168,C168_F011,2,0
C168,C168_F012,1,0
C168,C168_F013,1,2
C168,C168_F014,0,1
C168,C168_F015,1,1
C168,C168_F016,2,0
C168,C168_F017,0,0
C168,C168_F018,2,0
C168,C168_F019,1,0
C168,C168_F020,2,1
C168,C168_F021,0,0
C168,C168_F022,1,0
C168,C168_F023,2,1
C168,C168_F024,1,1
C168,C168_F025,0,2
C168,C168_F026,1,0
C168,C168_F027,2,0
C168,C168_F028,1,0
C168,C168_F029,0,0
C168,C168_F030,0,0
C168,C168_F031,1,0
C168,C168_F032,1,1
C168,C168_F033,0,2
C168,C168_F034,0,0
C168,C168_F035,1,0
C168,C168_F036,1,0
C168,C168_F037,0,0
C168,C168_F038,0,2
C168,C168_F039,0,1
C168,C168_F040,0,0
C168,C168_F041,0,0
C168,C168_F042,0,1
C168,C168_F043,1,0
C168,C168_F044,2,0
C168,C168_F045,1,0
C168,C168_F046,0,0
C168,C168_F047,0,0
C168,C168_F048,0,3
C168,C168_F049,0,2
C168,C168_F051,0,0
C168,C168_F052,0,0
C168,C168_F053,0,0
C168,C168_F054,1,1
C168,C168_F055,1,1
C168,C168_F056,0,0
C168,C168_F057,0,0
C168,C168_F058,1,0
C168,C168_F060,0,2
C168,C168_F061,0,1
C168,C168_F062,0,1
C168,C168_F063,0,1
C168,C168_F064,0,0
C168,C168_F065,1,0
C168,C168_F066,2,0
C168,C168_F067,0,0
C168,C168_F068,1,1
C168,C168_F069,1,0
C168,C168_F070,0,0
C168,C168_F071,1,0
C168,C168_F072,0,1
C168,C168_F073,2,0
C168,C168_F074,0,2
C168,C168_F075,1,2
C168,C168_F076,1,1
C168,C168_F077,0,3
C168,C168_F078,0,3
C168,C168_F079,0,0
C168,C168_F080,0,1
C168,C168_F081,1,1
C168,C168_F082,1,0
C168,C168_F083,3,0
C168,C168_F084,4,0
C168,C168_F085,0,1
C168,C168_F086,1,0
C168,C168_F087,0,0
C168,C168_F088,1,0
C168,C168_F090,0,0
C168,C168_F093,2,0
C168,C168_F094,0,1
C168,C168_F095,1,0
C168,C168_F096,1,0
C168,C168_F098,0,0
C168,C168_F099,2,0
C168,C168_F100,0,0
C168,C168_F101,0,0
C168,C168_F102,1,0
C168,C168_F103,2,0
C168,C168_F104,1,1
C168,C168_F106,1,3
C168,C168_F107,1,0
C168,C168_F108,0,0
C168,C168_F109,1,0
C168,C168_F110,0,1
C168,C168_F111,0,0
C168,C168_F112,0,2
C168,C168_F113,0,0
C168,C168_F114,2,1
C168,C168_F115,0,0
C168,C168_F116,1,0
C168,C168_F117,0,1
C168,C168_F118,0,1
C168,C168_F119,1,0
C168,C168_F120,1,1
C168,C168_F121,1,0
C168,C168_F122,2,0
C168,C168_F123,2,2
C168,C168_F124,0,0
C168,C168_F125,0,0
C168,C168_F126,0,0
C168,C168_F128,0,0
C168,C168_F129,0,1
C168,C168_F130,0,2
C168,C168_F132,1,0
C168,C168_F133,3,0
C168,C168_F134,0,0
C168,C168_F135,0,1
C168,C168_F136,0,0
C168,C168_F137,1,0
C168,C168_F138,0,2
C168,C168_F139,0,3
C168,C168_F140,0,1
C168,C168_F141,0,0
C168,C168_F142,1,0
C168,C168_F143,1,1
C168,C168_F144,0,0
C168,C168_F145,1,1
C168,C168_F146,1,2
C168,C168_F147,2,0
C168,C168_F148,1,0
C168,C168_F149,1,0
C168,C168_F150,2,1
C168,C168_F151,0,0
C168,C168_F152,0,1
C168,C168_F153,1,0
C168,C168_F154,0,1
C168,C168_F155,1,2
C168,C168_F156,1,1
C168,C168_F157,0,1
C168,C168_F158,0,0
C168,C168_F160,2,1
C168,C168_F161,0,0
C168,C168_F162,0,0
C168,C168_F163,0,0
C168,C168_F164,1,1
C168,C168_F165,2,0
C168,C168_F166,0,2
C168,C168_F167,1,0
C168,C168_F169,1,0
C168,C168_F170,0,1
C168,C168_F171,0,0
C168,C168_F172,0,0
C168,C168_F173,1,0
C168,C168_F174,0,0
C168,C168_F175,1,1
C168,C168_F177,0,1
C168,C168_F178,1,1
C168,C168_F179,0,0
C168,C168_F180,1,0
C168,C168_F181,0,1
C168,C168_F182,0,2
C168,C168_F183,0,0
C168,C168_F184,1,0
C168,C168_F185,0,2
C168,C168_F186,0,1
C168,C168_F187,0,1
C168,C168_F188,1,1
C168,C168_F189,2,0
C168,C168_F192,1,0
C168,C168_F194,0,4
C168,C168_F195,0,0
C168,C168_F196,2,0
C168,C168_F197,1,1
C168,C168_F198,0,1
C168,C168_F199,0,1
C168,C168_F200,1,2
C168,C168_F201,0,0
C168,C168_F202,2,1
C168,C168_F203,0,1
C168,C168_F204,1,1
C168,C168_F205,1,0
C168,C168_F206,0,1
C168,C168_F207,0,2
C168,C168_F208,2,1
C168,C168_F209,0,1
C168,C168_F210,1,0
C168,C168_F211,2,0
C168,C168_F212,1,0
C168,C168_F213,1,1
C168,C168_F214,0,1
C168,C168_F215,0,0
C168,C168_F216,0,0
C168,C168_F217,0,0
C168,C168_F219,0,1
C168,C168_F220,0,1
C168,C168_F222,0,2
C168,C168_F224,0,1
C168,C168_F225,0,0
C168,C168_F226,1,2
C168,C168_F227,2,0
C168,C168_F228,1,1
C168,C168_F229,0,0
C168,C168_F230,0,1
C168,C168_F231,0,0
C168,C168_F232,2,0
C168,C168_F233,0,1
C168,C168_F234,0,0
C168,C168_F235,0,1
C168,C168_F236,0,1
C168,C168_F237,3,1
C168,C168_F238,1,1
C168,C168_F239,1,0
C168,C168_F240,0,1
C168,C168_F241,0,0
C168,C168_F242,1,0
C168,C168_F243,1,0
C168,C168_F244,1,0
C168,C168_F245,1,0
C168,C168_F246,0,1
C168,C168_F247,3,1
C168,C168_F248,1,1
C168,C168_F249,0,0
C168,C168_F250,1,0
C168,C168_F251,0,1
C168,C168_F252,1,2
C168,C168_F253,1,0
C168,C168_F254,0,0
C168,C168_F255,1,0
C168,C168_F256,1,0
C168,C168_F257,0,2
C168,C168_F258,0,3
C168,C168_F259,1,1
C168,C168_F260,0,0
C168,C168_F261,3,0
C168,C168_F262,0,0
C168,C168_F263,4,0
C168,C168_F264,1,0
C168,C168_F265,0,2
C168,C168_F267,0,2
C168,C168_F268,1,3
C168,C168_F269,0,1
C168,C168_F270,0,0
C168,C168_F271,2,0
C168,C168_F272,2,1
C168,C168_F273,0,2
C168,C168_F274,0,0
C168,C168_F275,1,1
C168,C168_F276,0,1
C168,C168_F277,0,0
C168,C168_F278,0,0
C168,C168_F279,1,2
C168,C168_F280,0,1
C168,C168_F281,0,2
C168,C168_F283,0,1
C168,C168_F284,1,0
C168,C168_F286,0,0
C168,C168_F287,2,0
C168,C168_F288,1,0
C168,C168_F289,1,0
C168,C168_F291,1,0
C168,C168_F292,2,0
C168,C168_F293,2,1
C168,C168_F294,0,0
C168,C168_F295,0,0
C168,C168_F296,1,0
C168,C168_F297,1,0
C168,C168_F298,0,0
C168,C168_F299,1,0
C168,C168_F300,1,2
C168,C168_F301,0,0
C168,C168_F302,0,0
C168,C168_F303,0,0
C168,C168_F304,2,1
C168,C168_F305,3,1
C168,C168_F306,1,1
C168,C168_F307,0,0
C168,C168_F309,0,0
C168,C168_F311,1,0
C168,C168_F312,0,1
C168,C168_F314,2,0
C168,C168_F315,1,4
C168,C168_F316,0,2
C168,C168_F317,0,0
C168,C168_F318,0,2
C168,C168_F319,2,0
C168,C168_F320,0,0
C168,C168_F321,0,0
C168,C168_F322,2,1
C168,C168_F323,1,0
C168,C168_F324,0,0
C168,C168_F325,0,0
C168,C168_F326,2,0
C168,C168_F327,1,0
C168,C168_F328,0,0
C168,C168_F329,1,0
C168,C168_F330,1,1
C168,C168_F331,1,0
C168,C168_F332,3,1
C168,C168_F333,0,1
C168,C168_F334,1,0
C168,C168_F335,2,0
C168,C168_F336,0,0
C168,C168_F337,2,0
C168,C168_F338,0,2
C168,C168_F339,1,0
C168,C168_F340,1,1
C168,C168_F341,1,0
C168,C168_F342,1,0
C168,C168_F343,0,1
C168,C168_F344,1,1
C168,C168_F345,0,1
C168,C168_F346,0,0
C168,C168_F347,2,0
C168,C168_F348,2,0
C168,C168_F349,1,0
C168,C168_F350,0,0
C168,C168_F351,0,2
C168,C168_F352,0,1
C168,C168_F353,0,1
C168,C168_F354,0,0
C168,C168_F355,1,0
C168,C168_F356,2,1
C168,C168_F357,0,0
C168,C168_F358,0,0
C168,C168_F359,0,2
C168,C168_F360,0,1
C168,C168_F361,1,1
C168,C168_F362,2,0
C168,C168_F363,1,1
C168,C168_F364,0,1
C168,C168_F365,1,0
C168,C168_F366,1,0
C168,C168_F367,2,0
C168,C168_F368,0,1
C168,C168_F369,0,1
C168,C168_F370,0,0
C168,C168_F371,0,0
C168,C168_F372,1,1
C168,C168_F373,1,1
C168,C168_F374,0,0
C168,C168_F375,0,0
C168,C168_F376,1,2
C168,C168_F378,0,0
C168,C168_F379,0,1
C168,C168_F380,1,1
C168,C168_F381,0,0
C168,C168_F382,0,0
C168,C168_F383,0,1
C168,C168_F384,0,0
C168,C168_F386,1,1
C168,C168_F387,1,1
C168,C168_F388,1,0
C168,C168_F389,1,0
C168,C168_F390,1,1
C168,C168_F391,1,0
C168,C168_F392,0,1
C168,C168_F393,0,1
C168,C168_F394,2,0
C168,C168_F395,1,0
C168,C168_F396,1,1
C168,C168_F397,2,0
C168,C168_F398,1,1
C168,C168_F400,0,0
C168,C168_F401,0,0
C168,C168_F402,1,0
C168,C168_F403,1,0
C168,C168_F404,2,0
C168,C168_F405,1,1
C168,C168_F406,0,2
C168,C168_F407,0,1
C168,C168_F408,0,0
C168,C168_F409,0,0
C168,C168_F410,1,1
C168,C168_F411,1,1
C168,C168_F412,0,0
C168,C168_F413,0,1
C168,C168_F414,0,1
C168,C168_F415,0,2
C168,C168_F416,0,2
C168,C168_F417,0,0
C168,C168_F419,0,1
C168,C168_F420,0,1
C168,C168_F421,0,1
C168,C168_F423,2,0
C168,C168_F424,1,1
C168,C168_F425,0,3
C168,C168_F426,0,0
C168,C168_F427,0,0
C168,C168_F428,0,0
C168,C168_F429,1,0
C168,C168_F430,1,2
C168,C168_F431,0,0
C168,C168_F432,3,1
C168,C168_F433,0,1
C168,C168_F434,1,1
C168,C168_F435,0,1
C168,C168_F437,1,1
C168,C168_F438,2,1
C168,C168_F439,1,1
C168,C168_F440,0,0
C168,C168_F441,2,0
C168,C168_F442,1,1
C168,C168_F443,1,1
C168,C168_F445,0,0
C168,C168_F446,0,0
C168,C168_F447,1,2
C168,C168_F449,0,0
C168,C168_F450,1,1
C168,C168_F452,0,2
C168,C168_F453,1,0
C168,C168_F454,1,2
C168,C168_F455,0,0
C168,C168_F456,0,0
C168,C168_F457,0,1
C168,C168_F458,3,0
C168,C168_F459,2,1
C168,C168_F460,2,0
C168,C168_F462,0,0
C168,C168_F463,0,0
C168,C168_F464,1,0
C168,C168_F465,0,0
C168,C168_F466,1,0
C168,C168_F467,3,1
C168,C168_F468,2,2
C168,C168_F469,2,3
C168,C168_F470,1,0
C168,C168_F471,1,0
C168,C168_F474,1,0
C168,C168_F475,0,0
C168,C168_F476,0,0
C168,C168_F477,0,0
C168,C168_F478,0,0
C168,C168_F479,0,1
C168,C168_F480,0,1
C168,C168_F481,0,0
C168,C168_F482,0,1
C168,C168_F483,1,0
C168,C168_F484,1,2
C168,C168_F485,0,1
C168,C168_F487,1,1
C168,C168_F488,0,1
C168,C168_F489,0,0
C168,C168_F490,1,0
C168,C168_F491,0,2
C168,C168_F492,1,0
C168,C168_F493,0,0
C168,C168_F494,0,1
C168,C168_F496,0,2
C168,C168_F497,2,0
C168,C168_F498,1,2
C168,C168_F499,2,0
C168,C168_F500,1,0
C168,C168_F501,1,0
C168,C168_F502,0,1
C168,C168_F503,0,1
C168,C168_F504,0,0
C168,C168_F505,1,0
C168,C168_F506,1,0
C168,C168_F507,1,1
C168,C168_F508,1,1
C168,C168_F509,1,0
C168,C168_F510,1,0
C168,C168_F511,1,1
C168,C168_F512,0,0
C168,C168_F514,1,0
C168,C168_F517,1,0
C168,C168_F518,1,0
C168,C168_F519,0,1
C168,C168_F521,1,1
C168,C168_F522,2,1
C168,C168_F523,2,0
C168,C168_F524,2,0
C168,C168_F525,1,0
C168,C168_F526,0,0
C168,C168_F527,1,0
C168,C168_F528,0,0
C168,C168_F529,2,0
C168,C168_F530,0,0
C168,C168_F531,1,1
C168,C168_F532,0,0
C168,C168_F533,0,0
C168,C168_F534,4,1
C168,C168_F535,1,0
C168,C168_F536,0,0
C168,C168_F537,0,1
C168,C168_F538,0,1
C168,C168_F539,0,0
C168,C168_F540,1,1
C168,C168_F542,0,1
C168,C168_F543,1,0
C168,C168_F544,0,0
C168,C168_F545,0,3
C168,C168_F547,0,1
C168,C168_F549,1,0
C168,C168_F550,0,0
C168,C168_F551,1,0
C168,C168_F552,0,0
C169,C169_F001,0,1
C169,C169_F002,0,2
C169,C169_F003,0,0
C169,C169_F004,1,1
C169,C169_F005,2,1
C169,C169_F006,0,0
C169,C169_F007,1,1
C169,C169_F008,1,1
C169,C169_F009,0,0
C169,C169_F010,1,0
C169,C169_F011,4,1
C169,C169_F012,1,1
C169,C169_F014,0,0
C169,C169_F015,1,1
C169,C169_F016,0,1
C169,C169_F017,0,0
C169,C169_F018,1,0
C169,C169_F019,0,0
C169,C169_F020,0,0
C169,C169_F021,0,1
C169,C169_F022,1,1
C169,C169_F023,1,1
C169,C169_F024,2,1
C169,C169_F025,2,0
C169,C169_F026,0,0
C169,C169_F027,1,0
C169,C169_F028,1,0
C169,C169_F029,0,0
C169,C169_F030,1,0
C169,C169_F031,1,3
C169,C169_F032,1,0
C169,C169_F033,0,0
C169,C169_F034,3,0
C169,C169_F035,0,0
C169,C169_F036,1,0
C169,C169_F037,0,0
C169,C169_F038,1,0
C169,C169_F039,0,1
C169,C169_F040,1,1
C169,C169_F041,0,1
C169,C169_F042,1,1
C169,C169_F043,3,1
C169,C169_F044,0,0
C169,C169_F045,0,1
C169,C169_F046,0,0
C169,C169_F047,1,1
C169,C169_F049,2,1
C169,C169_F050,0,1
C169,C169_F051,0,0
C169,C169_F052,2,1
C169,C169_F053,0,1
C169,C169_F054,1,0
C169,C169_F055,0,1
C169,C169_F056,2,1
C169,C169_F057,0,1
C169,C169_F058,1,0
C169,C169_F059,0,1
C169,C169_F060,0,0
C169,C169_F061,1,0
C169,C169_F062,0,1
C169,C169_F063,2,0
C169,C169_F064,2,0
C169,C169_F066,0,0
C169,C169_F067,0,0
C169,C169_F069,2,0
C169,C169_F070,1,2
C169,C169_F071,0,1
C169,C169_F072,1,1
C169,C169_F073,2,0
C169,C169_F074,0,1
C169,C169_F075,2,0
C169,C169_F076,0,1
C169,C169_F077,0,0
C169,C169_F078,1,0
C169,C169_F079,1,0
C169,C169_F080,0,2
C169,C169_F081,0,0
C169,C169_F082,1,0
C169,C169_F083,0,1
C169,C169_F084,0,1
C169,C169_F085,0,1
C169,C169_F086,1,0
C169,C169_F087,0,0
C169,C169_F088,1,0
C169,C169_F090,0,0
C169,C169_F091,0,0
C169,C169_F092,0,2
C169,C169_F093,1,1
C169,C169_F094,1,0
C169,C169_F095,0,0
C169,C169_F096,0,0
C169,C169_F097,0,0
C169,C169_F098,1,3
C169,C169_F099,3,0
C169,C169_F100,0,1
C169,C169_F101,1,1
C169,C169_F102,1,1
C169,C169_F103,3,1
C169,C169_F104,0,0
C169,C169_F105,0,0
C169,C169_F106,1,0
C169,C169_F107,0,1
C169,C169_F108,1,1
C169,C169_F109,1,0
C169,C169_F110,0,0
C169,C169_F111,0,2
C169,C169_F112,1,0
C169,C169_F113,1,0
C169,C169_F114,1,0
C169,C169_F115,4,0
C169,C169_F116,1,0
C169,C169_F117,0,0
C169,C169_F118,0,1
C169,C169_F119,4,0
C169,C169_F120,0,0
C169,C169_F121,0,0
C169,C169_F122,0,0
C169,C169_F123,1,0
C169,C169_F124,2,0
C169,C169_F125,0,0
C169,C169_F126,0,2
C169,C169_F127,1,1
C169,C169_F128,1,0
C169,C169_F129,1,0
C169,C169_F130,0,1
C169,C169_F131,0,0
C169,C169_F132,1,1
C169,C169_F133,1,1
C169,C169_F134,0,0
C169,C169_F135,1,2
C169,C169_F136,2,0
C169,C169_F137,1,0
C169,C169_F138,0,1
C169,C169_F139,0,1
C169,C169_F140,0,2
C169,C169_F141,1,1
C169,C169_F142,1,0
C169,C169_F143,0,1
C169,C169_F144,1,1
C169,C169_F145,3,0
C169,C169_F146,1,0
C169,C169_F147,0,0
C169,C169_F148,0,2
C169,C169_F150,1,0
C169,C169_F151,3,0
C169,C169_F152,0,1
C169,C169_F154,1,1
C169,C169_F155,0,1
C169,C169_F156,1,1
C169,C169_F157,1,1
C169,C169_F158,1,1
C169,C169_F159,0,1
C169,C169_F160,1,0
C169,C169_F161,1,0
C169,C169_F162,0,1
C169,C169_F163,1,0
C169,C169_F164,1,1
C169,C169_F165,1,0
C169,C169_F166,1,1
C169,C169_F167,1,0
C169,C169_F168,0,0
C169,C169_F169,2,0
C169,C169_F170,1,0
C169,C169_F171,0,1
C169,C169_F172,1,0
C169,C169_F173,0,0
C169,C169_F174,0,3
C169,C169_F175,0,1
C169,C169_F176,1,0
C169,C169_F177,0,1
C169,C169_F178,0,0
C169,C169_F179,0,0
C169,C169_F180,2,0
C169,C169_F181,0,0
C169,C169_F183,0,0
C169,C169_F184,1,1
C169,C169_F185,0,0
C169,C169_F186,1,0
C169,C169_F187,0,0
C169,C169_F188,1,1
C169,C169_F189,0,1
C169,C169_F190,1,0
C169,C169_F191,2,0
C169,C169_F193,0,3
C169,C169_F194,1,1
C169,C169_F195,1,1
C169,C169_F196,1,1
C169,C169_F198,0,0
C169,C169_F199,1,0
C169,C169_F200,1,1
C169,C169_F201,1,0
C169,C169_F202,0,1
C169,C169_F203,0,1
C169,C169_F204,1,0
C169,C169_F205,1,0
C169,C169_F206,0,2
C169,C169_F207,0,1
C169,C169_F208,1,0
C169,C169_F209,1,1
C169,C169_F211,0,1
C169,C169_F212,0,0
C169,C169_F213,1,0
C169,C169_F214,1,1
C169,C169_F215,2,0
C169,C169_F216,0,1
C169,C169_F217,0,0
C169,C169_F218,1,2
C169,C169_F219,1,2
C169,C169_F220,1,0
C169,C169_F221,0,0
C169,C169_F222,1,0
C169,C169_F223,1,0
C169,C169_F224,1,0
C169,C169_F225,2,0
C169,C169_F226,2,1
C169,C169_F227,1,0
C169,C169_F228,0,0
C169,C169_F229,1,1
C169,C169_F230,2,0
C169,C169_F231,1,0
C169,C169_F232,1,2
C169,C169_F233,1,0
C169,C169_F234,0,2
C169,C169_F235,0,3
C169,C169_F236,1,1
C169,C169_F237,0,2
C169,C169_F238,3,1
C169,C169_F239,0,1
C169,C169_F240,2,0
C169,C169_F241,2,0
C169,C169_F242,1,0
C169,C169_F243,0,0
C169,C169_F244,0,1
C169,C169_F245,0,2
C169,C169_F246,1,0
C169,C169_F247,1,1
C169,C169_F248,1,0
C169,C169_F249,1,1
C169,C169_F250,0,2
C169,C169_F251,0,2
C169,C169_F253,0,0
C169,C169_F254,0,0
C169,C169_F255,0,0
C169,C169_F256,2,0
C169,C169_F258,0,0
C169,C169_F259,0,1
C169,C169_F260,0,0
C169,C169_F261,0,1
C169,C169_F262,3,1
C169,C169_F263,0,0
C169,C169_F264,0,1
C169,C169_F265,0,0
C169,C169_F266,1,0
C169,C169_F267,1,0
C169,C169_F268,0,0
C169,C169_F269,2,2
C169,C169_F270,1,0
C169,C169_F271,2,1
C169,C169_F272,1,1
C169,C169_F273,0,2
C169,C169_F274,0,0
C169,C169_F275,1,0
C169,C169_F276,0,0
C169,C169_F277,0,0
C169,C169_F278,2,0
C169,C169_F279,2,0
C169,C169_F280,1,0
C169,C169_F281,2,0
C169,C169_F282,0,0
C169,C169_F283,1,2
C169,C169_F284,3,0
C169,C169_F285,0,0
C169,C169_F287,0,1
C169,C169_F288,0,0
C169,C169_F289,0,0
C169,C169_F290,1,0
C169,C169_F291,2,0
C169,C169_F292,0,0
C169,C169_F293,2,1
C169,C169_F294,1,0
C169,C169_F295,0,1
C169,C169_F296,0,0
C169,C169_F297,0,0
C169,C169_F298,0,0
C169,C169_F299,0,1
C169,C169_F300,0,0
C169,C169_F301,2,1
C169,C169_F302,0,1
C169,C169_F303,1,0
C169,C169_F304,0,1
C169,C169_F305,2,0
C169,C169_F306,0,1
C172,C172_F001,0,0
C172,C172_F002,0,1
C172,C172_F003,0,1
C172,C172_F004,1,0
C172,C172_F005,0,0
C172,C172_F007,0,0
C172,C172_F008,1,1
C172,C172_F009,1,0
C172,C172_F010,0,0
C172,C172_F011,0,1
C172,C172_F013,0,0
C172,C172_F014,1,1
C172,C172_F015,3,1
C172,C172_F016,0,0
C172,C172_F017,1,0
C172,C172_F018,2,0
C172,C172_F019,1,0
C172,C172_F020,0,1
C172,C172_F021,1,2
C172,C172_F022,0,0
C172,C172_F023,0,2
C172,C172_F024,2,2
C172,C172_F025,2,0
C172,C172_F026,0,0
C172,C172_F027,0,1
C172,C172_F028,0,1
C172,C172_F029,0,0
C172,C172_F030,1,0
C172,C172_F031,1,0
C172,C172_F032,4,0
C172,C172_F033,1,0
C172,C172_F034,2,0
C172,C172_F035,2,2
C172,C172_F038,0,0
C172,C172_F039,0,0
C172,C172_F040,1,1
C172,C172_F041,0,1
C172,C172_F042,0,0
C172,C172_F043,0,0
C172,C172_F044,1,1
C172,C172_F045,1,0
C172,C172_F046,0,0
C172,C172_F048,0,0
C172,C172_F049,0,2
C172,C172_F050,3,2
C172,C172_F051,0,0
C172,C172_F052,1,0
C172,C172_F053,0,2
C172,C172_F054,0,1
C172,C172_F056,1,0
C172,C172_F057,0,1
C172,C172_F058,2,0
C172,C172_F059,0,0
C172,C172_F060,1,0
C172,C172_F061,0,0
C172,C172_F062,1,2
C172,C172_F063,0,0
C172,C172_F064,2,0
C172,C172_F065,0,0
C172,C172_F066,3,0
C172,C172_F067,0,0
C172,C172_F068,1,0
C172,C172_F069,2,0
C172,C172_F070,1,2
C172,C172_F071,0,0
C172,C172_F072,0,0
C172,C172_F073,1,0
C172,C172_F074,0,3
C172,C172_F075,2,0
C172,C172_F076,0,1
C172,C172_F078,2,0
C172,C172_F079,1,1
C172,C172_F080,0,0
C172,C172_F081,2,1
C172,C172_F082,0,2
C172,C172_F083,0,3
C172,C172_F084,1,0
C172,C172_F085,4,0
C172,C172_F086,1,0
C172,C172_F087,1,1
C172,C172_F088,1,0
C172,C172_F089,0,1
C172,C172_F090,1,1
C172,C172_F091,0,1
C172,C172_F093,0,0
C172,C172_F094,1,0
C172,C172_F096,0,1
C172,C172_F097,0,0
C172,C172_F098,1,1
C172,C172_F099,0,1
C172,C172_F100,0,0
C172,C172_F101,0,0
C172,C172_F103,1,0
C172,C172_F104,1,1
C172,C172_F105,1,0
C172,C172_F106,1,1
C172,C172_F107,1,0
C172,C172_F108,0,0
C172,C172_F109,1,0
C172,C172_F110,1,0
C172,C172_F111,2,1
C172,C172_F113,1,0
C172,C172_F114,2,1
C172,C172_F115,1,2
C172,C172_F117,0,1
C172,C172_F118,0,1
C172,C172_F119,0,2
C172,C172_F120,1,0
C172,C172_F121,0,0
C172,C172_F122,0,2
C172,C172_F123,2,0
C172,C172_F124,2,0
C172,C172_F125,0,0
C172,C172_F126,0,2
C172,C172_F127,2,1
C172,C172_F128,0,0
C172,C172_F129,0,0
C172,C172_F130,0,0
C172,C172_F131,1,0
C172,C172_F132,0,1
C172,C172_F133,2,0
C172,C172_F134,0,0
C172,C172_F135,2,0
C172,C172_F136,0,1
C172,C172_F137,0,0
C172,C172_F138,0,2
C172,C172_F139,2,0
C172,C172_F140,1,0
C172,C172_F141,1,0
C172,C172_F142,0,0
C172,C172_F143,0,1
C172,C172_F145,1,1
C172,C172_F147,0,1
C172,C172_F148,0,0
C172,C172_F149,2,1
C172,C172_F150,2,1
C172,C172_F151,0,1
C172,C172_F152,0,0
C172,C172_F153,1,2
C172,C172_F154,0,1
C172,C172_F155,0,1
C172,C172_F156,0,0
C172,C172_F157,1,0
C172,C172_F158,0,1
C172,C172_F159,1,0
C172,C172_F160,1,1
C172,C172_F161,0,0
C172,C172_F162,0,2
C172,C172_F163,0,0
C172,C172_F164,0,1
C172,C172_F165,0,1
C172,C172_F167,2,0
C172,C172_F168,0,0
C172,C172_F170,0,1
C172,C172_F171,0,0
C172,C172_F172,1,1
C172,C172_F173,0,2
C172,C172_F174,0,0
C172,C172_F176,0,2
C172,C172_F177,1,0
C172,C172_F178,0,0
C172,C172_F179,0,0
C172,C172_F180,0,0
C172,C172_F181,1,0
C172,C172_F182,0,0
C172,C172_F184,1,1
C172,C172_F185,2,0
C172,C172_F186,1,0
C172,C172_F187,0,3
C172,C172_F188,0,1
C172,C172_F189,1,0
C172,C172_F190,0,0
C172,C172_F191,0,0
C172,C172_F193,1,0
C172,C172_F194,1,0
C172,C172_F195,1,0
C172,C172_F196,1,0
C172,C172_F197,0,0
C172,C172_F198,1,0
C172,C172_F200,0,0
C172,C172_F201,0,1
C172,C172_F202,2,0
C172,C172_F203,0,2
C172,C172_F204,0,0
C172,C172_F205,0,0
C172,C172_F206,0,1
C172,C172_F207,0,0
C172,C172_F208,0,2
C172,C172_F209,1,0
C172,C172_F210,0,0
C172,C172_F211,0,0
C172,C172_F212,1,1
C172,C172_F213,0,2
C172,C172_F214,0,1
C172,C172_F215,0,0
C172,C172_F216,1,0
C172,C172_F217,1,1
C172,C172_F218,0,0
C172,C172_F219,0,3
C172,C172_F220,0,0
C172,C172_F222,1,0
C172,C172_F223,1,1
C172,C172_F224,1,0
C172,C172_F226,2,2
C172,C172_F227,2,0
C172,C172_F228,0,2
C172,C172_F229,0,0
C172,C172_F230,0,2
C172,C172_F231,0,1
C172,C172_F232,0,0
C172,C172_F233,1,0
C172,C172_F234,0,0
C172,C172_F235,0,2
C172,C172_F236,0,1
C172,C172_F237,1,1
C172,C172_F238,1,0
C172,C172_F240,2,0
C172,C172_F241,1,0
C172,C172_F242,0,0
C172,C172_F243,1,0
C172,C172_F244,1,1
C172,C172_F245,0,1
C172,C172_F246,1,1
C172,C172_F247,1,0
C172,C172_F248,2,1
C172,C172_F249,0,1
C172,C172_F250,0,0
C172,C172_F251,0,3
C172,C172_F252,1,0
C172,C172_F253,1,0
C172,C172_F254,0,1
C172,C172_F255,1,0
C172,C172_F256,1,0
C172,C172_F258,1,0
C172,C172_F259,1,0
C172,C172_F260,1,1
C172,C172_F261,1,0
C172,C172_F263,1,0
C172,C172_F264,2,0
C172,C172_F265,1,2
C172,C172_F266,1,0
C172,C172_F267,0,0
C172,C172_F269,0,1
C172,C172_F270,0,0
C172,C172_F271,2,1
C172,C172_F272,1,1
C172,C172_F273,2,0
C172,C172_F274,0,0
C172,C172_F276,1,1
C172,C172_F277,0,2
C172,C172_F279,0,0
C172,C172_F280,1,0
C172,C172_F281,0,0
C172,C172_F282,0,0
C172,C172_F283,0,0
C172,C172_F284,0,0
C172,C172_F285,2,0
C172,C172_F286,0,3
C172,C172_F287,0,1
C172,C172_F288,0,1
C172,C172_F289,2,1
C172,C172_F290,0,3
C172,C172_F291,1,0
C172,C172_F292,2,1
C172,C172_F293,1,0
C172,C172_F294,0,0
C172,C172_F295,0,0
C172,C172_F296,1,1
C172,C172_F297,2,0
C172,C172_F298,2,0
C172,C172_F299,1,0
C172,C172_F300,1,0
C172,C172_F301,0,0
C172,C172_F302,0,0
C172,C172_F303,0,0
C172,C172_F304,2,0
C172,C172_F305,0,1
C172,C172_F306,1,0
C172,C172_F307,1,0
C172,C172_F308,1,1
C172,C172_F309,0,2
C172,C172_F310,1,2
C172,C172_F311,0,1
C172,C172_F312,0,1
C172,C172_F313,0,2
C172,C172_F314,0,3
C172,C172_F315,1,1
C172,C172_F316,3,1
C172,C172_F317,2,0
C172,C172_F318,0,0
C172,C172_F319,1,0
C172,C172_F320,3,0
C172,C172_F321,0,0
C172,C172_F322,1,0
C172,C172_F324,0,0
C172,C172_F325,2,0
C172,C172_F327,0,0
C172,C172_F329,0,1
C172,C172_F330,0,1
C172,C172_F331,1,0
C172,C172_F332,1,0
C172,C172_F333,0,0
C172,C172_F334,0,1
C172,C172_F335,1,1
C172,C172_F336,2,0
C172,C172_F337,1,1
C172,C172_F338,2,0
C172,C172_F339,2,1
C172,C172_F340,1,0
C172,C172_F341,1,2
C172,C172_F342,0,0
C172,C172_F343,0,0
C172,C172_F344,1,0
C172,C172_F345,0,2
C172,C172_F346,0,0
C172,C172_F347,2,0
C172,C172_F348,1,1
C172,C172_F349,0,1
C172,C172_F350,0,0
C172,C172_F351,1,1
C172,C172_F352,1,0
C172,C172_F353,1,0
C172,C172_F354,2,0
C172,C172_F355,0,1
C172,C172_F356,1,1
C172,C172_F357,0,0
C172,C172_F358,0,0
C172,C172_F359,0,0
C172,C172_F360,0,1
C172,C172_F361,0,1
C172,C172_F362,1,1
C172,C172_F363,1,0
C172,C172_F365,0,0
C172,C172_F366,2,0
C172,C172_F367,0,2
C172,C172_F368,0,1
C172,C172_F369,0,0
C172,C172_F370,2,0
C172,C172_F371,1,0
C172,C172_F372,0,1
C172,C172_F373,0,1
C172,C172_F374,1,1
C172,C172_F375,0,1
C172,C172_F376,2,0
C172,C172_F377,0,1
C172,C172_F378,0,3
C172,C172_F379,0,0
C172,C172_F380,0,1
C173,C173_F001,0,0
C173,C173_F002,3,0
C173,C173_F003,0,1
C173,C173_F005,0,0
C173,C173_F006,3,1
C173,C173_F007,1,2
C173,C173_F008,0,0
C173,C173_F009,1,0
C173,C173_F010,1,0
C173,C173_F012,0,1
C173,C173_F013,1,0
C173,C173_F014,0,1
C173,C173_F015,0,1
C173,C173_F016,2,0
C173,C173_F017,0,0
C173,C173_F018,0,0
C173,C173_F019,2,0
C173,C173_F020,0,0
C173,C173_F021,1,1
C173,C173_F022,0,1
C173,C173_F023,1,0
C173,C173_F024,3,0
C173,C173_F025,1,0
C173,C173_F026,1,1
C173,C173_F027,0,1
C173,C173_F028,0,1
C173,C173_F029,0,1
C173,C173_F030,0,1
C173,C173_F032,0,0
C173,C173_F033,0,0
C173,C173_F034,1,3
C173,C173_F035,0,0
C173,C173_F036,1,1
C173,C173_F037,1,0
C173,C173_F038,0,0
C173,C173_F039,3,0
C173,C173_F040,3,0
C173,C173_F041,0,0
C173,C173_F042,0,0
C173,C173_F043,0,0
C173,C173_F044,1,0
C173,C173_F045,1,2
C173,C173_F046,1,0
C173,C173_F047,0,1
C173,C173_F048,0,0
C173,C173_F049,0,0
C173,C173_F050,2,0
C173,C173_F052,0,0
C173,C173_F053,0,1
C173,C173_F054,1,1
C173,C173_F055,0,0
C173,C173_F056,1,2
C173,C173_F057,0,0
C173,C173_F058,0,1
C173,C173_F059,0,2
C173,C173_F060,0,0
C173,C173_F061,2,0
C173,C173_F063,2,1
C173,C173_F064,0,1
C173,C173_F065,1,1
C173,C173_F066,2,1
C173,C173_F067,0,0
C173,C173_F068,1,0
C173,C173_F069,0,1
C173,C173_F070,0,0
C173,C173_F071,1,0
C173,C173_F072,1,1
C173,C173_F073,0,1
C173,C173_F074,1,0
C173,C173_F075,1,3
C173,C173_F076,1,0
C173,C173_F077,0,0
C173,C173_F078,1,0
C173,C173_F079,2,0
C173,C173_F080,1,0
C173,C173_F081,1,0
C173,C173_F082,0,1
C173,C173_F083,0,1
C173,C173_F085,0,0
C173,C173_F086,1,1
C173,C173_F087,0,0
C173,C173_F088,0,0
C173,C173_F089,0,0
C173,C173_F090,1,0
C173,C173_F091,2,1
C173,C173_F092,0,0
C173,C173_F093,1,1
C173,C173_F094,0,0
C173,C173_F095,1,0
C173,C173_F096,0,0
C173,C173_F097,1,0
C173,C173_F098,4,0
C173,C173_F099,1,1
C173,C173_F100,0,1
C173,C173_F101,1,1
C173,C173_F102,1,1
C173,C173_F103,0,0
C173,C173_F104,0,1
C173,C173_F105,0,0
C173,C173_F106,0,1
C173,C173_F107,0,0
C173,C173_F108,1,0
C173,C173_F109,3,1
C173,C173_F110,0,2
C173,C173_F111,0,0
C173,C173_F112,0,0
C173,C173_F113,2,2
C173,C173_F116,1,1
C173,C173_F117,1,0
C173,C173_F118,3,1
C173,C173_F120,0,0
C173,C173_F121,0,0
C173,C173_F122,2,1
C173,C173_F123,1,0
C173,C173_F124,0,1
C173,C173_F125,1,0
C173,C173_F126,2,0
C173,C173_F127,2,0
C173,C173_F128,0,0
C173,C173_F129,1,0
C173,C173_F130,1,0
C173,C173_F131,1,0
C173,C173_F132,0,0
C173,C173_F133,0,0
C173,C173_F134,0,1
C173,C173_F135,0,2
C173,C173_F136,1,0
C173,C173_F137,0,0
C173,C173_F138,1,0
C173,C173_F140,0,0
C173,C173_F141,0,0
C173,C173_F142,4,0
C173,C173_F143,0,0
C173,C173_F144,0,2
C173,C173_F145,0,0
C173,C173_F146,0,1
C173,C173_F147,0,0
C173,C173_F148,2,1
C173,C173_F149,1,1
C173,C173_F150,1,0
C173,C173_F151,1,0
C173,C173_F152,1,0
C173,C173_F153,2,0
C173,C173_F154,2,1
C173,C173_F156,0,1
C173,C173_F157,0,3
C173,C173_F158,0,1
C173,C173_F159,1,0
C173,C173_F160,3,0
C173,C173_F161,1,0
C173,C173_F162,0,0
C173,C173_F163,2,2
C173,C173_F164,1,0
C173,C173_F166,0,0
C173,C173_F168,1,0
C173,C173_F169,1,0
C173,C173_F170,2,0
C173,C173_F171,1,1
C173,C173_F172,0,1
C173,C173_F173,2,1
C173,C173_F174,1,2
C173,C173_F175,1,3
C173,C173_F176,0,1
C173,C173_F177,1,1
C173,C173_F178,0,0
C173,C173_F179,1,0
C173,C173_F180,1,0
C173,C173_F181,0,0
C173,C173_F182,1,1
C173,C173_F183,1,0
C173,C173_F184,1,1
C173,C173_F185,0,0
C173,C173_F186,0,0
C173,C173_F187,1,0
C173,C173_F188,0,0
C173,C173_F189,1,0
C173,C173_F190,1,0
C173,C173_F191,0,0
C173,C173_F192,0,0
C173,C173_F193,0,0
C173,C173_F194,0,0
C173,C173_F195,2,0
C173,C173_F196,1,1
C173,C173_F197,1,1
C173,C173_F198,1,0
C173,C173_F199,2,0
C173,C173_F200,0,0
C173,C173_F201,1,0
C173,C173_F202,1,2
C173,C173_F203,0,0
C173,C173_F205,1,0
C173,C173_F206,1,0
C173,C173_F207,0,0
C173,C173_F208,1,0
C173,C173_F209,2,0
C173,C173_F210,1,1
C173,C173_F211,0,1
C173,C173_F212,0,1
C173,C173_F213,1,1
C173,C173_F214,0,2
C173,C173_F215,1,0
C173,C173_F216,0,1
C173,C173_F217,0,0
C173,C173_F218,1,0
C173,C173_F220,0,0
C173,C173_F222,0,1
C173,C173_F223,1,0
C173,C173_F224,1,0
C173,C173_F226,0,1
C173,C173_F227,0,1
C173,C173_F229,0,0
C173,C173_F230,0,1
C173,C173_F231,0,0
C173,C173_F232,1,1
C173,C173_F233,0,0
C173,C173_F234,3,0
C173,C173_F236,2,0
C173,C173_F237,1,1
C173,C173_F238,0,0
C173,C173_F239,1,0
C173,C173_F240,0,0
C173,C173_F241,0,1
C173,C173_F242,0,1
C173,C173_F244,0,0
C173,C173_F245,0,0
C173,C173_F246,1,1
C173,C173_F247,2,2
C173,C173_F248,2,0
C173,C173_F249,0,1
C173,C173_F250,1,0
C173,C173_F251,0,0
C173,C173_F252,0,0
C173,C173_F253,0,0
C173,C173_F254,0,0
C173,C173_F255,0,1
C173,C173_F256,2,1
C173,C173_F257,0,0
C173,C173_F258,2,0
C173,C173_F259,0,0
C173,C173_F260,0,1
C173,C173_F261,0,0
C173,C173_F262,0,2
C173,C173_F263,2,1
C173,C173_F264,0,1
C173,C173_F265,2,0
C173,C173_F266,1,1
C173,C173_F267,1,0
C173,C173_F268,0,0
C173,C173_F269,1,1
C173,C173_F271,0,1
C173,C173_F272,1,0
C173,C173_F273,0,1
C173,C173_F274,0,0
C173,C173_F275,1,1
C173,C173_F276,1,2
C173,C173_F277,0,0
C173,C173_F278,1,1
C173,C173_F279,1,0
C173,C173_F280,1,1
C173,C173_F281,0,1
C173,C173_F282,0,0
C173,C173_F283,0,1
C173,C173_F284,0,0
C173,C173_F285,0,0
C173,C173_F286,0,0
C173,C173_F287,0,2
C173,C173_F288,0,1
C173,C173_F289,0,1
C173,C173_F290,0,0
C173,C173_F291,0,0
C173,C173_F292,1,1
C173,C173_F293,2,0
C173,C173_F294,1,0
C173,C173_F295,1,0
C173,C173_F296,0,1
C173,C173_F297,1,1
C173,C173_F298,0,0
C173,C173_F299,1,0
C173,C173_F300,0,0
C173,C173_F301,0,1
C173,C173_F302,0,0
C173,C173_F303,1,1
C173,C173_F304,0,0
C173,C173_F305,1,1
C173,C173_F307,0,1
C173,C173_F308,0,0
C173,C173_F310,0,2
C173,C173_F311,1,0
C173,C173_F312,0,0
C173,C173_F313,1,1
C173,C173_F314,3,0
C173,C173_F315,2,1
C173,C173_F317,1,1
C173,C173_F318,0,0
C173,C173_F319,2,1
C173,C173_F320,3,0
C173,C173_F321,0,0
C173,C173_F322,1,0
C173,C173_F323,0,1
C173,C173_F324,1,0
C173,C173_F325,0,0
C173,C173_F326,1,1
C173,C173_F327,1,0
C173,C173_F328,1,0
C173,C173_F330,1,0
C173,C173_F331,0,0
C173,C173_F332,2,2
C173,C173_F333,3,0
C173,C173_F334,0,4
C173,C173_F335,1,0
C173,C173_F336,0,0
C173,C173_F337,1,0
C173,C173_F338,0,0
C173,C173_F339,0,0
C173,C173_F340,1,0
C173,C173_F341,2,2
C173,C173_F342,0,0
C173,C173_F343,0,1
C173,C173_F344,1,0
C173,C173_F345,0,0
C173,C173_F346,2,1
C173,C173_F347,1,0
C173,C173_F348,3,0
C173,C173_F349,0,0
C173,C173_F350,1,0
C173,C173_F351,2,1
C173,C173_F352,0,1
C173,C173_F353,0,1
C173,C173_F354,1,0
C173,C173_F355,2,0
C173,C173_F356,2,2
C173,C173_F357,0,0
C173,C173_F358,1,0
C173,C173_F359,0,1
C173,C173_F360,0,0
C173,C173_F361,1,0
C173,C173_F362,2,0
C173,C173_F363,3,1
C173,C173_F364,1,0
C173,C173_F365,1,0
C173,C173_F366,2,0
C173,C173_F367,0,0
C173,C173_F368,1,0
C173,C173_F369,2,0
C173,C173_F370,2,0
C173,C173_F371,0,1
C173,C173_F372,1,0
C173,C173_F373,1,0
C173,C173_F374,1,0
C173,C173_F375,0,1
C173,C173_F376,0,1
C173,C173_F377,1,1
C173,C173_F378,0,0
C173,C173_F379,0,1
C174,C174_F003,1,0
C174,C174_F004,0,2
C174,C174_F006,1,0
C174,C174_F007,1,0
C174,C174_F008,2,0
C174,C174_F009,1,0
C174,C174_F010,0,1
C174,C174_F011,1,0
C174,C174_F012,0,0
C174,C174_F013,0,0
C174,C174_F014,0,2
C174,C174_F015,2,1
C174,C174_F016,0,0
C174,C174_F017,0,1
C174,C174_F018,0,2
C174,C174_F019,1,0
C174,C174_F020,0,0
C174,C174_F021,0,0
C174,C174_F022,2,2
C174,C174_F023,0,0
C174,C174_F024,0,0
C174,C174_F025,0,1
C174,C174_F026,0,0
C174,C174_F027,2,0
C174,C174_F028,0,0
C174,C174_F029,1,2
C174,C174_F030,1,2
C174,C174_F031,0,0
C174,C174_F032,1,1
C174,C174_F033,1,0
C174,C174_F034,3,0
C174,C174_F035,1,0
C174,C174_F036,1,1
C174,C174_F037,0,0
C174,C174_F038,0,0
C174,C174_F039,2,0
C174,C174_F040,1,0
C174,C174_F041,0,2
C174,C174_F042,1,1
C174,C174_F043,1,0
C174,C174_F044,0,1
C174,C174_F045,0,1
C174,C174_F046,0,1
C174,C174_F047,2,0
C174,C174_F049,0,1
C174,C174_F050,0,1
C174,C174_F051,2,2
C174,C174_F052,1,0
C174,C174_F053,2,0
C174,C174_F054,0,0
C174,C174_F055,0,0
C174,C174_F056,1,0
C174,C174_F057,0,0
C174,C174_F058,0,0
C174,C174_F059,0,1
C174,C174_F060,0,0
C174,C174_F061,0,2
C174,C174_F062,1,1
C174,C174_F063,2,0
C174,C174_F064,0,0
C174,C174_F065,2,0
C174,C174_F067,0,0
C174,C174_F068,1,0
C174,C174_F069,0,0
C174,C174_F070,0,0
C174,C174_F071,1,1
C174,C174_F072,2,1
C174,C174_F073,0,0
C174,C174_F074,0,0
C174,C174_F075,2,1
C174,C174_F076,0,0
C174,C174_F077,0,2
C174,C174_F078,1,0
C174,C174_F079,1,0
C174,C174_F080,1,2
C174,C174_F081,0,1
C174,C174_F082,1,0
C174,C174_F084,0,0
C174,C174_F086,1,0
C174,C174_F088,2,1
C174,C174_F089,1,1
C174,C174_F090,0,1
C174,C174_F091,1,1
C174,C174_F092,1,0
C174,C174_F093,1,0
C174,C174_F094,0,1
C174,C174_F095,2,0
C174,C174_F096,1,0
C174,C174_F098,0,1
C174,C174_F099,0,2
C174,C174_F100,0,0
C174,C174_F101,0,1
C174,C174_F102,2,0
C174,C174_F103,0,2
C174,C174_F104,1,1
C174,C174_F105,1,0
C174,C174_F106,1,1
C174,C174_F107,1,1
C174,C174_F108,0,0
C174,C174_F109,1,1
C174,C174_F110,1,0
C174,C174_F111,1,1
C174,C174_F112,0,0
C174,C174_F113,0,1
C174,C174_F114,1,2
C174,C174_F115,2,1
C174,C174_F116,1,0
C174,C174_F117,1,1
C174,C174_F118,1,1
C174,C174_F119,0,0
C174,C174_F120,0,1
C174,C174_F121,2,0
C174,C174_F122,1,1
C174,C174_F124,0,0
C174,C174_F125,0,0
C174,C174_F126,1,1
C174,C174_F127,0,1
C174,C174_F128,0,2
C174,C174_F129,1,1
C174,C174_F130,0,0
C174,C174_F131,0,1
C174,C174_F132,0,4
C174,C174_F133,1,1
C174,C174_F135,1,0
C174,C174_F136,1,1
C174,C174_F137,2,0
C174,C174_F138,0,0
C174,C174_F139,3,0
C174,C174_F140,0,0
C174,C174_F141,1,1
C174,C174_F142,1,2
C174,C174_F144,1,0
C174,C174_F145,1,0
C174,C174_F146,0,0
C174,C174_F148,1,0
C174,C174_F149,2,0
C174,C174_F150,0,0
C174,C174_F151,0,1
C174,C174_F152,0,1
C174,C174_F153,0,0
C174,C174_F154,1,1
C174,C174_F155,1,0
C174,C174_F156,0,0
C174,C174_F157,0,2
C174,C174_F158,0,1
C174,C174_F159,0,1
C174,C174_F160,0,0
C174,C174_F161,0,1
C174,C174_F162,1,2
C174,C174_F163,2,1
C174,C174_F164,2,1
C174,C174_F165,0,0
C174,C174_F166,1,0
C174,C174_F167,1,1
C174,C174_F168,1,1
C174,C174_F169,2,2
C174,C174_F170,1,0
C174,C174_F171,0,2
C174,C174_F172,0,0
C174,C174_F173,0,2
C174,C174_F174,0,0
C174,C174_F175,1,1
C174,C174_F176,1,1
C174,C174_F177,1,0
C174,C174_F178,0,0
C174,C174_F179,0,0
C174,C174_F180,0,1
C176,C176_F001,1,1
C176,C176_F002,1,0
C176,C176_F003,0,0
C176,C176_F005,0,0
C176,C176_F006,1,1
C176,C176_F009,1,1
C176,C176_F010,2,3
C176,C176_F011,1,1
C176,C176_F012,1,0
C176,C176_F013,6,0
C176,C176_F014,0,1
C176,C176_F015,0,0
C176,C176_F016,0,0
C176,C176_F017,1,0
C176,C176_F018,1,1
C176,C176_F019,0,1
C176,C176_F020,3,0
C176,C176_F021,0,0
C176,C176_F022,1,0
C176,C176_F023,0,1
C176,C176_F024,0,1
C176,C176_F025,0,1
C176,C176_F026,0,0
C176,C176_F027,1,0
C176,C176_F028,1,0
C176,C176_F029,2,0
C176,C176_F030,1,1
C176,C176_F031,2,0
C176,C176_F032,0,1
C176,C176_F033,0,1
C176,C176_F034,2,0
C176,C176_F035,0,0
C176,C176_F036,1,1
C176,C176_F037,0,1
C176,C176_F038,2,0
C176,C176_F039,2,1
C176,C176_F040,0,0
C176,C176_F041,1,0
C176,C176_F043,0,3
C176,C176_F045,1,0
C176,C176_F046,0,0
C176,C176_F048,0,0
C176,C176_F049,2,0
C176,C176_F050,0,0
C176,C176_F052,0,0
C176,C176_F053,0,1
C176,C176_F054,1,0
C176,C176_F055,1,1
C176,C176_F056,0,1
C176,C176_F057,1,0
C176,C176_F058,0,0
C176,C176_F059,1,0
C176,C176_F060,1,0
C176,C176_F061,0,1
C176,C176_F062,1,0
C176,C176_F063,1,2
C176,C176_F064,2,0
C176,C176_F065,1,1
C176,C176_F066,0,0
C176,C176_F067,0,1
C176,C176_F068,1,0
C176,C176_F069,0,1
C176,C176_F070,0,0
C176,C176_F071,1,0
C176,C176_F072,2,0
C176,C176_F073,2,0
C176,C176_F074,0,1
C176,C176_F075,0,1
C176,C176_F076,2,0
C176,C176_F077,0,0
C176,C176_F078,1,1
C176,C176_F079,1,1
C176,C176_F080,0,1
C176,C176_F081,2,0
C176,C176_F082,0,0
C176,C176_F083,0,0
C176,C176_F084,3,0
C176,C176_F085,2,0
C176,C176_F086,0,1
C176,C176_F087,1,0
C176,C176_F088,0,0
C176,C176_F089,0,0
C176,C176_F090,1,0
C176,C176_F091,0,0
C176,C176_F092,0,0
C176,C176_F093,1,2
C176,C176_F094,1,1
C176,C176_F095,1,0
C176,C176_F096,0,1
C176,C176_F097,1,0
C176,C176_F098,0,2
C176,C176_F099,1,0
C176,C176_F100,0,0
C176,C176_F101,0,0
C176,C176_F103,3,0
C176,C176_F105,1,1
C176,C176_F106,0,2
C176,C176_F107,1,0
C176,C176_F108,0,1
C176,C176_F110,0,1
C176,C176_F111,0,2
C176,C176_F112,1,0
C176,C176_F113,0,1
C176,C176_F114,2,0
C176,C176_F115,1,0
C176,C176_F116,0,1
C176,C176_F117,0,1
C176,C176_F118,0,0
C176,C176_F119,0,0
C176,C176_F120,0,0
C176,C176_F121,2,1
C176,C176_F122,0,1
C176,C176_F123,0,1
C176,C176_F125,1,2
C176,C176_F126,2,2
C176,C176_F127,2,0
C176,C176_F128,1,0
C176,C176_F129,1,1
C176,C176_F131,0,0
C176,C176_F132,1,1
C176,C176_F133,0,0
C176,C176_F134,0,0
C176,C176_F135,1,0
C176,C176_F136,0,0
C176,C176_F138,2,1
C176,C176_F139,1,0
C176,C176_F140,1,2
C176,C176_F141,1,1
C176,C176_F142,0,1
C176,C176_F143,0,1
C176,C176_F144,0,0
C176,C176_F145,0,0
C176,C176_F146,1,0
C176,C176_F147,1,0
C176,C176_F148,0,1
C176,C176_F149,0,0
C176,C176_F150,0,1
C176,C176_F151,0,2
C176,C176_F152,1,0
C176,C176_F154,1,2
C176,C176_F156,1,0
C176,C176_F157,0,1
C176,C176_F158,1,1
C176,C176_F159,1,1
C176,C176_F160,0,0
C176,C176_F161,0,2
C176,C176_F162,2,0
C176,C176_F163,2,0
C176,C176_F164,0,2
C176,C176_F165,0,0
C176,C176_F166,2,1
C176,C176_F167,2,0
C176,C176_F168,1,0
C176,C176_F169,3,2
C176,C176_F170,3,0
C176,C176_F171,0,0
C176,C176_F172,0,1
C176,C176_F173,0,1
C176,C176_F174,2,0
C176,C176_F175,1,0
C176,C176_F176,1,1
C176,C176_F177,0,1
C176,C176_F178,2,1
C176,C176_F179,0,1
C176,C176_F182,0,0
C176,C176_F183,2,0
C176,C176_F184,2,0
C176,C176_F185,1,0
C176,C176_F186,1,0
C176,C176_F187,1,0
C176,C176_F188,0,2
C176,C176_F189,1,0
C176,C176_F190,0,1
C176,C176_F191,0,2
C176,C176_F192,1,1
C176,C176_F193,3,0
C176,C176_F194,0,0
C176,C176_F195,0,0
C176,C176_F196,4,0
C176,C176_F197,0,0
C176,C176_F198,1,0
C176,C176_F199,0,1
C176,C176_F200,1,1
C176,C176_F202,2,1
C176,C176_F203,0,0
C176,C176_F204,2,1
C176,C176_F205,1,0
C176,C176_F206,0,1
C176,C176_F207,2,0
C176,C176_F208,1,0
C176,C176_F209,0,1
C176,C176_F210,0,0
C176,C176_F211,0,1
C176,C176_F212,1,0
C176,C176_F213,1,0
C176,C176_F214,0,2
C176,C176_F215,1,0
C176,C176_F216,0,0
C176,C176_F217,2,0
C176,C176_F218,0,0
C176,C176_F219,1,0
C176,C176_F220,1,0
C176,C176_F221,1,1
C176,C176_F222,1,1
C176,C176_F223,0,0
C176,C176_F224,1,1
C176,C176_F225,1,0
C176,C176_F226,1,0
C176,C176_F227,1,1
C176,C176_F228,1,1
C176,C176_F229,0,1
C176,C176_F230,0,2
C176,C176_F231,1,1
C176,C176_F232,0,3
C176,C176_F233,1,0
C176,C176_F234,0,0
C176,C176_F236,1,0
C176,C176_F237,3,0
C176,C176_F238,1,0
C176,C176_F239,0,0
C176,C176_F240,2,0
C176,C176_F241,0,0
C176,C176_F242,0,2
C176,C176_F243,2,3
C176,C176_F244,1,2
C176,C176_F245,2,0
C176,C176_F246,2,0
C176,C176_F247,0,0
C176,C176_F248,1,1
C176,C176_F249,0,1
C176,C176_F250,1,1
C176,C176_F251,1,1
C176,C176_F252,0,0
C176,C176_F253,0,2
C176,C176_F254,1,2
C176,C176_F255,0,0
C176,C176_F256,2,1
C176,C176_F257,1,0
C176,C176_F258,3,0
C176,C176_F259,0,0
C176,C176_F260,0,0
C176,C176_F261,1,1
C176,C176_F262,2,2
C176,C176_F263,0,1
C176,C176_F265,1,0
C176,C176_F266,0,0
C176,C176_F267,1,2
C176,C176_F268,3,0
C176,C176_F269,1,1
C176,C176_F270,3,1
C176,C176_F272,0,0
C176,C176_F273,2,0
C176,C176_F274,0,1
C176,C176_F275,1,0
C176,C176_F276,0,0
C176,C176_F277,1,1
C176,C176_F278,0,1
C176,C176_F279,0,0
C176,C176_F281,1,1
C176,C176_F282,1,0
C176,C176_F283,0,0
C176,C176_F284,0,1
C176,C176_F285,0,1
C176,C176_F286,0,0
C176,C176_F287,0,0
C176,C176_F288,1,0
C176,C176_F289,1,0
C176,C176_F290,0,0
C176,C176_F291,0,2
C176,C176_F292,1,1
C176,C176_F293,0,0
C176,C176_F294,1,1
C176,C176_F295,0,0
C176,C176_F296,0,0
C176,C176_F297,0,0
C176,C176_F298,0,0
C176,C176_F299,0,0
C176,C176_F301,0,1
C176,C176_F302,1,0
C176,C176_F303,1,0
C176,C176_F305,1,0
C176,C176_F306,1,0
C176,C176_F307,0,1
C176,C176_F309,2,0
C176,C176_F310,1,0
C176,C176_F311,0,0
C176,C176_F312,1,2
C176,C176_F313,1,1
C176,C176_F314,1,2
C176,C176_F315,0,1
C176,C176_F316,0,1
C176,C176_F317,1,0
C176,C176_F318,2,0
C176,C176_F319,1,0
C176,C176_F320,0,2
C176,C176_F321,2,0
C176,C176_F322,0,1
C176,C176_F323,1,1
C176,C176_F324,0,0
C176,C176_F325,1,0
C176,C176_F326,2,0
C176,C176_F327,0,0
C176,C176_F328,1,0
C176,C176_F330,2,0
C176,C176_F331,1,3
C176,C176_F332,0,1
C176,C176_F333,0,1
C176,C176_F334,1,0
C176,C176_F335,0,0
C176,C176_F336,1,1
C176,C176_F337,0,2
C176,C176_F338,1,0
C176,C176_F339,0,1
C176,C176_F340,0,0
C176,C176_F341,1,0
C176,C176_F342,1,0
C176,C176_F343,1,1
C176,C176_F345,0,1
C176,C176_F346,0,0
C176,C176_F347,1,1
C176,C176_F348,0,1
C176,C176_F349,1,1
C176,C176_F350,0,1
C176,C176_F351,2,0
C176,C176_F352,0,0
C176,C176_F353,1,0
C176,C176_F354,0,0
C176,C176_F355,0,0
C176,C176_F356,2,1
C176,C176_F357,1,0
C176,C176_F359,1,0
C176,C176_F360,1,2
C176,C176_F362,2,0
C176,C176_F364,2,1
C176,C176_F365,0,0
C176,C176_F366,2,0
C176,C176_F367,0,1
C176,C176_F368,0,1
C176,C176_F369,0,1
C176,C176_F371,1,0
C176,C176_F372,1,0
C176,C176_F373,2,0
C176,C176_F374,0,0
C176,C176_F375,1,0
C176,C176_F376,3,1
C176,C176_F378,0,0
C176,C176_F379,1,0
C176,C176_F380,0,0
C179,C179_F002,0,0
C179,C179_F003,2,0
C179,C179_F004,1,1
C179,C179_F005,0,0
C179,C179_F006,0,1
C179,C179_F007,2,0
C179,C179_F008,0,1
C179,C179_F009,0,0
C179,C179_F010,1,0
C179,C179_F011,1,1
C179,C179_F012,1,0
C179,C179_F013,2,0
C179,C179_F014,1,1
C179,C179_F016,0,0
C179,C179_F017,1,0
C179,C179_F018,0,1
C179,C179_F019,1,0
C179,C179_F021,1,0
C179,C179_F022,0,0
C179,C179_F023,0,1
C179,C179_F024,0,0
C179,C179_F025,0,0
C179,C179_F026,2,0
C179,C179_F027,0,1
C179,C179_F029,2,1
C179,C179_F030,1,0
C179,C179_F031,0,1
C179,C179_F032,0,0
C179,C179_F033,2,0
C179,C179_F034,2,0
C179,C179_F035,1,2
C179,C179_F036,0,0
C179,C179_F037,0,0
C179,C179_F038,1,0
C179,C179_F039,1,0
C179,C179_F040,0,1
C179,C179_F041,0,1
C179,C179_F043,0,1
C179,C179_F045,0,0
C179,C179_F046,1,0
C179,C179_F047,1,1
C179,C179_F048,0,1
C179,C179_F049,0,1
C179,C179_F050,1,0
C179,C179_F051,1,0
C179,C179_F052,1,0
C179,C179_F053,2,0
C179,C179_F054,0,0
C179,C179_F055,1,1
C179,C179_F056,2,0
C179,C179_F057,1,0
C179,C179_F059,0,2
C179,C179_F060,2,1
C179,C179_F061,0,0
C179,C179_F062,0,2
C179,C179_F063,1,1
C179,C179_F064,0,0
C179,C179_F066,0,4
C179,C179_F067,1,0
C179,C179_F068,1,1
C179,C179_F069,1,0
C179,C179_F071,0,1
C179,C179_F072,1,0
C179,C179_F073,0,0
C179,C179_F074,1,1
C179,C179_F075,0,0
C179,C179_F076,0,0
C179,C179_F077,0,1
C179,C179_F079,0,0
C179,C179_F080,0,0
C179,C179_F081,1,2
C179,C179_F082,0,0
C179,C179_F083,0,1
C179,C179_F084,0,0
C179,C179_F085,2,1
C179,C179_F086,0,2
C179,C179_F087,1,0
C179,C179_F088,1,0
C179,C179_F089,1,1
C179,C179_F090,2,0
C179,C179_F091,1,0
C179,C179_F092,0,0
C179,C179_F093,1,1
C179,C179_F094,0,1
C179,C179_F095,1,0
C179,C179_F096,0,0
C179,C179_F097,0,2
C179,C179_F098,1,0
C179,C179_F099,2,0
C179,C179_F100,1,1
C179,C179_F101,2,0
C179,C179_F102,0,0
C179,C179_F103,0,0
C179,C179_F104,3,0
C179,C179_F105,0,2
C179,C179_F106,1,0
C179,C179_F107,1,0
C179,C179_F108,1,1
C179,C179_F109,1,0
C179,C179_F110,0,2
C179,C179_F111,0,1
C179,C179_F112,1,0
C179,C179_F113,1,1
C179,C179_F114,0,2
C179,C179_F115,1,0
C179,C179_F116,0,0
C179,C179_F117,0,2
C179,C179_F118,0,1
C179,C179_F121,0,0
C179,C179_F122,2,1
C179,C179_F123,0,0
C179,C179_F124,1,0
C179,C179_F125,0,1
C179,C179_F126,0,0
C179,C179_F127,1,0
C179,C179_F128,1,1
C179,C179_F129,1,1
C179,C179_F130,2,1
C179,C179_F131,0,0
C179,C179_F132,1,0
C179,C179_F133,1,1
C179,C179_F134,0,0
C179,C179_F135,1,1
C179,C179_F136,0,0
C179,C179_F137,2,0
C179,C179_F139,1,0
C179,C179_F140,0,0
C179,C179_F141,0,1
C179,C179_F142,0,0
C179,C179_F143,1,3
C179,C179_F145,0,1
C179,C179_F146,0,2
C179,C179_F148,1,2
C179,C179_F149,1,2
C179,C179_F150,0,1
C179,C179_F151,1,1
C179,C179_F152,0,0
C179,C179_F153,0,0
C179,C179_F154,1,0
C179,C179_F155,0,1
C179,C179_F156,2,2
C179,C179_F157,1,0
C179,C179_F158,0,1
C179,C179_F159,0,0
C179,C179_F160,0,0
C179,C179_F161,1,1
C179,C179_F162,1,0
C179,C179_F163,1,0
C179,C179_F164,1,0
C179,C179_F165,0,0
C179,C179_F166,2,0
C179,C179_F167,1,0
C179,C179_F168,1,0
C179,C179_F169,0,3
C179,C179_F170,1,0
C179,C179_F171,0,0
C179,C179_F172,0,0
C179,C179_F174,0,2
C179,C179_F175,1,0
C179,C179_F176,1,0
C179,C179_F179,0,0
C179,C179_F180,1,1
C179,C179_F181,2,0
C179,C179_F182,1,1
C179,C179_F183,0,2
C179,C179_F184,0,1
C179,C179_F185,0,1
C179,C179_F186,3,1
C179,C179_F187,0,0
C179,C179_F189,1,0
C179,C179_F190,1,1
C179,C179_F191,0,0
C179,C179_F193,0,0
C179,C179_F195,0,0
C179,C179_F196,1,0
C179,C179_F197,3,1
C179,C179_F198,2,0
C179,C179_F199,1,2
C179,C179_F200,1,0
C179,C179_F201,0,2
C179,C179_F202,2,1
C179,C179_F203,0,1
C179,C179_F204,2,0
C179,C179_F205,0,2
C179,C179_F206,1,1
C179,C179_F207,0,0
C179,C179_F208,0,2
C179,C179_F210,0,2
C179,C179_F211,1,1
C179,C179_F212,1,0
C179,C179_F213,0,0
C179,C179_F214,1,0
C179,C179_F215,1,0
C179,C179_F216,0,1
C179,C179_F217,0,1
C179,C179_F218,0,0
C179,C179_F219,2,0
C179,C179_F220,1,1
C179,C179_F221,0,1
C179,C179_F222,1,1
C179,C179_F223,0,0
C179,C179_F224,1,1
C179,C179_F225,0,0
C179,C179_F226,0,1
C179,C179_F227,1,0
C179,C179_F229,0,0
C179,C179_F230,0,1
C179,C179_F231,0,0
C179,C179_F232,1,0
C179,C179_F233,0,1
C179,C179_F235,0,0
C179,C179_F236,0,1
C179,C179_F237,0,0
C179,C179_F238,2,0
C179,C179_F239,1,0
C179,C179_F240,0,0
C179,C179_F241,2,1
C179,C179_F242,1,1
C179,C179_F243,0,0
C179,C179_F244,1,0
C179,C179_F245,0,1
C179,C179_F246,1,0
C179,C179_F247,1,0
C179,C179_F248,0,0
C179,C179_F249,1,0
C179,C179_F250,0,2
C179,C179_F251,0,0
C179,C179_F252,1,0
C179,C179_F253,1,0
C179,C179_F254,0,1
C179,C179_F255,1,0
C179,C179_F256,0,0
C179,C179_F257,1,1
C179,C179_F258,2,2
C179,C179_F259,1,1
C179,C179_F261,1,0
C179,C179_F262,1,0
C179,C179_F263,1,0
C179,C179_F264,0,0
C179,C179_F265,0,0
C179,C179_F266,1,1
C179,C179_F267,0,0
C179,C179_F268,1,0
C179,C179_F269,0,0
C179,C179_F270,1,0
C179,C179_F271,0,1
C179,C179_F272,0,0
C179,C179_F273,0,0
C179,C179_F274,0,1
C179,C179_F275,0,0
C179,C179_F276,1,0
C179,C179_F277,1,1
C179,C179_F278,2,0
C179,C179_F279,1,0
C179,C179_F281,1,0
C179,C179_F282,0,1
C179,C179_F283,1,1
C179,C179_F284,0,1
C179,C179_F286,1,0
C179,C179_F287,0,0
C179,C179_F288,0,1
C179,C179_F290,1,0
C179,C179_F291,4,0
C179,C179_F292,1,0
C179,C179_F293,1,1
C179,C179_F294,1,1
C179,C179_F295,1,0
C179,C179_F296,1,0
C179,C179_F297,0,2
C179,C179_F298,0,0
C179,C179_F299,0,1
C179,C179_F300,1,1
C179,C179_F301,0,0
C179,C179_F302,0,2
C179,C179_F303,1,0
C179,C179_F304,1,0
C179,C179_F305,0,1
C179,C179_F306,1,0
C179,C179_F307,0,0
C179,C179_F308,0,0
C179,C179_F309,3,1
C179,C179_F310,1,1
C179,C179_F311,0,2
C179,C179_F313,2,0
C179,C179_F314,0,0
C179,C179_F315,2,0
C179,C179_F317,0,0
C179,C179_F318,2,0
C179,C179_F319,1,0
C179,C179_F320,1,0
C179,C179_F321,2,1
C179,C179_F322,1,0
C179,C179_F323,2,0
C179,C179_F324,0,1
C179,C179_F325,1,0
C179,C179_F326,0,0
C179,C179_F327,2,0
C179,C179_F329,1,1
C179,C179_F330,1,1
C179,C179_F332,0,0
C179,C179_F333,0,0
C179,C179_F334,1,0
C179,C179_F336,0,0
C179,C179_F337,0,1
C179,C179_F338,0,1
C179,C179_F339,0,0
C179,C179_F340,0,0
C179,C179_F341,0,0
C179,C179_F342,1,2
C179,C179_F343,2,1
C179,C179_F344,0,3
C179,C179_F345,1,0
C179,C179_F346,0,1
C179,C179_F347,1,0
C179,C179_F348,1,1
C179,C179_F349,2,0
C179,C179_F350,0,1
C179,C179_F351,0,1
C179,C179_F352,0,1
C179,C179_F353,2,0
C179,C179_F354,2,0
C179,C179_F355,0,0
C179,C179_F356,0,0
C179,C179_F357,0,2
C179,C179_F358,2,1
C179,C179_F359,0,1
C179,C179_F360,0,0
C179,C179_F361,1,0
C179,C179_F362,0,0
C179,C179_F363,0,0
C179,C179_F364,1,0
C179,C179_F365,1,0
C179,C179_F366,1,0
C179,C179_F367,2,0
C179,C179_F369,1,1
C179,C179_F370,1,1
C179,C179_F371,2,0
C179,C179_F372,1,1
C179,C179_F373,0,2
C179,C179_F374,0,0
C179,C179_F375,1,0
C179,C179_F376,0,0
C179,C179_F377,1,4
C179,C179_F378,1,0
C179,C179_F379,1,1
C179,C179_F380,0,1
C180,C180_F001,1,1
C180,C180_F002,1,0
C180,C180_F003,0,0
C180,C180_F004,0,0
C180,C180_F005,0,1
C180,C180_F006,1,0
C180,C180_F007,0,0
C180,C180_F008,0,0
C180,C180_F009,1,0
C180,C180_F010,1,0
C180,C180_F011,0,1
C180,C180_F012,0,0
C180,C180_F013,1,1
C180,C180_F014,0,0
C180,C180_F015,0,1
C180,C180_F016,0,1
C180,C180_F017,0,0
C180,C180_F018,2,1
C180,C180_F019,0,1
C180,C180_F020,0,1
C180,C180_F021,2,0
C180,C180_F022,2,1
C180,C180_F023,0,1
C180,C180_F024,2,0
C180,C180_F025,1,2
C180,C180_F026,2,0
C180,C180_F027,0,0
C180,C180_F028,1,1
C180,C180_F029,1,0
C180,C180_F030,2,2
C180,C180_F031,0,0
C180,C180_F032,0,0
C180,C180_F033,2,2
C180,C180_F034,2,0
C180,C180_F035,1,0
C180,C180_F036,0,2
C180,C180_F037,0,0
C180,C180_F038,1,0
C180,C180_F039,1,0
C180,C180_F040,1,0
C180,C180_F041,4,1
C180,C180_F043,2,0
C180,C180_F044,2,0
C180,C180_F045,0,0
C180,C180_F046,1,1
C180,C180_F047,2,0
C180,C180_F048,1,0
C180,C180_F049,0,3
C180,C180_F051,2,0
C180,C180_F052,0,1
C180,C180_F053,0,0
C180,C180_F054,1,1
C180,C180_F055,1,0
C180,C180_F056,1,1
C180,C180_F057,1,0
C180,C180_F058,1,0
C180,C180_F059,1,1
C180,C180_F060,2,1
C180,C180_F061,1,1
C180,C180_F062,0,0
C180,C180_F063,1,0
C180,C180_F064,1,0
C180,C180_F065,0,2
C180,C180_F066,0,3
C180,C180_F067,1,0
C180,C180_F068,3,1
C180,C180_F070,0,0
C180,C180_F071,2,0
C180,C180_F072,2,0
C180,C180_F073,0,1
C180,C180_F074,0,0
C180,C180_F075,1,0
C180,C180_F076,0,1
C180,C180_F077,3,2
C180,C180_F078,3,0
C180,C180_F079,3,1
C180,C180_F080,0,1
C180,C180_F081,1,0
C180,C180_F082,0,0
C180,C180_F083,1,0
C180,C180_F084,1,0
C180,C180_F085,0,0
C180,C180_F086,4,0
C180,C180_F087,0,3
C180,C180_F088,0,0
C180,C180_F089,2,1
C180,C180_F090,0,1
C180,C180_F091,2,0
C180,C180_F092,0,0
C180,C180_F093,1,0
C180,C180_F094,0,1
C180,C180_F095,1,1
C180,C180_F096,0,1
C180,C180_F097,0,2
C180,C180_F100,1,1
C180,C180_F102,1,0
C180,C180_F103,0,0
C180,C180_F104,0,0
C180,C180_F105,1,0
C180,C180_F106,0,0
C180,C180_F107,1,0
C180,C180_F108,2,0
C180,C180_F109,4,1
C180,C180_F110,0,1
C180,C180_F112,1,0
C180,C180_F113,0,0
C180,C180_F114,2,1
C180,C180_F115,1,0
C180,C180_F116,2,0
C180,C180_F117,0,2
C180,C180_F119,0,0
C180,C180_F120,2,0
C180,C180_F121,0,0
C180,C180_F122,0,0
C180,C180_F123,1,2
C180,C180_F124,1,0
C180,C180_F125,0,1
C180,C180_F126,0,0
C180,C180_F127,0,1
C180,C180_F128,1,0
C180,C180_F129,1,0
C180,C180_F130,2,1
C180,C180_F131,0,0
C180,C180_F132,2,0
C180,C180_F133,0,0
C180,C180_F134,2,0
C180,C180_F135,0,0
C180,C180_F136,1,0
C180,C180_F137,0,1
C180,C180_F138,0,1
C180,C180_F139,1,0
C180,C180_F140,0,2
C180,C180_F141,2,1
C180,C180_F142,0,0
C180,C180_F143,3,0
C180,C180_F144,0,1
C180,C180_F145,0,0
C180,C180_F146,1,1
C180,C180_F147,1,1
C180,C180_F148,1,1
C180,C180_F149,0,1
C180,C180_F150,1,1
C180,C180_F151,1,0
C180,C180_F152,0,1
C180,C180_F153,0,1
C180,C180_F156,0,0
C180,C180_F157,0,0
C180,C180_F158,1,2
C180,C180_F159,2,0
C180,C180_F160,1,0
C180,C180_F161,1,0
C180,C180_F162,1,0
C180,C180_F163,1,0
C180,C180_F164,1,0
C180,C180_F165,1,1
C180,C180_F166,0,0
C180,C180_F167,1,1
C180,C180_F169,0,0
C180,C180_F170,0,1
C180,C180_F171,1,1
C180,C180_F172,0,0
C180,C180_F173,1,0
C180,C180_F174,0,1
C180,C180_F175,0,1
C180,C180_F176,1,0
C180,C180_F177,1,0
C180,C180_F178,1,0
C180,C180_F179,2,1
C180,C180_F180,0,0
C183,C183_F001,1,0
C183,C183_F002,0,0
C183,C183_F003,1,1
C183,C183_F004,0,0
C183,C183_F005,0,1
C183,C183_F006,1,0
C183,C183_F007,2,2
C183,C183_F008,1,0
C183,C183_F009,1,1
C183,C183_F010,0,0
C183,C183_F011,0,0
C183,C183_F012,0,0
C183,C183_F013,1,0
C183,C183_F014,1,1
C183,C183_F015,0,0
C183,C183_F016,0,0
C183,C183_F017,1,0
C183,C183_F018,0,1
C183,C183_F019,2,1
C183,C183_F020,2,0
C183,C183_F021,1,0
C183,C183_F022,1,0
C183,C183_F023,2,1
C183,C183_F025,4,1
C183,C183_F026,1,0
C183,C183_F027,1,0
C183,C183_F028,1,0
C183,C183_F029,2,0
C183,C183_F030,0,0
C183,C183_F031,0,1
C183,C183_F032,1,0
C183,C183_F033,1,2
C183,C183_F035,0,0
C183,C183_F036,0,0
C183,C183_F037,0,0
C183,C183_F038,0,1
C183,C183_F039,0,0
C183,C183_F040,0,1
C183,C183_F041,2,0
C183,C183_F042,0,1
C183,C183_F043,0,0
C183,C183_F044,0,1
C183,C183_F045,0,1
C183,C183_F046,1,1
C183,C183_F048,0,0
C183,C183_F049,1,0
C183,C183_F050,2,2
C183,C183_F051,1,0
C183,C183_F052,0,1
C183,C183_F053,1,1
C183,C183_F054,1,0
C183,C183_F055,0,2
C183,C183_F056,1,2
C183,C183_F057,0,1
C183,C183_F058,1,1
C183,C183_F059,1,0
C183,C183_F060,2,2
C183,C183_F061,0,0
C183,C183_F062,0,0
C183,C183_F064,1,0
C183,C183_F065,0,0
C183,C183_F067,1,2
C183,C183_F068,0,1
C183,C183_F069,0,0
C183,C183_F070,0,0
C183,C183_F071,1,0
C183,C183_F072,1,1
C183,C183_F073,1,0
C183,C183_F074,1,0
C183,C183_F075,2,0
C183,C183_F076,1,0
C183,C183_F077,0,0
C183,C183_F078,1,1
C183,C183_F079,0,0
C183,C183_F080,0,0
C183,C183_F082,0,0
C183,C183_F083,1,1
C183,C183_F084,1,1
C183,C183_F085,0,0
C183,C183_F086,0,0
C183,C183_F087,1,0
C183,C183_F088,2,0
C183,C183_F089,0,0
C183,C183_F090,1,0
C183,C183_F092,0,3
C183,C183_F093,0,1
C183,C183_F094,0,1
C183,C183_F095,0,1
C183,C183_F096,1,1
C183,C183_F097,0,0
C183,C183_F098,1,1
C183,C183_F099,1,2
C183,C183_F100,0,1
C183,C183_F101,0,0
C183,C183_F102,1,0
C183,C183_F103,2,1
C183,C183_F104,0,1
C183,C183_F105,0,0
C183,C183_F106,1,0
C183,C183_F107,0,1
C183,C183_F108,0,1
C183,C183_F109,1,0
C183,C183_F110,0,1
C183,C183_F111,0,0
C183,C183_F112,2,1
C183,C183_F113,0,0
C183,C183_F114,0,0
C183,C183_F115,1,0
C183,C183_F116,0,0
C183,C183_F117,2,1
C183,C183_F118,2,1
C183,C183_F119,1,4
C183,C183_F121,0,2
C183,C183_F122,1,0
C183,C183_F123,1,0
C183,C183_F124,2,1
C183,C183_F126,0,0
C183,C183_F127,0,2
C183,C183_F128,1,0
C183,C183_F129,0,0
C183,C183_F130,0,1
C183,C183_F131,1,1
C183,C183_F132,1,0
C183,C183_F133,0,0
C183,C183_F134,0,0
C183,C183_F135,3,2
C183,C183_F136,2,0
C183,C183_F137,0,2
C183,C183_F138,0,0
C183,C183_F139,0,1
C183,C183_F141,1,0
C183,C183_F142,0,0
C183,C183_F143,1,1
C183,C183_F144,1,1
C183,C183_F145,1,0
C183,C183_F146,1,1
C183,C183_F147,0,0
C183,C183_F148,1,2
C183,C183_F149,0,0
C183,C183_F150,0,1
C183,C183_F151,0,1
C183,C183_F152,0,0
C183,C183_F153,1,0
C183,C183_F154,1,0
C183,C183_F155,1,1
C183,C183_F156,0,1
C183,C183_F157,0,3
C183,C183_F158,1,0
C183,C183_F160,0,0
C183,C183_F162,0,1
C183,C183_F163,1,0
C183,C183_F164,2,0
C183,C183_F165,1,1
C183,C183_F167,1,0
C183,C183_F168,0,2
C183,C183_F169,1,1
C183,C183_F170,3,0
C183,C183_F171,0,2
C183,C183_F172,0,0
C183,C183_F173,1,1
C183,C183_F174,0,1
C183,C183_F175,1,0
C183,C183_F176,0,0
C183,C183_F177,1,1
C183,C183_F178,1,0
C183,C183_F179,2,0
C183,C183_F180,1,1
C183,C183_F181,2,0
C183,C183_F182,0,3
C183,C183_F183,1,0
C183,C183_F184,0,0
C183,C183_F185,3,2
C183,C183_F186,0,1
C183,C183_F187,0,1
C183,C183_F188,0,0
C183,C183_F189,0,2
C183,C183_F190,1,1
C183,C183_F191,3,2
C183,C183_F192,0,0
C183,C183_F193,1,0
C183,C183_F194,0,0
C183,C183_F195,2,1
C183,C183_F196,1,1
C183,C183_F199,2,0
C183,C183_F200,1,0
C183,C183_F201,0,0
C183,C183_F202,0,2
C183,C183_F203,2,0
C183,C183_F204,0,0
C183,C183_F205,1,0
C183,C183_F206,1,0
C183,C183_F207,0,1
C183,C183_F208,0,0
C183,C183_F209,0,0
C183,C183_F210,1,0
C183,C183_F211,0,0
C183,C183_F212,2,1
C183,C183_F213,0,0
C183,C183_F214,1,1
C183,C183_F216,0,0
C183,C183_F218,1,1
C183,C183_F220,0,1
C183,C183_F222,0,2
C183,C183_F223,0,0
C183,C183_F224,1,0
C183,C183_F225,1,1
C183,C183_F226,0,0
C183,C183_F227,0,0
C183,C183_F228,0,0
C183,C183_F229,3,0
C183,C183_F230,0,0
C183,C183_F231,1,0
C183,C183_F232,0,2
C183,C183_F233,0,1
C183,C183_F234,2,2
C183,C183_F235,2,0
C183,C183_F237,0,2
C183,C183_F238,0,0
C183,C183_F239,1,0
C183,C183_F240,1,0
C183,C183_F241,0,1
C183,C183_F242,2,0
C183,C183_F243,1,0
C183,C183_F244,0,1
C183,C183_F245,2,1
C183,C183_F247,0,0
C183,C183_F248,1,2
C183,C183_F250,1,1
C183,C183_F251,3,0
C183,C183_F252,1,0
C183,C183_F253,0,1
C183,C183_F255,1,0
C183,C183_F256,2,0
C183,C183_F257,0,0
C183,C183_F258,2,0
C183,C183_F259,0,1
C183,C183_F260,1,0
C183,C183_F262,0,2
C183,C183_F263,0,0
C183,C183_F264,1,1
C183,C183_F265,0,1
C183,C183_F266,1,0
C183,C183_F267,1,0
C183,C183_F268,2,0
C183,C183_F269,0,1
C183,C183_F270,2,0
C183,C183_F271,2,1
C183,C183_F272,0,1
C183,C183_F273,2,1
C183,C183_F274,1,1
C183,C183_F275,0,1
C183,C183_F276,0,0
C183,C183_F277,0,3
C183,C183_F278,0,1
C183,C183_F279,0,0
C183,C183_F280,1,1
C183,C183_F281,1,0
C183,C183_F282,0,1
C183,C183_F283,1,1
C183,C183_F284,0,0
C183,C183_F285,2,0
C183,C183_F286,0,0
C183,C183_F287,0,0
C183,C183_F288,2,0
C183,C183_F289,3,0
C183,C183_F290,1,1
C183,C183_F291,1,1
C183,C183_F292,0,1
C183,C183_F293,0,1
C183,C183_F294,1,2
C183,C183_F295,1,0
C183,C183_F296,0,1
C183,C183_F297,2,1
C183,C183_F298,0,1
C183,C183_F299,1,0
C183,C183_F300,1,0
C183,C183_F303,3,0
C183,C183_F304,3,1
C183,C183_F305,1,1
C183,C183_F306,0,1
C183,C183_F307,0,0
C183,C183_F309,1,0
C183,C183_F310,2,0
C183,C183_F311,0,1
C183,C183_F312,1,0
C183,C183_F313,0,1
C183,C183_F314,0,1
C183,C183_F315,2,1
C183,C183_F316,0,1
C183,C183_F317,0,0
C183,C183_F319,0,0
C183,C183_F320,1,2
C183,C183_F321,0,2
C183,C183_F322,0,0
C183,C183_F323,0,0
C183,C183_F324,1,0
C183,C183_F325,0,1
C183,C183_F326,1,0
C183,C183_F327,0,1
C183,C183_F328,0,1
C183,C183_F329,2,1
C183,C183_F330,2,3
C183,C183_F331,0,1
C183,C183_F332,0,1
C183,C183_F333,0,0
C183,C183_F334,1,1
C183,C183_F335,1,0
C183,C183_F336,0,2
C183,C183_F337,1,2
C183,C183_F338,1,0
C183,C183_F339,0,0
C183,C183_F340,0,1
C183,C183_F341,0,0
C183,C183_F342,2,0
C183,C183_F343,1,0
C183,C183_F344,0,0
C183,C183_F346,0,2
C183,C183_F347,2,0
C183,C183_F348,0,0
C183,C183_F350,0,0
C183,C183_F351,0,0
C183,C183_F352,3,1
C183,C183_F353,2,0
C183,C183_F354,0,1
C183,C183_F355,2,0
C183,C183_F356,2,1
C183,C183_F357,1,0
C183,C183_F358,0,0
C183,C183_F359,2,0
C183,C183_F360,0,1
C183,C183_F361,1,0
C183,C183_F362,1,0
C183,C183_F363,0,1
C183,C183_F364,0,0
C183,C183_F365,1,0
C183,C183_F366,2,0
C183,C183_F368,0,1
C183,C183_F369,1,1
C183,C183_F370,0,1
C183,C183_F371,0,1
C183,C183_F372,0,0
C183,C183_F373,0,2
C183,C183_F374,1,1
C183,C183_F375,1,1
C183,C183_F376,0,0
C183,C183_F377,1,0
C183,C183_F378,0,1
C183,C183_F379,1,0
C183,C183_F380,1,1
C186,C186_F001,0,1
C186,C186_F002,1,0
C186,C186_F003,0,2
C186,C186_F004,1,0
C186,C186_F005,0,1
C186,C186_F006,0,1
C186,C186_F007,0,1
C186,C186_F008,1,1
C186,C186_F009,0,1
C186,C186_F010,1,3
C186,C186_F011,0,0
C186,C186_F012,0,1
C186,C186_F013,0,0
C186,C186_F014,0,3
C186,C186_F015,1,0
C186,C186_F016,0,0
C186,C186_F017,1,0
C186,C186_F018,0,0
C186,C186_F019,0,1
C186,C186_F020,0,2
C186,C186_F021,1,1
C186,C186_F023,1,1
C186,C186_F024,0,0
C186,C186_F025,1,0
C186,C186_F026,1,0
C186,C186_F027,0,0
C186,C186_F028,0,1
C186,C186_F029,2,0
C186,C186_F030,0,1
C186,C186_F031,0,0
C186,C186_F032,1,0
C186,C186_F033,0,1
C186,C186_F034,2,0
C186,C186_F035,1,0
C186,C186_F036,1,0
C186,C186_F037,0,0
C186,C186_F038,1,0
C186,C186_F039,0,0
C186,C186_F040,0,2
C186,C186_F041,0,3
C186,C186_F042,1,0
C186,C186_F043,0,3
C186,C186_F044,3,0
C186,C186_F045,1,0
C186,C186_F046,3,0
C186,C186_F047,2,1
C186,C186_F048,2,0
C186,C186_F049,1,1
C186,C186_F050,0,0
C186,C186_F051,1,0
C186,C186_F052,0,0
C186,C186_F053,1,2
C186,C186_F054,0,1
C186,C186_F055,2,0
C186,C186_F056,0,0
C186,C186_F057,0,1
C186,C186_F058,1,2
C186,C186_F059,0,1
C186,C186_F060,0,1
C186,C186_F061,0,1
C186,C186_F062,0,1
C186,C186_F063,1,1
C186,C186_F064,1,0
C186,C186_F065,0,0
C186,C186_F066,0,1
C186,C186_F068,1,2
C186,C186_F069,4,0
C186,C186_F070,0,1
C186,C186_F071,0,2
C186,C186_F072,2,0
C186,C186_F073,2,0
C186,C186_F074,0,1
C186,C186_F075,1,0
C186,C186_F076,1,2
C186,C186_F077,2,0
C186,C186_F078,1,0
C186,C186_F079,2,0
C186,C186_F080,1,0
C186,C186_F081,0,1
C186,C186_F082,2,2
C186,C186_F083,1,0
C186,C186_F084,0,0
C186,C186_F086,0,1
C186,C186_F087,1,0
C186,C186_F088,1,1
C186,C186_F089,0,1
C186,C186_F090,0,1
C186,C186_F091,1,2
C186,C186_F092,0,0
C186,C186_F093,0,0
C186,C186_F094,0,1
C186,C186_F095,2,2
C186,C186_F096,0,1
C186,C186_F097,1,1
C186,C186_F098,1,1
C186,C186_F099,0,0
C186,C186_F100,0,1
C186,C186_F101,0,0
C186,C186_F102,0,1
C186,C186_F103,1,0
C186,C186_F104,1,0
C186,C186_F105,1,0
C186,C186_F106,0,4
C186,C186_F108,1,0
C186,C186_F109,3,0
C186,C186_F110,1,0
C186,C186_F111,0,0
C186,C186_F112,0,1
C186,C186_F113,0,1
C186,C186_F114,0,0
C186,C186_F115,1,0
C186,C186_F116,0,1
C186,C186_F117,1,0
C186,C186_F118,2,0
C186,C186_F119,1,1
C186,C186_F120,1,1
C186,C186_F121,0,0
C186,C186_F122,1,0
C186,C186_F123,0,2
C186,C186_F124,2,1
C186,C186_F125,1,1
C186,C186_F126,1,0
C186,C186_F127,0,0
C186,C186_F128,0,1
C186,C186_F129,1,0
C186,C186_F131,0,2
C186,C186_F132,1,0
C186,C186_F133,2,0
C186,C186_F134,1,0
C186,C186_F135,0,2
C186,C186_F136,1,1
C186,C186_F137,2,0
C186,C186_F138,1,0
C186,C186_F139,0,1
C186,C186_F140,0,0
C186,C186_F141,2,0
C186,C186_F142,0,0
C186,C186_F143,0,3
C186,C186_F144,1,2
C186,C186_F145,0,1
C186,C186_F146,2,1
C186,C186_F147,1,1
C186,C186_F148,1,0
C186,C186_F149,2,0
C186,C186_F150,1,1
C186,C186_F151,0,0
C186,C186_F152,1,2
C186,C186_F153,2,1
C186,C186_F154,1,0
C186,C186_F155,2,0
C186,C186_F156,0,2
C186,C186_F157,2,0
C186,C186_F158,0,1
C186,C186_F159,1,0
C186,C186_F160,0,0
C186,C186_F161,2,0
C186,C186_F162,2,0
C186,C186_F163,0,0
C186,C186_F164,0,0
C186,C186_F165,1,1
C186,C186_F166,0,0
C186,C186_F167,0,0
C186,C186_F168,1,0
C186,C186_F169,1,0
C186,C186_F170,1,1
C186,C186_F171,1,0
C186,C186_F172,0,1
C186,C186_F173,1,1
C186,C186_F174,1,1
C186,C186_F175,0,2
C186,C186_F176,0,0
C186,C186_F177,2,0
C186,C186_F178,0,1
C186,C186_F179,0,2
C186,C186_F180,0,0
C186,C186_F181,2,0
C186,C186_F182,2,0
C186,C186_F183,0,1
C186,C186_F184,1,0
C186,C186_F185,1,0
C186,C186_F186,1,0
C186,C186_F187,1,0
C186,C186_F188,0,2
C186,C186_F189,0,4
C186,C186_F190,1,1
C186,C186_F191,0,1
C186,C186_F192,1,1
C186,C186_F193,1,1
C186,C186_F194,0,1
C186,C186_F195,0,1
C186,C186_F196,1,0
C186,C186_F197,1,1
C186,C186_F198,1,0
C186,C186_F199,0,1
C186,C186_F200,1,1
C186,C186_F201,0,1
C186,C186_F202,0,0
C186,C186_F203,0,0
C186,C186_F204,1,0
C186,C186_F205,0,1
C186,C186_F206,2,1
C186,C186_F207,0,1
C186,C186_F208,1,1
C186,C186_F209,1,1
C186,C186_F210,0,1
C186,C186_F211,3,1
C186,C186_F212,0,0
C186,C186_F213,0,1
C186,C186_F214,2,1
C186,C186_F215,1,0
C186,C186_F216,0,1
C186,C186_F217,1,2
C186,C186_F218,1,1
C186,C186_F219,0,1
C186,C186_F220,0,1
C186,C186_F221,1,0
C186,C186_F222,1,3
C186,C186_F223,0,1
C186,C186_F224,0,3
C186,C186_F226,1,2
C186,C186_F227,0,1
C186,C186_F228,1,1
C186,C186_F229,3,1
C186,C186_F230,1,1
C186,C186_F231,3,0
C186,C186_F232,0,0
C186,C186_F233,0,0
C186,C186_F234,0,1
C186,C186_F236,3,0
C186,C186_F237,0,1
C186,C186_F238,1,0
C186,C186_F239,2,0
C186,C186_F240,1,1
C186,C186_F241,2,1
C186,C186_F242,0,0
C186,C186_F243,1,1
C186,C186_F244,0,0
C186,C186_F245,0,1
C186,C186_F246,0,0
C186,C186_F247,0,1
C186,C186_F248,0,0
C186,C186_F249,1,0
C186,C186_F250,0,0
C186,C186_F251,1,1
C186,C186_F252,0,0
C186,C186_F253,1,1
C186,C186_F254,2,0
C186,C186_F255,0,1
C186,C186_F256,1,0
C186,C186_F257,0,0
C186,C186_F258,0,0
C186,C186_F259,1,2
C186,C186_F261,0,1
C186,C186_F262,1,1
C186,C186_F263,0,0
C186,C186_F264,1,1
C186,C186_F265,2,0
C186,C186_F266,0,1
C186,C186_F267,0,0
C186,C186_F269,0,0
C186,C186_F270,0,3
C186,C186_F271,0,3
C186,C186_F272,1,0
C186,C186_F273,2,1
C186,C186_F274,5,0
C186,C186_F275,0,0
C186,C186_F276,0,0
C186,C186_F277,0,0
C186,C186_F278,1,1
C186,C186_F279,1,0
C186,C186_F281,1,1
C186,C186_F282,0,3
C186,C186_F283,0,3
C186,C186_F284,1,0
C186,C186_F285,0,3
C186,C186_F286,1,2
C186,C186_F287,0,0
C186,C186_F288,0,0
C186,C186_F289,0,0
C186,C186_F290,1,1
C186,C186_F291,0,0
C186,C186_F292,1,0
C186,C186_F294,2,0
C186,C186_F295,2,0
C186,C186_F296,1,0
C186,C186_F297,1,2
C186,C186_F298,0,2
C186,C186_F299,1,0
C186,C186_F300,0,1
C186,C186_F301,1,0
C186,C186_F302,1,1
C186,C186_F304,0,0
C186,C186_F305,0,0
C186,C186_F306,0,1
C187,C187_F001,1,0
C187,C187_F002,2,1
C187,C187_F003,0,0
C187,C187_F004,1,1
C187,C187_F005,0,1
C187,C187_F006,1,2
C187,C187_F007,1,2
C187,C187_F008,1,0
C187,C187_F009,0,1
C187,C187_F010,0,0
C187,C187_F011,1,2
C187,C187_F012,0,1
C187,C187_F013,1,0
C187,C187_F014,0,1
C187,C187_F015,0,0
C187,C187_F016,0,3
C187,C187_F017,0,0
C187,C187_F018,0,0
C187,C187_F019,0,0
C187,C187_F020,0,1
C187,C187_F021,1,0
C187,C187_F022,0,1
C187,C187_F023,1,0
C187,C187_F024,1,1
C187,C187_F025,1,0
C187,C187_F026,1,1
C187,C187_F027,1,0
C187,C187_F029,1,0
C187,C187_F030,0,0
C187,C187_F031,2,1
C187,C187_F032,1,1
C187,C187_F033,0,1
C187,C187_F034,1,0
C187,C187_F035,0,1
C187,C187_F036,1,2
C187,C187_F037,1,0
C187,C187_F038,0,0
C187,C187_F039,1,0
C187,C187_F040,1,1
C187,C187_F041,1,1
C187,C187_F042,1,1
C187,C187_F043,1,0
C187,C187_F044,0,0
C187,C187_F045,0,1
C187,C187_F046,1,0
C187,C187_F047,0,1
C187,C187_F048,1,0
C187,C187_F049,0,1
C187,C187_F050,0,0
C187,C187_F051,0,1
C187,C187_F052,7,0
C187,C187_F053,0,0
C187,C187_F054,1,2
C187,C187_F055,2,1
C187,C187_F056,0,0
C187,C187_F057,1,0
C187,C187_F058,0,0
C187,C187_F059,1,0
C187,C187_F060,1,0
C187,C187_F061,1,0
C187,C187_F062,0,1
C187,C187_F063,0,2
C187,C187_F064,4,1
C187,C187_F065,0,0
C187,C187_F067,0,1
C187,C187_F068,1,1
C187,C187_F069,1,2
C187,C187_F071,1,0
C187,C187_F072,0,1
C187,C187_F073,0,1
C187,C187_F074,1,1
C187,C187_F075,1,1
C187,C187_F076,1,0
C187,C187_F077,0,1
C187,C187_F078,0,0
C187,C187_F079,0,0
C187,C187_F080,1,0
C187,C187_F081,1,0
C187,C187_F082,0,0
C187,C187_F083,2,0
C187,C187_F084,0,1
C187,C187_F085,1,0
C187,C187_F086,1,0
C187,C187_F087,0,0
C187,C187_F088,1,1
C187,C187_F089,3,0
C187,C187_F090,1,1
C187,C187_F091,1,0
C187,C187_F092,1,0
C187,C187_F094,0,0
C187,C187_F095,0,1
C187,C187_F096,0,0
C187,C187_F097,1,1
C187,C187_F098,0,1
C187,C187_F099,1,0
C187,C187_F100,0,0
C187,C187_F101,2,0
C187,C187_F102,0,1
C187,C187_F103,1,0
C187,C187_F104,0,1
C187,C187_F105,0,3
C187,C187_F106,1,1
C187,C187_F107,0,1
C187,C187_F108,1,0
C187,C187_F109,0,0
C187,C187_F112,0,0
C187,C187_F113,0,0
C187,C187_F114,1,0
C187,C187_F115,2,0
C187,C187_F116,0,0
C187,C187_F117,0,0
C187,C187_F118,1,0
C187,C187_F119,0,1
C187,C187_F120,0,2
C187,C187_F121,1,0
C187,C187_F122,3,1
C187,C187_F123,0,2
C187,C187_F124,1,0
C187,C187_F126,0,1
C187,C187_F127,1,0
C187,C187_F128,2,0
C187,C187_F129,2,0
C187,C187_F130,1,2
C187,C187_F131,1,0
C187,C187_F132,1,0
C187,C187_F133,0,0
C187,C187_F134,1,1
C187,C187_F135,1,0
C187,C187_F136,0,1
C187,C187_F137,2,0
C187,C187_F138,1,0
C187,C187_F139,1,1
C187,C187_F141,0,2
C187,C187_F142,1,1
C187,C187_F143,1,0
C187,C187_F144,0,0
C187,C187_F145,2,0
C187,C187_F146,1,0
C187,C187_F147,1,1
C187,C187_F148,2,2
C187,C187_F149,0,2
C187,C187_F150,0,1
C187,C187_F151,0,0
C187,C187_F152,0,0
C187,C187_F153,0,0
C187,C187_F154,3,0
C187,C187_F155,0,0
C187,C187_F157,0,1
C187,C187_F159,0,0
C187,C187_F160,0,0
C187,C187_F161,0,0
C187,C187_F162,2,0
C187,C187_F163,0,0
C187,C187_F164,0,1
C187,C187_F165,0,2
C187,C187_F166,1,1
C187,C187_F167,1,1
C187,C187_F168,1,1
C187,C187_F169,0,0
C187,C187_F170,0,1
C187,C187_F171,0,0
C187,C187_F173,0,1
C187,C187_F174,0,1
C187,C187_F175,0,1
C187,C187_F176,2,1
C187,C187_F177,0,1
C187,C187_F178,0,0
C187,C187_F180,0,1
C187,C187_F181,1,1
C187,C187_F182,0,0
C187,C187_F183,1,0
C187,C187_F184,1,1
C187,C187_F185,1,0
C187,C187_F186,0,2
C187,C187_F187,1,0
C187,C187_F188,0,1
C187,C187_F189,0,0
C187,C187_F190,2,0
C187,C187_F191,1,2
C187,C187_F192,0,1
C187,C187_F193,0,0
C187,C187_F194,1,0
C187,C187_F195,1,0
C187,C187_F196,0,0
C187,C187_F197,0,0
C187,C187_F198,0,2
C187,C187_F199,0,0
C187,C187_F200,0,0
C187,C187_F201,0,1
C187,C187_F202,2,0
C187,C187_F203,0,0
C187,C187_F204,0,3
C187,C187_F205,0,0
C187,C187_F206,0,1
C187,C187_F207,2,0
C187,C187_F208,1,1
C187,C187_F209,1,1
C187,C187_F210,1,0
C187,C187_F211,0,0
C187,C187_F212,0,1
C187,C187_F213,0,3
C187,C187_F214,2,2
C187,C187_F215,0,1
C187,C187_F216,0,1
C187,C187_F217,1,0
C187,C187_F218,1,1
C187,C187_F219,2,0
C187,C187_F220,0,2
C187,C187_F221,1,0
C187,C187_F222,1,0
C187,C187_F223,0,1
C187,C187_F224,0,1
C187,C187_F225,0,0
C187,C187_F226,0,1
C187,C187_F227,0,0
C187,C187_F228,0,0
C187,C187_F229,1,1
C187,C187_F230,1,1
C187,C187_F231,1,1
C187,C187_F232,1,2
C187,C187_F233,0,0
C187,C187_F234,1,1
C187,C187_F236,1,0
C187,C187_F237,0,0
C187,C187_F238,1,0
C187,C187_F239,0,1
C187,C187_F240,1,0
C187,C187_F241,1,1
C187,C187_F242,0,1
C187,C187_F243,2,0
C187,C187_F244,0,0
C187,C187_F245,0,1
C187,C187_F246,1,1
C187,C187_F247,1,0
C187,C187_F248,1,0
C187,C187_F249,1,0
C187,C187_F250,0,0
C187,C187_F251,0,1
C187,C187_F252,2,0
C187,C187_F253,0,1
C187,C187_F254,0,0
C187,C187_F255,3,2
C187,C187_F256,2,1
C187,C187_F257,2,0
C187,C187_F258,0,0
C187,C187_F259,0,0
C187,C187_F260,2,0
C187,C187_F261,1,0
C187,C187_F262,1,1
C187,C187_F263,0,1
C187,C187_F264,1,0
C187,C187_F265,0,0
C187,C187_F266,0,0
C187,C187_F267,2,1
C187,C187_F268,1,1
C187,C187_F269,0,1
C187,C187_F270,0,0
C187,C187_F271,0,1
C187,C187_F272,0,0
C187,C187_F273,0,0
C187,C187_F274,0,1
C187,C187_F275,2,0
C187,C187_F276,0,1
C187,C187_F277,2,0
C187,C187_F278,0,1
C187,C187_F279,0,0
C187,C187_F280,0,0
C187,C187_F281,1,1
C187,C187_F282,0,0
C187,C187_F283,2,2
C187,C187_F284,1,0
C187,C187_F285,2,0
C187,C187_F286,1,0
C187,C187_F287,0,2
C187,C187_F288,1,0
C187,C187_F289,1,1
C187,C187_F290,0,1
C187,C187_F291,0,0
C187,C187_F292,1,1
C187,C187_F293,0,0
C187,C187_F294,3,0
C187,C187_F295,0,0
C187,C187_F296,1,0
C187,C187_F297,0,1
C187,C187_F298,0,1
C187,C187_F299,1,1
C187,C187_F300,2,0
C187,C187_F301,0,0
C187,C187_F302,0,1
C187,C187_F303,0,1
C187,C187_F304,0,0
C187,C187_F305,1,0
C187,C187_F306,1,0
C187,C187_F307,0,0
C187,C187_F308,2,1
C187,C187_F309,0,0
C187,C187_F310,1,0
C187,C187_F311,1,0
C187,C187_F312,2,0
C187,C187_F313,1,0
C187,C187_F314,2,1
C187,C187_F315,2,0
C187,C187_F316,0,1
C187,C187_F317,2,1
C187,C187_F318,0,0
C187,C187_F319,1,0
C187,C187_F320,1,0
C187,C187_F321,1,0
C187,C187_F322,0,0
C187,C187_F323,1,1
C187,C187_F324,0,3
C187,C187_F325,0,1
C187,C187_F326,1,0
C187,C187_F328,2,2
C187,C187_F329,1,0
C187,C187_F330,1,0
C187,C187_F331,0,0
C187,C187_F332,0,1
C187,C187_F333,1,0
C187,C187_F334,0,1
C187,C187_F335,0,1
C187,C187_F336,0,0
C187,C187_F337,1,0
C187,C187_F338,0,0
C187,C187_F340,0,0
C187,C187_F341,0,0
C187,C187_F342,1,1
C187,C187_F343,0,1
C187,C187_F344,0,1
C187,C187_F345,0,2
C187,C187_F346,1,0
C187,C187_F347,0,0
C187,C187_F349,0,0
C187,C187_F350,2,0
C187,C187_F351,0,0
C187,C187_F353,1,1
C187,C187_F354,1,0
C187,C187_F355,1,0
C187,C187_F356,1,1
C187,C187_F357,1,4
C187,C187_F358,0,1
C187,C187_F359,0,1
C187,C187_F360,1,0
C187,C187_F361,1,0
C187,C187_F362,1,0
C187,C187_F363,0,0
C187,C187_F364,0,0
C187,C187_F366,0,1
C187,C187_F367,2,1
C187,C187_F368,1,0
C187,C187_F369,0,0
C187,C187_F370,0,0
C187,C187_F371,0,0
C187,C187_F372,1,0
C187,C187_F373,1,1
C187,C187_F374,1,0
C187,C187_F375,1,1
C187,C187_F376,1,1
C187,C187_F377,0,0
C187,C187_F378,1,1
C187,C187_F380,1,1
C187,C187_F381,1,0
C187,C187_F382,0,2
C187,C187_F383,0,0
C187,C187_F384,0,0
C187,C187_F385,1,1
C187,C187_F386,0,1
C187,C187_F387,0,1
C187,C187_F388,1,1
C187,C187_F389,0,0
C187,C187_F390,1,1
C187,C187_F391,1,1
C187,C187_F392,2,1
C187,C187_F394,1,1
C187,C187_F395,0,0
C187,C187_F396,1,0
C187,C187_F397,0,1
C187,C187_F398,0,0
C187,C187_F399,0,0
C187,C187_F400,1,1
C187,C187_F401,1,1
C187,C187_F402,1,0
C187,C187_F403,0,1
C187,C187_F404,1,0
C187,C187_F405,0,3
C187,C187_F407,0,0
C187,C187_F408,0,2
C187,C187_F409,0,0
C187,C187_F410,0,1
C187,C187_F411,0,1
C187,C187_F412,1,0
C187,C187_F413,1,0
C187,C187_F415,0,0
C187,C187_F416,2,1
C187,C187_F417,0,0
C187,C187_F418,1,0
C187,C187_F419,2,0
C187,C187_F420,1,0
C187,C187_F421,1,0
C187,C187_F422,1,1
C187,C187_F423,0,0
C187,C187_F424,0,0
C187,C187_F426,0,0
C187,C187_F427,1,0
C187,C187_F429,2,1
C187,C187_F430,0,0
C187,C187_F431,0,0
C187,C187_F432,0,0
C187,C187_F433,0,0
C187,C187_F434,0,1
C187,C187_F435,0,0
C187,C187_F436,1,0
C187,C187_F437,2,0
C187,C187_F438,1,0
C187,C187_F439,2,0
C187,C187_F440,3,0
C187,C187_F441,0,1
C187,C187_F442,1,1
C187,C187_F443,1,0
C187,C187_F444,0,1
C187,C187_F445,0,1
C187,C187_F446,1,0
C187,C187_F447,1,0
C187,C187_F448,1,0
C187,C187_F449,0,0
C187,C187_F450,0,0
C187,C187_F451,0,0
C187,C187_F452,1,1
C187,C187_F453,1,0
C187,C187_F454,0,0
C187,C187_F455,1,0
C187,C187_F456,0,2
C187,C187_F457,0,1
C187,C187_F458,1,0
C187,C187_F459,1,1
C187,C187_F460,1,1
C187,C187_F461,0,0
C187,C187_F462,0,2
C187,C187_F463,1,0
C187,C187_F464,1,0
C187,C187_F465,1,1
C187,C187_F466,2,0
C187,C187_F467,1,1
C187,C187_F468,1,0
C187,C187_F469,1,0
C187,C187_F470,0,1
C187,C187_F471,1,1
C187,C187_F472,0,1
C187,C187_F473,0,0
C187,C187_F474,5,0
C187,C187_F475,3,0
C187,C187_F476,0,0
C187,C187_F477,3,1
C187,C187_F478,0,0
C187,C187_F479,1,0
C187,C187_F481,0,0
C187,C187_F482,0,0
C187,C187_F483,1,1
C187,C187_F484,0,1
C187,C187_F486,0,0
C187,C187_F487,0,0
C187,C187_F488,0,0
C187,C187_F489,2,0
C187,C187_F490,1,0
C187,C187_F491,0,0
C187,C187_F492,1,0
C187,C187_F493,0,1
C187,C187_F494,1,1
C187,C187_F495,1,1
C187,C187_F496,0,1
C187,C187_F497,1,1
C187,C187_F500,1,1
C187,C187_F501,0,1
C187,C187_F502,2,1
C187,C187_F503,1,0
C187,C187_F504,0,0
C187,C187_F505,1,0
C187,C187_F506,0,0
C187,C187_F507,0,1
C187,C187_F508,3,2
C187,C187_F509,0,0
C187,C187_F510,0,0
C187,C187_F511,0,0
C187,C187_F512,1,0
C187,C187_F513,1,2
C187,C187_F515,0,0
C187,C187_F517,0,1
C187,C187_F518,2,0
C187,C187_F519,0,1
C187,C187_F520,1,0
C187,C187_F521,1,2
C187,C187_F522,1,0
C187,C187_F523,0,0
C187,C187_F524,0,1
C187,C187_F525,0,2
C187,C187_F527,0,1
C187,C187_F528,0,0
C187,C187_F529,0,1
C187,C187_F531,0,0
C187,C187_F532,1,0
C187,C187_F533,1,0
C187,C187_F534,0,1
C187,C187_F535,1,2
C187,C187_F536,1,2
C187,C187_F537,1,0
C187,C187_F538,3,0
C187,C187_F539,1,0
C187,C187_F540,2,0
C187,C187_F541,1,0
C187,C187_F542,0,1
C187,C187_F543,0,1
C187,C187_F544,2,0
C187,C187_F545,0,3
C187,C187_F546,1,0
C187,C187_F547,3,0
C187,C187_F548,0,0
C187,C187_F549,0,4
C187,C187_F550,0,0
C187,C187_F551,0,1
C187,C187_F552,0,3
